control_rep1,control_rep2,control_rep3,infected_rep1,infected_rep2,infected_rep3
DIATSA_LOCUS1,6468,12952,13349,3176,6228,6437
DIATSA_LOCUS10,7,16,17,2,1,1
DIATSA_LOCUS100,0,0,0,0,0,0
DIATSA_LOCUS1000,10,15,16,1,6,6
DIATSA_LOCUS10000,16,41,41,10,14,14
DIATSA_LOCUS10001,98,199,206,108,186,192
DIATSA_LOCUS10002,3,4,4,1,1,1
DIATSA_LOCUS10003,17,29,29,20,35,37
DIATSA_LOCUS10004,10,25,28,5,12,12
DIATSA_LOCUS10005,36,64,70,7,13,14
DIATSA_LOCUS10006,22,48,48,9,19,19
DIATSA_LOCUS10007,137,247,256,224,358,378
DIATSA_LOCUS10008,31,54,56,49,68,72
DIATSA_LOCUS10009,3,6,6,2,4,3
DIATSA_LOCUS1001,35,60,61,15,31,32
DIATSA_LOCUS10010,0,0,0,0,0,0
DIATSA_LOCUS10011,0,0,0,0,0,0
DIATSA_LOCUS10012,20,52,52,3,8,8
DIATSA_LOCUS10013,916,1634,1697,675,1168,1218
DIATSA_LOCUS10014,109,223,229,121,249,259
DIATSA_LOCUS10015,150,310,325,92,216,223
DIATSA_LOCUS10016,15,24,24,4,8,8
DIATSA_LOCUS10017,195,372,385,155,291,301
DIATSA_LOCUS10018,0,0,0,0,0,0
DIATSA_LOCUS10019,1,3,3,0,3,2
DIATSA_LOCUS1002,0,1,1,0,0,0
DIATSA_LOCUS10020,0,0,0,0,1,1
DIATSA_LOCUS10021,25,66,70,24,79,83
DIATSA_LOCUS10022,29,63,65,85,163,169
DIATSA_LOCUS10023,503,886,905,916,1639,1679
DIATSA_LOCUS10024,8,11,12,10,16,17
DIATSA_LOCUS10025,55,97,102,33,83,90
DIATSA_LOCUS10026,0,0,0,0,0,0
DIATSA_LOCUS10027,57,79,81,45,64,66
DIATSA_LOCUS10028,8,14,14,7,16,19
DIATSA_LOCUS10029,75,169,172,79,151,160
DIATSA_LOCUS1003,119,222,229,202,372,380
DIATSA_LOCUS10030,329,698,714,240,580,590
DIATSA_LOCUS10031,3,6,6,3,4,4
DIATSA_LOCUS10032,4,6,6,3,5,6
DIATSA_LOCUS10033,0,0,0,0,0,0
DIATSA_LOCUS10034,3,4,4,2,5,5
DIATSA_LOCUS10035,1,1,1,1,1,1
DIATSA_LOCUS10036,13,18,18,2,6,6
DIATSA_LOCUS10037,0,0,0,0,0,0
DIATSA_LOCUS10038,0,0,0,0,1,1
DIATSA_LOCUS10039,2,3,3,0,0,0
DIATSA_LOCUS1004,0,0,0,0,0,0
DIATSA_LOCUS10040,1,2,2,0,0,0
DIATSA_LOCUS10041,149,272,281,279,535,557
DIATSA_LOCUS10042,93,171,172,77,176,181
DIATSA_LOCUS10043,47,73,74,14,34,34
DIATSA_LOCUS10044,2,2,2,0,0,0
DIATSA_LOCUS10045,2,4,4,6,7,9
DIATSA_LOCUS10046,177734,296874,310122,235536,396677,414948
DIATSA_LOCUS10047,0,0,0,0,0,0
DIATSA_LOCUS10048,1,1,1,0,0,1
DIATSA_LOCUS10049,21,42,42,24,39,40
DIATSA_LOCUS1005,75,128,131,49,128,132
DIATSA_LOCUS10050,26,48,50,11,17,17
DIATSA_LOCUS10051,18,35,37,5,4,5
DIATSA_LOCUS10052,21,53,55,7,25,25
DIATSA_LOCUS10053,6,13,14,4,6,6
DIATSA_LOCUS10054,104,188,198,290,511,529
DIATSA_LOCUS10055,0,0,0,0,2,2
DIATSA_LOCUS10056,76,153,154,80,147,150
DIATSA_LOCUS10057,5,13,13,0,6,6
DIATSA_LOCUS10058,101,242,249,38,65,70
DIATSA_LOCUS10059,0,0,0,3,3,3
DIATSA_LOCUS1006,3,3,3,5,10,9
DIATSA_LOCUS10060,0,0,0,0,0,0
DIATSA_LOCUS10061,14,36,36,19,32,30
DIATSA_LOCUS10062,133,251,253,163,302,316
DIATSA_LOCUS10063,54,102,108,62,116,117
DIATSA_LOCUS10064,12,18,18,4,9,9
DIATSA_LOCUS10065,9,14,14,3,8,11
DIATSA_LOCUS10066,266,459,473,235,418,434
DIATSA_LOCUS10067,504,840,861,908,1437,1496
DIATSA_LOCUS10068,532,999,1033,624,1152,1183
DIATSA_LOCUS10069,0,0,0,0,0,0
DIATSA_LOCUS1007,341,711,742,191,362,383
DIATSA_LOCUS10070,52,80,84,101,162,175
DIATSA_LOCUS10071,0,0,0,1,1,1
DIATSA_LOCUS10072,0,0,0,0,0,0
DIATSA_LOCUS10073,0,0,0,1,1,1
DIATSA_LOCUS10074,189,456,473,186,438,450
DIATSA_LOCUS10075,117,264,274,151,310,316
DIATSA_LOCUS10076,2063,3692,3814,2295,4250,4416
DIATSA_LOCUS10077,575,886,922,687,1008,1046
DIATSA_LOCUS10078,5,7,8,5,6,6
DIATSA_LOCUS10079,8,19,19,2,4,4
DIATSA_LOCUS1008,1,5,5,2,4,5
DIATSA_LOCUS10080,1,4,4,0,0,0
DIATSA_LOCUS10081,1,5,5,2,2,2
DIATSA_LOCUS10082,19,31,34,20,38,40
DIATSA_LOCUS10083,0,0,0,0,0,0
DIATSA_LOCUS10084,17,25,26,14,29,30
DIATSA_LOCUS10085,0,1,1,0,1,1
DIATSA_LOCUS10086,0,0,0,0,0,0
DIATSA_LOCUS10087,0,0,0,0,0,0
DIATSA_LOCUS10088,0,0,0,0,0,0
DIATSA_LOCUS10089,22,47,46,33,53,53
DIATSA_LOCUS1009,104,214,221,122,252,261
DIATSA_LOCUS10090,1,1,1,0,1,1
DIATSA_LOCUS10091,4,9,9,7,19,20
DIATSA_LOCUS10092,65,163,166,23,50,49
DIATSA_LOCUS10093,5,12,13,8,12,13
DIATSA_LOCUS10094,318,666,730,311,691,732
DIATSA_LOCUS10095,0,0,0,0,0,0
DIATSA_LOCUS10096,51,89,92,61,94,95
DIATSA_LOCUS10097,256,501,512,123,237,249
DIATSA_LOCUS10098,5,10,13,5,6,6
DIATSA_LOCUS10099,0,1,1,1,2,2
DIATSA_LOCUS101,264,429,437,108,191,195
DIATSA_LOCUS1010,12707,27186,28156,20461,39744,41117
DIATSA_LOCUS10100,2,2,2,2,4,4
DIATSA_LOCUS10101,1,5,5,0,0,0
DIATSA_LOCUS10102,1,0,0,0,0,0
DIATSA_LOCUS10103,31,53,54,50,99,102
DIATSA_LOCUS10104,57,107,113,49,76,79
DIATSA_LOCUS10105,0,0,0,0,0,0
DIATSA_LOCUS10106,0,1,2,0,0,0
DIATSA_LOCUS10107,1,2,2,0,2,2
DIATSA_LOCUS10108,36,70,76,32,99,102
DIATSA_LOCUS10109,37,62,66,36,63,68
DIATSA_LOCUS1011,5,13,13,6,14,14
DIATSA_LOCUS10110,2,4,5,3,10,10
DIATSA_LOCUS10111,4,9,10,7,15,15
DIATSA_LOCUS10112,1,1,1,0,3,3
DIATSA_LOCUS10113,0,0,0,1,2,2
DIATSA_LOCUS10114,17,23,23,9,14,13
DIATSA_LOCUS10115,0,0,0,0,0,0
DIATSA_LOCUS10116,7,5,6,2,7,7
DIATSA_LOCUS10117,0,0,0,0,2,2
DIATSA_LOCUS10118,0,0,0,0,0,0
DIATSA_LOCUS10119,0,0,0,0,1,4
DIATSA_LOCUS1012,98,167,172,57,115,121
DIATSA_LOCUS10120,0,0,0,0,0,0
DIATSA_LOCUS10121,1,1,1,0,0,0
DIATSA_LOCUS10122,0,0,0,0,0,0
DIATSA_LOCUS10123,0,0,0,0,0,0
DIATSA_LOCUS10124,108,212,211,192,372,376
DIATSA_LOCUS10125,7,17,18,6,17,17
DIATSA_LOCUS10126,1775,3185,3277,2173,4094,4211
DIATSA_LOCUS10127,296,545,559,264,466,479
DIATSA_LOCUS10128,160,257,269,81,144,156
DIATSA_LOCUS10129,0,0,0,1,1,1
DIATSA_LOCUS1013,37,63,64,10,20,24
DIATSA_LOCUS10130,2,3,3,0,0,0
DIATSA_LOCUS10131,0,0,0,0,0,0
DIATSA_LOCUS10132,11,31,31,12,38,39
DIATSA_LOCUS10133,16,18,19,1,4,4
DIATSA_LOCUS10134,0,0,0,0,0,0
DIATSA_LOCUS10135,0,1,1,2,2,3
DIATSA_LOCUS10136,387,698,735,256,504,521
DIATSA_LOCUS10137,507,1025,1066,289,575,587
DIATSA_LOCUS10138,9,13,13,3,8,9
DIATSA_LOCUS10139,29,63,62,35,68,67
DIATSA_LOCUS1014,41,90,95,29,54,57
DIATSA_LOCUS10140,4,7,8,6,17,17
DIATSA_LOCUS10141,6,7,7,4,11,11
DIATSA_LOCUS10142,0,2,2,0,0,0
DIATSA_LOCUS10143,0,1,2,0,0,0
DIATSA_LOCUS10144,27,18,18,7,8,8
DIATSA_LOCUS10145,0,0,0,0,0,0
DIATSA_LOCUS10146,0,0,0,0,0,0
DIATSA_LOCUS10147,26,54,56,20,39,39
DIATSA_LOCUS10148,2,3,3,0,0,1
DIATSA_LOCUS10149,196,355,360,255,437,447
DIATSA_LOCUS1015,119,233,246,76,143,148
DIATSA_LOCUS10150,71,171,176,61,181,189
DIATSA_LOCUS10151,54,119,125,24,44,49
DIATSA_LOCUS10152,0,1,1,1,3,3
DIATSA_LOCUS10153,0,0,1,0,0,0
DIATSA_LOCUS10154,82,162,168,32,76,85
DIATSA_LOCUS10155,56,111,113,32,70,74
DIATSA_LOCUS10156,53,119,124,38,102,98
DIATSA_LOCUS10157,12230,22457,23257,15268,26650,27751
DIATSA_LOCUS10158,73,103,105,27,46,47
DIATSA_LOCUS10159,26,49,48,8,16,16
DIATSA_LOCUS1016,120,276,279,141,275,276
DIATSA_LOCUS10160,14,24,24,3,5,4
DIATSA_LOCUS10161,15,28,28,5,10,10
DIATSA_LOCUS10162,82,179,185,65,111,117
DIATSA_LOCUS10163,31,56,57,5,10,10
DIATSA_LOCUS10164,93,151,154,71,126,125
DIATSA_LOCUS10165,0,0,0,0,0,0
DIATSA_LOCUS10166,15,34,37,17,28,29
DIATSA_LOCUS10167,0,0,0,0,0,0
DIATSA_LOCUS10168,112,272,298,61,150,160
DIATSA_LOCUS10169,1,1,1,0,0,0
DIATSA_LOCUS1017,15,32,32,10,20,21
DIATSA_LOCUS10170,2,6,5,5,11,14
DIATSA_LOCUS10171,40,82,82,13,31,32
DIATSA_LOCUS10172,29,45,48,26,34,34
DIATSA_LOCUS10173,24,65,66,14,23,24
DIATSA_LOCUS10174,0,0,0,1,1,1
DIATSA_LOCUS10175,0,0,0,0,0,0
DIATSA_LOCUS10176,0,0,0,0,0,1
DIATSA_LOCUS10177,0,0,0,0,0,0
DIATSA_LOCUS10178,60,145,147,73,168,177
DIATSA_LOCUS10179,52,103,107,52,83,85
DIATSA_LOCUS1018,0,0,0,0,0,0
DIATSA_LOCUS10180,0,0,0,0,0,0
DIATSA_LOCUS10181,0,0,0,0,0,0
DIATSA_LOCUS10182,0,0,0,0,0,0
DIATSA_LOCUS10183,0,0,0,0,0,0
DIATSA_LOCUS10184,3,4,4,0,1,1
DIATSA_LOCUS10185,0,0,0,0,0,0
DIATSA_LOCUS10186,0,0,0,0,0,0
DIATSA_LOCUS10187,0,0,0,0,0,0
DIATSA_LOCUS10188,0,0,0,0,0,0
DIATSA_LOCUS10189,0,0,0,0,0,0
DIATSA_LOCUS1019,85,166,176,119,224,228
DIATSA_LOCUS10190,0,0,0,0,0,0
DIATSA_LOCUS10191,15,19,19,1,3,3
DIATSA_LOCUS10192,0,0,0,0,0,0
DIATSA_LOCUS10193,0,0,0,0,0,0
DIATSA_LOCUS10194,0,0,0,0,0,0
DIATSA_LOCUS10195,0,0,0,0,0,0
DIATSA_LOCUS10196,0,0,0,0,0,0
DIATSA_LOCUS10197,0,0,0,0,0,0
DIATSA_LOCUS10198,0,0,0,0,0,0
DIATSA_LOCUS10199,0,0,0,0,0,0
DIATSA_LOCUS102,5,16,17,5,14,16
DIATSA_LOCUS1020,86,199,205,93,197,207
DIATSA_LOCUS10200,0,0,0,2,6,5
DIATSA_LOCUS10201,0,0,0,0,0,0
DIATSA_LOCUS10202,0,0,0,0,0,0
DIATSA_LOCUS10203,1,4,4,0,0,0
DIATSA_LOCUS10204,0,0,0,0,0,0
DIATSA_LOCUS10205,0,1,1,0,0,0
DIATSA_LOCUS10206,0,0,0,0,0,0
DIATSA_LOCUS10207,0,0,0,0,0,0
DIATSA_LOCUS10208,0,0,0,0,0,0
DIATSA_LOCUS10209,0,0,0,0,0,0
DIATSA_LOCUS1021,27,75,77,32,53,54
DIATSA_LOCUS10210,0,0,0,0,0,0
DIATSA_LOCUS10211,0,0,0,0,0,0
DIATSA_LOCUS10212,0,0,0,0,0,0
DIATSA_LOCUS10213,1,3,4,2,5,4
DIATSA_LOCUS10214,1,0,0,0,4,5
DIATSA_LOCUS10215,0,0,0,0,0,0
DIATSA_LOCUS10216,0,0,0,1,1,1
DIATSA_LOCUS10217,0,0,0,0,1,1
DIATSA_LOCUS10218,0,0,0,0,0,0
DIATSA_LOCUS10219,0,0,0,0,0,0
DIATSA_LOCUS1022,15,53,53,15,48,50
DIATSA_LOCUS10220,0,0,0,0,0,0
DIATSA_LOCUS10221,0,0,0,0,0,0
DIATSA_LOCUS10222,0,63,65,0,27,89
DIATSA_LOCUS10223,5,10,10,9,12,11
DIATSA_LOCUS10224,28,78,79,44,112,116
DIATSA_LOCUS10225,0,0,0,0,0,0
DIATSA_LOCUS10226,77,183,184,48,119,122
DIATSA_LOCUS10227,1,1,1,0,0,0
DIATSA_LOCUS10228,0,0,0,0,0,0
DIATSA_LOCUS10229,0,0,0,0,0,0
DIATSA_LOCUS1023,72,159,168,52,121,125
DIATSA_LOCUS10230,0,0,0,0,0,0
DIATSA_LOCUS10231,0,0,0,0,0,0
DIATSA_LOCUS10232,1,1,1,0,0,0
DIATSA_LOCUS10233,1,3,3,2,0,0
DIATSA_LOCUS10234,17,36,37,10,23,25
DIATSA_LOCUS10235,0,0,0,0,0,0
DIATSA_LOCUS10236,0,1,1,0,0,0
DIATSA_LOCUS10237,0,0,0,0,0,0
DIATSA_LOCUS10238,0,0,0,0,0,0
DIATSA_LOCUS10239,0,0,0,0,0,0
DIATSA_LOCUS1024,0,0,0,0,0,0
DIATSA_LOCUS10240,1,1,1,0,1,1
DIATSA_LOCUS10241,0,0,0,0,0,0
DIATSA_LOCUS10242,0,0,0,0,0,0
DIATSA_LOCUS10243,57,98,100,45,84,87
DIATSA_LOCUS10244,6,7,7,1,1,0
DIATSA_LOCUS10245,6409,11113,11450,10644,18563,19140
DIATSA_LOCUS10246,18,41,43,19,47,51
DIATSA_LOCUS10247,12266,24771,25620,18228,36798,38062
DIATSA_LOCUS10248,11,18,18,8,20,20
DIATSA_LOCUS10249,2,3,5,1,1,1
DIATSA_LOCUS1025,0,0,0,0,0,0
DIATSA_LOCUS10250,0,0,0,0,0,0
DIATSA_LOCUS10251,496,1005,1032,651,1261,1293
DIATSA_LOCUS10252,50,105,109,53,102,104
DIATSA_LOCUS10253,264,436,454,211,348,356
DIATSA_LOCUS10254,0,0,0,0,0,0
DIATSA_LOCUS10255,238,416,428,311,663,684
DIATSA_LOCUS10256,39,60,61,13,26,27
DIATSA_LOCUS10257,202,370,377,116,197,204
DIATSA_LOCUS10258,6,21,21,9,12,12
DIATSA_LOCUS10259,0,0,0,0,1,1
DIATSA_LOCUS1026,0,0,0,0,0,0
DIATSA_LOCUS10260,1,4,4,8,13,14
DIATSA_LOCUS10261,4,11,11,1,4,5
DIATSA_LOCUS10262,29,62,66,23,34,35
DIATSA_LOCUS10263,1,1,1,1,3,3
DIATSA_LOCUS10264,23,56,57,14,30,28
DIATSA_LOCUS10265,53,117,119,43,86,89
DIATSA_LOCUS10266,15,25,25,9,22,23
DIATSA_LOCUS10267,56,133,138,66,133,136
DIATSA_LOCUS10268,5,10,10,2,6,8
DIATSA_LOCUS10269,26,36,36,10,31,33
DIATSA_LOCUS1027,114,196,196,99,178,188
DIATSA_LOCUS10270,0,0,0,0,0,0
DIATSA_LOCUS10271,0,0,0,0,0,0
DIATSA_LOCUS10272,0,2,2,1,3,3
DIATSA_LOCUS10273,173,313,320,174,340,355
DIATSA_LOCUS10274,0,0,0,0,0,0
DIATSA_LOCUS10275,1,6,6,1,1,1
DIATSA_LOCUS10276,9,19,21,10,22,24
DIATSA_LOCUS10277,5,11,11,1,1,1
DIATSA_LOCUS10278,22,51,53,13,35,37
DIATSA_LOCUS10279,5,13,14,2,7,7
DIATSA_LOCUS1028,96,186,189,79,152,157
DIATSA_LOCUS10280,55,86,90,47,79,81
DIATSA_LOCUS10281,28,59,60,19,37,40
DIATSA_LOCUS10282,1,3,2,4,14,15
DIATSA_LOCUS10283,5,7,8,6,8,9
DIATSA_LOCUS10284,0,0,0,0,0,0
DIATSA_LOCUS10285,18,41,40,10,24,25
DIATSA_LOCUS10286,95,169,175,52,99,100
DIATSA_LOCUS10287,76,142,147,85,169,173
DIATSA_LOCUS10288,9,17,16,1,4,4
DIATSA_LOCUS10289,347,537,562,467,749,791
DIATSA_LOCUS1029,57,118,120,82,137,139
DIATSA_LOCUS10290,2,4,4,1,3,3
DIATSA_LOCUS10291,13,29,32,5,5,6
DIATSA_LOCUS10292,4163,7679,7956,1941,3571,3717
DIATSA_LOCUS10293,66,119,124,44,97,105
DIATSA_LOCUS10294,46,116,121,52,152,160
DIATSA_LOCUS10295,5,8,8,3,8,8
DIATSA_LOCUS10296,71,140,145,80,179,187
DIATSA_LOCUS10297,52,96,99,7,16,16
DIATSA_LOCUS10298,22,39,39,19,32,33
DIATSA_LOCUS10299,25,45,45,7,8,9
DIATSA_LOCUS103,99,162,171,71,121,122
DIATSA_LOCUS1030,0,0,0,0,0,0
DIATSA_LOCUS10300,3,10,13,4,8,10
DIATSA_LOCUS10301,82,190,187,37,82,81
DIATSA_LOCUS10302,28,56,58,21,44,46
DIATSA_LOCUS10303,48,91,93,58,99,106
DIATSA_LOCUS10304,316,429,460,194,272,293
DIATSA_LOCUS10305,25,57,59,25,48,49
DIATSA_LOCUS10306,70,113,114,33,44,48
DIATSA_LOCUS10307,16,25,30,53,101,103
DIATSA_LOCUS10308,1,4,4,1,3,3
DIATSA_LOCUS10309,0,0,0,0,0,0
DIATSA_LOCUS1031,3926,7017,7245,3154,5703,5906
DIATSA_LOCUS10310,0,0,0,0,0,0
DIATSA_LOCUS10311,0,0,0,0,2,2
DIATSA_LOCUS10312,56,95,96,84,157,162
DIATSA_LOCUS10313,14,34,37,12,23,23
DIATSA_LOCUS10314,1,3,3,0,0,0
DIATSA_LOCUS10315,2,3,3,4,3,3
DIATSA_LOCUS10316,5,9,9,4,8,9
DIATSA_LOCUS10317,42,74,75,20,33,33
DIATSA_LOCUS10318,3,5,5,7,14,14
DIATSA_LOCUS10319,0,0,0,0,0,0
DIATSA_LOCUS1032,528,976,1023,653,1194,1238
DIATSA_LOCUS10320,50,101,101,28,70,71
DIATSA_LOCUS10321,13,28,28,4,13,13
DIATSA_LOCUS10322,38,72,77,10,17,19
DIATSA_LOCUS10323,13,24,24,10,30,32
DIATSA_LOCUS10324,4,3,3,1,2,2
DIATSA_LOCUS10325,21,42,44,19,42,43
DIATSA_LOCUS10326,2,1,1,1,2,2
DIATSA_LOCUS10327,24,41,42,24,37,38
DIATSA_LOCUS10328,10,21,22,17,35,36
DIATSA_LOCUS10329,57,100,105,37,88,92
DIATSA_LOCUS1033,113,229,240,82,165,171
DIATSA_LOCUS10330,4,5,5,3,9,9
DIATSA_LOCUS10331,2,2,2,1,2,2
DIATSA_LOCUS10332,1,3,3,0,0,0
DIATSA_LOCUS10333,46,68,72,16,40,41
DIATSA_LOCUS10334,0,0,0,0,0,0
DIATSA_LOCUS10335,0,0,0,0,0,0
DIATSA_LOCUS10336,3,3,3,1,2,2
DIATSA_LOCUS10337,0,0,0,0,0,0
DIATSA_LOCUS10338,1,6,7,7,7,7
DIATSA_LOCUS10339,121,260,269,91,202,208
DIATSA_LOCUS1034,11,25,26,9,18,18
DIATSA_LOCUS10340,71,145,152,49,105,115
DIATSA_LOCUS10341,0,0,0,0,0,0
DIATSA_LOCUS10342,3,3,3,1,2,2
DIATSA_LOCUS10343,13,22,24,4,15,16
DIATSA_LOCUS10344,0,0,0,0,0,0
DIATSA_LOCUS10345,37,74,76,5,16,18
DIATSA_LOCUS10346,156,341,354,181,443,457
DIATSA_LOCUS10347,795,1789,1869,360,763,784
DIATSA_LOCUS10348,48,90,90,18,41,41
DIATSA_LOCUS10349,5,13,13,2,2,2
DIATSA_LOCUS1035,42,82,85,29,61,63
DIATSA_LOCUS10350,0,0,0,0,0,0
DIATSA_LOCUS10351,0,0,0,0,0,0
DIATSA_LOCUS10352,0,1,1,0,0,0
DIATSA_LOCUS10353,67,130,136,66,161,166
DIATSA_LOCUS10354,17,41,42,19,45,46
DIATSA_LOCUS10355,216,446,452,289,545,560
DIATSA_LOCUS10356,6,20,20,14,21,24
DIATSA_LOCUS10357,11,16,17,11,16,18
DIATSA_LOCUS10358,0,0,0,0,3,3
DIATSA_LOCUS10359,2,7,5,9,13,13
DIATSA_LOCUS1036,67,115,119,19,39,40
DIATSA_LOCUS10360,34,60,65,84,147,152
DIATSA_LOCUS10361,0,0,0,0,0,0
DIATSA_LOCUS10362,7,19,20,10,20,21
DIATSA_LOCUS10363,32,56,59,31,57,61
DIATSA_LOCUS10364,57,113,114,82,137,141
DIATSA_LOCUS10365,149,333,339,51,154,165
DIATSA_LOCUS10366,11,18,19,6,9,9
DIATSA_LOCUS10367,2,3,3,3,3,3
DIATSA_LOCUS10368,55,153,154,53,132,142
DIATSA_LOCUS10369,3,6,6,0,1,1
DIATSA_LOCUS1037,18,28,29,23,42,43
DIATSA_LOCUS10370,9,19,19,8,13,13
DIATSA_LOCUS10371,51,92,94,36,72,75
DIATSA_LOCUS10372,14,36,35,28,50,52
DIATSA_LOCUS10373,41,76,78,24,46,49
DIATSA_LOCUS10374,42,121,126,25,59,63
DIATSA_LOCUS10375,4,13,13,18,26,27
DIATSA_LOCUS10376,140,228,238,72,134,140
DIATSA_LOCUS10377,136,278,295,136,297,312
DIATSA_LOCUS10378,2,3,4,3,9,9
DIATSA_LOCUS10379,1,4,6,1,2,3
DIATSA_LOCUS1038,82,170,175,71,146,149
DIATSA_LOCUS10380,0,0,0,0,0,0
DIATSA_LOCUS10381,178,382,393,163,346,354
DIATSA_LOCUS10382,201,438,455,195,398,407
DIATSA_LOCUS10383,153,318,329,195,346,357
DIATSA_LOCUS10384,7,11,12,2,3,3
DIATSA_LOCUS10385,1,3,4,1,1,2
DIATSA_LOCUS10386,49,108,115,26,60,59
DIATSA_LOCUS10387,108,218,227,106,254,280
DIATSA_LOCUS10388,14,25,26,3,6,6
DIATSA_LOCUS10389,0,1,1,0,1,1
DIATSA_LOCUS1039,102,236,242,70,138,144
DIATSA_LOCUS10390,234,358,370,243,356,369
DIATSA_LOCUS10391,0,0,0,0,0,0
DIATSA_LOCUS10392,0,0,0,1,1,1
DIATSA_LOCUS10393,0,0,0,0,0,0
DIATSA_LOCUS10394,0,0,0,2,3,3
DIATSA_LOCUS10395,404,742,767,526,909,933
DIATSA_LOCUS10396,19,29,29,1,4,4
DIATSA_LOCUS10397,0,4,4,2,4,5
DIATSA_LOCUS10398,2,2,2,1,1,1
DIATSA_LOCUS10399,38,204,203,41,288,274
DIATSA_LOCUS104,456,791,816,181,304,313
DIATSA_LOCUS1040,30,53,53,35,64,64
DIATSA_LOCUS10400,76,170,172,33,60,65
DIATSA_LOCUS10401,8,22,23,6,18,19
DIATSA_LOCUS10402,1,1,1,0,1,1
DIATSA_LOCUS10403,1132,1768,1823,1695,2604,2692
DIATSA_LOCUS10404,7,10,10,7,12,13
DIATSA_LOCUS10405,93,159,169,40,60,62
DIATSA_LOCUS10406,3,9,10,3,5,5
DIATSA_LOCUS10407,321,585,607,440,797,829
DIATSA_LOCUS10408,58,107,105,150,267,277
DIATSA_LOCUS10409,1,6,6,0,0,0
DIATSA_LOCUS1041,295,490,501,236,432,451
DIATSA_LOCUS10410,218,472,484,259,486,507
DIATSA_LOCUS10411,44,85,87,18,41,43
DIATSA_LOCUS10412,10,19,21,10,10,10
DIATSA_LOCUS10413,4,4,5,7,15,17
DIATSA_LOCUS10414,0,0,0,0,0,0
DIATSA_LOCUS10415,738,1261,1315,447,763,799
DIATSA_LOCUS10416,7,12,14,15,25,24
DIATSA_LOCUS10417,23,37,38,11,15,15
DIATSA_LOCUS10418,7,8,8,8,13,14
DIATSA_LOCUS10419,4,4,4,0,0,0
DIATSA_LOCUS1042,71,142,148,33,94,94
DIATSA_LOCUS10420,65,150,162,123,213,223
DIATSA_LOCUS10421,0,2,2,2,3,3
DIATSA_LOCUS10422,12,13,13,3,4,4
DIATSA_LOCUS10423,0,0,0,0,0,0
DIATSA_LOCUS10424,0,0,0,0,0,0
DIATSA_LOCUS10425,0,0,0,0,0,0
DIATSA_LOCUS10426,0,0,0,0,0,0
DIATSA_LOCUS10427,104,189,195,67,122,126
DIATSA_LOCUS10428,5,8,11,22,31,29
DIATSA_LOCUS10429,824,1324,1358,1085,1759,1811
DIATSA_LOCUS1043,0,1,2,1,1,1
DIATSA_LOCUS10430,190,294,309,203,385,408
DIATSA_LOCUS10431,28,67,67,13,29,29
DIATSA_LOCUS10432,0,0,0,0,0,0
DIATSA_LOCUS10433,0,0,0,0,0,0
DIATSA_LOCUS10434,0,0,0,0,0,0
DIATSA_LOCUS10435,0,0,0,0,0,0
DIATSA_LOCUS10436,0,0,0,0,0,0
DIATSA_LOCUS10437,0,0,0,0,0,0
DIATSA_LOCUS10438,0,0,0,0,0,0
DIATSA_LOCUS10439,1,1,1,0,0,0
DIATSA_LOCUS1044,2,6,6,2,5,5
DIATSA_LOCUS10440,0,0,0,0,0,0
DIATSA_LOCUS10441,0,0,0,0,0,0
DIATSA_LOCUS10442,0,0,0,0,0,0
DIATSA_LOCUS10443,0,0,0,0,0,0
DIATSA_LOCUS10444,0,0,0,0,0,0
DIATSA_LOCUS10445,0,0,0,0,0,0
DIATSA_LOCUS10446,0,0,0,0,0,0
DIATSA_LOCUS10447,0,0,0,0,0,0
DIATSA_LOCUS10448,0,0,0,0,0,0
DIATSA_LOCUS10449,0,0,0,0,0,0
DIATSA_LOCUS1045,0,0,0,2,2,2
DIATSA_LOCUS10450,0,0,0,0,0,0
DIATSA_LOCUS10451,0,0,0,0,0,0
DIATSA_LOCUS10452,0,0,0,0,0,0
DIATSA_LOCUS10453,0,0,0,0,0,0
DIATSA_LOCUS10454,84,156,159,109,165,166
DIATSA_LOCUS10455,129,119,125,247,262,271
DIATSA_LOCUS10456,0,0,0,0,0,0
DIATSA_LOCUS10457,225,425,457,279,515,530
DIATSA_LOCUS10458,100,172,176,31,57,59
DIATSA_LOCUS10459,0,0,0,0,0,0
DIATSA_LOCUS1046,0,0,0,0,0,0
DIATSA_LOCUS10460,0,0,0,1,1,1
DIATSA_LOCUS10461,0,1,1,3,4,4
DIATSA_LOCUS10462,20,52,58,26,58,58
DIATSA_LOCUS10463,36,63,67,45,84,87
DIATSA_LOCUS10464,23,44,48,8,19,19
DIATSA_LOCUS10465,61,119,122,108,207,212
DIATSA_LOCUS10466,20,35,36,3,7,7
DIATSA_LOCUS10467,37,67,70,12,23,28
DIATSA_LOCUS10468,8,26,27,2,5,5
DIATSA_LOCUS10469,45,98,101,12,25,27
DIATSA_LOCUS1047,0,1,1,0,1,2
DIATSA_LOCUS10470,32,72,74,16,29,29
DIATSA_LOCUS10471,304,580,603,386,652,670
DIATSA_LOCUS10472,12,28,30,10,23,24
DIATSA_LOCUS10473,912,1672,1714,1465,2782,2889
DIATSA_LOCUS10474,25,56,55,12,19,18
DIATSA_LOCUS10475,12,19,20,0,6,6
DIATSA_LOCUS10476,208,499,521,387,899,935
DIATSA_LOCUS10477,8,17,18,18,31,31
DIATSA_LOCUS10478,7,11,11,13,20,21
DIATSA_LOCUS10479,260,524,536,129,262,263
DIATSA_LOCUS1048,2,2,2,2,6,6
DIATSA_LOCUS10480,0,0,0,0,0,0
DIATSA_LOCUS10481,0,0,0,0,1,1
DIATSA_LOCUS10482,0,0,0,0,0,0
DIATSA_LOCUS10483,24,56,57,23,71,71
DIATSA_LOCUS10484,52,102,104,9,26,28
DIATSA_LOCUS10485,5,8,7,1,2,2
DIATSA_LOCUS10486,283,561,583,96,198,210
DIATSA_LOCUS10487,5,8,8,4,6,7
DIATSA_LOCUS10488,7,13,13,6,9,9
DIATSA_LOCUS10489,24,51,52,9,19,19
DIATSA_LOCUS1049,22,33,32,11,17,18
DIATSA_LOCUS10490,63,145,152,42,93,96
DIATSA_LOCUS10491,19,49,50,9,19,18
DIATSA_LOCUS10492,48,93,95,25,67,68
DIATSA_LOCUS10493,33,75,78,39,87,88
DIATSA_LOCUS10494,104,169,173,67,126,132
DIATSA_LOCUS10495,2,10,10,4,7,7
DIATSA_LOCUS10496,37,65,69,9,18,18
DIATSA_LOCUS10497,75,144,151,45,94,95
DIATSA_LOCUS10498,953,1579,1637,669,1186,1237
DIATSA_LOCUS10499,18,46,45,24,56,57
DIATSA_LOCUS105,17,29,30,8,13,13
DIATSA_LOCUS1050,0,0,0,0,0,0
DIATSA_LOCUS10500,20,30,29,9,15,18
DIATSA_LOCUS10501,32,53,53,19,35,35
DIATSA_LOCUS10502,0,0,0,0,0,0
DIATSA_LOCUS10503,0,0,0,0,0,0
DIATSA_LOCUS10504,0,0,0,0,0,0
DIATSA_LOCUS10505,0,0,0,0,0,0
DIATSA_LOCUS10506,0,0,0,0,0,0
DIATSA_LOCUS10507,0,0,0,0,0,0
DIATSA_LOCUS10508,0,0,0,0,1,1
DIATSA_LOCUS10509,1,3,3,1,2,2
DIATSA_LOCUS1051,0,0,0,0,0,0
DIATSA_LOCUS10510,0,0,0,0,0,0
DIATSA_LOCUS10511,0,0,0,0,0,0
DIATSA_LOCUS10512,0,0,0,0,0,0
DIATSA_LOCUS10513,0,0,0,0,0,0
DIATSA_LOCUS10514,0,0,0,0,0,0
DIATSA_LOCUS10515,0,0,0,0,0,0
DIATSA_LOCUS10516,0,0,0,0,0,0
DIATSA_LOCUS10517,0,0,0,0,0,0
DIATSA_LOCUS10518,0,0,0,0,0,0
DIATSA_LOCUS10519,0,0,0,0,0,0
DIATSA_LOCUS1052,2,2,2,0,0,0
DIATSA_LOCUS10520,0,0,0,0,0,0
DIATSA_LOCUS10521,0,0,0,0,0,0
DIATSA_LOCUS10522,0,0,0,0,0,0
DIATSA_LOCUS10523,0,0,0,0,0,0
DIATSA_LOCUS10524,0,0,0,0,0,0
DIATSA_LOCUS10525,0,0,0,0,0,0
DIATSA_LOCUS10526,3,5,5,3,3,3
DIATSA_LOCUS10527,0,0,0,0,0,0
DIATSA_LOCUS10528,0,0,0,0,0,0
DIATSA_LOCUS10529,1,3,3,4,11,11
DIATSA_LOCUS1053,0,0,0,0,0,0
DIATSA_LOCUS10530,0,0,0,0,0,0
DIATSA_LOCUS10531,0,0,0,0,0,0
DIATSA_LOCUS10532,0,0,0,0,0,0
DIATSA_LOCUS10533,52,101,103,25,49,50
DIATSA_LOCUS10534,4,7,7,6,8,8
DIATSA_LOCUS10535,0,1,1,3,4,4
DIATSA_LOCUS10536,255,439,444,156,269,280
DIATSA_LOCUS10537,16,55,61,25,53,57
DIATSA_LOCUS10538,0,1,1,2,2,2
DIATSA_LOCUS10539,0,0,0,1,1,1
DIATSA_LOCUS1054,0,0,0,0,0,0
DIATSA_LOCUS10540,64,93,93,10,16,16
DIATSA_LOCUS10541,58,108,114,43,74,74
DIATSA_LOCUS10542,314,760,790,438,1009,1065
DIATSA_LOCUS10543,24,43,44,17,50,53
DIATSA_LOCUS10544,0,0,0,0,0,0
DIATSA_LOCUS10545,0,0,0,0,0,0
DIATSA_LOCUS10546,5,9,9,2,3,3
DIATSA_LOCUS10547,0,0,0,0,0,0
DIATSA_LOCUS10548,0,0,0,0,0,0
DIATSA_LOCUS10549,0,0,0,0,0,0
DIATSA_LOCUS1055,49,91,95,17,31,31
DIATSA_LOCUS10550,0,0,0,0,0,0
DIATSA_LOCUS10551,0,0,0,0,0,0
DIATSA_LOCUS10552,0,0,0,0,0,0
DIATSA_LOCUS10553,0,0,0,0,0,0
DIATSA_LOCUS10554,0,0,0,0,0,0
DIATSA_LOCUS10555,0,0,0,0,0,0
DIATSA_LOCUS10556,0,0,0,0,0,0
DIATSA_LOCUS10557,6,10,10,6,12,11
DIATSA_LOCUS10558,0,0,0,0,0,0
DIATSA_LOCUS10559,0,0,0,0,1,1
DIATSA_LOCUS1056,115,184,189,30,54,54
DIATSA_LOCUS10560,0,0,0,0,0,0
DIATSA_LOCUS10561,0,0,0,0,0,0
DIATSA_LOCUS10562,0,0,0,0,0,0
DIATSA_LOCUS10563,0,0,0,0,0,0
DIATSA_LOCUS10564,0,0,0,0,0,0
DIATSA_LOCUS10565,0,0,0,0,0,0
DIATSA_LOCUS10566,0,0,0,0,0,0
DIATSA_LOCUS10567,4,10,11,11,23,24
DIATSA_LOCUS10568,7,13,13,12,14,14
DIATSA_LOCUS10569,18,31,31,12,22,24
DIATSA_LOCUS1057,9,20,20,4,9,9
DIATSA_LOCUS10570,16,21,21,11,22,23
DIATSA_LOCUS10571,9,20,21,9,17,15
DIATSA_LOCUS10572,1267,1870,1934,1478,2228,2323
DIATSA_LOCUS10573,57,107,109,72,132,138
DIATSA_LOCUS10574,7410,11304,11715,6838,11162,11568
DIATSA_LOCUS10575,8671,14128,14673,8566,14171,14713
DIATSA_LOCUS10576,5027,7303,7539,7328,10891,11236
DIATSA_LOCUS10577,34,61,63,33,65,66
DIATSA_LOCUS10578,0,0,0,0,0,0
DIATSA_LOCUS10579,77,146,150,128,212,218
DIATSA_LOCUS1058,10,16,18,7,22,18
DIATSA_LOCUS10580,28,52,55,23,36,38
DIATSA_LOCUS10581,27,46,46,29,45,44
DIATSA_LOCUS10582,30,56,57,22,53,52
DIATSA_LOCUS10583,0,0,0,0,0,0
DIATSA_LOCUS10584,0,0,0,0,0,0
DIATSA_LOCUS10585,10,18,18,8,12,12
DIATSA_LOCUS10586,2,1,1,3,3,4
DIATSA_LOCUS10587,4,7,7,2,1,1
DIATSA_LOCUS10588,0,0,0,1,1,1
DIATSA_LOCUS10589,686,1300,1350,174,383,408
DIATSA_LOCUS1059,20,53,54,21,51,50
DIATSA_LOCUS10590,57,173,170,71,222,227
DIATSA_LOCUS10591,0,0,0,1,3,3
DIATSA_LOCUS10592,0,2,2,1,2,2
DIATSA_LOCUS10593,1,0,0,0,0,0
DIATSA_LOCUS10594,25,47,51,18,30,31
DIATSA_LOCUS10595,2,4,4,0,1,1
DIATSA_LOCUS10596,82,223,234,90,265,276
DIATSA_LOCUS10597,38,93,95,53,132,140
DIATSA_LOCUS10598,0,0,0,0,0,0
DIATSA_LOCUS10599,0,0,0,0,0,0
DIATSA_LOCUS106,9,13,14,2,4,4
DIATSA_LOCUS1060,396,767,793,294,585,612
DIATSA_LOCUS10600,0,0,0,0,0,0
DIATSA_LOCUS10601,35,48,50,13,17,17
DIATSA_LOCUS10602,0,0,0,0,0,0
DIATSA_LOCUS10603,1,1,1,0,0,0
DIATSA_LOCUS10604,22,46,47,13,23,25
DIATSA_LOCUS10605,1,0,0,1,1,1
DIATSA_LOCUS10606,2,2,2,4,4,4
DIATSA_LOCUS10607,9,21,22,12,20,20
DIATSA_LOCUS10608,0,0,0,0,0,0
DIATSA_LOCUS10609,0,4,4,3,8,8
DIATSA_LOCUS1061,27,50,51,5,13,16
DIATSA_LOCUS10610,3,6,6,4,8,9
DIATSA_LOCUS10611,17,22,23,18,39,42
DIATSA_LOCUS10612,4,5,7,6,8,8
DIATSA_LOCUS10613,0,1,1,0,2,2
DIATSA_LOCUS10614,0,0,0,0,0,0
DIATSA_LOCUS10615,0,0,0,0,0,0
DIATSA_LOCUS10616,6,8,9,2,1,1
DIATSA_LOCUS10617,0,0,0,2,2,2
DIATSA_LOCUS10618,17,55,58,34,77,78
DIATSA_LOCUS10619,71,126,130,141,204,216
DIATSA_LOCUS1062,128,245,252,99,181,187
DIATSA_LOCUS10620,5,13,14,3,5,6
DIATSA_LOCUS10621,54,88,90,19,26,29
DIATSA_LOCUS10622,24,42,40,29,46,50
DIATSA_LOCUS10623,4,14,15,5,7,8
DIATSA_LOCUS10624,0,0,0,0,0,0
DIATSA_LOCUS10625,1,1,1,0,0,0
DIATSA_LOCUS10626,10,14,14,1,0,0
DIATSA_LOCUS10627,4,3,3,2,4,4
DIATSA_LOCUS10628,111,186,201,52,77,80
DIATSA_LOCUS10629,1,1,1,0,0,0
DIATSA_LOCUS1063,0,0,0,0,0,0
DIATSA_LOCUS10630,0,0,0,1,2,2
DIATSA_LOCUS10631,1,0,0,0,0,0
DIATSA_LOCUS10632,0,0,0,0,0,0
DIATSA_LOCUS10633,41,63,62,20,35,35
DIATSA_LOCUS10634,2,3,3,1,3,3
DIATSA_LOCUS10635,11,39,40,8,34,34
DIATSA_LOCUS10636,0,0,0,1,1,2
DIATSA_LOCUS10637,268,497,518,158,291,301
DIATSA_LOCUS10638,1,1,1,0,0,0
DIATSA_LOCUS10639,47,61,65,3,3,3
DIATSA_LOCUS1064,3,2,2,6,6,6
DIATSA_LOCUS10640,29,49,50,20,28,31
DIATSA_LOCUS10641,5,12,11,3,10,10
DIATSA_LOCUS10642,0,0,0,0,0,0
DIATSA_LOCUS10643,0,0,0,0,0,0
DIATSA_LOCUS10644,3,11,12,5,8,8
DIATSA_LOCUS10645,0,0,0,0,0,0
DIATSA_LOCUS10646,73,139,143,51,94,95
DIATSA_LOCUS10647,0,0,0,0,0,0
DIATSA_LOCUS10648,0,0,0,0,0,0
DIATSA_LOCUS10649,33,82,90,4,12,13
DIATSA_LOCUS1065,56,145,152,60,144,150
DIATSA_LOCUS10650,4,8,8,4,18,19
DIATSA_LOCUS10651,0,0,0,0,0,0
DIATSA_LOCUS10652,0,0,0,0,1,1
DIATSA_LOCUS10653,11,15,15,6,5,5
DIATSA_LOCUS10654,8,12,11,5,9,9
DIATSA_LOCUS10655,0,0,1,0,0,0
DIATSA_LOCUS10656,9,20,21,3,10,10
DIATSA_LOCUS10657,0,1,1,0,0,0
DIATSA_LOCUS10658,0,2,2,0,0,0
DIATSA_LOCUS10659,39,58,62,18,45,46
DIATSA_LOCUS1066,106,184,197,71,120,125
DIATSA_LOCUS10660,58,98,100,53,105,114
DIATSA_LOCUS10661,3,5,5,3,2,2
DIATSA_LOCUS10662,1235,2067,2122,1291,2288,2355
DIATSA_LOCUS10663,9,23,23,10,20,24
DIATSA_LOCUS10664,287,599,604,467,751,786
DIATSA_LOCUS10665,21,46,46,4,13,14
DIATSA_LOCUS10666,36,86,88,31,95,101
DIATSA_LOCUS10667,0,0,0,0,0,0
DIATSA_LOCUS10668,6,16,16,1,3,3
DIATSA_LOCUS10669,2,4,4,0,3,3
DIATSA_LOCUS1067,37,79,79,45,100,102
DIATSA_LOCUS10670,126,225,228,101,195,202
DIATSA_LOCUS10671,87,171,174,48,91,91
DIATSA_LOCUS10672,22,33,37,41,79,81
DIATSA_LOCUS10673,121,240,249,152,307,313
DIATSA_LOCUS10674,1,4,4,3,4,4
DIATSA_LOCUS10675,6,9,9,6,8,10
DIATSA_LOCUS10676,8,12,11,3,8,8
DIATSA_LOCUS10677,23,41,43,32,64,66
DIATSA_LOCUS10678,21,39,38,15,22,22
DIATSA_LOCUS10679,28,44,45,43,72,77
DIATSA_LOCUS1068,36,72,76,35,70,74
DIATSA_LOCUS10680,3101,5820,6274,4706,8613,9257
DIATSA_LOCUS10681,6,14,14,7,15,15
DIATSA_LOCUS10682,0,0,0,0,0,0
DIATSA_LOCUS10683,0,0,0,0,0,0
DIATSA_LOCUS10684,4,6,6,2,2,2
DIATSA_LOCUS10685,2,6,6,0,3,4
DIATSA_LOCUS10686,11,11,11,7,8,8
DIATSA_LOCUS10687,19,30,32,33,42,43
DIATSA_LOCUS10688,442,883,913,877,1650,1719
DIATSA_LOCUS10689,10,19,20,11,20,20
DIATSA_LOCUS1069,0,0,0,0,0,0
DIATSA_LOCUS10690,96,165,167,35,60,59
DIATSA_LOCUS10691,0,0,0,0,0,0
DIATSA_LOCUS10692,18,40,42,11,14,14
DIATSA_LOCUS10693,0,0,0,0,2,2
DIATSA_LOCUS10694,38,60,61,40,62,64
DIATSA_LOCUS10695,0,0,0,0,0,0
DIATSA_LOCUS10696,1,1,1,0,0,0
DIATSA_LOCUS10697,0,0,0,0,0,0
DIATSA_LOCUS10698,0,0,0,0,0,0
DIATSA_LOCUS10699,0,0,0,0,0,0
DIATSA_LOCUS107,85,167,168,120,235,236
DIATSA_LOCUS1070,0,0,2,1,2,2
DIATSA_LOCUS10700,0,0,0,0,0,0
DIATSA_LOCUS10701,0,0,0,0,0,0
DIATSA_LOCUS10702,0,0,0,0,0,0
DIATSA_LOCUS10703,0,0,0,0,0,0
DIATSA_LOCUS10704,0,0,0,0,0,0
DIATSA_LOCUS10705,0,0,0,0,0,0
DIATSA_LOCUS10706,0,0,0,0,0,0
DIATSA_LOCUS10707,0,0,0,0,0,0
DIATSA_LOCUS10708,0,0,0,0,0,0
DIATSA_LOCUS10709,0,0,0,0,0,0
DIATSA_LOCUS1071,4,6,6,1,2,2
DIATSA_LOCUS10710,0,0,0,0,0,0
DIATSA_LOCUS10711,0,1,1,0,0,0
DIATSA_LOCUS10712,0,0,0,0,0,0
DIATSA_LOCUS10713,0,0,0,0,0,0
DIATSA_LOCUS10714,0,0,0,0,0,0
DIATSA_LOCUS10715,0,0,0,0,0,0
DIATSA_LOCUS10716,0,0,0,0,0,0
DIATSA_LOCUS10717,0,0,0,0,0,0
DIATSA_LOCUS10718,35,61,63,42,71,76
DIATSA_LOCUS10719,3692,6783,6995,3774,6752,6987
DIATSA_LOCUS1072,2,5,5,2,2,2
DIATSA_LOCUS10720,47,93,97,50,103,105
DIATSA_LOCUS10721,142,234,243,250,406,421
DIATSA_LOCUS10722,16,29,29,4,6,6
DIATSA_LOCUS10723,8,17,18,2,1,1
DIATSA_LOCUS10724,13,16,16,3,10,10
DIATSA_LOCUS10725,23,37,38,10,12,13
DIATSA_LOCUS10726,80,164,165,136,237,247
DIATSA_LOCUS10727,18,34,36,12,21,24
DIATSA_LOCUS10728,25,53,56,170,289,300
DIATSA_LOCUS10729,0,0,0,0,0,0
DIATSA_LOCUS1073,17,64,65,14,41,43
DIATSA_LOCUS10730,0,0,0,0,0,0
DIATSA_LOCUS10731,6,8,9,2,3,3
DIATSA_LOCUS10732,0,0,0,0,0,0
DIATSA_LOCUS10733,0,0,0,0,0,0
DIATSA_LOCUS10734,0,0,0,0,0,0
DIATSA_LOCUS10735,1,1,1,0,0,0
DIATSA_LOCUS10736,340,662,686,306,571,589
DIATSA_LOCUS10737,285,530,550,351,720,759
DIATSA_LOCUS10738,2314,4156,4332,2647,4679,4880
DIATSA_LOCUS10739,3,6,6,3,4,4
DIATSA_LOCUS1074,10,16,18,8,10,10
DIATSA_LOCUS10740,0,1,2,0,1,1
DIATSA_LOCUS10741,6,35,39,1,15,15
DIATSA_LOCUS10742,13,13,13,14,27,28
DIATSA_LOCUS10743,136,240,248,80,135,136
DIATSA_LOCUS10744,7,19,20,24,40,42
DIATSA_LOCUS10745,2,3,3,0,0,1
DIATSA_LOCUS10746,7,9,9,7,14,14
DIATSA_LOCUS10747,42,69,72,42,86,89
DIATSA_LOCUS10748,5,16,18,13,26,26
DIATSA_LOCUS10749,3750,7202,7464,5350,10005,10362
DIATSA_LOCUS1075,162,370,394,71,149,156
DIATSA_LOCUS10750,3349,5517,5687,3739,6338,6546
DIATSA_LOCUS10751,1,5,5,5,4,5
DIATSA_LOCUS10752,195,308,316,108,180,185
DIATSA_LOCUS10753,0,0,0,0,0,0
DIATSA_LOCUS10754,0,0,0,0,0,0
DIATSA_LOCUS10755,1,1,1,0,0,0
DIATSA_LOCUS10756,23,38,41,22,42,45
DIATSA_LOCUS10757,0,0,0,0,0,0
DIATSA_LOCUS10758,40,82,85,24,42,43
DIATSA_LOCUS10759,305,582,609,286,562,582
DIATSA_LOCUS1076,166,356,376,200,468,485
DIATSA_LOCUS10760,16,25,26,22,27,27
DIATSA_LOCUS10761,2,6,6,2,1,1
DIATSA_LOCUS10762,0,0,0,0,0,0
DIATSA_LOCUS10763,22,29,31,28,45,47
DIATSA_LOCUS10764,3,5,6,1,1,1
DIATSA_LOCUS10765,1145,1922,1981,1375,2237,2321
DIATSA_LOCUS10766,59,138,146,41,91,97
DIATSA_LOCUS10767,119,229,232,86,184,187
DIATSA_LOCUS10768,13,29,32,3,7,7
DIATSA_LOCUS10769,127,262,273,73,149,159
DIATSA_LOCUS1077,56,98,101,8,15,16
DIATSA_LOCUS10770,209,408,424,173,355,366
DIATSA_LOCUS10771,51,84,86,17,26,26
DIATSA_LOCUS10772,25,42,41,25,32,34
DIATSA_LOCUS10773,20,45,48,11,39,43
DIATSA_LOCUS10774,0,0,0,0,0,0
DIATSA_LOCUS10775,142,258,270,150,278,285
DIATSA_LOCUS10776,127,232,242,41,72,75
DIATSA_LOCUS10777,2,2,2,1,5,5
DIATSA_LOCUS10778,137,258,261,114,257,266
DIATSA_LOCUS10779,2425,4862,4971,1574,3176,3266
DIATSA_LOCUS1078,5,9,10,0,1,1
DIATSA_LOCUS10780,3836,7016,7266,1424,2548,2646
DIATSA_LOCUS10781,19,33,34,9,14,14
DIATSA_LOCUS10782,20,45,45,7,14,15
DIATSA_LOCUS10783,20,35,37,0,1,3
DIATSA_LOCUS10784,2,1,1,1,1,1
DIATSA_LOCUS10785,0,0,0,0,0,0
DIATSA_LOCUS10786,153,305,323,73,183,188
DIATSA_LOCUS10787,252,439,449,216,374,396
DIATSA_LOCUS10788,2,5,5,0,1,1
DIATSA_LOCUS10789,9,18,17,15,25,26
DIATSA_LOCUS1079,7,15,15,2,4,4
DIATSA_LOCUS10790,6,10,8,2,11,11
DIATSA_LOCUS10791,22,43,43,16,21,21
DIATSA_LOCUS10792,334,510,518,302,440,457
DIATSA_LOCUS10793,4,8,8,1,2,3
DIATSA_LOCUS10794,42,69,75,40,67,67
DIATSA_LOCUS10795,458,781,816,128,223,236
DIATSA_LOCUS10796,1,2,2,3,15,17
DIATSA_LOCUS10797,95,235,244,124,286,301
DIATSA_LOCUS10798,0,0,0,3,5,4
DIATSA_LOCUS10799,3,5,5,2,2,2
DIATSA_LOCUS108,47,103,107,12,39,40
DIATSA_LOCUS1080,54,103,107,11,18,19
DIATSA_LOCUS10800,185,379,392,96,192,194
DIATSA_LOCUS10801,4,9,11,7,14,15
DIATSA_LOCUS10802,112,222,221,159,277,281
DIATSA_LOCUS10803,2,6,5,3,8,8
DIATSA_LOCUS10804,24,46,49,24,37,38
DIATSA_LOCUS10805,10,41,42,39,71,74
DIATSA_LOCUS10806,30,54,58,41,114,116
DIATSA_LOCUS10807,46,98,108,27,47,49
DIATSA_LOCUS10808,0,0,0,0,1,1
DIATSA_LOCUS10809,12,20,20,10,17,17
DIATSA_LOCUS1081,163,282,292,89,153,157
DIATSA_LOCUS10810,0,0,0,2,3,3
DIATSA_LOCUS10811,1,1,1,0,0,0
DIATSA_LOCUS10812,0,0,0,0,0,0
DIATSA_LOCUS10813,12,14,15,8,16,15
DIATSA_LOCUS10814,121,219,230,33,60,62
DIATSA_LOCUS10815,11,18,18,1,1,1
DIATSA_LOCUS10816,0,0,0,0,0,0
DIATSA_LOCUS10817,77,132,132,102,164,172
DIATSA_LOCUS10818,7,10,10,3,11,11
DIATSA_LOCUS10819,139,292,296,167,358,364
DIATSA_LOCUS1082,18,38,38,9,24,25
DIATSA_LOCUS10820,95,174,181,54,111,114
DIATSA_LOCUS10821,6,19,24,20,26,25
DIATSA_LOCUS10822,141,260,266,87,158,162
DIATSA_LOCUS10823,34,80,80,37,101,102
DIATSA_LOCUS10824,102,219,226,105,196,205
DIATSA_LOCUS10825,15,33,33,16,35,35
DIATSA_LOCUS10826,66,118,121,62,125,128
DIATSA_LOCUS10827,1,3,3,1,2,2
DIATSA_LOCUS10828,16,33,35,23,35,35
DIATSA_LOCUS10829,128,361,374,85,278,297
DIATSA_LOCUS1083,71,152,155,48,95,98
DIATSA_LOCUS10830,108,176,181,112,187,190
DIATSA_LOCUS10831,45,85,87,18,45,48
DIATSA_LOCUS10832,136,272,282,38,90,96
DIATSA_LOCUS10833,11,17,18,3,7,7
DIATSA_LOCUS10834,129,212,218,17,34,36
DIATSA_LOCUS10835,13,38,38,0,0,0
DIATSA_LOCUS10836,0,0,0,0,0,0
DIATSA_LOCUS10837,2,6,6,0,2,2
DIATSA_LOCUS10838,113,249,258,63,127,130
DIATSA_LOCUS10839,43,66,69,23,44,44
DIATSA_LOCUS1084,23,57,58,37,104,109
DIATSA_LOCUS10840,22,41,43,7,26,28
DIATSA_LOCUS10841,35,56,59,13,28,29
DIATSA_LOCUS10842,82,170,178,66,114,120
DIATSA_LOCUS10843,277,503,524,367,692,711
DIATSA_LOCUS10844,11,19,19,8,10,11
DIATSA_LOCUS10845,0,0,0,0,0,0
DIATSA_LOCUS10846,62,94,94,37,69,73
DIATSA_LOCUS10847,9903,20561,21309,13944,29115,30188
DIATSA_LOCUS10848,89,180,184,94,210,215
DIATSA_LOCUS10849,109,192,199,56,119,125
DIATSA_LOCUS1085,164,416,428,132,415,433
DIATSA_LOCUS10850,20,51,58,45,61,62
DIATSA_LOCUS10851,31,62,66,46,75,78
DIATSA_LOCUS10852,25,48,51,14,43,45
DIATSA_LOCUS10853,68,158,167,35,77,79
DIATSA_LOCUS10854,41,86,88,15,25,25
DIATSA_LOCUS10855,18,34,35,16,25,26
DIATSA_LOCUS10856,6,13,13,5,10,10
DIATSA_LOCUS10857,6,6,6,5,11,11
DIATSA_LOCUS10858,979,1410,1451,482,678,712
DIATSA_LOCUS10859,1000,1531,1600,459,707,728
DIATSA_LOCUS1086,11,26,28,9,15,17
DIATSA_LOCUS10860,493,787,815,11,17,18
DIATSA_LOCUS10861,26,50,51,48,78,82
DIATSA_LOCUS10862,418,579,596,375,499,506
DIATSA_LOCUS10863,3,7,7,0,0,0
DIATSA_LOCUS10864,456,712,744,4,6,6
DIATSA_LOCUS10865,17,33,35,17,31,33
DIATSA_LOCUS10866,36,61,62,14,27,30
DIATSA_LOCUS10867,108,299,306,94,218,225
DIATSA_LOCUS10868,15,37,38,35,43,44
DIATSA_LOCUS10869,142,355,368,216,591,609
DIATSA_LOCUS1087,112,222,228,47,94,97
DIATSA_LOCUS10870,9,22,22,8,20,22
DIATSA_LOCUS10871,5,7,7,4,7,7
DIATSA_LOCUS10872,113,184,194,55,121,128
DIATSA_LOCUS10873,173,368,385,185,366,379
DIATSA_LOCUS10874,60,129,134,47,104,107
DIATSA_LOCUS10875,48,87,89,21,37,37
DIATSA_LOCUS10876,350,762,787,484,901,927
DIATSA_LOCUS10877,70,122,122,89,159,168
DIATSA_LOCUS10878,5,11,11,4,5,5
DIATSA_LOCUS10879,579,1143,1180,486,1031,1069
DIATSA_LOCUS1088,6264,13885,14376,7363,16274,16835
DIATSA_LOCUS10880,25,54,56,14,24,24
DIATSA_LOCUS10881,16,20,20,6,11,11
DIATSA_LOCUS10882,97,209,214,100,213,220
DIATSA_LOCUS10883,574,1132,1176,229,460,477
DIATSA_LOCUS10884,2,11,12,8,19,20
DIATSA_LOCUS10885,138,274,284,120,240,254
DIATSA_LOCUS10886,48,73,77,29,63,67
DIATSA_LOCUS10887,289,506,528,211,429,452
DIATSA_LOCUS10888,33,61,63,42,85,91
DIATSA_LOCUS10889,0,2,1,2,5,5
DIATSA_LOCUS1089,69,141,140,67,135,143
DIATSA_LOCUS10890,7,11,11,5,8,8
DIATSA_LOCUS10891,85,152,161,43,84,87
DIATSA_LOCUS10892,25,60,66,20,65,65
DIATSA_LOCUS10893,142,233,242,39,76,77
DIATSA_LOCUS10894,180,355,370,70,151,155
DIATSA_LOCUS10895,88,156,160,65,119,127
DIATSA_LOCUS10896,113,212,217,28,44,45
DIATSA_LOCUS10897,52,84,88,34,57,58
DIATSA_LOCUS10898,171,309,327,150,286,302
DIATSA_LOCUS10899,33,59,62,17,25,31
DIATSA_LOCUS109,65,113,114,76,132,140
DIATSA_LOCUS1090,922,1701,1778,464,889,912
DIATSA_LOCUS10900,172,382,400,97,167,175
DIATSA_LOCUS10901,18,26,27,12,19,19
DIATSA_LOCUS10902,246,518,543,327,721,743
DIATSA_LOCUS10903,107,158,162,72,128,130
DIATSA_LOCUS10904,396,769,785,417,804,818
DIATSA_LOCUS10905,10,21,21,11,29,28
DIATSA_LOCUS10906,15,30,31,24,38,38
DIATSA_LOCUS10907,250,367,378,291,406,418
DIATSA_LOCUS10908,137,288,299,106,214,222
DIATSA_LOCUS10909,309,572,590,217,452,468
DIATSA_LOCUS1091,31,70,72,31,60,62
DIATSA_LOCUS10910,4,9,9,8,10,10
DIATSA_LOCUS10911,0,0,0,0,0,0
DIATSA_LOCUS10912,44,78,80,96,144,148
DIATSA_LOCUS10913,0,0,0,0,0,0
DIATSA_LOCUS10914,7,9,9,4,6,7
DIATSA_LOCUS10915,1,1,1,0,0,0
DIATSA_LOCUS10916,0,0,0,0,0,0
DIATSA_LOCUS10917,0,0,0,0,0,0
DIATSA_LOCUS10918,0,0,0,0,0,0
DIATSA_LOCUS10919,0,0,0,0,0,0
DIATSA_LOCUS1092,19,41,41,18,40,42
DIATSA_LOCUS10920,0,0,0,3,0,4
DIATSA_LOCUS10921,109,212,218,93,173,174
DIATSA_LOCUS10922,5,11,11,0,4,0
DIATSA_LOCUS10923,19,42,43,20,35,37
DIATSA_LOCUS10924,155,273,284,63,117,119
DIATSA_LOCUS10925,279,465,489,346,596,618
DIATSA_LOCUS10926,2,3,3,5,17,17
DIATSA_LOCUS10927,555,1262,1283,481,1058,1075
DIATSA_LOCUS10928,102,227,236,155,322,336
DIATSA_LOCUS10929,36,79,74,30,63,64
DIATSA_LOCUS1093,66,139,142,46,92,94
DIATSA_LOCUS10930,513,965,986,658,1129,1169
DIATSA_LOCUS10931,107,196,202,174,318,328
DIATSA_LOCUS10932,165,314,320,210,394,414
DIATSA_LOCUS10933,0,0,0,0,0,0
DIATSA_LOCUS10934,61,120,123,115,199,202
DIATSA_LOCUS10935,3,6,6,2,4,4
DIATSA_LOCUS10936,57,100,103,74,133,142
DIATSA_LOCUS10937,0,0,0,0,0,0
DIATSA_LOCUS10938,31,59,60,16,36,37
DIATSA_LOCUS10939,11,16,17,5,9,11
DIATSA_LOCUS1094,826,1436,1477,421,730,758
DIATSA_LOCUS10940,99,202,209,43,93,94
DIATSA_LOCUS10941,192,344,359,133,223,227
DIATSA_LOCUS10942,28,44,46,24,44,45
DIATSA_LOCUS10943,207,387,398,213,373,384
DIATSA_LOCUS10944,675,1277,1305,374,802,827
DIATSA_LOCUS10945,31,45,46,44,74,78
DIATSA_LOCUS10946,26,52,53,9,19,21
DIATSA_LOCUS10947,6,12,14,1,2,2
DIATSA_LOCUS10948,14,23,26,25,40,41
DIATSA_LOCUS10949,238,542,563,187,387,399
DIATSA_LOCUS1095,40,90,93,88,158,158
DIATSA_LOCUS10950,2967,5251,5394,1882,3385,3494
DIATSA_LOCUS10951,0,0,0,0,0,0
DIATSA_LOCUS10952,0,0,0,0,1,1
DIATSA_LOCUS10953,0,0,0,0,0,0
DIATSA_LOCUS10954,2,12,12,1,4,4
DIATSA_LOCUS10955,36,59,62,27,61,67
DIATSA_LOCUS10956,48,93,96,31,55,55
DIATSA_LOCUS10957,9,20,20,17,32,32
DIATSA_LOCUS10958,273,506,515,411,776,801
DIATSA_LOCUS10959,9,13,13,0,3,3
DIATSA_LOCUS1096,40,73,79,46,93,92
DIATSA_LOCUS10960,166,330,340,198,405,416
DIATSA_LOCUS10961,43,80,81,6,13,14
DIATSA_LOCUS10962,1,3,3,3,5,5
DIATSA_LOCUS10963,0,0,0,0,0,0
DIATSA_LOCUS10964,0,3,3,0,0,0
DIATSA_LOCUS10965,0,0,0,0,0,0
DIATSA_LOCUS10966,16,34,36,27,46,47
DIATSA_LOCUS10967,500,949,983,275,511,528
DIATSA_LOCUS10968,0,0,0,0,0,0
DIATSA_LOCUS10969,0,0,0,0,0,0
DIATSA_LOCUS1097,315,593,609,322,582,609
DIATSA_LOCUS10970,191,431,444,161,356,365
DIATSA_LOCUS10971,0,0,0,0,0,0
DIATSA_LOCUS10972,15,97,146,11,71,119
DIATSA_LOCUS10973,0,0,0,0,0,0
DIATSA_LOCUS10974,0,0,0,0,0,1
DIATSA_LOCUS10975,0,0,0,0,4,4
DIATSA_LOCUS10976,0,0,0,0,0,0
DIATSA_LOCUS10977,1680,2364,2455,2682,3847,3971
DIATSA_LOCUS10978,0,0,1,0,2,5
DIATSA_LOCUS10979,0,1,1,2,4,4
DIATSA_LOCUS1098,95,176,180,78,151,160
DIATSA_LOCUS10980,3,5,5,1,1,1
DIATSA_LOCUS10981,30,77,80,18,56,58
DIATSA_LOCUS10982,345,697,736,131,279,292
DIATSA_LOCUS10983,244,409,418,165,277,289
DIATSA_LOCUS10984,0,0,0,0,0,0
DIATSA_LOCUS10985,74,142,145,41,79,82
DIATSA_LOCUS10986,51,87,88,12,21,21
DIATSA_LOCUS10987,1,1,1,3,7,7
DIATSA_LOCUS10988,0,1,1,3,5,5
DIATSA_LOCUS10989,12,19,20,17,36,37
DIATSA_LOCUS1099,45,86,91,17,32,34
DIATSA_LOCUS10990,44,93,97,18,35,35
DIATSA_LOCUS10991,56,119,121,44,76,78
DIATSA_LOCUS10992,6,13,13,0,11,14
DIATSA_LOCUS10993,15,28,27,25,33,36
DIATSA_LOCUS10994,0,0,0,0,0,0
DIATSA_LOCUS10995,10,15,16,7,8,9
DIATSA_LOCUS10996,212,442,456,72,153,157
DIATSA_LOCUS10997,18,55,57,13,37,39
DIATSA_LOCUS10998,57,113,118,82,161,168
DIATSA_LOCUS10999,12,23,22,4,7,7
DIATSA_LOCUS11,56,101,103,22,54,55
DIATSA_LOCUS110,0,0,0,0,3,3
DIATSA_LOCUS1100,100,215,229,33,77,78
DIATSA_LOCUS11000,1,4,4,0,0,0
DIATSA_LOCUS11001,0,0,0,0,0,0
DIATSA_LOCUS11002,164,278,286,164,303,310
DIATSA_LOCUS11003,2,3,4,1,1,1
DIATSA_LOCUS11004,2,2,2,0,0,0
DIATSA_LOCUS11005,4,10,10,3,7,7
DIATSA_LOCUS11006,12,24,24,6,10,11
DIATSA_LOCUS11007,0,0,0,0,0,0
DIATSA_LOCUS11008,11,35,36,36,69,72
DIATSA_LOCUS11009,1,2,2,2,3,3
DIATSA_LOCUS1101,15,24,25,18,32,33
DIATSA_LOCUS11010,0,0,0,0,0,0
DIATSA_LOCUS11011,0,0,0,0,0,0
DIATSA_LOCUS11012,0,0,0,0,0,0
DIATSA_LOCUS11013,0,0,0,0,0,0
DIATSA_LOCUS11014,0,0,0,0,0,0
DIATSA_LOCUS11015,0,0,0,0,0,0
DIATSA_LOCUS11016,0,0,0,0,0,0
DIATSA_LOCUS11017,0,0,0,0,0,0
DIATSA_LOCUS11018,7,13,13,0,10,10
DIATSA_LOCUS11019,334,806,841,375,859,867
DIATSA_LOCUS1102,127,233,241,79,137,144
DIATSA_LOCUS11020,65,140,146,27,67,68
DIATSA_LOCUS11021,12,22,21,1,2,2
DIATSA_LOCUS11022,1,2,2,0,0,0
DIATSA_LOCUS11023,89,163,172,55,109,115
DIATSA_LOCUS11024,231,443,465,191,345,354
DIATSA_LOCUS11025,32,44,44,7,13,13
DIATSA_LOCUS11026,6,10,10,0,0,0
DIATSA_LOCUS11027,0,0,0,0,0,0
DIATSA_LOCUS11028,4,5,6,7,9,11
DIATSA_LOCUS11029,80,173,173,43,90,94
DIATSA_LOCUS1103,0,0,0,0,0,0
DIATSA_LOCUS11030,11,18,19,4,7,8
DIATSA_LOCUS11031,0,0,0,0,0,0
DIATSA_LOCUS11032,5,4,6,10,21,22
DIATSA_LOCUS11033,19,42,43,13,25,24
DIATSA_LOCUS11034,186,366,375,285,531,549
DIATSA_LOCUS11035,0,0,0,0,0,0
DIATSA_LOCUS11036,0,0,0,3,5,6
DIATSA_LOCUS11037,11465,18298,18976,7750,12514,12959
DIATSA_LOCUS11038,0,0,0,0,0,0
DIATSA_LOCUS11039,473,728,765,299,432,444
DIATSA_LOCUS1104,0,2,1,2,2,2
DIATSA_LOCUS11040,12,17,17,2,3,3
DIATSA_LOCUS11041,0,0,0,0,0,0
DIATSA_LOCUS11042,0,0,0,0,0,0
DIATSA_LOCUS11043,6,8,9,2,2,2
DIATSA_LOCUS11044,344,510,534,407,760,787
DIATSA_LOCUS11045,8,10,10,15,32,34
DIATSA_LOCUS11046,235,487,501,140,295,305
DIATSA_LOCUS11047,199,302,314,101,166,169
DIATSA_LOCUS11048,0,0,0,0,0,0
DIATSA_LOCUS11049,0,0,0,36,48,49
DIATSA_LOCUS1105,289,670,689,132,308,322
DIATSA_LOCUS11050,166,306,317,223,414,433
DIATSA_LOCUS11051,0,0,0,0,0,0
DIATSA_LOCUS11052,542,1083,1139,437,876,920
DIATSA_LOCUS11053,0,0,0,0,0,0
DIATSA_LOCUS11054,0,0,0,0,0,0
DIATSA_LOCUS11055,330,658,693,352,612,645
DIATSA_LOCUS11056,47,89,92,52,98,99
DIATSA_LOCUS11057,71,110,115,102,186,194
DIATSA_LOCUS11058,40,81,85,52,96,96
DIATSA_LOCUS11059,14,33,36,16,47,48
DIATSA_LOCUS1106,0,0,0,1,1,1
DIATSA_LOCUS11060,65,145,148,56,141,146
DIATSA_LOCUS11061,98,177,182,134,272,278
DIATSA_LOCUS11062,342,572,594,453,735,770
DIATSA_LOCUS11063,16,28,29,14,32,37
DIATSA_LOCUS11064,5,13,13,9,18,17
DIATSA_LOCUS11065,1208,2120,2182,1226,2158,2212
DIATSA_LOCUS11066,801,1671,1731,535,1123,1157
DIATSA_LOCUS11067,145,345,357,199,425,438
DIATSA_LOCUS11068,25,47,48,18,34,37
DIATSA_LOCUS11069,3,14,17,6,10,13
DIATSA_LOCUS1107,5,13,14,2,15,15
DIATSA_LOCUS11070,1,6,6,0,2,2
DIATSA_LOCUS11071,7,13,13,4,7,7
DIATSA_LOCUS11072,65,99,103,141,228,237
DIATSA_LOCUS11073,0,2,2,0,2,2
DIATSA_LOCUS11074,0,0,0,0,0,0
DIATSA_LOCUS11075,100,211,220,52,111,122
DIATSA_LOCUS11076,931,1752,1824,1513,2860,2968
DIATSA_LOCUS11077,13,22,23,28,59,58
DIATSA_LOCUS11078,0,0,0,0,0,0
DIATSA_LOCUS11079,16,36,36,7,16,16
DIATSA_LOCUS1108,10,25,25,7,21,24
DIATSA_LOCUS11080,67,154,159,56,139,144
DIATSA_LOCUS11081,14,33,36,8,25,30
DIATSA_LOCUS11082,35,59,60,11,24,25
DIATSA_LOCUS11083,0,0,0,0,0,0
DIATSA_LOCUS11084,27,47,52,16,24,24
DIATSA_LOCUS11085,24,39,41,32,43,44
DIATSA_LOCUS11086,406,810,837,611,1114,1144
DIATSA_LOCUS11087,0,1,1,2,5,5
DIATSA_LOCUS11088,2,6,6,1,6,6
DIATSA_LOCUS11089,269,582,598,249,510,533
DIATSA_LOCUS1109,33,82,82,14,26,27
DIATSA_LOCUS11090,0,0,0,0,0,0
DIATSA_LOCUS11091,0,0,0,0,0,0
DIATSA_LOCUS11092,0,1,2,0,1,1
DIATSA_LOCUS11093,95,159,165,46,80,79
DIATSA_LOCUS11094,73,139,140,61,121,126
DIATSA_LOCUS11095,65,128,130,20,66,66
DIATSA_LOCUS11096,102,204,212,130,296,301
DIATSA_LOCUS11097,249,428,436,332,597,616
DIATSA_LOCUS11098,134,329,334,93,246,257
DIATSA_LOCUS11099,120,266,274,144,316,327
DIATSA_LOCUS111,6,9,9,6,10,11
DIATSA_LOCUS1110,35,66,66,28,57,60
DIATSA_LOCUS11100,0,0,0,0,0,0
DIATSA_LOCUS11101,13,16,17,3,8,8
DIATSA_LOCUS11102,50,73,76,36,57,59
DIATSA_LOCUS11103,266,495,512,227,485,511
DIATSA_LOCUS11104,8,11,11,2,3,3
DIATSA_LOCUS11105,5,13,11,3,9,9
DIATSA_LOCUS11106,0,0,0,0,0,0
DIATSA_LOCUS11107,52,94,99,30,68,71
DIATSA_LOCUS11108,143,313,322,139,288,295
DIATSA_LOCUS11109,12,20,20,20,26,27
DIATSA_LOCUS1111,8,19,19,6,18,20
DIATSA_LOCUS11110,36,71,73,19,51,56
DIATSA_LOCUS11111,40,82,84,22,37,38
DIATSA_LOCUS11112,0,1,1,0,1,1
DIATSA_LOCUS11113,37,81,83,25,52,52
DIATSA_LOCUS11114,42,69,71,47,81,86
DIATSA_LOCUS11115,41,89,93,48,84,87
DIATSA_LOCUS11116,110,220,226,112,249,264
DIATSA_LOCUS11117,95,158,164,82,145,152
DIATSA_LOCUS11118,5,12,12,12,18,19
DIATSA_LOCUS11119,1,3,4,1,2,2
DIATSA_LOCUS1112,31,42,46,26,36,38
DIATSA_LOCUS11120,3,5,5,0,0,0
DIATSA_LOCUS11121,174,356,368,70,149,159
DIATSA_LOCUS11122,7,20,20,6,17,18
DIATSA_LOCUS11123,0,0,0,1,1,1
DIATSA_LOCUS11124,99,210,218,114,250,267
DIATSA_LOCUS11125,27,58,59,11,23,24
DIATSA_LOCUS11126,12,25,25,11,15,16
DIATSA_LOCUS11127,11,23,22,7,15,14
DIATSA_LOCUS11128,34,84,89,18,29,29
DIATSA_LOCUS11129,0,0,0,0,0,0
DIATSA_LOCUS1113,3,4,4,5,6,7
DIATSA_LOCUS11130,150,277,280,70,141,144
DIATSA_LOCUS11131,119,222,233,93,199,206
DIATSA_LOCUS11132,99,196,205,96,176,183
DIATSA_LOCUS11133,0,0,0,0,0,0
DIATSA_LOCUS11134,29,46,48,11,15,15
DIATSA_LOCUS11135,0,0,0,0,0,0
DIATSA_LOCUS11136,0,0,0,0,0,0
DIATSA_LOCUS11137,18,42,42,7,13,13
DIATSA_LOCUS11138,88,167,175,28,58,59
DIATSA_LOCUS11139,28,58,60,19,40,41
DIATSA_LOCUS1114,6,13,13,12,24,25
DIATSA_LOCUS11140,65,102,103,66,108,112
DIATSA_LOCUS11141,65,118,120,37,67,68
DIATSA_LOCUS11142,31,74,76,28,70,74
DIATSA_LOCUS11143,0,0,0,0,0,0
DIATSA_LOCUS11144,32,71,72,32,47,48
DIATSA_LOCUS11145,134,269,275,63,124,130
DIATSA_LOCUS11146,10,16,18,4,10,9
DIATSA_LOCUS11147,0,0,0,0,0,0
DIATSA_LOCUS11148,0,0,0,0,0,0
DIATSA_LOCUS11149,0,0,0,0,0,0
DIATSA_LOCUS1115,98,189,199,51,109,111
DIATSA_LOCUS11150,0,0,0,0,0,0
DIATSA_LOCUS11151,0,1,1,0,0,0
DIATSA_LOCUS11152,1,1,1,1,3,3
DIATSA_LOCUS11153,44,78,82,33,62,65
DIATSA_LOCUS11154,5,10,10,1,2,3
DIATSA_LOCUS11155,4,17,19,5,12,13
DIATSA_LOCUS11156,326,586,607,213,407,415
DIATSA_LOCUS11157,50,150,155,70,172,178
DIATSA_LOCUS11158,75,144,145,24,56,59
DIATSA_LOCUS11159,0,0,0,0,0,0
DIATSA_LOCUS1116,54,83,86,28,58,62
DIATSA_LOCUS11160,47,78,82,71,118,123
DIATSA_LOCUS11161,88,183,189,82,181,183
DIATSA_LOCUS11162,51,102,99,34,65,68
DIATSA_LOCUS11163,28,50,50,32,51,58
DIATSA_LOCUS11164,52,106,109,60,109,113
DIATSA_LOCUS11165,22,67,67,49,106,107
DIATSA_LOCUS11166,63,111,117,26,68,67
DIATSA_LOCUS11167,129,262,275,178,356,370
DIATSA_LOCUS11168,246,478,495,188,387,394
DIATSA_LOCUS11169,0,0,0,0,0,0
DIATSA_LOCUS1117,123,258,262,84,162,168
DIATSA_LOCUS11170,1452,3020,3107,1499,3066,3200
DIATSA_LOCUS11171,215,538,549,176,455,462
DIATSA_LOCUS11172,510,1211,1253,724,1574,1633
DIATSA_LOCUS11173,14,38,38,19,48,49
DIATSA_LOCUS11174,622,1268,1320,739,1469,1526
DIATSA_LOCUS11175,50,92,92,40,85,90
DIATSA_LOCUS11176,171,306,315,188,328,341
DIATSA_LOCUS11177,52,99,101,61,123,125
DIATSA_LOCUS11178,3,8,8,2,5,6
DIATSA_LOCUS11179,432,715,745,394,627,652
DIATSA_LOCUS1118,96,203,212,66,143,151
DIATSA_LOCUS11180,15,26,27,33,59,60
DIATSA_LOCUS11181,280,585,607,233,453,484
DIATSA_LOCUS11182,190,324,340,359,647,670
DIATSA_LOCUS11183,58,98,100,60,103,105
DIATSA_LOCUS11184,18,29,31,3,5,5
DIATSA_LOCUS11185,17,37,40,15,32,32
DIATSA_LOCUS11186,0,0,0,0,0,0
DIATSA_LOCUS11187,11,17,18,6,14,17
DIATSA_LOCUS11188,367,781,824,144,292,303
DIATSA_LOCUS11189,3,8,7,4,9,9
DIATSA_LOCUS1119,8,26,30,14,53,55
DIATSA_LOCUS11190,19,26,28,24,48,49
DIATSA_LOCUS11191,392,744,773,605,1156,1199
DIATSA_LOCUS11192,0,0,0,0,0,0
DIATSA_LOCUS11193,22,45,47,35,58,58
DIATSA_LOCUS11194,217,449,472,248,642,678
DIATSA_LOCUS11195,2,2,2,0,1,1
DIATSA_LOCUS11196,0,0,0,0,0,0
DIATSA_LOCUS11197,467,917,941,385,724,747
DIATSA_LOCUS11198,0,0,0,0,0,0
DIATSA_LOCUS11199,24,54,55,31,51,54
DIATSA_LOCUS112,1,4,4,3,7,7
DIATSA_LOCUS1120,38,83,90,21,47,51
DIATSA_LOCUS11200,0,0,1,1,1,1
DIATSA_LOCUS11201,359,655,674,444,824,855
DIATSA_LOCUS11202,0,0,0,0,0,0
DIATSA_LOCUS11203,11049,21923,22660,12609,26077,26974
DIATSA_LOCUS11204,190,430,438,132,273,287
DIATSA_LOCUS11205,111,237,245,51,100,103
DIATSA_LOCUS11206,66,151,156,87,173,176
DIATSA_LOCUS11207,64,124,129,82,150,153
DIATSA_LOCUS11208,38,88,92,47,84,88
DIATSA_LOCUS11209,43,82,85,27,46,48
DIATSA_LOCUS1121,529,1097,1147,979,2000,2108
DIATSA_LOCUS11210,3,12,13,9,23,23
DIATSA_LOCUS11211,3,9,10,11,21,23
DIATSA_LOCUS11212,6780,17082,17933,12166,29284,30482
DIATSA_LOCUS11213,0,0,0,0,0,0
DIATSA_LOCUS11214,11,14,13,4,4,5
DIATSA_LOCUS11215,0,3,3,0,0,0
DIATSA_LOCUS11216,222,408,421,139,234,245
DIATSA_LOCUS11217,0,0,0,0,0,0
DIATSA_LOCUS11218,6924,13162,13603,6803,12937,13358
DIATSA_LOCUS11219,0,0,0,0,0,0
DIATSA_LOCUS1122,86,179,186,72,141,145
DIATSA_LOCUS11220,26,48,49,24,44,47
DIATSA_LOCUS11221,0,0,0,0,0,0
DIATSA_LOCUS11222,1,3,3,0,2,2
DIATSA_LOCUS11223,81,149,148,79,124,131
DIATSA_LOCUS11224,23,41,42,23,49,51
DIATSA_LOCUS11225,46,70,73,19,37,38
DIATSA_LOCUS11226,4216,8597,8916,4351,9493,9853
DIATSA_LOCUS11227,410,785,803,397,815,841
DIATSA_LOCUS11228,93,185,190,111,256,264
DIATSA_LOCUS11229,0,0,0,0,0,0
DIATSA_LOCUS1123,1548,2781,2870,801,1499,1559
DIATSA_LOCUS11230,65,127,133,21,38,41
DIATSA_LOCUS11231,36,64,69,72,146,148
DIATSA_LOCUS11232,544,766,786,535,772,819
DIATSA_LOCUS11233,2464,3555,3723,2904,4212,4379
DIATSA_LOCUS11234,12,23,22,19,32,38
DIATSA_LOCUS11235,0,1,1,0,2,1
DIATSA_LOCUS11236,18,26,28,42,58,59
DIATSA_LOCUS11237,5,8,8,36,60,61
DIATSA_LOCUS11238,12,13,13,38,49,50
DIATSA_LOCUS11239,4,5,5,10,22,22
DIATSA_LOCUS1124,23,41,43,12,50,53
DIATSA_LOCUS11240,0,2,2,2,3,3
DIATSA_LOCUS11241,3,5,5,1,4,6
DIATSA_LOCUS11242,109,162,173,513,749,769
DIATSA_LOCUS11243,23,34,33,44,71,75
DIATSA_LOCUS11244,2,2,2,0,0,0
DIATSA_LOCUS11245,0,0,0,0,0,0
DIATSA_LOCUS11246,3,9,10,0,0,0
DIATSA_LOCUS11247,7,12,14,1,0,1
DIATSA_LOCUS11248,6,8,8,2,7,8
DIATSA_LOCUS11249,0,0,0,0,0,0
DIATSA_LOCUS1125,337,687,699,349,650,676
DIATSA_LOCUS11250,12,14,14,7,14,16
DIATSA_LOCUS11251,107,221,224,172,357,375
DIATSA_LOCUS11252,444,944,985,390,766,799
DIATSA_LOCUS11253,26,57,57,33,78,80
DIATSA_LOCUS11254,106,262,267,124,243,251
DIATSA_LOCUS11255,1356,2206,2282,1432,2305,2388
DIATSA_LOCUS11256,10,26,26,7,13,13
DIATSA_LOCUS11257,1,1,1,4,8,8
DIATSA_LOCUS11258,1,1,1,0,0,0
DIATSA_LOCUS11259,1,1,1,0,0,1
DIATSA_LOCUS1126,1183,2383,2452,621,1289,1334
DIATSA_LOCUS11260,548,1110,1152,435,888,913
DIATSA_LOCUS11261,61,113,120,83,136,140
DIATSA_LOCUS11262,18,51,53,20,54,56
DIATSA_LOCUS11263,175,328,340,202,369,382
DIATSA_LOCUS11264,910,1726,1807,1127,2360,2479
DIATSA_LOCUS11265,8,17,17,10,15,15
DIATSA_LOCUS11266,8,10,11,6,8,9
DIATSA_LOCUS11267,0,1,1,0,1,1
DIATSA_LOCUS11268,7,16,19,19,37,40
DIATSA_LOCUS11269,2017,3753,3934,1997,3486,3673
DIATSA_LOCUS1127,103,230,243,112,202,210
DIATSA_LOCUS11270,10,26,28,63,100,103
DIATSA_LOCUS11271,0,0,0,0,0,0
DIATSA_LOCUS11272,158,256,263,173,301,309
DIATSA_LOCUS11273,46,100,110,20,38,39
DIATSA_LOCUS11274,95,172,178,64,147,147
DIATSA_LOCUS11275,4,0,0,0,0,0
DIATSA_LOCUS11276,6,12,15,9,18,19
DIATSA_LOCUS11277,340,663,682,354,661,679
DIATSA_LOCUS11278,38,79,79,34,71,75
DIATSA_LOCUS11279,1,2,2,1,1,1
DIATSA_LOCUS1128,96,227,236,56,110,113
DIATSA_LOCUS11280,378,719,735,468,825,852
DIATSA_LOCUS11281,51,130,139,61,151,159
DIATSA_LOCUS11282,77,124,128,73,133,137
DIATSA_LOCUS11283,732,1474,1517,1000,2037,2105
DIATSA_LOCUS11284,2016,3888,4037,2222,4230,4371
DIATSA_LOCUS11285,452,986,1018,201,429,443
DIATSA_LOCUS11286,100,201,208,134,284,293
DIATSA_LOCUS11287,331,630,665,354,733,750
DIATSA_LOCUS11288,74,150,153,48,96,97
DIATSA_LOCUS11289,36,72,73,35,69,71
DIATSA_LOCUS1129,72,162,168,44,102,108
DIATSA_LOCUS11290,4,6,6,2,5,5
DIATSA_LOCUS11291,16,32,32,14,23,24
DIATSA_LOCUS11292,118,287,291,110,271,285
DIATSA_LOCUS11293,15,29,27,8,10,15
DIATSA_LOCUS11294,14,27,28,9,13,15
DIATSA_LOCUS11295,0,0,0,0,0,0
DIATSA_LOCUS11296,114,219,223,96,199,206
DIATSA_LOCUS11297,170,323,341,133,272,278
DIATSA_LOCUS11298,60,146,149,57,141,142
DIATSA_LOCUS11299,95,218,224,65,116,115
DIATSA_LOCUS113,19,35,36,9,24,23
DIATSA_LOCUS1130,164,399,419,160,333,350
DIATSA_LOCUS11300,58,103,108,27,59,62
DIATSA_LOCUS11301,56,123,130,64,124,129
DIATSA_LOCUS11302,770,1581,1635,552,1152,1197
DIATSA_LOCUS11303,22,53,52,13,38,38
DIATSA_LOCUS11304,0,1,1,0,0,0
DIATSA_LOCUS11305,23,36,37,16,23,21
DIATSA_LOCUS11306,0,3,3,2,5,7
DIATSA_LOCUS11307,0,0,0,0,0,0
DIATSA_LOCUS11308,0,0,0,0,0,0
DIATSA_LOCUS11309,5,12,12,15,19,20
DIATSA_LOCUS1131,1,1,1,3,5,5
DIATSA_LOCUS11310,95,185,195,90,185,193
DIATSA_LOCUS11311,183,314,317,100,203,208
DIATSA_LOCUS11312,59,113,114,12,38,37
DIATSA_LOCUS11313,89,170,177,80,149,156
DIATSA_LOCUS11314,0,0,0,0,1,1
DIATSA_LOCUS11315,0,0,0,0,0,0
DIATSA_LOCUS11316,8,12,13,0,2,2
DIATSA_LOCUS11317,293,646,678,205,431,446
DIATSA_LOCUS11318,167,361,367,176,371,386
DIATSA_LOCUS11319,0,0,0,0,0,0
DIATSA_LOCUS1132,0,2,2,4,4,5
DIATSA_LOCUS11320,29,56,60,15,27,27
DIATSA_LOCUS11321,18,35,39,14,36,36
DIATSA_LOCUS11322,98,212,218,60,130,133
DIATSA_LOCUS11323,12,26,27,2,8,8
DIATSA_LOCUS11324,90,172,178,107,175,182
DIATSA_LOCUS11325,12,23,23,2,5,5
DIATSA_LOCUS11326,438,824,858,296,543,564
DIATSA_LOCUS11327,92,182,185,68,143,151
DIATSA_LOCUS11328,44,82,85,27,57,58
DIATSA_LOCUS11329,48,85,89,21,46,50
DIATSA_LOCUS1133,1,1,1,0,0,0
DIATSA_LOCUS11330,600,1097,1122,528,1006,1051
DIATSA_LOCUS11331,61,114,119,13,29,28
DIATSA_LOCUS11332,39,70,74,14,33,33
DIATSA_LOCUS11333,163,356,365,199,425,451
DIATSA_LOCUS11334,39,83,85,33,45,46
DIATSA_LOCUS11335,7,12,12,4,4,5
DIATSA_LOCUS11336,42,92,93,43,72,75
DIATSA_LOCUS11337,2,3,3,0,0,0
DIATSA_LOCUS11338,87,174,177,33,74,77
DIATSA_LOCUS11339,0,0,0,0,0,0
DIATSA_LOCUS1134,14,28,28,17,31,32
DIATSA_LOCUS11340,0,0,0,1,3,3
DIATSA_LOCUS11341,42,92,98,36,74,79
DIATSA_LOCUS11342,110,195,201,52,100,108
DIATSA_LOCUS11343,9,23,25,13,30,29
DIATSA_LOCUS11344,86,178,182,49,92,97
DIATSA_LOCUS11345,259,457,475,116,211,222
DIATSA_LOCUS11346,151,328,335,98,229,236
DIATSA_LOCUS11347,1,1,1,1,1,1
DIATSA_LOCUS11348,936,1834,1895,824,1721,1765
DIATSA_LOCUS11349,396,770,802,342,742,773
DIATSA_LOCUS1135,396,801,824,179,350,364
DIATSA_LOCUS11350,21,41,42,16,38,38
DIATSA_LOCUS11351,53,98,101,68,143,143
DIATSA_LOCUS11352,298,704,726,408,997,1039
DIATSA_LOCUS11353,357,667,683,358,726,756
DIATSA_LOCUS11354,35,64,66,24,40,41
DIATSA_LOCUS11355,55,104,104,20,62,63
DIATSA_LOCUS11356,11,23,24,23,40,40
DIATSA_LOCUS11357,66,120,123,77,162,162
DIATSA_LOCUS11358,99,186,192,104,197,207
DIATSA_LOCUS11359,183,338,347,131,259,263
DIATSA_LOCUS1136,162,278,289,116,194,201
DIATSA_LOCUS11360,278,571,585,307,715,753
DIATSA_LOCUS11361,7,15,17,15,26,28
DIATSA_LOCUS11362,81,152,157,94,174,182
DIATSA_LOCUS11363,0,0,0,0,0,0
DIATSA_LOCUS11364,0,0,0,0,0,0
DIATSA_LOCUS11365,105,223,235,57,103,107
DIATSA_LOCUS11366,106,170,178,103,219,228
DIATSA_LOCUS11367,13,21,24,8,15,17
DIATSA_LOCUS11368,0,0,0,0,0,0
DIATSA_LOCUS11369,275,427,442,111,201,207
DIATSA_LOCUS1137,0,3,3,2,2,2
DIATSA_LOCUS11370,196,385,399,137,276,283
DIATSA_LOCUS11371,36,53,61,21,32,34
DIATSA_LOCUS11372,18,29,30,24,42,44
DIATSA_LOCUS11373,0,0,0,2,2,2
DIATSA_LOCUS11374,7,15,15,2,5,5
DIATSA_LOCUS11375,17,52,56,20,45,47
DIATSA_LOCUS11376,1,2,2,1,1,1
DIATSA_LOCUS11377,52,108,107,12,25,25
DIATSA_LOCUS11378,63,130,129,44,80,84
DIATSA_LOCUS11379,113,261,273,156,336,340
DIATSA_LOCUS1138,226,453,463,95,184,188
DIATSA_LOCUS11380,7,6,6,1,2,2
DIATSA_LOCUS11381,8,12,12,0,5,5
DIATSA_LOCUS11382,1,1,1,0,0,0
DIATSA_LOCUS11383,1,1,1,0,0,0
DIATSA_LOCUS11384,68,117,120,76,131,134
DIATSA_LOCUS11385,53,107,108,18,35,36
DIATSA_LOCUS11386,7,11,11,5,8,8
DIATSA_LOCUS11387,251,454,467,221,431,442
DIATSA_LOCUS11388,0,1,1,1,3,3
DIATSA_LOCUS11389,469,836,870,523,912,944
DIATSA_LOCUS1139,251,495,509,228,449,455
DIATSA_LOCUS11390,24,48,49,24,44,46
DIATSA_LOCUS11391,0,0,0,0,0,0
DIATSA_LOCUS11392,61,93,94,20,31,31
DIATSA_LOCUS11393,16,37,43,26,46,49
DIATSA_LOCUS11394,15,32,32,23,41,42
DIATSA_LOCUS11395,6718,11309,11696,6499,11007,11389
DIATSA_LOCUS11396,144,280,289,62,118,123
DIATSA_LOCUS11397,2,1,2,6,6,6
DIATSA_LOCUS11398,108,253,261,102,205,214
DIATSA_LOCUS11399,57,128,133,82,185,194
DIATSA_LOCUS114,51,99,100,85,186,189
DIATSA_LOCUS1140,143,343,348,147,354,369
DIATSA_LOCUS11400,65,122,130,24,49,55
DIATSA_LOCUS11401,24,51,52,19,32,35
DIATSA_LOCUS11402,0,0,0,0,0,0
DIATSA_LOCUS11403,146,312,321,39,78,81
DIATSA_LOCUS11404,45,133,150,15,32,33
DIATSA_LOCUS11405,2,3,3,3,3,3
DIATSA_LOCUS11406,14,62,65,27,53,58
DIATSA_LOCUS11407,0,0,0,0,0,0
DIATSA_LOCUS11408,4,6,7,5,7,8
DIATSA_LOCUS11409,0,0,0,0,0,0
DIATSA_LOCUS1141,252,525,549,176,324,336
DIATSA_LOCUS11410,0,0,0,0,0,0
DIATSA_LOCUS11411,0,0,0,0,0,0
DIATSA_LOCUS11412,0,0,0,0,0,0
DIATSA_LOCUS11413,0,0,0,0,0,0
DIATSA_LOCUS11414,0,0,0,0,0,0
DIATSA_LOCUS11415,57,121,126,46,89,94
DIATSA_LOCUS11416,1,1,1,0,1,2
DIATSA_LOCUS11417,282,420,443,246,390,408
DIATSA_LOCUS11418,633,1160,1200,481,869,900
DIATSA_LOCUS11419,189,403,418,65,145,151
DIATSA_LOCUS1142,0,0,0,0,0,0
DIATSA_LOCUS11420,327,707,740,136,314,332
DIATSA_LOCUS11421,2,16,16,1,3,3
DIATSA_LOCUS11422,0,0,0,0,0,0
DIATSA_LOCUS11423,222,455,473,105,200,205
DIATSA_LOCUS11424,42,86,87,25,41,43
DIATSA_LOCUS11425,17,41,42,18,32,32
DIATSA_LOCUS11426,67,123,125,17,40,42
DIATSA_LOCUS11427,49,83,88,29,40,42
DIATSA_LOCUS11428,52,87,87,33,54,58
DIATSA_LOCUS11429,117,222,228,75,147,152
DIATSA_LOCUS1143,170,292,297,90,156,159
DIATSA_LOCUS11430,14,18,18,15,29,29
DIATSA_LOCUS11431,55,114,116,42,81,84
DIATSA_LOCUS11432,145,308,328,64,120,126
DIATSA_LOCUS11433,4,12,12,9,18,20
DIATSA_LOCUS11434,7,14,14,8,16,17
DIATSA_LOCUS11435,553,987,1019,435,844,877
DIATSA_LOCUS11436,10,24,24,7,10,10
DIATSA_LOCUS11437,6,8,9,2,6,6
DIATSA_LOCUS11438,7328,17958,18583,11668,25212,26063
DIATSA_LOCUS11439,24,42,44,34,60,63
DIATSA_LOCUS1144,75,148,157,49,100,99
DIATSA_LOCUS11440,2320,5056,5209,2792,6408,6573
DIATSA_LOCUS11441,84,129,135,51,120,127
DIATSA_LOCUS11442,0,0,0,0,0,0
DIATSA_LOCUS11443,28,50,53,26,56,62
DIATSA_LOCUS11444,0,0,0,0,0,0
DIATSA_LOCUS11445,0,0,0,0,0,0
DIATSA_LOCUS11446,310,570,591,271,473,489
DIATSA_LOCUS11447,197,373,391,322,644,661
DIATSA_LOCUS11448,0,0,0,0,0,0
DIATSA_LOCUS11449,420,832,853,357,629,649
DIATSA_LOCUS1145,155,320,329,195,427,449
DIATSA_LOCUS11450,6,13,15,8,20,21
DIATSA_LOCUS11451,42,72,73,22,52,52
DIATSA_LOCUS11452,50,87,89,35,65,67
DIATSA_LOCUS11453,5,7,7,1,2,2
DIATSA_LOCUS11454,14,40,40,6,8,10
DIATSA_LOCUS11455,56,145,156,52,110,115
DIATSA_LOCUS11456,31,55,55,32,64,67
DIATSA_LOCUS11457,48,88,89,43,84,89
DIATSA_LOCUS11458,702,1290,1334,644,1349,1391
DIATSA_LOCUS11459,8882,14980,15452,10843,18230,18814
DIATSA_LOCUS1146,0,0,0,0,1,1
DIATSA_LOCUS11460,1,1,1,0,0,0
DIATSA_LOCUS11461,1,1,1,0,0,0
DIATSA_LOCUS11462,48,84,89,37,72,76
DIATSA_LOCUS11463,21,48,50,13,42,42
DIATSA_LOCUS11464,8,13,13,0,5,5
DIATSA_LOCUS11465,7,14,15,1,5,6
DIATSA_LOCUS11466,0,0,0,0,0,0
DIATSA_LOCUS11467,0,0,0,0,0,0
DIATSA_LOCUS11468,0,0,0,0,0,0
DIATSA_LOCUS11469,0,0,0,0,0,0
DIATSA_LOCUS1147,237,378,393,530,883,918
DIATSA_LOCUS11470,3,10,9,5,10,11
DIATSA_LOCUS11471,4,6,6,2,6,6
DIATSA_LOCUS11472,0,0,0,0,0,0
DIATSA_LOCUS11473,0,0,0,0,0,0
DIATSA_LOCUS11474,0,0,0,0,0,0
DIATSA_LOCUS11475,1,1,1,0,0,0
DIATSA_LOCUS11476,1,1,1,0,0,0
DIATSA_LOCUS11477,1,2,2,0,0,0
DIATSA_LOCUS11478,7,17,15,7,14,16
DIATSA_LOCUS11479,80,145,152,41,86,92
DIATSA_LOCUS1148,54,97,102,53,115,118
DIATSA_LOCUS11480,39,63,67,27,48,51
DIATSA_LOCUS11481,24,39,39,7,12,13
DIATSA_LOCUS11482,3,5,5,0,0,0
DIATSA_LOCUS11483,218,368,384,114,237,253
DIATSA_LOCUS11484,112,157,158,136,200,211
DIATSA_LOCUS11485,21,35,35,22,32,32
DIATSA_LOCUS11486,44,86,88,52,97,100
DIATSA_LOCUS11487,9,13,13,3,4,4
DIATSA_LOCUS11488,0,0,0,0,0,0
DIATSA_LOCUS11489,30,51,53,19,36,38
DIATSA_LOCUS1149,124,211,221,51,89,90
DIATSA_LOCUS11490,0,0,0,0,1,1
DIATSA_LOCUS11491,0,0,0,1,2,2
DIATSA_LOCUS11492,12,21,22,8,19,19
DIATSA_LOCUS11493,0,0,0,1,1,1
DIATSA_LOCUS11494,7,11,11,2,4,4
DIATSA_LOCUS11495,560,1389,1438,503,1287,1349
DIATSA_LOCUS11496,5,10,10,8,15,14
DIATSA_LOCUS11497,57,102,105,34,64,67
DIATSA_LOCUS11498,834,1664,1721,968,1962,2022
DIATSA_LOCUS11499,71,124,126,74,145,145
DIATSA_LOCUS115,199,417,433,94,208,213
DIATSA_LOCUS1150,41,85,88,44,95,97
DIATSA_LOCUS11500,34,53,54,34,68,70
DIATSA_LOCUS11501,45,89,92,58,123,124
DIATSA_LOCUS11502,63,105,108,58,108,117
DIATSA_LOCUS11503,130,260,268,164,323,331
DIATSA_LOCUS11504,26,46,49,26,45,46
DIATSA_LOCUS11505,21,35,35,28,74,73
DIATSA_LOCUS11506,23,41,44,26,41,42
DIATSA_LOCUS11507,0,0,0,0,0,0
DIATSA_LOCUS11508,64,147,150,27,47,49
DIATSA_LOCUS11509,0,0,1,0,0,0
DIATSA_LOCUS1151,191,476,494,154,357,371
DIATSA_LOCUS11510,73,142,149,19,41,43
DIATSA_LOCUS11511,10,28,28,7,14,15
DIATSA_LOCUS11512,0,0,0,0,0,0
DIATSA_LOCUS11513,285,524,546,295,568,593
DIATSA_LOCUS11514,0,0,0,0,0,0
DIATSA_LOCUS11515,0,0,0,0,0,0
DIATSA_LOCUS11516,2,5,6,1,11,11
DIATSA_LOCUS11517,45,103,106,27,64,70
DIATSA_LOCUS11518,7,8,8,48,71,74
DIATSA_LOCUS11519,0,0,0,0,0,0
DIATSA_LOCUS1152,161,311,321,155,257,268
DIATSA_LOCUS11520,0,0,0,0,0,0
DIATSA_LOCUS11521,8,19,19,15,33,33
DIATSA_LOCUS11522,25,83,90,56,206,232
DIATSA_LOCUS11523,0,0,0,0,0,0
DIATSA_LOCUS11524,0,0,0,0,0,0
DIATSA_LOCUS11525,0,0,0,0,0,0
DIATSA_LOCUS11526,2,3,3,0,0,1
DIATSA_LOCUS11527,1,1,1,0,0,0
DIATSA_LOCUS11528,23,35,34,6,11,10
DIATSA_LOCUS11529,30,51,54,24,49,49
DIATSA_LOCUS1153,0,3,3,1,4,5
DIATSA_LOCUS11530,35,76,80,13,23,24
DIATSA_LOCUS11531,6,11,11,11,13,13
DIATSA_LOCUS11532,182,418,428,152,347,365
DIATSA_LOCUS11533,2574,4710,4870,2845,4906,5053
DIATSA_LOCUS11534,49,86,89,27,42,43
DIATSA_LOCUS11535,298,630,657,247,492,515
DIATSA_LOCUS11536,29,64,65,33,71,73
DIATSA_LOCUS11537,100,166,174,26,60,60
DIATSA_LOCUS11538,317,664,687,263,554,584
DIATSA_LOCUS11539,1,1,1,0,1,1
DIATSA_LOCUS1154,53,89,90,44,91,94
DIATSA_LOCUS11540,55,80,84,44,64,64
DIATSA_LOCUS11541,399,869,896,180,396,401
DIATSA_LOCUS11542,0,0,0,0,0,0
DIATSA_LOCUS11543,203,354,364,235,435,451
DIATSA_LOCUS11544,22,38,37,13,28,27
DIATSA_LOCUS11545,17,34,34,21,45,48
DIATSA_LOCUS11546,0,1,1,1,1,3
DIATSA_LOCUS11547,50,70,71,18,27,29
DIATSA_LOCUS11548,50,93,96,21,33,34
DIATSA_LOCUS11549,234,459,474,142,307,311
DIATSA_LOCUS1155,147,321,330,159,362,378
DIATSA_LOCUS11550,98,150,154,61,89,94
DIATSA_LOCUS11551,78,113,116,69,104,109
DIATSA_LOCUS11552,0,0,0,1,2,2
DIATSA_LOCUS11553,7,21,21,0,7,8
DIATSA_LOCUS11554,72,124,126,25,48,51
DIATSA_LOCUS11555,0,0,0,0,0,0
DIATSA_LOCUS11556,2,3,3,0,0,0
DIATSA_LOCUS11557,82,166,169,98,187,190
DIATSA_LOCUS11558,0,1,1,1,2,2
DIATSA_LOCUS11559,97,253,268,68,202,217
DIATSA_LOCUS1156,495,1091,1135,427,915,939
DIATSA_LOCUS11560,0,0,0,0,0,0
DIATSA_LOCUS11561,58,116,122,48,94,96
DIATSA_LOCUS11562,164,331,347,126,241,244
DIATSA_LOCUS11563,28,52,54,42,78,83
DIATSA_LOCUS11564,8,22,23,7,21,22
DIATSA_LOCUS11565,260,438,454,384,617,644
DIATSA_LOCUS11566,0,0,0,0,0,0
DIATSA_LOCUS11567,0,0,0,0,0,0
DIATSA_LOCUS11568,2,6,6,5,5,5
DIATSA_LOCUS11569,6,12,14,3,9,9
DIATSA_LOCUS1157,998,1723,1766,601,1057,1091
DIATSA_LOCUS11570,20,38,42,9,29,33
DIATSA_LOCUS11571,43,66,67,24,39,41
DIATSA_LOCUS11572,3,5,5,3,6,6
DIATSA_LOCUS11573,0,0,0,2,2,2
DIATSA_LOCUS11574,0,0,0,0,0,0
DIATSA_LOCUS11575,0,1,1,0,0,0
DIATSA_LOCUS11576,0,0,0,0,0,0
DIATSA_LOCUS11577,0,0,0,0,0,0
DIATSA_LOCUS11578,0,0,0,0,0,0
DIATSA_LOCUS11579,1,1,2,4,11,11
DIATSA_LOCUS1158,459,989,1022,444,902,932
DIATSA_LOCUS11580,0,0,0,0,0,0
DIATSA_LOCUS11581,0,0,0,0,0,0
DIATSA_LOCUS11582,0,0,0,0,0,0
DIATSA_LOCUS11583,59,105,111,58,98,102
DIATSA_LOCUS11584,0,0,0,0,0,0
DIATSA_LOCUS11585,0,0,0,0,0,0
DIATSA_LOCUS11586,0,0,0,0,0,0
DIATSA_LOCUS11587,0,0,0,0,0,0
DIATSA_LOCUS11588,0,0,0,0,0,0
DIATSA_LOCUS11589,0,0,0,0,0,0
DIATSA_LOCUS1159,38,67,69,45,80,82
DIATSA_LOCUS11590,0,0,0,0,0,0
DIATSA_LOCUS11591,0,0,0,0,0,0
DIATSA_LOCUS11592,0,0,0,0,0,0
DIATSA_LOCUS11593,0,0,0,0,0,0
DIATSA_LOCUS11594,0,0,0,0,0,0
DIATSA_LOCUS11595,0,0,0,1,1,1
DIATSA_LOCUS11596,0,0,0,0,0,0
DIATSA_LOCUS11597,0,0,0,0,0,0
DIATSA_LOCUS11598,0,0,0,0,0,0
DIATSA_LOCUS11599,0,0,0,0,0,0
DIATSA_LOCUS116,19,47,46,25,50,52
DIATSA_LOCUS1160,520,925,960,532,927,964
DIATSA_LOCUS11600,0,0,0,0,0,0
DIATSA_LOCUS11601,0,0,0,0,0,0
DIATSA_LOCUS11602,0,0,0,0,0,0
DIATSA_LOCUS11603,0,0,0,0,0,0
DIATSA_LOCUS11604,48,83,85,28,48,50
DIATSA_LOCUS11605,11,14,14,15,33,35
DIATSA_LOCUS11606,0,0,0,0,0,1
DIATSA_LOCUS11607,0,0,0,0,0,0
DIATSA_LOCUS11608,0,0,0,0,0,0
DIATSA_LOCUS11609,0,0,0,0,0,0
DIATSA_LOCUS1161,3,5,5,3,3,3
DIATSA_LOCUS11610,3,4,4,0,1,1
DIATSA_LOCUS11611,45,61,63,40,64,65
DIATSA_LOCUS11612,0,0,0,0,0,0
DIATSA_LOCUS11613,19,28,28,12,18,19
DIATSA_LOCUS11614,0,2,2,1,1,1
DIATSA_LOCUS11615,1,2,2,0,1,1
DIATSA_LOCUS11616,3,4,4,4,7,8
DIATSA_LOCUS11617,19,48,49,23,53,55
DIATSA_LOCUS11618,23,39,42,7,12,12
DIATSA_LOCUS11619,3,3,3,0,0,0
DIATSA_LOCUS1162,3,7,7,1,1,1
DIATSA_LOCUS11620,251,568,576,310,638,656
DIATSA_LOCUS11621,9,27,27,9,23,23
DIATSA_LOCUS11622,0,0,0,0,0,0
DIATSA_LOCUS11623,2,3,3,1,3,3
DIATSA_LOCUS11624,347,607,632,396,696,730
DIATSA_LOCUS11625,41,59,61,33,56,56
DIATSA_LOCUS11626,14,40,41,5,12,12
DIATSA_LOCUS11627,1817,3222,3337,1899,3498,3607
DIATSA_LOCUS11628,11,24,25,9,21,20
DIATSA_LOCUS11629,4,8,9,0,0,0
DIATSA_LOCUS1163,11,17,17,2,6,6
DIATSA_LOCUS11630,0,0,0,1,1,1
DIATSA_LOCUS11631,1,5,4,2,2,3
DIATSA_LOCUS11632,0,0,0,0,1,1
DIATSA_LOCUS11633,60,102,108,39,74,76
DIATSA_LOCUS11634,0,0,0,1,4,4
DIATSA_LOCUS11635,0,0,0,0,0,0
DIATSA_LOCUS11636,105,248,249,93,209,217
DIATSA_LOCUS11637,0,0,0,0,0,0
DIATSA_LOCUS11638,0,0,0,0,0,0
DIATSA_LOCUS11639,31,55,56,16,46,44
DIATSA_LOCUS1164,48,89,91,28,56,56
DIATSA_LOCUS11640,1,1,1,0,0,0
DIATSA_LOCUS11641,10,16,16,3,4,4
DIATSA_LOCUS11642,26,44,48,11,25,26
DIATSA_LOCUS11643,0,0,0,0,0,0
DIATSA_LOCUS11644,19,46,45,32,54,54
DIATSA_LOCUS11645,129,255,264,190,340,353
DIATSA_LOCUS11646,677,1211,1239,988,1903,1979
DIATSA_LOCUS11647,0,0,0,0,0,0
DIATSA_LOCUS11648,3,3,3,0,0,0
DIATSA_LOCUS11649,33,61,65,45,81,82
DIATSA_LOCUS1165,11,23,22,6,13,13
DIATSA_LOCUS11650,0,1,1,1,1,1
DIATSA_LOCUS11651,16,37,36,4,6,7
DIATSA_LOCUS11652,21,32,34,4,17,17
DIATSA_LOCUS11653,97,214,220,121,253,255
DIATSA_LOCUS11654,1,1,1,0,0,0
DIATSA_LOCUS11655,5,16,17,3,9,9
DIATSA_LOCUS11656,12,37,38,12,32,33
DIATSA_LOCUS11657,2,7,8,4,5,5
DIATSA_LOCUS11658,2,8,8,3,9,10
DIATSA_LOCUS11659,122,209,216,40,82,82
DIATSA_LOCUS1166,0,0,0,0,0,0
DIATSA_LOCUS11660,1971,3876,3984,2050,3839,3960
DIATSA_LOCUS11661,36,62,65,7,13,13
DIATSA_LOCUS11662,0,1,1,3,4,4
DIATSA_LOCUS11663,2,3,4,0,3,3
DIATSA_LOCUS11664,109,177,185,58,137,139
DIATSA_LOCUS11665,56,117,121,39,86,87
DIATSA_LOCUS11666,13,31,30,1,5,6
DIATSA_LOCUS11667,1,5,5,0,6,6
DIATSA_LOCUS11668,11,19,19,1,2,2
DIATSA_LOCUS11669,14,25,26,6,9,9
DIATSA_LOCUS1167,0,0,0,0,0,0
DIATSA_LOCUS11670,0,1,1,1,4,4
DIATSA_LOCUS11671,0,1,1,0,0,0
DIATSA_LOCUS11672,1,4,6,2,3,3
DIATSA_LOCUS11673,1384,2519,2598,507,942,976
DIATSA_LOCUS11674,4,11,10,4,6,6
DIATSA_LOCUS11675,0,0,0,0,0,0
DIATSA_LOCUS11676,0,0,0,0,1,1
DIATSA_LOCUS11677,63,113,114,53,91,95
DIATSA_LOCUS11678,4,5,5,8,10,11
DIATSA_LOCUS11679,0,0,0,4,6,6
DIATSA_LOCUS1168,4,4,4,2,2,2
DIATSA_LOCUS11680,275,503,524,365,725,750
DIATSA_LOCUS11681,6,7,7,4,11,11
DIATSA_LOCUS11682,391,812,845,277,582,598
DIATSA_LOCUS11683,1,1,1,0,0,0
DIATSA_LOCUS11684,0,0,0,0,0,0
DIATSA_LOCUS11685,0,0,0,0,0,0
DIATSA_LOCUS11686,79,147,154,59,114,117
DIATSA_LOCUS11687,42,73,77,29,53,54
DIATSA_LOCUS11688,3334,6297,6527,5043,9882,10241
DIATSA_LOCUS11689,2507,4331,4599,4908,8658,9042
DIATSA_LOCUS1169,182,353,362,44,96,104
DIATSA_LOCUS11690,110,180,184,184,329,336
DIATSA_LOCUS11691,5,6,6,1,5,5
DIATSA_LOCUS11692,5,7,7,2,4,4
DIATSA_LOCUS11693,0,0,0,0,0,0
DIATSA_LOCUS11694,882,1623,1685,905,1651,1722
DIATSA_LOCUS11695,9,25,25,13,29,30
DIATSA_LOCUS11696,1,3,3,1,3,3
DIATSA_LOCUS11697,2,4,4,0,0,0
DIATSA_LOCUS11698,423,773,805,392,693,709
DIATSA_LOCUS11699,55,122,130,39,74,74
DIATSA_LOCUS117,3,3,4,1,3,3
DIATSA_LOCUS1170,1,5,5,2,4,5
DIATSA_LOCUS11700,26,51,54,15,31,32
DIATSA_LOCUS11701,76,138,142,69,138,140
DIATSA_LOCUS11702,26,69,76,29,47,50
DIATSA_LOCUS11703,4,9,9,5,12,12
DIATSA_LOCUS11704,69,153,162,66,131,132
DIATSA_LOCUS11705,9403,21567,22353,13917,30873,32359
DIATSA_LOCUS11706,799,1299,1344,1189,2017,2071
DIATSA_LOCUS11707,19,36,38,16,32,33
DIATSA_LOCUS11708,35,90,89,59,142,152
DIATSA_LOCUS11709,0,0,0,0,0,0
DIATSA_LOCUS1171,326,580,612,191,332,353
DIATSA_LOCUS11710,147,261,266,117,241,242
DIATSA_LOCUS11711,0,0,0,2,3,3
DIATSA_LOCUS11712,26,67,68,14,27,27
DIATSA_LOCUS11713,0,0,0,0,0,0
DIATSA_LOCUS11714,6,3,3,3,3,3
DIATSA_LOCUS11715,2,7,7,4,6,8
DIATSA_LOCUS11716,13,20,22,7,12,12
DIATSA_LOCUS11717,6,19,19,4,6,7
DIATSA_LOCUS11718,1,1,1,2,2,2
DIATSA_LOCUS11719,45,100,108,57,98,99
DIATSA_LOCUS1172,2,3,3,2,5,5
DIATSA_LOCUS11720,0,0,0,0,0,0
DIATSA_LOCUS11721,0,0,0,0,0,0
DIATSA_LOCUS11722,0,0,0,0,0,0
DIATSA_LOCUS11723,7,22,22,11,22,24
DIATSA_LOCUS11724,89,226,229,98,271,279
DIATSA_LOCUS11725,0,1,4,0,2,2
DIATSA_LOCUS11726,42,105,111,45,96,98
DIATSA_LOCUS11727,34,58,62,22,45,45
DIATSA_LOCUS11728,0,0,0,0,0,0
DIATSA_LOCUS11729,19,35,35,8,22,22
DIATSA_LOCUS1173,0,0,0,0,0,0
DIATSA_LOCUS11730,100,186,192,49,98,99
DIATSA_LOCUS11731,1065,1929,1991,1150,2125,2180
DIATSA_LOCUS11732,0,0,0,1,0,0
DIATSA_LOCUS11733,631,1008,1041,615,1011,1044
DIATSA_LOCUS11734,129,286,298,145,321,331
DIATSA_LOCUS11735,376,708,728,471,976,1006
DIATSA_LOCUS11736,537,1308,1358,545,1259,1296
DIATSA_LOCUS11737,0,0,0,0,0,0
DIATSA_LOCUS11738,2,2,2,1,3,3
DIATSA_LOCUS11739,53,110,116,28,66,66
DIATSA_LOCUS1174,598,1183,1227,693,1287,1324
DIATSA_LOCUS11740,0,0,0,0,0,0
DIATSA_LOCUS11741,33,68,70,15,43,46
DIATSA_LOCUS11742,12,15,15,8,15,15
DIATSA_LOCUS11743,129,257,260,31,59,62
DIATSA_LOCUS11744,53,86,88,28,52,53
DIATSA_LOCUS11745,57,96,99,8,18,19
DIATSA_LOCUS11746,28,54,56,12,33,34
DIATSA_LOCUS11747,16,32,33,8,16,17
DIATSA_LOCUS11748,0,0,0,0,0,0
DIATSA_LOCUS11749,4,6,7,3,6,6
DIATSA_LOCUS1175,366,649,671,150,270,280
DIATSA_LOCUS11750,89,154,163,43,65,66
DIATSA_LOCUS11751,0,0,0,0,0,0
DIATSA_LOCUS11752,13,21,21,5,12,12
DIATSA_LOCUS11753,3,3,3,2,3,3
DIATSA_LOCUS11754,0,0,0,0,0,0
DIATSA_LOCUS11755,0,2,2,1,4,4
DIATSA_LOCUS11756,813,1569,1620,474,1032,1068
DIATSA_LOCUS11757,4,10,10,9,23,24
DIATSA_LOCUS11758,5,14,14,1,4,4
DIATSA_LOCUS11759,35,74,74,13,31,33
DIATSA_LOCUS1176,20,29,30,10,18,18
DIATSA_LOCUS11760,27,61,61,23,53,54
DIATSA_LOCUS11761,10,15,15,0,1,2
DIATSA_LOCUS11762,113,253,259,58,130,135
DIATSA_LOCUS11763,212,599,618,176,506,523
DIATSA_LOCUS11764,0,0,0,3,3,3
DIATSA_LOCUS11765,89,178,185,35,68,70
DIATSA_LOCUS11766,3,12,12,6,8,8
DIATSA_LOCUS11767,0,0,0,0,0,0
DIATSA_LOCUS11768,14,18,17,6,8,8
DIATSA_LOCUS11769,21,42,41,15,27,30
DIATSA_LOCUS1177,35,74,74,48,74,74
DIATSA_LOCUS11770,0,0,0,0,0,0
DIATSA_LOCUS11771,10,23,23,7,20,21
DIATSA_LOCUS11772,1,1,1,1,1,1
DIATSA_LOCUS11773,1,1,1,0,0,0
DIATSA_LOCUS11774,43,91,93,22,47,49
DIATSA_LOCUS11775,174,337,345,115,222,226
DIATSA_LOCUS11776,204,407,420,300,624,643
DIATSA_LOCUS11777,27,40,42,20,36,36
DIATSA_LOCUS11778,13,32,32,6,12,13
DIATSA_LOCUS11779,162,270,287,31,71,70
DIATSA_LOCUS1178,59,141,144,65,126,131
DIATSA_LOCUS11780,0,0,0,0,0,0
DIATSA_LOCUS11781,79,155,162,90,161,167
DIATSA_LOCUS11782,631,1197,1243,713,1291,1324
DIATSA_LOCUS11783,95,183,195,90,179,184
DIATSA_LOCUS11784,44,76,81,56,107,112
DIATSA_LOCUS11785,4,8,9,1,0,0
DIATSA_LOCUS11786,4,6,6,1,6,6
DIATSA_LOCUS11787,1,1,1,1,1,1
DIATSA_LOCUS11788,7,16,16,3,4,4
DIATSA_LOCUS11789,24,43,43,5,11,11
DIATSA_LOCUS1179,130,238,252,104,248,262
DIATSA_LOCUS11790,0,0,0,0,0,0
DIATSA_LOCUS11791,940,1741,1789,835,1512,1570
DIATSA_LOCUS11792,5,10,11,1,3,3
DIATSA_LOCUS11793,11,20,21,7,14,15
DIATSA_LOCUS11794,83,167,167,74,150,156
DIATSA_LOCUS11795,143,291,307,56,105,118
DIATSA_LOCUS11796,218,423,437,271,576,597
DIATSA_LOCUS11797,35,61,63,51,105,108
DIATSA_LOCUS11798,22,46,47,36,71,73
DIATSA_LOCUS11799,58,93,96,18,42,40
DIATSA_LOCUS118,1,1,1,0,1,1
DIATSA_LOCUS1180,5,19,20,5,17,17
DIATSA_LOCUS11800,2,3,3,0,1,1
DIATSA_LOCUS11801,0,0,0,0,0,0
DIATSA_LOCUS11802,0,0,0,0,0,0
DIATSA_LOCUS11803,0,0,0,0,0,0
DIATSA_LOCUS11804,0,0,0,0,0,0
DIATSA_LOCUS11805,215,424,442,236,431,451
DIATSA_LOCUS11806,2,3,3,0,1,1
DIATSA_LOCUS11807,156,338,343,87,180,183
DIATSA_LOCUS11808,22,52,51,38,92,93
DIATSA_LOCUS11809,48,69,69,56,85,86
DIATSA_LOCUS1181,88,160,168,33,55,61
DIATSA_LOCUS11810,2,4,5,1,1,2
DIATSA_LOCUS11811,135,264,273,36,66,68
DIATSA_LOCUS11812,0,0,0,0,0,0
DIATSA_LOCUS11813,0,0,0,0,0,0
DIATSA_LOCUS11814,1,1,1,3,5,5
DIATSA_LOCUS11815,128,284,294,55,118,121
DIATSA_LOCUS11816,270,446,455,109,202,207
DIATSA_LOCUS11817,145,352,358,182,378,394
DIATSA_LOCUS11818,1,5,5,1,8,9
DIATSA_LOCUS11819,0,1,1,0,3,3
DIATSA_LOCUS1182,30,54,57,31,50,54
DIATSA_LOCUS11820,0,0,0,0,0,0
DIATSA_LOCUS11821,3,13,13,2,8,9
DIATSA_LOCUS11822,8,18,19,1,7,7
DIATSA_LOCUS11823,0,0,0,0,0,0
DIATSA_LOCUS11824,8,12,13,24,39,42
DIATSA_LOCUS11825,1165,1844,1928,1632,2709,2825
DIATSA_LOCUS11826,487,779,810,991,1653,1725
DIATSA_LOCUS11827,1,3,3,0,4,4
DIATSA_LOCUS11828,48,70,69,66,103,105
DIATSA_LOCUS11829,0,0,0,0,0,0
DIATSA_LOCUS1183,0,0,0,0,0,0
DIATSA_LOCUS11830,0,0,0,0,0,0
DIATSA_LOCUS11831,112,348,357,167,457,471
DIATSA_LOCUS11832,0,0,0,0,0,0
DIATSA_LOCUS11833,187,372,381,113,220,230
DIATSA_LOCUS11834,99,213,218,81,153,155
DIATSA_LOCUS11835,2,2,3,1,2,2
DIATSA_LOCUS11836,0,0,0,0,0,0
DIATSA_LOCUS11837,37,75,76,19,47,43
DIATSA_LOCUS11838,2,7,7,2,13,14
DIATSA_LOCUS11839,18,45,44,23,55,56
DIATSA_LOCUS1184,1,1,1,1,4,5
DIATSA_LOCUS11840,1399,2761,2876,1143,2292,2371
DIATSA_LOCUS11841,76,209,210,67,167,176
DIATSA_LOCUS11842,0,0,0,0,0,0
DIATSA_LOCUS11843,224,477,494,83,177,187
DIATSA_LOCUS11844,54,98,101,24,42,41
DIATSA_LOCUS11845,97,198,206,54,99,100
DIATSA_LOCUS11846,286,576,608,174,364,380
DIATSA_LOCUS11847,0,0,0,0,0,0
DIATSA_LOCUS11848,193,354,363,129,235,247
DIATSA_LOCUS11849,24,49,52,8,13,13
DIATSA_LOCUS1185,1,1,1,3,4,4
DIATSA_LOCUS11850,216,340,356,97,167,169
DIATSA_LOCUS11851,324,635,662,508,968,996
DIATSA_LOCUS11852,1007,1641,1696,1231,2073,2129
DIATSA_LOCUS11853,12,21,21,15,25,25
DIATSA_LOCUS11854,165,307,319,89,185,192
DIATSA_LOCUS11855,35,67,70,28,48,50
DIATSA_LOCUS11856,5,11,11,2,4,5
DIATSA_LOCUS11857,1,2,2,1,1,1
DIATSA_LOCUS11858,101,183,189,55,105,108
DIATSA_LOCUS11859,23502,43576,44932,36295,65296,67409
DIATSA_LOCUS1186,0,0,0,0,0,0
DIATSA_LOCUS11860,108,194,198,58,98,102
DIATSA_LOCUS11861,5,10,10,3,7,7
DIATSA_LOCUS11862,149,282,290,38,96,99
DIATSA_LOCUS11863,159,334,361,74,178,192
DIATSA_LOCUS11864,0,0,0,0,0,0
DIATSA_LOCUS11865,0,0,0,0,0,0
DIATSA_LOCUS11866,6,9,9,3,7,8
DIATSA_LOCUS11867,526,986,1024,460,878,902
DIATSA_LOCUS11868,24,51,54,21,46,47
DIATSA_LOCUS11869,36,75,79,22,40,42
DIATSA_LOCUS1187,279,485,503,275,499,516
DIATSA_LOCUS11870,520,931,951,380,684,701
DIATSA_LOCUS11871,38,52,54,20,40,40
DIATSA_LOCUS11872,236,463,475,182,382,401
DIATSA_LOCUS11873,28,60,63,28,59,60
DIATSA_LOCUS11874,126,212,215,69,118,121
DIATSA_LOCUS11875,8,15,15,3,6,6
DIATSA_LOCUS11876,1,1,1,1,6,6
DIATSA_LOCUS11877,16,39,39,3,6,7
DIATSA_LOCUS11878,67,141,146,24,52,56
DIATSA_LOCUS11879,1,1,1,0,2,2
DIATSA_LOCUS1188,25,68,75,20,51,53
DIATSA_LOCUS11880,55,127,134,32,86,92
DIATSA_LOCUS11881,54,103,104,64,133,138
DIATSA_LOCUS11882,2,4,6,1,1,1
DIATSA_LOCUS11883,9,12,15,1,8,8
DIATSA_LOCUS11884,638,1384,1441,658,1447,1506
DIATSA_LOCUS11885,0,0,0,1,1,1
DIATSA_LOCUS11886,169,318,330,106,193,204
DIATSA_LOCUS11887,127,209,216,77,160,160
DIATSA_LOCUS11888,227,420,436,53,113,114
DIATSA_LOCUS11889,1,2,2,1,2,2
DIATSA_LOCUS1189,4,11,11,3,7,7
DIATSA_LOCUS11890,242,402,406,55,101,105
DIATSA_LOCUS11891,43,87,91,45,103,105
DIATSA_LOCUS11892,0,0,0,0,0,0
DIATSA_LOCUS11893,15,30,33,22,42,42
DIATSA_LOCUS11894,0,1,2,1,2,2
DIATSA_LOCUS11895,11,18,19,3,10,10
DIATSA_LOCUS11896,0,0,0,0,0,0
DIATSA_LOCUS11897,0,1,1,1,2,2
DIATSA_LOCUS11898,0,0,0,0,0,0
DIATSA_LOCUS11899,2,2,2,3,3,3
DIATSA_LOCUS119,167,275,284,114,187,195
DIATSA_LOCUS1190,3,4,5,3,5,5
DIATSA_LOCUS11900,57,101,106,32,50,50
DIATSA_LOCUS11901,0,0,0,0,0,0
DIATSA_LOCUS11902,0,0,0,0,0,0
DIATSA_LOCUS11903,0,0,0,0,0,0
DIATSA_LOCUS11904,99,171,184,33,76,78
DIATSA_LOCUS11905,0,0,0,2,2,2
DIATSA_LOCUS11906,0,0,0,0,0,0
DIATSA_LOCUS11907,107,215,220,58,123,124
DIATSA_LOCUS11908,0,0,0,0,0,0
DIATSA_LOCUS11909,2,8,9,3,6,6
DIATSA_LOCUS1191,60,111,116,50,102,104
DIATSA_LOCUS11910,307,588,600,278,518,530
DIATSA_LOCUS11911,4,13,14,5,14,14
DIATSA_LOCUS11912,38,71,72,46,94,101
DIATSA_LOCUS11913,2,7,7,1,3,3
DIATSA_LOCUS11914,2,3,3,2,3,3
DIATSA_LOCUS11915,147,307,322,119,198,212
DIATSA_LOCUS11916,297,556,565,373,665,684
DIATSA_LOCUS11917,6,12,11,2,7,6
DIATSA_LOCUS11918,120,187,193,64,116,116
DIATSA_LOCUS11919,72,139,144,55,128,130
DIATSA_LOCUS1192,27,48,51,12,27,27
DIATSA_LOCUS11920,2,3,3,5,9,10
DIATSA_LOCUS11921,26,54,54,34,68,71
DIATSA_LOCUS11922,7,15,15,11,20,21
DIATSA_LOCUS11923,186,324,330,110,198,211
DIATSA_LOCUS11924,28,51,52,25,44,46
DIATSA_LOCUS11925,446,865,893,334,680,701
DIATSA_LOCUS11926,2,7,8,3,8,9
DIATSA_LOCUS11927,70,140,146,23,57,56
DIATSA_LOCUS11928,7,11,11,2,5,5
DIATSA_LOCUS11929,0,0,0,0,0,0
DIATSA_LOCUS1193,66,125,132,21,55,58
DIATSA_LOCUS11930,2842,5451,5683,1008,1956,2031
DIATSA_LOCUS11931,0,2,3,0,0,0
DIATSA_LOCUS11932,2,3,3,1,4,4
DIATSA_LOCUS11933,8,16,16,10,11,11
DIATSA_LOCUS11934,0,0,0,0,0,0
DIATSA_LOCUS11935,70,109,111,65,116,116
DIATSA_LOCUS11936,1,1,1,3,3,3
DIATSA_LOCUS11937,214,415,433,104,199,207
DIATSA_LOCUS11938,6,14,15,4,7,7
DIATSA_LOCUS11939,42,105,110,22,66,69
DIATSA_LOCUS1194,15,29,29,14,30,31
DIATSA_LOCUS11940,10,18,18,4,6,6
DIATSA_LOCUS11941,3,10,12,5,6,6
DIATSA_LOCUS11942,6,10,12,5,10,10
DIATSA_LOCUS11943,151,241,255,160,236,245
DIATSA_LOCUS11944,54,119,125,21,54,53
DIATSA_LOCUS11945,0,0,0,0,0,0
DIATSA_LOCUS11946,188,330,327,144,265,269
DIATSA_LOCUS11947,56,122,123,16,50,52
DIATSA_LOCUS11948,0,0,0,0,1,1
DIATSA_LOCUS11949,82,188,199,40,98,106
DIATSA_LOCUS1195,46,82,85,13,29,30
DIATSA_LOCUS11950,0,0,0,0,0,0
DIATSA_LOCUS11951,26,44,47,15,22,25
DIATSA_LOCUS11952,30,61,63,37,74,76
DIATSA_LOCUS11953,5,12,13,2,3,5
DIATSA_LOCUS11954,152,313,325,121,221,233
DIATSA_LOCUS11955,307,677,698,415,891,923
DIATSA_LOCUS11956,16,40,42,33,58,59
DIATSA_LOCUS11957,11,20,20,5,10,11
DIATSA_LOCUS11958,45,112,118,15,47,49
DIATSA_LOCUS11959,87,163,169,70,118,123
DIATSA_LOCUS1196,121,193,198,99,165,170
DIATSA_LOCUS11960,4016,7394,7634,2821,5260,5423
DIATSA_LOCUS11961,222,419,430,145,282,290
DIATSA_LOCUS11962,14,26,27,7,18,19
DIATSA_LOCUS11963,62,104,106,34,49,50
DIATSA_LOCUS11964,17,30,32,4,6,6
DIATSA_LOCUS11965,53,83,87,38,74,78
DIATSA_LOCUS11966,33,65,67,15,55,58
DIATSA_LOCUS11967,10,14,15,1,3,3
DIATSA_LOCUS11968,15,27,30,6,11,13
DIATSA_LOCUS11969,0,1,1,0,1,1
DIATSA_LOCUS1197,53,136,139,36,83,87
DIATSA_LOCUS11970,3,13,18,6,9,9
DIATSA_LOCUS11971,21,45,46,5,11,11
DIATSA_LOCUS11972,168,373,387,27,60,62
DIATSA_LOCUS11973,152,332,346,244,491,512
DIATSA_LOCUS11974,48,86,89,19,38,39
DIATSA_LOCUS11975,3,9,9,4,4,4
DIATSA_LOCUS11976,14,52,52,17,40,41
DIATSA_LOCUS11977,15,25,28,10,20,20
DIATSA_LOCUS11978,0,1,1,0,0,0
DIATSA_LOCUS11979,0,0,0,0,1,1
DIATSA_LOCUS1198,116,252,254,148,324,331
DIATSA_LOCUS11980,59,104,108,67,115,123
DIATSA_LOCUS11981,39,57,57,20,44,45
DIATSA_LOCUS11982,0,0,0,0,0,0
DIATSA_LOCUS11983,6,6,7,15,22,24
DIATSA_LOCUS11984,3,4,4,7,8,8
DIATSA_LOCUS11985,3,6,7,5,7,8
DIATSA_LOCUS11986,2,2,2,0,0,0
DIATSA_LOCUS11987,9,14,14,3,7,7
DIATSA_LOCUS11988,159,291,295,87,154,158
DIATSA_LOCUS11989,0,1,1,1,2,2
DIATSA_LOCUS1199,79,146,145,53,92,94
DIATSA_LOCUS11990,198,460,474,81,165,167
DIATSA_LOCUS11991,0,0,0,0,0,0
DIATSA_LOCUS11992,0,0,0,0,0,0
DIATSA_LOCUS11993,0,0,0,0,0,0
DIATSA_LOCUS11994,0,3,3,1,2,2
DIATSA_LOCUS11995,16,30,31,4,10,10
DIATSA_LOCUS11996,1,1,1,0,0,0
DIATSA_LOCUS11997,25,54,56,28,59,62
DIATSA_LOCUS11998,30,93,96,7,28,29
DIATSA_LOCUS11999,7,9,9,4,7,7
DIATSA_LOCUS12,20,38,38,23,36,39
DIATSA_LOCUS120,6,15,14,5,6,7
DIATSA_LOCUS1200,157,243,250,93,168,179
DIATSA_LOCUS12000,12,15,15,8,15,16
DIATSA_LOCUS12001,0,0,0,0,0,0
DIATSA_LOCUS12002,93,150,157,79,124,126
DIATSA_LOCUS12003,466,780,813,186,292,305
DIATSA_LOCUS12004,37,70,73,23,49,51
DIATSA_LOCUS12005,49,83,84,16,33,34
DIATSA_LOCUS12006,18,33,36,38,62,63
DIATSA_LOCUS12007,478,820,854,314,540,570
DIATSA_LOCUS12008,36,81,83,61,126,128
DIATSA_LOCUS12009,20,41,41,26,54,58
DIATSA_LOCUS1201,11,26,27,5,18,17
DIATSA_LOCUS12010,333,586,601,307,563,578
DIATSA_LOCUS12011,25,48,55,6,14,15
DIATSA_LOCUS12012,20,36,38,23,39,40
DIATSA_LOCUS12013,2,2,2,1,2,2
DIATSA_LOCUS12014,8,15,15,10,17,21
DIATSA_LOCUS12015,45,92,93,43,64,66
DIATSA_LOCUS12016,130,268,275,56,119,126
DIATSA_LOCUS12017,42,72,77,69,86,86
DIATSA_LOCUS12018,231,556,574,195,402,421
DIATSA_LOCUS12019,0,0,0,0,0,0
DIATSA_LOCUS1202,20,34,34,27,45,44
DIATSA_LOCUS12020,0,0,0,0,0,0
DIATSA_LOCUS12021,2,2,2,0,0,0
DIATSA_LOCUS12022,1,1,1,0,1,1
DIATSA_LOCUS12023,1,3,3,1,0,0
DIATSA_LOCUS12024,0,0,0,0,0,0
DIATSA_LOCUS12025,253,576,598,385,855,887
DIATSA_LOCUS12026,54,125,130,39,77,81
DIATSA_LOCUS12027,1859,4352,4502,1895,4323,4496
DIATSA_LOCUS12028,4,5,5,3,5,5
DIATSA_LOCUS12029,5,5,5,1,1,1
DIATSA_LOCUS1203,32,46,46,32,72,72
DIATSA_LOCUS12030,12,30,29,5,11,12
DIATSA_LOCUS12031,14,26,26,2,12,13
DIATSA_LOCUS12032,27,86,91,36,66,67
DIATSA_LOCUS12033,14,32,33,0,1,2
DIATSA_LOCUS12034,11,25,27,9,17,17
DIATSA_LOCUS12035,26,42,45,11,23,23
DIATSA_LOCUS12036,26,52,52,26,48,48
DIATSA_LOCUS12037,95,224,233,149,302,314
DIATSA_LOCUS12038,18,38,42,5,8,9
DIATSA_LOCUS12039,4,9,9,3,4,4
DIATSA_LOCUS1204,0,0,0,0,0,0
DIATSA_LOCUS12040,6,12,12,18,40,40
DIATSA_LOCUS12041,164,284,287,42,102,107
DIATSA_LOCUS12042,15,26,26,8,14,14
DIATSA_LOCUS12043,41,83,86,32,60,61
DIATSA_LOCUS12044,701,1125,1179,392,611,649
DIATSA_LOCUS12045,6,12,12,13,17,16
DIATSA_LOCUS12046,216,368,374,89,165,173
DIATSA_LOCUS12047,108,185,196,67,139,143
DIATSA_LOCUS12048,225,420,434,269,509,525
DIATSA_LOCUS12049,5,12,12,2,3,3
DIATSA_LOCUS1205,148,454,479,279,822,861
DIATSA_LOCUS12050,83,151,152,78,141,148
DIATSA_LOCUS12051,20,43,42,41,66,67
DIATSA_LOCUS12052,1,1,1,1,3,3
DIATSA_LOCUS12053,21,40,42,7,16,17
DIATSA_LOCUS12054,0,0,0,0,0,0
DIATSA_LOCUS12055,39,84,88,45,84,86
DIATSA_LOCUS12056,16,26,27,2,3,6
DIATSA_LOCUS12057,7,12,12,5,8,8
DIATSA_LOCUS12058,5,15,14,2,1,1
DIATSA_LOCUS12059,3,6,7,2,7,7
DIATSA_LOCUS1206,11,27,29,9,17,19
DIATSA_LOCUS12060,8,18,18,2,5,5
DIATSA_LOCUS12061,6,14,14,0,6,6
DIATSA_LOCUS12062,84,193,199,95,223,231
DIATSA_LOCUS12063,1,1,1,4,7,7
DIATSA_LOCUS12064,0,0,0,0,0,0
DIATSA_LOCUS12065,0,6,6,2,4,4
DIATSA_LOCUS12066,1,1,1,0,0,1
DIATSA_LOCUS12067,2,4,4,5,5,5
DIATSA_LOCUS12068,2,2,2,0,0,0
DIATSA_LOCUS12069,31,63,64,49,100,102
DIATSA_LOCUS1207,14,29,30,15,30,29
DIATSA_LOCUS12070,0,0,0,0,0,0
DIATSA_LOCUS12071,58,108,110,86,155,161
DIATSA_LOCUS12072,2,9,9,3,8,7
DIATSA_LOCUS12073,5,13,14,5,7,7
DIATSA_LOCUS12074,45,82,84,8,17,16
DIATSA_LOCUS12075,7,10,10,2,4,4
DIATSA_LOCUS12076,41,63,65,18,33,37
DIATSA_LOCUS12077,61,133,142,28,55,59
DIATSA_LOCUS12078,0,0,0,0,0,0
DIATSA_LOCUS12079,68,140,141,122,279,290
DIATSA_LOCUS1208,19,48,51,7,16,17
DIATSA_LOCUS12080,92,148,153,44,90,91
DIATSA_LOCUS12081,0,0,0,0,0,0
DIATSA_LOCUS12082,510,950,990,290,529,557
DIATSA_LOCUS12083,63,133,136,65,137,151
DIATSA_LOCUS12084,109,211,217,141,273,286
DIATSA_LOCUS12085,70,147,147,104,172,175
DIATSA_LOCUS12086,760,1489,1560,635,1198,1245
DIATSA_LOCUS12087,18,33,34,21,31,33
DIATSA_LOCUS12088,5,9,9,0,1,1
DIATSA_LOCUS12089,39,68,71,65,104,105
DIATSA_LOCUS1209,28,43,43,5,22,25
DIATSA_LOCUS12090,120,267,274,98,198,208
DIATSA_LOCUS12091,31,69,68,20,38,38
DIATSA_LOCUS12092,10,29,29,28,60,62
DIATSA_LOCUS12093,162,280,289,89,148,152
DIATSA_LOCUS12094,2,8,9,2,3,3
DIATSA_LOCUS12095,2,5,5,2,1,1
DIATSA_LOCUS12096,26,50,52,32,75,79
DIATSA_LOCUS12097,2,2,2,2,3,3
DIATSA_LOCUS12098,24,63,64,26,58,59
DIATSA_LOCUS12099,19,39,39,11,21,23
DIATSA_LOCUS121,0,0,0,0,0,0
DIATSA_LOCUS1210,64,137,142,53,101,104
DIATSA_LOCUS12100,0,0,0,0,0,0
DIATSA_LOCUS12101,76,149,150,26,56,58
DIATSA_LOCUS12102,81,112,115,136,228,231
DIATSA_LOCUS12103,126,240,245,107,221,230
DIATSA_LOCUS12104,1,5,5,1,6,6
DIATSA_LOCUS12105,77,168,170,40,80,81
DIATSA_LOCUS12106,40,64,66,31,68,69
DIATSA_LOCUS12107,110,203,213,153,282,289
DIATSA_LOCUS12108,3,9,9,6,13,14
DIATSA_LOCUS12109,0,0,1,0,0,0
DIATSA_LOCUS1211,16,33,37,26,48,50
DIATSA_LOCUS12110,0,1,1,1,1,1
DIATSA_LOCUS12111,2,1,1,1,1,1
DIATSA_LOCUS12112,0,0,0,0,0,0
DIATSA_LOCUS12113,380,749,775,400,779,806
DIATSA_LOCUS12114,381,766,792,214,422,440
DIATSA_LOCUS12115,0,0,0,0,0,0
DIATSA_LOCUS12116,3,4,4,0,0,0
DIATSA_LOCUS12117,7,18,21,2,4,4
DIATSA_LOCUS12118,95,168,178,63,111,117
DIATSA_LOCUS12119,58,102,104,37,62,67
DIATSA_LOCUS1212,408,786,813,292,580,599
DIATSA_LOCUS12120,6,17,18,10,22,23
DIATSA_LOCUS12121,5,8,8,8,13,13
DIATSA_LOCUS12122,14,33,34,11,23,24
DIATSA_LOCUS12123,15,25,27,15,27,28
DIATSA_LOCUS12124,19,35,36,19,35,37
DIATSA_LOCUS12125,0,1,2,1,2,2
DIATSA_LOCUS12126,1,2,2,1,1,1
DIATSA_LOCUS12127,94,163,169,89,153,160
DIATSA_LOCUS12128,20,32,33,29,47,49
DIATSA_LOCUS12129,69,122,125,39,75,77
DIATSA_LOCUS1213,119,213,219,61,122,128
DIATSA_LOCUS12130,228,394,404,158,274,283
DIATSA_LOCUS12131,8,18,18,12,22,22
DIATSA_LOCUS12132,835,1622,1681,1038,2003,2069
DIATSA_LOCUS12133,155,253,254,122,223,229
DIATSA_LOCUS12134,25,67,67,13,36,38
DIATSA_LOCUS12135,41,81,83,46,97,102
DIATSA_LOCUS12136,0,0,0,0,0,0
DIATSA_LOCUS12137,25,58,60,18,34,36
DIATSA_LOCUS12138,84,168,176,109,185,197
DIATSA_LOCUS12139,9,22,21,11,32,33
DIATSA_LOCUS1214,0,2,2,2,3,3
DIATSA_LOCUS12140,24,50,52,33,66,66
DIATSA_LOCUS12141,4,6,6,0,0,0
DIATSA_LOCUS12142,148,224,226,66,107,112
DIATSA_LOCUS12143,408,762,786,421,758,777
DIATSA_LOCUS12144,324,699,722,343,689,713
DIATSA_LOCUS12145,3,4,4,1,5,5
DIATSA_LOCUS12146,23,54,56,10,18,19
DIATSA_LOCUS12147,0,0,0,0,0,0
DIATSA_LOCUS12148,0,0,0,0,0,0
DIATSA_LOCUS12149,138,286,293,174,363,369
DIATSA_LOCUS1215,100,219,223,149,278,291
DIATSA_LOCUS12150,298,626,658,227,508,528
DIATSA_LOCUS12151,0,0,0,0,0,0
DIATSA_LOCUS12152,0,0,0,0,0,0
DIATSA_LOCUS12153,0,0,0,0,0,0
DIATSA_LOCUS12154,133,228,241,53,99,104
DIATSA_LOCUS12155,3,7,7,5,15,15
DIATSA_LOCUS12156,0,0,0,0,0,0
DIATSA_LOCUS12157,0,0,0,0,0,0
DIATSA_LOCUS12158,2,2,2,0,0,0
DIATSA_LOCUS12159,0,0,0,0,0,0
DIATSA_LOCUS1216,60,132,135,47,115,119
DIATSA_LOCUS12160,174,346,356,201,404,416
DIATSA_LOCUS12161,0,0,0,0,0,0
DIATSA_LOCUS12162,21,33,36,8,14,14
DIATSA_LOCUS12163,90,180,182,45,97,102
DIATSA_LOCUS12164,37,77,78,28,59,64
DIATSA_LOCUS12165,49,113,113,63,97,101
DIATSA_LOCUS12166,163,323,336,132,257,274
DIATSA_LOCUS12167,143,273,279,183,378,387
DIATSA_LOCUS12168,368,815,839,274,615,635
DIATSA_LOCUS12169,0,0,0,0,1,1
DIATSA_LOCUS1217,239,473,485,69,140,143
DIATSA_LOCUS12170,3,6,6,3,8,9
DIATSA_LOCUS12171,0,0,0,0,0,0
DIATSA_LOCUS12172,0,0,0,0,0,0
DIATSA_LOCUS12173,139,267,271,131,260,272
DIATSA_LOCUS12174,115,209,212,40,74,75
DIATSA_LOCUS12175,92,164,166,58,112,122
DIATSA_LOCUS12176,17,29,29,17,26,26
DIATSA_LOCUS12177,0,0,0,0,0,0
DIATSA_LOCUS12178,0,0,0,0,0,0
DIATSA_LOCUS12179,1,1,1,1,1,1
DIATSA_LOCUS1218,0,0,0,0,0,0
DIATSA_LOCUS12180,68,141,148,25,53,53
DIATSA_LOCUS12181,8,23,25,15,30,29
DIATSA_LOCUS12182,1,2,2,9,12,11
DIATSA_LOCUS12183,13,30,30,15,42,42
DIATSA_LOCUS12184,0,0,0,0,0,0
DIATSA_LOCUS12185,29,46,49,51,74,75
DIATSA_LOCUS12186,842,1762,1811,709,1586,1636
DIATSA_LOCUS12187,7797,12753,13243,7524,12467,12937
DIATSA_LOCUS12188,732,1251,1285,359,615,640
DIATSA_LOCUS12189,32,66,66,22,33,33
DIATSA_LOCUS1219,10723,19434,20056,15649,28278,29275
DIATSA_LOCUS12190,0,0,0,0,0,0
DIATSA_LOCUS12191,0,0,0,0,0,0
DIATSA_LOCUS12192,14,19,19,29,40,40
DIATSA_LOCUS12193,2,3,3,0,2,2
DIATSA_LOCUS12194,15,24,25,18,31,31
DIATSA_LOCUS12195,0,1,0,0,0,0
DIATSA_LOCUS12196,4,8,8,1,2,3
DIATSA_LOCUS12197,0,0,0,0,0,0
DIATSA_LOCUS12198,26,47,48,9,14,14
DIATSA_LOCUS12199,308,626,654,314,622,636
DIATSA_LOCUS122,1835,3482,3601,1008,1932,1990
DIATSA_LOCUS1220,60,115,120,50,90,94
DIATSA_LOCUS12200,112,226,235,89,181,185
DIATSA_LOCUS12201,0,0,0,0,0,0
DIATSA_LOCUS12202,50,97,103,37,62,62
DIATSA_LOCUS12203,79,128,133,54,91,95
DIATSA_LOCUS12204,1978,3912,4048,1724,3519,3687
DIATSA_LOCUS12205,1,4,4,0,3,3
DIATSA_LOCUS12206,21,46,46,13,18,19
DIATSA_LOCUS12207,34,85,77,44,76,73
DIATSA_LOCUS12208,37,74,78,21,38,40
DIATSA_LOCUS12209,0,0,0,0,0,0
DIATSA_LOCUS1221,27,41,41,23,45,45
DIATSA_LOCUS12210,14,28,29,21,38,38
DIATSA_LOCUS12211,59,105,107,26,50,51
DIATSA_LOCUS12212,19,35,36,33,92,90
DIATSA_LOCUS12213,0,0,0,0,0,0
DIATSA_LOCUS12214,3,3,3,1,2,3
DIATSA_LOCUS12215,120,283,296,137,309,315
DIATSA_LOCUS12216,8,21,21,9,24,24
DIATSA_LOCUS12217,40,53,60,28,61,57
DIATSA_LOCUS12218,0,0,0,0,0,0
DIATSA_LOCUS12219,0,0,0,0,0,0
DIATSA_LOCUS1222,4,11,10,6,11,11
DIATSA_LOCUS12220,0,0,0,0,0,0
DIATSA_LOCUS12221,6,9,9,2,4,4
DIATSA_LOCUS12222,1,1,1,0,1,1
DIATSA_LOCUS12223,10,17,17,35,60,60
DIATSA_LOCUS12224,94,157,163,155,242,246
DIATSA_LOCUS12225,56,128,131,46,97,100
DIATSA_LOCUS12226,0,0,0,0,0,0
DIATSA_LOCUS12227,0,0,0,0,0,0
DIATSA_LOCUS12228,1,1,1,2,2,2
DIATSA_LOCUS12229,0,0,0,0,1,1
DIATSA_LOCUS1223,37,84,92,28,96,97
DIATSA_LOCUS12230,0,0,0,0,0,0
DIATSA_LOCUS12231,6,7,7,1,2,3
DIATSA_LOCUS12232,9,16,20,6,16,17
DIATSA_LOCUS12233,1,1,1,7,9,9
DIATSA_LOCUS12234,3,4,4,0,0,0
DIATSA_LOCUS12235,1,2,2,0,2,2
DIATSA_LOCUS12236,10,16,16,4,7,7
DIATSA_LOCUS12237,0,0,0,0,0,0
DIATSA_LOCUS12238,0,0,0,0,0,0
DIATSA_LOCUS12239,0,1,1,1,1,1
DIATSA_LOCUS1224,38,69,73,15,32,34
DIATSA_LOCUS12240,0,0,0,0,1,1
DIATSA_LOCUS12241,0,0,0,1,1,1
DIATSA_LOCUS12242,2,3,3,0,0,0
DIATSA_LOCUS12243,0,0,0,0,0,0
DIATSA_LOCUS12244,14,32,34,8,10,13
DIATSA_LOCUS12245,0,0,0,0,0,0
DIATSA_LOCUS12246,0,0,0,0,0,0
DIATSA_LOCUS12247,0,1,1,1,1,1
DIATSA_LOCUS12248,37,89,96,20,34,35
DIATSA_LOCUS12249,27,62,62,10,19,19
DIATSA_LOCUS1225,52,124,120,24,54,50
DIATSA_LOCUS12250,23,73,76,21,44,43
DIATSA_LOCUS12251,10,16,15,7,16,17
DIATSA_LOCUS12252,107,181,192,35,58,58
DIATSA_LOCUS12253,0,0,0,0,0,0
DIATSA_LOCUS12254,3,3,3,2,3,3
DIATSA_LOCUS12255,0,0,0,0,0,0
DIATSA_LOCUS12256,132,249,257,81,156,161
DIATSA_LOCUS12257,3,5,6,0,0,0
DIATSA_LOCUS12258,254,535,560,170,356,367
DIATSA_LOCUS12259,1,1,1,0,1,2
DIATSA_LOCUS1226,1567,3317,3640,1830,4285,4873
DIATSA_LOCUS12260,5,8,8,5,4,4
DIATSA_LOCUS12261,107,172,177,121,176,182
DIATSA_LOCUS12262,24,48,48,23,40,41
DIATSA_LOCUS12263,1,1,1,0,0,0
DIATSA_LOCUS12264,81,141,141,52,87,92
DIATSA_LOCUS12265,47461,83018,87514,75609,127704,134132
DIATSA_LOCUS12266,29,51,53,16,26,26
DIATSA_LOCUS12267,129,246,249,48,90,91
DIATSA_LOCUS12268,0,0,0,0,0,0
DIATSA_LOCUS12269,0,0,0,0,0,0
DIATSA_LOCUS1227,272,526,549,125,243,246
DIATSA_LOCUS12270,24,63,61,16,46,50
DIATSA_LOCUS12271,1788,3478,3636,1637,3338,3488
DIATSA_LOCUS12272,55,92,96,18,32,32
DIATSA_LOCUS12273,174,240,245,75,114,120
DIATSA_LOCUS12274,141,213,221,116,151,151
DIATSA_LOCUS12275,0,0,0,0,0,0
DIATSA_LOCUS12276,75,147,150,58,97,105
DIATSA_LOCUS12277,0,0,0,0,0,0
DIATSA_LOCUS12278,1,1,1,0,1,1
DIATSA_LOCUS12279,13,23,25,12,18,17
DIATSA_LOCUS1228,25,50,51,13,23,23
DIATSA_LOCUS12280,16,33,36,16,34,36
DIATSA_LOCUS12281,108,214,218,74,152,156
DIATSA_LOCUS12282,118,201,208,111,216,218
DIATSA_LOCUS12283,0,0,0,0,0,0
DIATSA_LOCUS12284,0,1,1,0,0,0
DIATSA_LOCUS12285,234,433,438,291,520,539
DIATSA_LOCUS12286,8,12,12,8,23,24
DIATSA_LOCUS12287,0,0,0,0,0,0
DIATSA_LOCUS12288,0,0,0,0,0,0
DIATSA_LOCUS12289,80,153,156,45,109,113
DIATSA_LOCUS1229,93,164,169,46,91,94
DIATSA_LOCUS12290,390,639,655,413,701,724
DIATSA_LOCUS12291,4,5,6,5,9,9
DIATSA_LOCUS12292,8,19,19,12,26,27
DIATSA_LOCUS12293,24,70,74,22,78,78
DIATSA_LOCUS12294,3,10,14,6,10,10
DIATSA_LOCUS12295,9,11,12,8,12,12
DIATSA_LOCUS12296,1092,2170,2229,979,2065,2130
DIATSA_LOCUS12297,242,382,399,112,211,220
DIATSA_LOCUS12298,0,0,0,0,0,0
DIATSA_LOCUS12299,4,6,7,2,5,5
DIATSA_LOCUS123,30,57,61,7,10,11
DIATSA_LOCUS1230,0,0,0,0,0,0
DIATSA_LOCUS12300,162,314,317,168,331,339
DIATSA_LOCUS12301,41,85,87,44,77,83
DIATSA_LOCUS12302,87,183,193,64,117,118
DIATSA_LOCUS12303,19,30,30,25,34,35
DIATSA_LOCUS12304,2289,4596,4758,1755,3670,3826
DIATSA_LOCUS12305,714,1487,1531,412,856,874
DIATSA_LOCUS12306,2436,4617,4793,3050,5878,6089
DIATSA_LOCUS12307,0,1,1,0,0,0
DIATSA_LOCUS12308,33,64,67,10,23,25
DIATSA_LOCUS12309,154,321,333,154,308,323
DIATSA_LOCUS1231,412,793,814,372,730,765
DIATSA_LOCUS12310,83,168,172,37,61,63
DIATSA_LOCUS12311,1,2,3,4,6,8
DIATSA_LOCUS12312,20,45,48,20,37,39
DIATSA_LOCUS12313,142,303,318,59,148,153
DIATSA_LOCUS12314,27,44,49,14,25,28
DIATSA_LOCUS12315,2055,3891,3992,1289,2591,2686
DIATSA_LOCUS12316,502,1060,1097,376,703,724
DIATSA_LOCUS12317,2638,4697,4843,1844,3515,3644
DIATSA_LOCUS12318,2440,4118,4282,1306,2317,2396
DIATSA_LOCUS12319,395,673,693,311,516,538
DIATSA_LOCUS1232,3,6,7,1,3,3
DIATSA_LOCUS12320,465,884,919,329,607,631
DIATSA_LOCUS12321,314,601,622,147,280,291
DIATSA_LOCUS12322,225,401,410,136,243,246
DIATSA_LOCUS12323,263,455,472,140,243,254
DIATSA_LOCUS12324,0,0,0,0,0,0
DIATSA_LOCUS12325,2155,4140,4298,1360,2674,2771
DIATSA_LOCUS12326,63,116,120,60,90,92
DIATSA_LOCUS12327,155,305,316,52,117,117
DIATSA_LOCUS12328,0,0,0,0,0,0
DIATSA_LOCUS12329,16,29,29,14,23,22
DIATSA_LOCUS1233,238,403,412,301,546,564
DIATSA_LOCUS12330,314,547,576,484,777,814
DIATSA_LOCUS12331,40,68,73,25,45,47
DIATSA_LOCUS12332,149,245,257,150,252,259
DIATSA_LOCUS12333,143,319,329,71,128,134
DIATSA_LOCUS12334,5,11,11,4,6,6
DIATSA_LOCUS12335,124,199,203,86,159,163
DIATSA_LOCUS12336,1389,2920,3041,1612,3381,3499
DIATSA_LOCUS12337,322,669,690,430,889,923
DIATSA_LOCUS12338,449,854,880,574,1000,1029
DIATSA_LOCUS12339,75,124,132,100,169,174
DIATSA_LOCUS1234,8,9,9,14,16,16
DIATSA_LOCUS12340,198,326,338,107,192,198
DIATSA_LOCUS12341,0,0,0,0,0,0
DIATSA_LOCUS12342,198,402,424,89,178,183
DIATSA_LOCUS12343,0,0,0,0,0,0
DIATSA_LOCUS12344,328,598,621,348,626,652
DIATSA_LOCUS12345,434,875,916,263,583,607
DIATSA_LOCUS12346,5,8,8,1,3,3
DIATSA_LOCUS12347,344,684,708,169,351,365
DIATSA_LOCUS12348,35,66,67,29,45,47
DIATSA_LOCUS12349,2,3,3,3,5,5
DIATSA_LOCUS1235,79,237,242,70,244,252
DIATSA_LOCUS12350,22,39,40,16,38,39
DIATSA_LOCUS12351,274,567,593,254,517,533
DIATSA_LOCUS12352,0,0,0,0,0,0
DIATSA_LOCUS12353,239,422,435,289,488,506
DIATSA_LOCUS12354,176,283,292,156,255,263
DIATSA_LOCUS12355,2,3,3,2,2,2
DIATSA_LOCUS12356,4,9,10,1,2,2
DIATSA_LOCUS12357,45,76,76,49,106,112
DIATSA_LOCUS12358,2567,4575,4740,2863,5239,5435
DIATSA_LOCUS12359,6417,13295,13720,12763,24637,25502
DIATSA_LOCUS1236,12,20,21,25,43,47
DIATSA_LOCUS12360,36,76,77,47,98,101
DIATSA_LOCUS12361,52,110,113,81,161,166
DIATSA_LOCUS12362,343,594,623,361,648,672
DIATSA_LOCUS12363,0,0,0,0,0,0
DIATSA_LOCUS12364,142,277,283,115,258,266
DIATSA_LOCUS12365,2,4,4,3,3,3
DIATSA_LOCUS12366,96,190,200,74,166,172
DIATSA_LOCUS12367,119,257,271,113,235,239
DIATSA_LOCUS12368,888,1979,2045,344,752,794
DIATSA_LOCUS12369,30,67,73,45,82,81
DIATSA_LOCUS1237,44,85,85,54,85,92
DIATSA_LOCUS12370,400,774,795,242,485,505
DIATSA_LOCUS12371,7,16,16,18,31,32
DIATSA_LOCUS12372,8,16,16,7,13,14
DIATSA_LOCUS12373,4,4,4,0,0,0
DIATSA_LOCUS12374,167,329,340,83,175,186
DIATSA_LOCUS12375,90,191,193,143,251,258
DIATSA_LOCUS12376,19,52,56,31,106,110
DIATSA_LOCUS12377,116,197,214,98,182,185
DIATSA_LOCUS12378,0,1,1,0,0,0
DIATSA_LOCUS12379,155,309,319,63,124,128
DIATSA_LOCUS1238,2578,5919,6141,3676,8588,8897
DIATSA_LOCUS12380,29,75,75,48,89,93
DIATSA_LOCUS12381,4,7,7,0,0,0
DIATSA_LOCUS12382,61,97,101,18,29,31
DIATSA_LOCUS12383,170,363,383,127,266,270
DIATSA_LOCUS12384,15,31,31,14,19,19
DIATSA_LOCUS12385,9,12,12,8,17,17
DIATSA_LOCUS12386,65,120,125,62,122,131
DIATSA_LOCUS12387,142,250,258,155,328,343
DIATSA_LOCUS12388,24,57,61,26,54,54
DIATSA_LOCUS12389,9,27,27,26,37,38
DIATSA_LOCUS1239,0,0,0,0,0,0
DIATSA_LOCUS12390,250,446,452,113,255,262
DIATSA_LOCUS12391,22,70,72,19,66,68
DIATSA_LOCUS12392,97,137,141,115,193,198
DIATSA_LOCUS12393,2,5,5,0,0,0
DIATSA_LOCUS12394,97,233,242,83,195,206
DIATSA_LOCUS12395,128,265,277,124,245,252
DIATSA_LOCUS12396,0,0,0,0,0,0
DIATSA_LOCUS12397,139,326,349,242,494,521
DIATSA_LOCUS12398,50,88,92,14,21,21
DIATSA_LOCUS12399,321,607,628,156,306,313
DIATSA_LOCUS124,0,0,0,0,0,0
DIATSA_LOCUS1240,463,770,795,416,716,739
DIATSA_LOCUS12400,4150,7754,8033,3289,5976,6206
DIATSA_LOCUS12401,8,16,16,7,13,13
DIATSA_LOCUS12402,21,32,32,16,36,36
DIATSA_LOCUS12403,918,1726,1798,362,717,750
DIATSA_LOCUS12404,56,110,112,29,44,44
DIATSA_LOCUS12405,125,237,254,201,387,411
DIATSA_LOCUS12406,163,328,341,132,283,290
DIATSA_LOCUS12407,1050,1911,1997,1656,3085,3196
DIATSA_LOCUS12408,24,64,62,51,97,100
DIATSA_LOCUS12409,75,115,118,51,101,109
DIATSA_LOCUS1241,9,26,28,4,13,13
DIATSA_LOCUS12410,0,0,0,0,0,0
DIATSA_LOCUS12411,0,0,0,0,0,0
DIATSA_LOCUS12412,7,8,8,11,18,17
DIATSA_LOCUS12413,3,7,7,14,20,20
DIATSA_LOCUS12414,0,0,0,0,0,0
DIATSA_LOCUS12415,46,89,93,32,68,70
DIATSA_LOCUS12416,70,128,131,74,121,123
DIATSA_LOCUS12417,401,792,827,345,716,736
DIATSA_LOCUS12418,7,13,13,4,6,7
DIATSA_LOCUS12419,0,0,0,0,0,0
DIATSA_LOCUS1242,1311,2618,2723,899,1849,1928
DIATSA_LOCUS12420,645,1303,1354,765,1695,1760
DIATSA_LOCUS12421,6,8,8,2,6,6
DIATSA_LOCUS12422,80,251,256,141,405,417
DIATSA_LOCUS12423,234,468,484,252,483,496
DIATSA_LOCUS12424,35,54,54,18,42,41
DIATSA_LOCUS12425,64,142,148,50,155,171
DIATSA_LOCUS12426,9321,17227,17876,10746,20191,20955
DIATSA_LOCUS12427,52,99,99,16,36,37
DIATSA_LOCUS12428,426,934,971,538,1071,1118
DIATSA_LOCUS12429,0,1,1,0,0,0
DIATSA_LOCUS1243,74,122,125,93,169,178
DIATSA_LOCUS12430,280,498,520,181,371,386
DIATSA_LOCUS12431,240,502,522,213,409,418
DIATSA_LOCUS12432,10756,22777,23690,10365,21670,22564
DIATSA_LOCUS12433,1,3,3,0,0,0
DIATSA_LOCUS12434,30,50,51,34,61,65
DIATSA_LOCUS12435,172,324,336,127,235,242
DIATSA_LOCUS12436,10,17,17,19,29,30
DIATSA_LOCUS12437,4,6,6,1,1,2
DIATSA_LOCUS12438,3360,6887,7159,2934,5934,6200
DIATSA_LOCUS12439,39,101,104,21,49,60
DIATSA_LOCUS1244,726,1553,1595,751,1447,1487
DIATSA_LOCUS12440,0,0,0,0,0,0
DIATSA_LOCUS12441,12,25,28,5,13,13
DIATSA_LOCUS12442,1635,3019,3126,1320,2654,2771
DIATSA_LOCUS12443,0,0,0,0,0,0
DIATSA_LOCUS12444,0,0,0,0,0,0
DIATSA_LOCUS12445,349,608,627,313,560,579
DIATSA_LOCUS12446,80,129,132,28,48,48
DIATSA_LOCUS12447,225,457,481,185,335,345
DIATSA_LOCUS12448,82,161,168,69,122,125
DIATSA_LOCUS12449,177,338,350,157,278,283
DIATSA_LOCUS1245,0,1,1,0,1,1
DIATSA_LOCUS12450,61,140,145,30,66,72
DIATSA_LOCUS12451,106,173,180,113,214,218
DIATSA_LOCUS12452,0,0,0,0,0,0
DIATSA_LOCUS12453,2,10,10,0,7,7
DIATSA_LOCUS12454,124,231,239,131,206,221
DIATSA_LOCUS12455,177,328,334,108,224,227
DIATSA_LOCUS12456,145,317,324,194,437,451
DIATSA_LOCUS12457,116,251,262,113,255,262
DIATSA_LOCUS12458,0,1,1,0,1,1
DIATSA_LOCUS12459,1,1,1,0,2,2
DIATSA_LOCUS1246,55,92,96,32,64,64
DIATSA_LOCUS12460,0,0,0,0,0,0
DIATSA_LOCUS12461,1,2,2,0,3,3
DIATSA_LOCUS12462,0,0,0,0,0,0
DIATSA_LOCUS12463,0,0,0,0,0,0
DIATSA_LOCUS12464,215,383,395,133,268,282
DIATSA_LOCUS12465,0,0,0,0,2,2
DIATSA_LOCUS12466,12,23,23,11,22,23
DIATSA_LOCUS12467,321,612,638,348,738,761
DIATSA_LOCUS12468,131,245,249,69,147,150
DIATSA_LOCUS12469,205,340,357,316,541,559
DIATSA_LOCUS1247,464,750,789,427,706,742
DIATSA_LOCUS12470,30,51,52,18,48,50
DIATSA_LOCUS12471,4,8,8,4,4,5
DIATSA_LOCUS12472,7,14,15,12,33,33
DIATSA_LOCUS12473,31,62,65,20,53,55
DIATSA_LOCUS12474,2,2,2,0,1,1
DIATSA_LOCUS12475,6,10,10,6,10,9
DIATSA_LOCUS12476,17,34,35,15,22,23
DIATSA_LOCUS12477,0,1,1,0,0,0
DIATSA_LOCUS12478,744,1502,1568,475,893,940
DIATSA_LOCUS12479,4,11,11,11,17,17
DIATSA_LOCUS1248,16,36,36,4,14,13
DIATSA_LOCUS12480,89,137,146,16,32,33
DIATSA_LOCUS12481,0,0,0,0,0,0
DIATSA_LOCUS12482,16,27,28,8,15,15
DIATSA_LOCUS12483,385,719,755,348,684,718
DIATSA_LOCUS12484,71,161,168,46,95,100
DIATSA_LOCUS12485,208,416,429,183,375,387
DIATSA_LOCUS12486,0,0,0,0,0,0
DIATSA_LOCUS12487,0,0,0,0,0,0
DIATSA_LOCUS12488,3,6,6,0,0,0
DIATSA_LOCUS12489,0,3,5,0,1,1
DIATSA_LOCUS1249,68,112,118,66,132,137
DIATSA_LOCUS12490,0,0,0,0,0,0
DIATSA_LOCUS12491,3,4,4,1,5,4
DIATSA_LOCUS12492,794,1594,1662,629,1345,1401
DIATSA_LOCUS12493,38,67,68,20,39,41
DIATSA_LOCUS12494,198,430,452,101,238,249
DIATSA_LOCUS12495,154,251,254,238,425,435
DIATSA_LOCUS12496,48,92,98,45,92,94
DIATSA_LOCUS12497,0,0,0,0,0,0
DIATSA_LOCUS12498,0,0,0,0,0,0
DIATSA_LOCUS12499,1024,1975,2075,687,1371,1447
DIATSA_LOCUS125,5,11,12,16,28,28
DIATSA_LOCUS1250,25,70,74,25,44,46
DIATSA_LOCUS12500,9,18,19,13,23,23
DIATSA_LOCUS12501,1,3,3,0,0,0
DIATSA_LOCUS12502,8,22,24,4,20,21
DIATSA_LOCUS12503,22,43,43,20,44,44
DIATSA_LOCUS12504,295,590,607,142,305,328
DIATSA_LOCUS12505,43,117,121,36,102,104
DIATSA_LOCUS12506,693,1261,1301,421,720,746
DIATSA_LOCUS12507,9,11,11,8,14,14
DIATSA_LOCUS12508,123,232,238,66,136,144
DIATSA_LOCUS12509,204,357,366,199,391,400
DIATSA_LOCUS1251,22,42,44,23,34,33
DIATSA_LOCUS12510,288,533,564,130,230,239
DIATSA_LOCUS12511,45,84,88,24,49,50
DIATSA_LOCUS12512,1114,2138,2206,873,1647,1696
DIATSA_LOCUS12513,177,337,347,257,514,536
DIATSA_LOCUS12514,0,0,0,0,0,0
DIATSA_LOCUS12515,856,1835,1890,769,1655,1705
DIATSA_LOCUS12516,271,459,464,245,404,410
DIATSA_LOCUS12517,50,86,86,82,131,134
DIATSA_LOCUS12518,1,1,1,0,1,1
DIATSA_LOCUS12519,0,0,0,0,0,0
DIATSA_LOCUS1252,24,66,65,16,51,55
DIATSA_LOCUS12520,0,0,0,0,0,0
DIATSA_LOCUS12521,1,2,2,1,1,2
DIATSA_LOCUS12522,21,37,39,13,27,27
DIATSA_LOCUS12523,3,7,8,0,1,1
DIATSA_LOCUS12524,106,188,196,42,72,76
DIATSA_LOCUS12525,3,4,4,1,1,1
DIATSA_LOCUS12526,1,1,1,0,1,1
DIATSA_LOCUS12527,30,55,56,23,47,47
DIATSA_LOCUS12528,106,224,231,74,147,153
DIATSA_LOCUS12529,102,207,211,85,149,156
DIATSA_LOCUS1253,414,729,762,816,1470,1534
DIATSA_LOCUS12530,1,1,1,1,1,0
DIATSA_LOCUS12531,33,0,0,62,63,0
DIATSA_LOCUS12532,7,24,25,14,26,24
DIATSA_LOCUS12533,0,0,0,0,0,0
DIATSA_LOCUS12534,76,138,139,66,127,132
DIATSA_LOCUS12535,76,213,217,153,315,322
DIATSA_LOCUS12536,647,1313,1387,243,503,514
DIATSA_LOCUS12537,10,19,19,2,8,8
DIATSA_LOCUS12538,13,27,28,21,57,59
DIATSA_LOCUS12539,17,35,31,11,29,30
DIATSA_LOCUS1254,0,0,1,0,0,0
DIATSA_LOCUS12540,53,141,140,121,242,248
DIATSA_LOCUS12541,0,0,0,0,1,1
DIATSA_LOCUS12542,0,0,0,0,0,0
DIATSA_LOCUS12543,14,16,16,10,13,14
DIATSA_LOCUS12544,25,38,44,28,56,59
DIATSA_LOCUS12545,20,41,44,27,43,44
DIATSA_LOCUS12546,35,66,66,13,24,24
DIATSA_LOCUS12547,53,96,98,34,64,67
DIATSA_LOCUS12548,0,6,8,0,7,8
DIATSA_LOCUS12549,113,207,216,59,101,105
DIATSA_LOCUS1255,0,0,0,0,1,1
DIATSA_LOCUS12550,56,94,96,24,38,40
DIATSA_LOCUS12551,104,241,251,83,169,172
DIATSA_LOCUS12552,110,201,207,45,95,100
DIATSA_LOCUS12553,197,366,379,120,228,237
DIATSA_LOCUS12554,14608,27244,28272,17185,33199,34599
DIATSA_LOCUS12555,12,16,16,10,19,19
DIATSA_LOCUS12556,0,0,0,0,0,0
DIATSA_LOCUS12557,12,25,23,27,64,71
DIATSA_LOCUS12558,48,101,104,33,87,87
DIATSA_LOCUS12559,0,2,2,0,0,0
DIATSA_LOCUS1256,73,160,168,43,93,99
DIATSA_LOCUS12560,0,0,0,1,2,2
DIATSA_LOCUS12561,78,176,182,64,132,136
DIATSA_LOCUS12562,38,65,66,28,55,59
DIATSA_LOCUS12563,188,356,367,74,142,147
DIATSA_LOCUS12564,23,55,56,5,11,13
DIATSA_LOCUS12565,2,2,2,4,4,4
DIATSA_LOCUS12566,0,2,2,3,3,3
DIATSA_LOCUS12567,3,4,4,2,4,4
DIATSA_LOCUS12568,79,178,181,25,51,53
DIATSA_LOCUS12569,153,291,306,56,114,120
DIATSA_LOCUS1257,2,4,4,5,10,10
DIATSA_LOCUS12570,205,354,363,182,347,356
DIATSA_LOCUS12571,25,48,50,6,15,16
DIATSA_LOCUS12572,25,39,40,12,26,27
DIATSA_LOCUS12573,62,112,116,54,93,96
DIATSA_LOCUS12574,0,0,0,0,0,0
DIATSA_LOCUS12575,227,468,496,107,207,211
DIATSA_LOCUS12576,57,101,104,23,49,48
DIATSA_LOCUS12577,0,2,2,2,5,6
DIATSA_LOCUS12578,22,49,51,13,25,26
DIATSA_LOCUS12579,1,1,1,0,0,0
DIATSA_LOCUS1258,197,409,418,189,370,380
DIATSA_LOCUS12580,46,93,97,40,82,83
DIATSA_LOCUS12581,304,666,695,365,727,757
DIATSA_LOCUS12582,48,98,99,26,47,47
DIATSA_LOCUS12583,31,75,74,41,91,96
DIATSA_LOCUS12584,69,132,138,68,124,132
DIATSA_LOCUS12585,0,0,0,0,0,0
DIATSA_LOCUS12586,1,2,2,2,3,3
DIATSA_LOCUS12587,1,2,2,0,0,0
DIATSA_LOCUS12588,21,44,43,13,32,32
DIATSA_LOCUS12589,69,150,158,103,168,173
DIATSA_LOCUS1259,76,94,93,78,88,89
DIATSA_LOCUS12590,1444,2858,2947,1423,2875,2983
DIATSA_LOCUS12591,159,261,270,147,252,267
DIATSA_LOCUS12592,10,20,20,27,47,48
DIATSA_LOCUS12593,18,23,23,20,44,49
DIATSA_LOCUS12594,26,46,47,5,12,12
DIATSA_LOCUS12595,112,229,243,111,214,222
DIATSA_LOCUS12596,8,11,11,11,18,18
DIATSA_LOCUS12597,45,80,81,58,107,109
DIATSA_LOCUS12598,9,11,11,4,11,11
DIATSA_LOCUS12599,81,158,163,22,52,57
DIATSA_LOCUS126,0,6,7,0,0,0
DIATSA_LOCUS1260,0,0,0,0,0,0
DIATSA_LOCUS12600,40,61,61,35,77,81
DIATSA_LOCUS12601,92,177,177,43,88,93
DIATSA_LOCUS12602,362,656,678,144,309,314
DIATSA_LOCUS12603,126,217,230,50,89,91
DIATSA_LOCUS12604,38,68,68,31,63,66
DIATSA_LOCUS12605,140,298,314,190,440,455
DIATSA_LOCUS12606,238,422,435,271,466,482
DIATSA_LOCUS12607,1,2,2,1,2,2
DIATSA_LOCUS12608,8,21,21,0,1,1
DIATSA_LOCUS12609,13,34,35,5,6,7
DIATSA_LOCUS1261,3,5,5,2,3,3
DIATSA_LOCUS12610,4,8,8,0,1,1
DIATSA_LOCUS12611,4,9,10,0,0,1
DIATSA_LOCUS12612,7,11,14,0,4,4
DIATSA_LOCUS12613,666,1333,1380,298,625,654
DIATSA_LOCUS12614,253,594,621,214,448,462
DIATSA_LOCUS12615,8796,14354,14878,16099,25294,26247
DIATSA_LOCUS12616,94,167,175,46,87,87
DIATSA_LOCUS12617,129,217,224,88,174,183
DIATSA_LOCUS12618,0,0,0,0,0,0
DIATSA_LOCUS12619,0,2,2,0,0,0
DIATSA_LOCUS1262,187,376,382,172,345,356
DIATSA_LOCUS12620,15,32,34,8,15,15
DIATSA_LOCUS12621,81,137,142,51,87,92
DIATSA_LOCUS12622,2782,4889,5027,3356,5828,6042
DIATSA_LOCUS12623,3,8,8,4,5,5
DIATSA_LOCUS12624,390,842,875,231,538,560
DIATSA_LOCUS12625,3,9,9,5,7,7
DIATSA_LOCUS12626,72,140,142,25,58,59
DIATSA_LOCUS12627,11,19,19,5,18,19
DIATSA_LOCUS12628,366,652,679,195,350,376
DIATSA_LOCUS12629,74,123,125,83,139,142
DIATSA_LOCUS1263,566,943,964,651,1055,1086
DIATSA_LOCUS12630,1,24,25,5,22,22
DIATSA_LOCUS12631,3,2,2,1,1,1
DIATSA_LOCUS12632,3129,6615,6900,3555,7839,8223
DIATSA_LOCUS12633,16,23,23,9,11,12
DIATSA_LOCUS12634,614,945,976,457,746,765
DIATSA_LOCUS12635,1,1,1,1,1,1
DIATSA_LOCUS12636,9,15,16,3,5,5
DIATSA_LOCUS12637,79,125,132,59,115,122
DIATSA_LOCUS12638,61,128,132,47,100,105
DIATSA_LOCUS12639,0,0,0,2,2,3
DIATSA_LOCUS1264,88,171,171,73,152,153
DIATSA_LOCUS12640,1592,2587,2670,1455,2683,2778
DIATSA_LOCUS12641,22,50,53,16,27,28
DIATSA_LOCUS12642,102875,201706,209634,107086,223758,232301
DIATSA_LOCUS12643,2,3,3,0,1,1
DIATSA_LOCUS12644,0,3,3,0,0,0
DIATSA_LOCUS12645,62,147,157,39,91,99
DIATSA_LOCUS12646,1699,2872,2953,2030,3491,3603
DIATSA_LOCUS12647,14,29,32,14,27,27
DIATSA_LOCUS12648,107,203,208,80,139,150
DIATSA_LOCUS12649,2011,3687,3888,1023,1957,2039
DIATSA_LOCUS1265,171,314,323,150,282,288
DIATSA_LOCUS12650,784,1247,1313,214,366,376
DIATSA_LOCUS12651,9,15,16,12,27,26
DIATSA_LOCUS12652,530,947,976,384,728,757
DIATSA_LOCUS12653,929,1677,1729,805,1437,1483
DIATSA_LOCUS12654,41,73,74,14,31,30
DIATSA_LOCUS12655,7,11,11,2,5,5
DIATSA_LOCUS12656,47,93,93,22,41,44
DIATSA_LOCUS12657,0,0,0,0,0,0
DIATSA_LOCUS12658,6,10,10,3,5,5
DIATSA_LOCUS12659,11,29,29,7,33,33
DIATSA_LOCUS1266,115,189,194,55,95,100
DIATSA_LOCUS12660,3,12,12,8,15,15
DIATSA_LOCUS12661,398,710,740,221,388,398
DIATSA_LOCUS12662,51,119,119,41,69,73
DIATSA_LOCUS12663,0,0,0,0,0,0
DIATSA_LOCUS12664,144,207,218,43,69,72
DIATSA_LOCUS12665,21,35,35,9,12,13
DIATSA_LOCUS12666,55,126,136,8,20,22
DIATSA_LOCUS12667,102,170,173,51,95,95
DIATSA_LOCUS12668,1,1,1,1,0,0
DIATSA_LOCUS12669,0,0,0,1,3,3
DIATSA_LOCUS1267,31,55,56,19,40,42
DIATSA_LOCUS12670,3,8,10,9,16,17
DIATSA_LOCUS12671,0,0,0,1,1,1
DIATSA_LOCUS12672,111,234,241,51,137,141
DIATSA_LOCUS12673,0,0,0,0,0,0
DIATSA_LOCUS12674,0,0,0,0,0,0
DIATSA_LOCUS12675,22,63,63,37,80,81
DIATSA_LOCUS12676,450,812,853,470,818,849
DIATSA_LOCUS12677,25,49,52,29,58,56
DIATSA_LOCUS12678,4,7,8,0,0,0
DIATSA_LOCUS12679,2005,5485,5712,1717,4470,4690
DIATSA_LOCUS1268,327,695,714,365,730,761
DIATSA_LOCUS12680,5568,10101,10416,6276,9105,9395
DIATSA_LOCUS12681,3052,6522,6707,1307,3737,3845
DIATSA_LOCUS12682,0,0,0,0,0,0
DIATSA_LOCUS12683,0,0,0,1,1,1
DIATSA_LOCUS12684,0,0,0,0,0,0
DIATSA_LOCUS12685,18,9,10,10,14,14
DIATSA_LOCUS12686,130,253,255,33,68,73
DIATSA_LOCUS12687,8,21,21,5,15,18
DIATSA_LOCUS12688,0,0,1,0,0,0
DIATSA_LOCUS12689,1,1,1,0,2,2
DIATSA_LOCUS1269,72,166,171,85,190,192
DIATSA_LOCUS12690,36,58,60,23,40,39
DIATSA_LOCUS12691,0,0,0,0,0,0
DIATSA_LOCUS12692,0,1,1,0,0,0
DIATSA_LOCUS12693,25,46,46,44,76,80
DIATSA_LOCUS12694,0,0,0,0,0,0
DIATSA_LOCUS12695,0,0,0,0,0,0
DIATSA_LOCUS12696,0,0,0,0,0,0
DIATSA_LOCUS12697,11,17,18,9,15,18
DIATSA_LOCUS12698,3,5,6,4,7,8
DIATSA_LOCUS12699,11,21,22,0,4,3
DIATSA_LOCUS127,3,8,8,13,18,19
DIATSA_LOCUS1270,131,271,279,152,285,290
DIATSA_LOCUS12700,3,4,4,4,11,11
DIATSA_LOCUS12701,14,21,23,7,7,7
DIATSA_LOCUS12702,491,859,888,592,1078,1111
DIATSA_LOCUS12703,211,353,360,268,477,499
DIATSA_LOCUS12704,23,52,55,12,29,29
DIATSA_LOCUS12705,2,2,2,1,3,4
DIATSA_LOCUS12706,3,3,6,1,3,5
DIATSA_LOCUS12707,11,21,23,5,22,24
DIATSA_LOCUS12708,0,2,2,1,0,0
DIATSA_LOCUS12709,13,22,24,14,20,20
DIATSA_LOCUS1271,108,171,178,105,175,182
DIATSA_LOCUS12710,65,147,158,43,83,88
DIATSA_LOCUS12711,223,388,397,207,379,390
DIATSA_LOCUS12712,27,66,67,70,142,143
DIATSA_LOCUS12713,26,50,52,11,22,24
DIATSA_LOCUS12714,0,0,0,0,0,0
DIATSA_LOCUS12715,0,1,1,2,0,0
DIATSA_LOCUS12716,126,206,209,146,231,238
DIATSA_LOCUS12717,128,278,283,90,192,194
DIATSA_LOCUS12718,198,374,379,236,491,487
DIATSA_LOCUS12719,2,4,5,1,4,4
DIATSA_LOCUS1272,5,9,9,19,29,28
DIATSA_LOCUS12720,0,0,0,0,0,0
DIATSA_LOCUS12721,273,490,501,232,438,455
DIATSA_LOCUS12722,0,0,0,0,0,0
DIATSA_LOCUS12723,47,92,91,16,24,24
DIATSA_LOCUS12724,0,1,2,0,0,0
DIATSA_LOCUS12725,34,59,60,20,30,32
DIATSA_LOCUS12726,70,152,157,51,119,125
DIATSA_LOCUS12727,0,0,0,0,0,0
DIATSA_LOCUS12728,5,10,10,3,4,4
DIATSA_LOCUS12729,10,14,13,19,31,30
DIATSA_LOCUS1273,0,2,3,11,17,16
DIATSA_LOCUS12730,28,52,52,32,68,72
DIATSA_LOCUS12731,0,0,1,0,0,0
DIATSA_LOCUS12732,4,7,6,4,3,3
DIATSA_LOCUS12733,61,82,84,72,103,105
DIATSA_LOCUS12734,177,409,427,69,173,180
DIATSA_LOCUS12735,0,0,0,0,0,0
DIATSA_LOCUS12736,31,64,67,47,82,90
DIATSA_LOCUS12737,62,131,136,36,74,75
DIATSA_LOCUS12738,94,192,201,83,154,161
DIATSA_LOCUS12739,27,63,64,18,37,38
DIATSA_LOCUS1274,22,46,49,8,18,19
DIATSA_LOCUS12740,0,0,0,0,0,0
DIATSA_LOCUS12741,18,40,44,8,22,24
DIATSA_LOCUS12742,0,0,0,0,0,0
DIATSA_LOCUS12743,3,4,5,0,1,1
DIATSA_LOCUS12744,25,36,37,8,25,24
DIATSA_LOCUS12745,307,793,813,308,757,798
DIATSA_LOCUS12746,25,32,32,3,9,11
DIATSA_LOCUS12747,0,0,0,3,3,3
DIATSA_LOCUS12748,0,5,5,2,1,1
DIATSA_LOCUS12749,412,802,823,503,952,990
DIATSA_LOCUS1275,84,161,164,35,60,63
DIATSA_LOCUS12750,93,151,153,27,45,48
DIATSA_LOCUS12751,3803,8744,9109,5834,12271,12780
DIATSA_LOCUS12752,28,68,68,39,80,83
DIATSA_LOCUS12753,1527,2751,2866,1655,2982,3099
DIATSA_LOCUS12754,64491,108606,112681,56980,101109,105164
DIATSA_LOCUS12755,121,203,210,87,147,148
DIATSA_LOCUS12756,0,0,0,0,0,0
DIATSA_LOCUS12757,2,4,4,1,1,1
DIATSA_LOCUS12758,0,0,0,0,0,0
DIATSA_LOCUS12759,4,8,8,4,6,6
DIATSA_LOCUS1276,126,197,205,59,95,103
DIATSA_LOCUS12760,0,0,0,0,0,0
DIATSA_LOCUS12761,2,3,3,0,3,4
DIATSA_LOCUS12762,11,20,20,5,9,9
DIATSA_LOCUS12763,1,2,2,3,3,3
DIATSA_LOCUS12764,62,139,151,77,149,161
DIATSA_LOCUS12765,4,8,10,7,8,8
DIATSA_LOCUS12766,16,34,36,5,9,9
DIATSA_LOCUS12767,37,65,68,4,9,9
DIATSA_LOCUS12768,0,1,1,2,2,2
DIATSA_LOCUS12769,200,390,413,138,287,301
DIATSA_LOCUS1277,16,41,43,20,48,48
DIATSA_LOCUS12770,0,0,0,1,1,1
DIATSA_LOCUS12771,0,0,0,0,1,1
DIATSA_LOCUS12772,92,230,238,23,39,41
DIATSA_LOCUS12773,709,1462,1562,735,1575,1659
DIATSA_LOCUS12774,1,2,2,0,0,0
DIATSA_LOCUS12775,0,0,0,0,0,0
DIATSA_LOCUS12776,127,224,237,51,95,98
DIATSA_LOCUS12777,0,0,0,0,0,0
DIATSA_LOCUS12778,29,36,39,19,56,57
DIATSA_LOCUS12779,1,4,5,0,4,4
DIATSA_LOCUS1278,42,78,80,34,61,62
DIATSA_LOCUS12780,1,2,2,0,1,1
DIATSA_LOCUS12781,0,0,0,0,0,0
DIATSA_LOCUS12782,0,0,0,0,0,0
DIATSA_LOCUS12783,40,71,75,19,40,43
DIATSA_LOCUS12784,10,23,24,15,25,26
DIATSA_LOCUS12785,24,52,55,13,19,20
DIATSA_LOCUS12786,10,10,10,7,9,9
DIATSA_LOCUS12787,12,16,16,5,11,11
DIATSA_LOCUS12788,3,4,6,0,0,0
DIATSA_LOCUS12789,126,207,218,117,222,237
DIATSA_LOCUS1279,112,213,219,108,208,218
DIATSA_LOCUS12790,75,137,143,24,54,54
DIATSA_LOCUS12791,8,10,11,2,6,6
DIATSA_LOCUS12792,745,1430,1491,890,1630,1690
DIATSA_LOCUS12793,0,0,0,0,0,0
DIATSA_LOCUS12794,0,0,0,0,0,0
DIATSA_LOCUS12795,0,1,1,0,2,2
DIATSA_LOCUS12796,4,8,8,1,1,1
DIATSA_LOCUS12797,84,164,170,139,278,288
DIATSA_LOCUS12798,301,581,600,414,776,802
DIATSA_LOCUS12799,0,6,6,1,4,5
DIATSA_LOCUS128,8,15,15,11,17,19
DIATSA_LOCUS1280,126,198,202,153,264,271
DIATSA_LOCUS12800,86,132,162,19,29,29
DIATSA_LOCUS12801,267,523,542,407,775,804
DIATSA_LOCUS12802,181,372,388,171,354,365
DIATSA_LOCUS12803,5510,12433,12858,8152,17465,18048
DIATSA_LOCUS12804,54,92,96,25,47,49
DIATSA_LOCUS12805,10,15,17,14,25,27
DIATSA_LOCUS12806,10,14,15,1,5,5
DIATSA_LOCUS12807,0,1,1,0,0,1
DIATSA_LOCUS12808,1,2,2,0,0,0
DIATSA_LOCUS12809,0,0,0,0,0,0
DIATSA_LOCUS1281,381,753,772,229,457,469
DIATSA_LOCUS12810,0,0,0,0,0,0
DIATSA_LOCUS12811,1860,3436,3546,1722,3472,3594
DIATSA_LOCUS12812,46,79,83,30,78,81
DIATSA_LOCUS12813,1,2,3,0,0,0
DIATSA_LOCUS12814,479,885,913,652,1231,1291
DIATSA_LOCUS12815,163,257,269,74,127,128
DIATSA_LOCUS12816,22,42,42,28,53,53
DIATSA_LOCUS12817,368,705,731,293,588,610
DIATSA_LOCUS12818,77,130,136,26,42,44
DIATSA_LOCUS12819,0,0,0,0,0,0
DIATSA_LOCUS1282,34,57,58,5,10,10
DIATSA_LOCUS12820,37,83,90,35,69,73
DIATSA_LOCUS12821,19,44,48,19,44,45
DIATSA_LOCUS12822,2,6,6,0,1,1
DIATSA_LOCUS12823,4,7,7,3,11,11
DIATSA_LOCUS12824,0,0,0,0,0,0
DIATSA_LOCUS12825,34,70,73,28,59,59
DIATSA_LOCUS12826,12,25,26,11,14,14
DIATSA_LOCUS12827,10,24,24,14,27,27
DIATSA_LOCUS12828,332,571,600,280,435,460
DIATSA_LOCUS12829,0,0,0,0,0,0
DIATSA_LOCUS1283,6,9,9,3,7,8
DIATSA_LOCUS12830,44,87,88,21,49,53
DIATSA_LOCUS12831,6,11,10,2,7,7
DIATSA_LOCUS12832,348,550,563,216,362,374
DIATSA_LOCUS12833,108,290,303,67,182,190
DIATSA_LOCUS12834,20,84,87,22,157,170
DIATSA_LOCUS12835,4093,6940,7206,2980,5610,5855
DIATSA_LOCUS12836,42,109,113,64,153,156
DIATSA_LOCUS12837,71,138,141,37,92,96
DIATSA_LOCUS12838,202,446,456,270,601,630
DIATSA_LOCUS12839,3,6,8,0,4,4
DIATSA_LOCUS1284,189,356,367,80,138,139
DIATSA_LOCUS12840,3,4,4,1,2,2
DIATSA_LOCUS12841,4241,6418,6689,3838,6345,6637
DIATSA_LOCUS12842,138,198,190,182,281,280
DIATSA_LOCUS12843,79,124,130,239,462,474
DIATSA_LOCUS12844,386,717,739,380,845,882
DIATSA_LOCUS12845,48,104,107,66,138,144
DIATSA_LOCUS12846,68,132,137,34,67,68
DIATSA_LOCUS12847,322,538,570,337,593,630
DIATSA_LOCUS12848,51,114,123,62,136,148
DIATSA_LOCUS12849,5,9,10,2,2,2
DIATSA_LOCUS1285,217,434,448,142,299,312
DIATSA_LOCUS12850,17,28,31,8,18,18
DIATSA_LOCUS12851,385,681,709,235,404,416
DIATSA_LOCUS12852,48,125,127,39,97,98
DIATSA_LOCUS12853,0,0,0,0,0,0
DIATSA_LOCUS12854,365,797,842,225,483,498
DIATSA_LOCUS12855,7,20,22,6,11,12
DIATSA_LOCUS12856,113,211,222,142,280,281
DIATSA_LOCUS12857,92,175,181,88,196,201
DIATSA_LOCUS12858,104,193,200,44,107,112
DIATSA_LOCUS12859,41,75,77,19,29,31
DIATSA_LOCUS1286,238,460,477,199,362,385
DIATSA_LOCUS12860,0,0,0,0,0,0
DIATSA_LOCUS12861,0,0,0,0,0,0
DIATSA_LOCUS12862,0,0,0,0,0,0
DIATSA_LOCUS12863,12,22,24,4,9,10
DIATSA_LOCUS12864,0,0,0,0,0,0
DIATSA_LOCUS12865,1,1,1,2,2,2
DIATSA_LOCUS12866,17727,31593,32709,19346,34991,36125
DIATSA_LOCUS12867,5,6,5,5,5,5
DIATSA_LOCUS12868,31,61,68,32,54,56
DIATSA_LOCUS12869,147,346,354,29,85,85
DIATSA_LOCUS1287,532,1123,1184,453,926,964
DIATSA_LOCUS12870,39,85,87,28,61,65
DIATSA_LOCUS12871,0,0,0,0,0,0
DIATSA_LOCUS12872,18,24,24,13,22,21
DIATSA_LOCUS12873,15,37,38,12,31,31
DIATSA_LOCUS12874,30,66,70,45,106,107
DIATSA_LOCUS12875,53,125,127,51,120,123
DIATSA_LOCUS12876,331,668,700,121,243,258
DIATSA_LOCUS12877,0,0,0,0,0,0
DIATSA_LOCUS12878,93,183,189,91,216,226
DIATSA_LOCUS12879,501,869,912,383,760,804
DIATSA_LOCUS1288,74,136,138,56,100,105
DIATSA_LOCUS12880,1,1,1,0,0,0
DIATSA_LOCUS12881,48,114,115,52,104,105
DIATSA_LOCUS12882,3,5,5,3,4,4
DIATSA_LOCUS12883,0,0,0,0,0,0
DIATSA_LOCUS12884,50,89,93,65,124,131
DIATSA_LOCUS12885,683,1214,1253,619,1094,1119
DIATSA_LOCUS12886,228,468,484,190,423,441
DIATSA_LOCUS12887,174,380,391,117,252,259
DIATSA_LOCUS12888,15759,27679,28716,14015,25046,26011
DIATSA_LOCUS12889,75,142,142,49,122,128
DIATSA_LOCUS1289,53,103,104,93,156,156
DIATSA_LOCUS12890,1563,3564,3809,1666,3814,4089
DIATSA_LOCUS12891,701,1452,1497,548,1099,1149
DIATSA_LOCUS12892,221,392,407,145,305,317
DIATSA_LOCUS12893,158,291,300,173,326,333
DIATSA_LOCUS12894,38,95,99,33,106,111
DIATSA_LOCUS12895,0,0,0,0,0,0
DIATSA_LOCUS12896,0,1,1,0,1,1
DIATSA_LOCUS12897,3,4,4,0,2,2
DIATSA_LOCUS12898,36,70,76,9,23,24
DIATSA_LOCUS12899,0,4,5,2,5,5
DIATSA_LOCUS129,165,284,293,111,188,194
DIATSA_LOCUS1290,84,146,146,69,155,157
DIATSA_LOCUS12900,3,7,7,4,10,10
DIATSA_LOCUS12901,3,5,5,0,0,0
DIATSA_LOCUS12902,10,23,24,1,6,6
DIATSA_LOCUS12903,29,57,60,22,41,41
DIATSA_LOCUS12904,27,66,69,35,73,76
DIATSA_LOCUS12905,595,1123,1162,1324,2680,2758
DIATSA_LOCUS12906,0,0,0,0,0,0
DIATSA_LOCUS12907,0,0,0,0,2,2
DIATSA_LOCUS12908,0,0,0,0,1,1
DIATSA_LOCUS12909,202,430,430,341,797,800
DIATSA_LOCUS1291,235,474,493,364,643,656
DIATSA_LOCUS12910,51,86,91,6,18,19
DIATSA_LOCUS12911,6,5,5,3,5,5
DIATSA_LOCUS12912,7,9,9,11,19,19
DIATSA_LOCUS12913,52,101,106,13,32,32
DIATSA_LOCUS12914,30,53,56,31,63,72
DIATSA_LOCUS12915,848,1608,1658,818,1538,1587
DIATSA_LOCUS12916,150,288,295,310,616,637
DIATSA_LOCUS12917,31,55,57,20,62,67
DIATSA_LOCUS12918,23,51,51,15,34,35
DIATSA_LOCUS12919,140,248,259,98,161,167
DIATSA_LOCUS1292,387,849,871,290,754,779
DIATSA_LOCUS12920,21,40,44,16,27,27
DIATSA_LOCUS12921,23,51,51,14,25,28
DIATSA_LOCUS12922,355,643,659,355,628,656
DIATSA_LOCUS12923,6,8,8,16,34,39
DIATSA_LOCUS12924,112,190,195,173,277,282
DIATSA_LOCUS12925,175,300,309,61,110,117
DIATSA_LOCUS12926,9,19,20,19,37,38
DIATSA_LOCUS12927,34,72,77,13,34,34
DIATSA_LOCUS12928,13,27,27,8,23,25
DIATSA_LOCUS12929,520,1071,1120,612,1327,1376
DIATSA_LOCUS1293,7380,14362,14833,12253,24118,24991
DIATSA_LOCUS12930,2,5,5,8,11,11
DIATSA_LOCUS12931,11,30,31,2,12,12
DIATSA_LOCUS12932,70,116,118,40,60,66
DIATSA_LOCUS12933,0,0,0,3,0,4
DIATSA_LOCUS12934,36,74,75,19,33,36
DIATSA_LOCUS12935,295,612,638,412,837,876
DIATSA_LOCUS12936,559,1003,1042,463,867,894
DIATSA_LOCUS12937,378,716,740,229,453,478
DIATSA_LOCUS12938,76,152,158,28,52,54
DIATSA_LOCUS12939,534,1016,1053,508,1117,1163
DIATSA_LOCUS1294,98,183,189,57,136,138
DIATSA_LOCUS12940,25,49,54,12,16,17
DIATSA_LOCUS12941,4,11,11,12,18,20
DIATSA_LOCUS12942,0,0,0,1,3,3
DIATSA_LOCUS12943,0,0,0,0,0,0
DIATSA_LOCUS12944,0,0,0,0,0,0
DIATSA_LOCUS12945,15,28,30,9,21,21
DIATSA_LOCUS12946,92,228,236,109,271,275
DIATSA_LOCUS12947,79,141,147,31,80,80
DIATSA_LOCUS12948,33,67,72,17,38,39
DIATSA_LOCUS12949,65,118,121,73,138,140
DIATSA_LOCUS1295,0,0,0,0,0,0
DIATSA_LOCUS12950,97,182,187,158,277,290
DIATSA_LOCUS12951,22,76,77,16,35,36
DIATSA_LOCUS12952,19,33,35,18,28,28
DIATSA_LOCUS12953,15,29,30,6,12,12
DIATSA_LOCUS12954,557,1117,1171,312,639,676
DIATSA_LOCUS12955,3,3,3,5,10,9
DIATSA_LOCUS12956,0,0,0,1,1,1
DIATSA_LOCUS12957,230,409,444,200,333,343
DIATSA_LOCUS12958,0,0,0,0,0,0
DIATSA_LOCUS12959,0,0,0,0,0,0
DIATSA_LOCUS1296,0,0,0,1,1,1
DIATSA_LOCUS12960,0,0,0,0,0,0
DIATSA_LOCUS12961,22,32,33,7,10,11
DIATSA_LOCUS12962,9,23,23,10,25,25
DIATSA_LOCUS12963,1227,2117,2192,1165,2141,2210
DIATSA_LOCUS12964,24,57,57,14,39,40
DIATSA_LOCUS12965,299,560,577,145,315,331
DIATSA_LOCUS12966,84,215,231,94,234,261
DIATSA_LOCUS12967,1,1,1,1,1,1
DIATSA_LOCUS12968,11,19,19,3,6,6
DIATSA_LOCUS12969,14,25,26,12,19,19
DIATSA_LOCUS1297,36,77,81,11,31,34
DIATSA_LOCUS12970,1530,2711,2807,1703,2964,3093
DIATSA_LOCUS12971,22,38,39,27,43,44
DIATSA_LOCUS12972,154,323,334,153,304,315
DIATSA_LOCUS12973,52,94,96,27,72,74
DIATSA_LOCUS12974,7,8,8,0,0,0
DIATSA_LOCUS12975,0,0,0,0,0,0
DIATSA_LOCUS12976,367,710,751,319,665,692
DIATSA_LOCUS12977,28,67,70,28,55,56
DIATSA_LOCUS12978,140,237,244,143,285,295
DIATSA_LOCUS12979,15,30,32,3,9,9
DIATSA_LOCUS1298,28,72,76,39,99,106
DIATSA_LOCUS12980,11,17,17,2,10,10
DIATSA_LOCUS12981,5,12,10,6,13,13
DIATSA_LOCUS12982,36,60,62,10,17,17
DIATSA_LOCUS12983,146,280,292,201,339,348
DIATSA_LOCUS12984,27,40,41,26,47,48
DIATSA_LOCUS12985,104,206,215,61,113,116
DIATSA_LOCUS12986,1,2,2,2,1,1
DIATSA_LOCUS12987,4,7,7,0,0,0
DIATSA_LOCUS12988,10,19,20,5,14,14
DIATSA_LOCUS12989,73,138,143,61,128,136
DIATSA_LOCUS1299,0,0,0,0,0,0
DIATSA_LOCUS12990,592,1163,1197,807,1623,1691
DIATSA_LOCUS12991,56,103,105,20,50,52
DIATSA_LOCUS12992,39,55,57,32,61,62
DIATSA_LOCUS12993,4,10,10,8,19,20
DIATSA_LOCUS12994,1,3,4,3,2,2
DIATSA_LOCUS12995,161,270,281,97,161,165
DIATSA_LOCUS12996,1,4,4,0,0,0
DIATSA_LOCUS12997,0,0,0,0,0,0
DIATSA_LOCUS12998,7,10,11,5,17,18
DIATSA_LOCUS12999,76,160,165,86,155,161
DIATSA_LOCUS13,327,630,653,319,651,676
DIATSA_LOCUS130,0,1,2,3,3,3
DIATSA_LOCUS1300,182,352,359,53,116,119
DIATSA_LOCUS13000,118,204,211,61,115,120
DIATSA_LOCUS13001,30,60,65,22,32,33
DIATSA_LOCUS13002,0,0,0,0,0,0
DIATSA_LOCUS13003,64,104,108,37,77,82
DIATSA_LOCUS13004,0,0,0,0,0,0
DIATSA_LOCUS13005,62,133,134,37,94,99
DIATSA_LOCUS13006,73,163,165,100,220,233
DIATSA_LOCUS13007,51,99,102,23,54,55
DIATSA_LOCUS13008,61,132,135,94,190,196
DIATSA_LOCUS13009,1361,2464,2550,1564,2848,2938
DIATSA_LOCUS1301,661,1364,1421,511,1087,1116
DIATSA_LOCUS13010,0,0,0,0,0,0
DIATSA_LOCUS13011,93,295,305,134,371,385
DIATSA_LOCUS13012,41,77,79,24,50,50
DIATSA_LOCUS13013,1,2,2,0,1,2
DIATSA_LOCUS13014,0,0,0,0,0,0
DIATSA_LOCUS13015,110,186,193,35,61,62
DIATSA_LOCUS13016,0,0,0,0,0,0
DIATSA_LOCUS13017,3,5,5,0,0,0
DIATSA_LOCUS13018,0,0,0,0,0,0
DIATSA_LOCUS13019,3,5,6,5,7,7
DIATSA_LOCUS1302,13,16,16,7,15,15
DIATSA_LOCUS13020,0,0,0,0,0,0
DIATSA_LOCUS13021,0,0,0,0,0,0
DIATSA_LOCUS13022,30,61,59,26,55,56
DIATSA_LOCUS13023,54,99,101,8,14,14
DIATSA_LOCUS13024,62,135,144,59,117,120
DIATSA_LOCUS13025,0,0,2,0,1,1
DIATSA_LOCUS13026,0,0,0,0,0,0
DIATSA_LOCUS13027,50,107,111,47,86,92
DIATSA_LOCUS13028,236,537,559,185,454,472
DIATSA_LOCUS13029,7,10,10,0,4,5
DIATSA_LOCUS1303,0,0,0,0,0,0
DIATSA_LOCUS13030,143,252,258,167,311,325
DIATSA_LOCUS13031,71,123,130,85,170,178
DIATSA_LOCUS13032,13,40,43,4,19,19
DIATSA_LOCUS13033,86,161,167,93,174,180
DIATSA_LOCUS13034,0,0,0,0,0,0
DIATSA_LOCUS13035,6,9,9,0,0,0
DIATSA_LOCUS13036,1107,2101,2128,1844,3596,3659
DIATSA_LOCUS13037,0,0,0,0,0,0
DIATSA_LOCUS13038,9,19,21,17,36,40
DIATSA_LOCUS13039,0,0,0,0,1,1
DIATSA_LOCUS1304,0,0,0,0,0,0
DIATSA_LOCUS13040,0,0,0,0,0,0
DIATSA_LOCUS13041,11,28,27,16,32,34
DIATSA_LOCUS13042,57,129,133,93,218,219
DIATSA_LOCUS13043,1,9,9,3,11,16
DIATSA_LOCUS13044,43,78,56,102,208,167
DIATSA_LOCUS13045,126,189,195,118,179,187
DIATSA_LOCUS13046,1,2,2,3,5,6
DIATSA_LOCUS13047,396,1013,1024,929,2058,2109
DIATSA_LOCUS13048,16,27,27,8,19,20
DIATSA_LOCUS13049,1,1,1,0,2,2
DIATSA_LOCUS1305,1,1,1,0,1,1
DIATSA_LOCUS13050,0,0,1,0,0,0
DIATSA_LOCUS13051,34,61,63,32,65,68
DIATSA_LOCUS13052,33,70,69,60,112,104
DIATSA_LOCUS13053,1,2,2,0,0,0
DIATSA_LOCUS13054,0,5,7,6,10,10
DIATSA_LOCUS13055,0,0,0,0,0,0
DIATSA_LOCUS13056,5,6,8,5,18,19
DIATSA_LOCUS13057,2305,3863,3950,3061,6889,7096
DIATSA_LOCUS13058,91,200,200,105,174,178
DIATSA_LOCUS13059,150,314,321,130,288,293
DIATSA_LOCUS1306,0,0,0,0,0,0
DIATSA_LOCUS13060,3,10,10,2,9,10
DIATSA_LOCUS13061,0,0,0,0,0,0
DIATSA_LOCUS13062,42,66,69,5,9,9
DIATSA_LOCUS13063,873,1745,1795,979,1990,2040
DIATSA_LOCUS13064,341,534,554,456,696,713
DIATSA_LOCUS13065,486,1015,1048,742,1482,1540
DIATSA_LOCUS13066,0,0,0,0,0,0
DIATSA_LOCUS13067,45,71,72,17,31,32
DIATSA_LOCUS13068,23,40,44,7,11,13
DIATSA_LOCUS13069,1009,1901,1969,571,1112,1153
DIATSA_LOCUS1307,1,5,5,1,2,2
DIATSA_LOCUS13070,96,175,179,38,89,93
DIATSA_LOCUS13071,2,8,9,0,0,0
DIATSA_LOCUS13072,2,10,10,2,4,5
DIATSA_LOCUS13073,79,139,147,17,31,30
DIATSA_LOCUS13074,14,16,16,6,10,10
DIATSA_LOCUS13075,2,4,4,1,1,2
DIATSA_LOCUS13076,0,0,0,0,0,0
DIATSA_LOCUS13077,0,0,0,0,0,0
DIATSA_LOCUS13078,3,5,5,1,2,2
DIATSA_LOCUS13079,7,10,11,3,5,5
DIATSA_LOCUS1308,30,62,62,23,41,40
DIATSA_LOCUS13080,0,0,0,0,0,0
DIATSA_LOCUS13081,48,78,79,27,47,49
DIATSA_LOCUS13082,7,8,8,4,4,4
DIATSA_LOCUS13083,1,4,4,1,1,1
DIATSA_LOCUS13084,9,13,13,3,6,6
DIATSA_LOCUS13085,4,8,8,2,6,6
DIATSA_LOCUS13086,65,134,139,29,63,66
DIATSA_LOCUS13087,43,103,102,24,52,53
DIATSA_LOCUS13088,0,0,0,1,2,2
DIATSA_LOCUS13089,6,9,10,3,4,4
DIATSA_LOCUS1309,16,31,32,20,37,38
DIATSA_LOCUS13090,107,244,246,70,151,155
DIATSA_LOCUS13091,0,0,0,1,0,0
DIATSA_LOCUS13092,0,0,0,0,0,0
DIATSA_LOCUS13093,1,1,1,1,0,0
DIATSA_LOCUS13094,0,0,0,0,0,0
DIATSA_LOCUS13095,0,0,0,0,0,0
DIATSA_LOCUS13096,0,0,0,0,0,0
DIATSA_LOCUS13097,0,0,0,0,0,0
DIATSA_LOCUS13098,0,0,0,0,0,0
DIATSA_LOCUS13099,0,0,0,0,0,0
DIATSA_LOCUS131,779,1383,1430,504,911,941
DIATSA_LOCUS1310,382,644,661,387,598,618
DIATSA_LOCUS13100,0,0,0,0,0,0
DIATSA_LOCUS13101,0,0,0,0,0,0
DIATSA_LOCUS13102,0,0,0,0,0,0
DIATSA_LOCUS13103,0,0,0,0,0,0
DIATSA_LOCUS13104,0,0,0,0,0,0
DIATSA_LOCUS13105,0,0,0,0,0,0
DIATSA_LOCUS13106,7,12,12,1,1,1
DIATSA_LOCUS13107,78,120,122,76,123,124
DIATSA_LOCUS13108,27,61,64,22,43,42
DIATSA_LOCUS13109,0,1,1,1,1,1
DIATSA_LOCUS1311,16,36,39,16,30,31
DIATSA_LOCUS13110,0,0,0,0,1,1
DIATSA_LOCUS13111,238,455,467,297,582,601
DIATSA_LOCUS13112,0,0,0,0,0,0
DIATSA_LOCUS13113,23,38,40,13,25,26
DIATSA_LOCUS13114,32,74,76,43,105,106
DIATSA_LOCUS13115,7,10,11,9,18,17
DIATSA_LOCUS13116,29,46,49,9,17,21
DIATSA_LOCUS13117,44,76,80,18,44,47
DIATSA_LOCUS13118,60,110,113,27,61,62
DIATSA_LOCUS13119,11,39,41,25,58,62
DIATSA_LOCUS1312,104,189,193,83,165,168
DIATSA_LOCUS13120,16,33,35,23,42,43
DIATSA_LOCUS13121,231,529,551,267,464,485
DIATSA_LOCUS13122,84,167,168,123,240,252
DIATSA_LOCUS13123,38,93,96,28,68,67
DIATSA_LOCUS13124,7,10,10,4,7,6
DIATSA_LOCUS13125,78,132,134,59,126,129
DIATSA_LOCUS13126,10,22,23,10,15,17
DIATSA_LOCUS13127,157,364,377,106,256,261
DIATSA_LOCUS13128,471,827,856,367,617,615
DIATSA_LOCUS13129,0,0,0,0,3,3
DIATSA_LOCUS1313,614,1220,1258,303,621,642
DIATSA_LOCUS13130,0,1,1,3,7,6
DIATSA_LOCUS13131,14,24,25,13,17,17
DIATSA_LOCUS13132,122,244,250,78,259,271
DIATSA_LOCUS13133,0,0,0,0,0,0
DIATSA_LOCUS13134,39,62,65,15,30,32
DIATSA_LOCUS13135,148,270,274,86,152,154
DIATSA_LOCUS13136,53,80,81,48,86,87
DIATSA_LOCUS13137,14,31,35,5,10,11
DIATSA_LOCUS13138,9,9,9,3,3,3
DIATSA_LOCUS13139,2,2,2,0,0,0
DIATSA_LOCUS1314,195,344,353,211,395,411
DIATSA_LOCUS13140,45,81,84,32,58,58
DIATSA_LOCUS13141,41,68,73,25,68,71
DIATSA_LOCUS13142,9,21,20,9,16,16
DIATSA_LOCUS13143,0,1,1,0,0,0
DIATSA_LOCUS13144,1,1,1,0,0,0
DIATSA_LOCUS13145,4,4,4,2,7,7
DIATSA_LOCUS13146,0,0,0,0,0,0
DIATSA_LOCUS13147,43,78,81,13,25,25
DIATSA_LOCUS13148,908,1582,1628,723,1287,1335
DIATSA_LOCUS13149,0,0,0,0,0,0
DIATSA_LOCUS1315,148,318,328,211,441,456
DIATSA_LOCUS13150,11,18,18,6,16,16
DIATSA_LOCUS13151,3,5,5,4,7,7
DIATSA_LOCUS13152,165,302,303,100,236,245
DIATSA_LOCUS13153,1,3,3,2,6,5
DIATSA_LOCUS13154,0,0,0,0,0,0
DIATSA_LOCUS13155,0,0,0,0,15,15
DIATSA_LOCUS13156,0,0,0,0,1,1
DIATSA_LOCUS13157,0,0,0,3,3,3
DIATSA_LOCUS13158,0,0,0,0,0,0
DIATSA_LOCUS13159,74,163,186,16,67,73
DIATSA_LOCUS1316,66,148,155,81,175,181
DIATSA_LOCUS13160,21,34,33,6,14,14
DIATSA_LOCUS13161,6,13,13,2,3,3
DIATSA_LOCUS13162,163,386,387,164,442,442
DIATSA_LOCUS13163,209,474,510,230,488,527
DIATSA_LOCUS13164,82,171,142,70,145,140
DIATSA_LOCUS13165,37,56,61,26,62,64
DIATSA_LOCUS13166,28,63,63,11,22,22
DIATSA_LOCUS13167,15,29,32,23,37,37
DIATSA_LOCUS13168,0,0,0,0,0,0
DIATSA_LOCUS13169,51,82,80,33,54,53
DIATSA_LOCUS1317,16,46,48,8,20,20
DIATSA_LOCUS13170,8,19,19,6,11,11
DIATSA_LOCUS13171,268,632,666,133,318,339
DIATSA_LOCUS13172,108,172,179,126,242,252
DIATSA_LOCUS13173,653,1306,1390,709,1330,1398
DIATSA_LOCUS13174,10,14,14,3,4,4
DIATSA_LOCUS13175,5,14,16,2,3,3
DIATSA_LOCUS13176,0,0,0,0,0,0
DIATSA_LOCUS13177,1,2,2,1,1,1
DIATSA_LOCUS13178,3,5,5,1,1,1
DIATSA_LOCUS13179,37,91,91,30,84,87
DIATSA_LOCUS1318,60,93,96,85,127,133
DIATSA_LOCUS13180,72,122,130,26,36,38
DIATSA_LOCUS13181,117,212,221,49,74,77
DIATSA_LOCUS13182,44,59,63,31,45,45
DIATSA_LOCUS13183,1,4,4,0,0,0
DIATSA_LOCUS13184,1284,2036,2109,754,1165,1206
DIATSA_LOCUS13185,67,112,117,64,109,109
DIATSA_LOCUS13186,249,451,469,149,252,260
DIATSA_LOCUS13187,3,1,1,1,1,1
DIATSA_LOCUS13188,280,439,444,296,535,547
DIATSA_LOCUS13189,73,118,121,99,155,158
DIATSA_LOCUS1319,71,132,135,32,58,61
DIATSA_LOCUS13190,39,69,69,58,114,121
DIATSA_LOCUS13191,2,5,5,3,3,3
DIATSA_LOCUS13192,4,9,9,3,5,5
DIATSA_LOCUS13193,0,0,0,1,1,1
DIATSA_LOCUS13194,5,3,3,8,10,10
DIATSA_LOCUS13195,1,4,4,2,6,6
DIATSA_LOCUS13196,37,79,86,19,40,41
DIATSA_LOCUS13197,2,6,6,1,3,3
DIATSA_LOCUS13198,0,0,0,0,0,0
DIATSA_LOCUS13199,0,0,0,0,0,0
DIATSA_LOCUS132,42,115,123,48,126,135
DIATSA_LOCUS1320,0,1,1,0,1,1
DIATSA_LOCUS13200,265,612,636,237,552,564
DIATSA_LOCUS13201,3,4,4,5,7,7
DIATSA_LOCUS13202,4,11,10,4,14,11
DIATSA_LOCUS13203,9,15,15,15,25,23
DIATSA_LOCUS13204,0,0,0,0,0,3
DIATSA_LOCUS13205,10,20,23,1,2,2
DIATSA_LOCUS13206,0,1,1,0,0,0
DIATSA_LOCUS13207,7,9,9,1,6,6
DIATSA_LOCUS13208,9,11,11,13,14,13
DIATSA_LOCUS13209,260,605,633,299,637,663
DIATSA_LOCUS1321,4,7,7,1,2,2
DIATSA_LOCUS13210,6,16,16,8,14,15
DIATSA_LOCUS13211,55,92,98,29,58,58
DIATSA_LOCUS13212,0,0,0,0,0,0
DIATSA_LOCUS13213,8083,15008,16414,14426,28104,29950
DIATSA_LOCUS13214,52,100,105,23,58,62
DIATSA_LOCUS13215,32,65,68,21,45,46
DIATSA_LOCUS13216,133,278,282,153,293,308
DIATSA_LOCUS13217,35,69,71,24,37,39
DIATSA_LOCUS13218,110,238,249,164,315,333
DIATSA_LOCUS13219,25,36,37,25,32,33
DIATSA_LOCUS1322,262,587,616,215,462,482
DIATSA_LOCUS13220,14,34,35,15,33,33
DIATSA_LOCUS13221,1,1,1,3,4,5
DIATSA_LOCUS13222,0,0,0,2,2,2
DIATSA_LOCUS13223,7,17,17,6,10,10
DIATSA_LOCUS13224,0,0,0,0,0,0
DIATSA_LOCUS13225,0,0,0,0,0,0
DIATSA_LOCUS13226,0,0,0,0,0,0
DIATSA_LOCUS13227,0,0,0,0,0,0
DIATSA_LOCUS13228,0,0,0,0,0,0
DIATSA_LOCUS13229,0,0,0,0,0,0
DIATSA_LOCUS1323,1,2,2,2,2,2
DIATSA_LOCUS13230,115,210,218,97,206,216
DIATSA_LOCUS13231,0,0,0,0,0,0
DIATSA_LOCUS13232,60,114,114,45,70,72
DIATSA_LOCUS13233,23,37,38,12,19,22
DIATSA_LOCUS13234,1,0,1,1,1,1
DIATSA_LOCUS13235,1,1,1,0,0,0
DIATSA_LOCUS13236,0,0,0,0,0,0
DIATSA_LOCUS13237,54,84,89,42,75,78
DIATSA_LOCUS13238,0,0,0,0,0,0
DIATSA_LOCUS13239,21,44,46,28,59,59
DIATSA_LOCUS1324,62,123,126,31,62,62
DIATSA_LOCUS13240,229,436,458,169,362,378
DIATSA_LOCUS13241,129,267,282,268,586,605
DIATSA_LOCUS13242,98,175,182,58,116,127
DIATSA_LOCUS13243,157,343,361,86,188,193
DIATSA_LOCUS13244,0,2,2,2,2,2
DIATSA_LOCUS13245,0,0,0,0,0,0
DIATSA_LOCUS13246,52,84,91,11,13,14
DIATSA_LOCUS13247,0,0,0,0,1,0
DIATSA_LOCUS13248,0,0,0,0,1,1
DIATSA_LOCUS13249,722,1422,1471,437,964,992
DIATSA_LOCUS1325,361,687,715,377,676,706
DIATSA_LOCUS13250,1,4,4,1,6,6
DIATSA_LOCUS13251,0,0,0,0,0,0
DIATSA_LOCUS13252,52,98,100,17,31,35
DIATSA_LOCUS13253,1,3,3,1,2,2
DIATSA_LOCUS13254,6,11,12,9,14,14
DIATSA_LOCUS13255,40,74,80,29,59,63
DIATSA_LOCUS13256,23,30,32,10,23,25
DIATSA_LOCUS13257,210,421,442,165,356,375
DIATSA_LOCUS13258,536,936,965,237,401,422
DIATSA_LOCUS13259,122,173,174,105,154,156
DIATSA_LOCUS1326,25,34,37,57,95,98
DIATSA_LOCUS13260,121,220,226,38,71,77
DIATSA_LOCUS13261,0,0,0,0,0,0
DIATSA_LOCUS13262,9,13,13,1,1,2
DIATSA_LOCUS13263,2,5,5,0,3,3
DIATSA_LOCUS13264,14,29,32,2,4,4
DIATSA_LOCUS13265,0,0,0,0,0,0
DIATSA_LOCUS13266,5,8,9,4,6,6
DIATSA_LOCUS13267,11,21,22,9,16,16
DIATSA_LOCUS13268,11,19,21,4,7,7
DIATSA_LOCUS13269,4,9,10,9,10,11
DIATSA_LOCUS1327,57,84,85,56,75,76
DIATSA_LOCUS13270,13,22,23,3,11,11
DIATSA_LOCUS13271,783,1407,1458,691,1285,1338
DIATSA_LOCUS13272,25,47,49,41,64,66
DIATSA_LOCUS13273,5,13,12,10,19,18
DIATSA_LOCUS13274,7396,13332,13804,10699,19064,19626
DIATSA_LOCUS13275,8999,17842,18363,9544,19262,19849
DIATSA_LOCUS13276,21,43,47,37,80,86
DIATSA_LOCUS13277,8,11,11,11,23,23
DIATSA_LOCUS13278,4,10,10,12,13,13
DIATSA_LOCUS13279,114,209,216,47,81,87
DIATSA_LOCUS1328,0,0,0,0,0,0
DIATSA_LOCUS13280,97,170,169,138,268,284
DIATSA_LOCUS13281,13,24,27,5,10,10
DIATSA_LOCUS13282,2,2,2,1,0,0
DIATSA_LOCUS13283,1,1,1,5,5,5
DIATSA_LOCUS13284,0,0,1,1,1,1
DIATSA_LOCUS13285,86,148,152,41,73,78
DIATSA_LOCUS13286,1,2,2,0,1,1
DIATSA_LOCUS13287,0,1,1,1,2,2
DIATSA_LOCUS13288,3,6,6,16,21,23
DIATSA_LOCUS13289,1,1,1,0,0,0
DIATSA_LOCUS1329,222,402,414,225,409,422
DIATSA_LOCUS13290,1,4,5,2,1,1
DIATSA_LOCUS13291,0,0,0,0,0,0
DIATSA_LOCUS13292,46,83,86,23,36,37
DIATSA_LOCUS13293,8,12,16,13,25,25
DIATSA_LOCUS13294,1,1,1,0,0,0
DIATSA_LOCUS13295,41,77,82,18,30,30
DIATSA_LOCUS13296,278,678,712,221,544,573
DIATSA_LOCUS13297,24,39,40,20,26,26
DIATSA_LOCUS13298,39,89,94,10,33,35
DIATSA_LOCUS13299,0,0,0,0,0,0
DIATSA_LOCUS133,0,0,0,0,0,0
DIATSA_LOCUS1330,0,3,3,0,2,3
DIATSA_LOCUS13300,0,0,0,0,0,0
DIATSA_LOCUS13301,46,87,88,20,48,47
DIATSA_LOCUS13302,0,0,0,0,0,0
DIATSA_LOCUS13303,71,125,129,39,71,71
DIATSA_LOCUS13304,0,0,0,0,0,0
DIATSA_LOCUS13305,1,1,1,0,0,0
DIATSA_LOCUS13306,0,0,0,0,0,0
DIATSA_LOCUS13307,0,0,0,0,0,0
DIATSA_LOCUS13308,0,0,0,2,1,1
DIATSA_LOCUS13309,0,0,0,0,0,0
DIATSA_LOCUS1331,159,327,339,55,129,134
DIATSA_LOCUS13310,84,168,174,24,67,67
DIATSA_LOCUS13311,6,15,16,1,4,4
DIATSA_LOCUS13312,252,487,508,255,483,510
DIATSA_LOCUS13313,2540,4797,4991,1193,2454,2592
DIATSA_LOCUS13314,79,158,161,71,136,138
DIATSA_LOCUS13315,0,0,0,0,0,0
DIATSA_LOCUS13316,9,18,19,5,10,10
DIATSA_LOCUS13317,2284,3235,3300,3714,5479,5640
DIATSA_LOCUS13318,1862,3343,3457,2363,4524,4706
DIATSA_LOCUS13319,6,11,12,1,2,2
DIATSA_LOCUS1332,22,37,39,22,43,45
DIATSA_LOCUS13320,2,5,5,1,1,1
DIATSA_LOCUS13321,0,0,0,0,0,0
DIATSA_LOCUS13322,12,21,22,0,1,1
DIATSA_LOCUS13323,29,56,59,10,6,6
DIATSA_LOCUS13324,34,83,85,18,41,43
DIATSA_LOCUS13325,2,2,2,0,0,0
DIATSA_LOCUS13326,13,21,22,5,9,10
DIATSA_LOCUS13327,10072,18317,18993,4084,7419,7690
DIATSA_LOCUS13328,1359,2990,3091,242,562,585
DIATSA_LOCUS13329,51,87,93,55,106,111
DIATSA_LOCUS1333,0,0,0,0,0,0
DIATSA_LOCUS13330,195,390,402,87,159,165
DIATSA_LOCUS13331,98,181,190,46,69,75
DIATSA_LOCUS13332,0,0,0,0,0,0
DIATSA_LOCUS13333,0,0,0,0,0,0
DIATSA_LOCUS13334,279,483,506,409,737,762
DIATSA_LOCUS13335,0,0,0,0,0,0
DIATSA_LOCUS13336,2,2,2,0,0,0
DIATSA_LOCUS13337,2,64,68,6,99,119
DIATSA_LOCUS13338,123,197,204,264,447,465
DIATSA_LOCUS13339,4,16,15,15,22,22
DIATSA_LOCUS1334,18,40,41,7,13,13
DIATSA_LOCUS13340,57,107,117,70,151,162
DIATSA_LOCUS13341,238,673,681,436,1097,1129
DIATSA_LOCUS13342,229,458,469,128,308,315
DIATSA_LOCUS13343,117,200,209,40,94,97
DIATSA_LOCUS13344,67,135,141,29,57,61
DIATSA_LOCUS13345,4,7,7,11,23,23
DIATSA_LOCUS13346,50,89,94,60,103,105
DIATSA_LOCUS13347,7,19,20,2,8,8
DIATSA_LOCUS13348,10,21,22,2,7,7
DIATSA_LOCUS13349,2,7,7,1,3,4
DIATSA_LOCUS1335,4,8,8,7,6,8
DIATSA_LOCUS13350,10,19,19,6,10,10
DIATSA_LOCUS13351,11,18,20,5,7,7
DIATSA_LOCUS13352,0,0,1,0,0,0
DIATSA_LOCUS13353,1156,2350,2433,689,1537,1593
DIATSA_LOCUS13354,197,301,309,278,445,450
DIATSA_LOCUS13355,17,27,30,6,14,15
DIATSA_LOCUS13356,449,829,860,277,557,577
DIATSA_LOCUS13357,127,251,258,94,182,194
DIATSA_LOCUS13358,12,20,20,15,24,24
DIATSA_LOCUS13359,0,2,2,1,3,4
DIATSA_LOCUS1336,15,29,28,12,32,34
DIATSA_LOCUS13360,439,831,866,312,598,627
DIATSA_LOCUS13361,211,428,450,123,296,303
DIATSA_LOCUS13362,113,181,187,44,85,91
DIATSA_LOCUS13363,147,245,254,62,110,113
DIATSA_LOCUS13364,100,193,202,105,196,203
DIATSA_LOCUS13365,28,50,53,7,23,24
DIATSA_LOCUS13366,0,0,0,1,2,2
DIATSA_LOCUS13367,21,36,36,18,31,33
DIATSA_LOCUS13368,77,117,119,15,27,27
DIATSA_LOCUS13369,39,87,88,31,66,70
DIATSA_LOCUS1337,2,8,7,4,13,13
DIATSA_LOCUS13370,78,145,152,44,85,89
DIATSA_LOCUS13371,30,63,69,10,14,15
DIATSA_LOCUS13372,388,755,774,186,345,351
DIATSA_LOCUS13373,7,18,18,7,16,16
DIATSA_LOCUS13374,53,96,102,19,41,44
DIATSA_LOCUS13375,43,98,103,10,32,34
DIATSA_LOCUS13376,55,106,109,11,29,28
DIATSA_LOCUS13377,0,0,0,0,0,0
DIATSA_LOCUS13378,5,7,8,1,2,2
DIATSA_LOCUS13379,185,391,404,97,209,219
DIATSA_LOCUS1338,5,14,13,5,22,23
DIATSA_LOCUS13380,0,0,0,1,1,1
DIATSA_LOCUS13381,7,18,17,0,1,1
DIATSA_LOCUS13382,0,0,0,0,0,0
DIATSA_LOCUS13383,6,12,12,6,12,13
DIATSA_LOCUS13384,17,24,24,10,23,24
DIATSA_LOCUS13385,0,0,0,0,0,0
DIATSA_LOCUS13386,0,0,0,0,0,0
DIATSA_LOCUS13387,0,0,0,0,0,0
DIATSA_LOCUS13388,3,5,6,0,3,3
DIATSA_LOCUS13389,0,0,0,0,0,0
DIATSA_LOCUS1339,79,136,140,49,78,84
DIATSA_LOCUS13390,147,251,261,66,112,112
DIATSA_LOCUS13391,0,0,0,0,0,0
DIATSA_LOCUS13392,736,1213,1233,511,846,880
DIATSA_LOCUS13393,137,280,287,117,270,279
DIATSA_LOCUS13394,32,91,91,33,96,98
DIATSA_LOCUS13395,1,1,2,0,0,0
DIATSA_LOCUS13396,4,7,7,0,0,0
DIATSA_LOCUS13397,22,33,35,9,19,19
DIATSA_LOCUS13398,0,0,0,0,0,0
DIATSA_LOCUS13399,10,15,15,1,1,1
DIATSA_LOCUS134,0,0,0,2,2,2
DIATSA_LOCUS1340,51,104,108,24,47,48
DIATSA_LOCUS13400,29,50,52,35,74,68
DIATSA_LOCUS13401,7,15,15,4,8,9
DIATSA_LOCUS13402,9,18,17,0,5,5
DIATSA_LOCUS13403,3,7,7,3,4,4
DIATSA_LOCUS13404,60,120,123,26,70,74
DIATSA_LOCUS13405,49,97,98,13,23,23
DIATSA_LOCUS13406,542,1022,1070,596,1154,1218
DIATSA_LOCUS13407,8,31,31,22,46,49
DIATSA_LOCUS13408,11,24,23,4,6,6
DIATSA_LOCUS13409,40,91,95,15,26,29
DIATSA_LOCUS1341,225,524,547,241,602,629
DIATSA_LOCUS13410,8,17,17,6,7,8
DIATSA_LOCUS13411,391,718,736,200,415,427
DIATSA_LOCUS13412,0,0,0,0,0,0
DIATSA_LOCUS13413,19809,34030,35289,26082,44901,46629
DIATSA_LOCUS13414,2,4,5,0,2,2
DIATSA_LOCUS13415,9,11,11,2,6,6
DIATSA_LOCUS13416,10,16,16,0,1,1
DIATSA_LOCUS13417,4,5,5,2,4,4
DIATSA_LOCUS13418,7,15,15,1,2,2
DIATSA_LOCUS13419,226,374,393,132,226,232
DIATSA_LOCUS1342,194,320,335,87,174,185
DIATSA_LOCUS13420,22,34,35,15,37,37
DIATSA_LOCUS13421,314,532,548,95,151,158
DIATSA_LOCUS13422,46,71,74,35,57,59
DIATSA_LOCUS13423,10,18,19,8,11,12
DIATSA_LOCUS13424,2,7,7,0,7,8
DIATSA_LOCUS13425,34,64,66,22,39,43
DIATSA_LOCUS13426,14,23,23,15,31,31
DIATSA_LOCUS13427,320,665,700,248,634,685
DIATSA_LOCUS13428,141,268,283,66,156,159
DIATSA_LOCUS13429,68,185,188,96,185,187
DIATSA_LOCUS1343,744,1626,1673,764,1540,1588
DIATSA_LOCUS13430,3,7,7,4,4,4
DIATSA_LOCUS13431,27,57,59,13,22,21
DIATSA_LOCUS13432,105,169,173,91,158,160
DIATSA_LOCUS13433,184,310,319,132,201,210
DIATSA_LOCUS13434,1,6,6,11,27,26
DIATSA_LOCUS13435,110,201,210,65,115,117
DIATSA_LOCUS13436,2,4,4,0,0,0
DIATSA_LOCUS13437,1,1,1,0,0,0
DIATSA_LOCUS13438,30,67,70,6,15,16
DIATSA_LOCUS13439,18,33,35,9,14,13
DIATSA_LOCUS1344,76,139,142,93,153,155
DIATSA_LOCUS13440,4,8,8,3,6,6
DIATSA_LOCUS13441,10,20,20,14,26,28
DIATSA_LOCUS13442,4,6,6,2,4,5
DIATSA_LOCUS13443,20,45,47,12,20,21
DIATSA_LOCUS13444,8,14,14,14,27,28
DIATSA_LOCUS13445,22,77,79,36,94,99
DIATSA_LOCUS13446,48,76,78,90,136,138
DIATSA_LOCUS13447,33,57,61,76,133,139
DIATSA_LOCUS13448,7546,14590,15059,3068,6005,6184
DIATSA_LOCUS13449,0,0,0,2,2,2
DIATSA_LOCUS1345,858,1631,1689,1001,2014,2079
DIATSA_LOCUS13450,5,9,9,0,1,1
DIATSA_LOCUS13451,0,0,0,0,0,0
DIATSA_LOCUS13452,0,0,0,0,0,0
DIATSA_LOCUS13453,0,0,0,0,3,3
DIATSA_LOCUS13454,0,0,0,0,0,0
DIATSA_LOCUS13455,0,1,1,0,0,0
DIATSA_LOCUS13456,0,0,0,0,0,0
DIATSA_LOCUS13457,0,0,0,0,0,0
DIATSA_LOCUS13458,0,0,0,0,0,0
DIATSA_LOCUS13459,0,0,0,0,1,1
DIATSA_LOCUS1346,213,443,460,99,236,244
DIATSA_LOCUS13460,0,0,0,0,0,0
DIATSA_LOCUS13461,0,0,0,0,0,0
DIATSA_LOCUS13462,2,2,2,1,2,3
DIATSA_LOCUS13463,2,9,9,6,9,9
DIATSA_LOCUS13464,1,1,1,0,0,0
DIATSA_LOCUS13465,1,1,1,0,0,2
DIATSA_LOCUS13466,2,4,4,1,1,1
DIATSA_LOCUS13467,6,9,10,4,6,7
DIATSA_LOCUS13468,8,10,10,4,3,3
DIATSA_LOCUS13469,1,1,1,0,0,0
DIATSA_LOCUS1347,10322,17912,18589,14151,24805,25680
DIATSA_LOCUS13470,0,0,0,0,0,0
DIATSA_LOCUS13471,0,0,0,0,0,0
DIATSA_LOCUS13472,2,3,3,0,0,0
DIATSA_LOCUS13473,1,1,1,2,3,3
DIATSA_LOCUS13474,15,30,32,14,22,23
DIATSA_LOCUS13475,1,1,1,1,2,2
DIATSA_LOCUS13476,213,351,369,43,67,66
DIATSA_LOCUS13477,219,332,340,221,375,391
DIATSA_LOCUS13478,18,34,33,26,40,37
DIATSA_LOCUS13479,8,13,14,1,1,1
DIATSA_LOCUS1348,36,60,60,43,63,64
DIATSA_LOCUS13480,37,60,60,32,43,47
DIATSA_LOCUS13481,2861,5307,5482,3659,6972,7245
DIATSA_LOCUS13482,91,192,198,108,244,257
DIATSA_LOCUS13483,126,211,222,47,85,93
DIATSA_LOCUS13484,0,0,0,0,0,0
DIATSA_LOCUS13485,0,0,0,0,0,0
DIATSA_LOCUS13486,0,1,1,1,1,1
DIATSA_LOCUS13487,12,24,24,6,10,10
DIATSA_LOCUS13488,111,224,229,173,309,324
DIATSA_LOCUS13489,13,31,31,15,32,32
DIATSA_LOCUS1349,1,2,2,3,8,8
DIATSA_LOCUS13490,0,0,0,0,0,0
DIATSA_LOCUS13491,145,252,262,80,158,160
DIATSA_LOCUS13492,152,304,304,237,446,459
DIATSA_LOCUS13493,0,2,0,2,0,4
DIATSA_LOCUS13494,283,494,504,305,598,617
DIATSA_LOCUS13495,1369,2066,2139,1591,2731,2799
DIATSA_LOCUS13496,343,629,641,441,705,731
DIATSA_LOCUS13497,1014,2373,2424,1296,2996,3070
DIATSA_LOCUS13498,302,630,642,343,664,684
DIATSA_LOCUS13499,0,0,0,0,0,0
DIATSA_LOCUS135,0,0,0,0,0,0
DIATSA_LOCUS1350,6,12,12,9,21,22
DIATSA_LOCUS13500,0,0,0,0,0,0
DIATSA_LOCUS13501,5698,11771,12194,7511,14272,14812
DIATSA_LOCUS13502,0,0,0,0,0,0
DIATSA_LOCUS13503,1,2,2,0,0,0
DIATSA_LOCUS13504,0,1,1,0,0,0
DIATSA_LOCUS13505,12,28,28,30,47,48
DIATSA_LOCUS13506,263,473,491,383,699,734
DIATSA_LOCUS13507,11,49,47,18,56,55
DIATSA_LOCUS13508,1266,2925,3000,2491,6137,6365
DIATSA_LOCUS13509,0,0,0,0,0,0
DIATSA_LOCUS1351,26,66,68,17,32,33
DIATSA_LOCUS13510,2,2,2,0,0,0
DIATSA_LOCUS13511,109,190,197,42,69,73
DIATSA_LOCUS13512,398,634,666,377,655,681
DIATSA_LOCUS13513,78,137,142,71,116,119
DIATSA_LOCUS13514,75,147,156,17,33,33
DIATSA_LOCUS13515,438,959,990,549,1184,1231
DIATSA_LOCUS13516,468,986,1015,613,1254,1300
DIATSA_LOCUS13517,38,77,80,56,106,111
DIATSA_LOCUS13518,49,86,88,32,54,56
DIATSA_LOCUS13519,2,3,3,0,0,0
DIATSA_LOCUS1352,46,97,101,70,148,148
DIATSA_LOCUS13520,0,0,0,0,0,0
DIATSA_LOCUS13521,34,51,59,43,74,83
DIATSA_LOCUS13522,87,137,140,34,55,54
DIATSA_LOCUS13523,2,2,2,0,0,0
DIATSA_LOCUS13524,3,3,3,3,3,3
DIATSA_LOCUS13525,4,8,8,5,10,10
DIATSA_LOCUS13526,3,4,4,0,1,1
DIATSA_LOCUS13527,259,402,423,115,177,180
DIATSA_LOCUS13528,56,116,120,64,108,110
DIATSA_LOCUS13529,0,0,0,0,0,0
DIATSA_LOCUS1353,228,478,494,135,286,290
DIATSA_LOCUS13530,0,0,0,0,0,0
DIATSA_LOCUS13531,39,72,76,26,44,49
DIATSA_LOCUS13532,45,70,72,24,37,40
DIATSA_LOCUS13533,23494,42349,43902,36277,66117,68804
DIATSA_LOCUS13534,7,14,15,1,12,12
DIATSA_LOCUS13535,585,1207,1242,436,960,1008
DIATSA_LOCUS13536,15,36,37,12,23,24
DIATSA_LOCUS13537,12,29,30,15,31,33
DIATSA_LOCUS13538,22,40,43,12,22,23
DIATSA_LOCUS13539,56,82,92,40,79,74
DIATSA_LOCUS1354,0,3,3,1,4,4
DIATSA_LOCUS13540,95,179,184,75,158,160
DIATSA_LOCUS13541,252,501,522,153,321,322
DIATSA_LOCUS13542,121,228,238,55,115,119
DIATSA_LOCUS13543,59,135,140,40,79,81
DIATSA_LOCUS13544,231,507,524,129,241,245
DIATSA_LOCUS13545,52,113,118,37,74,79
DIATSA_LOCUS13546,20,43,45,34,75,78
DIATSA_LOCUS13547,144,328,332,82,174,180
DIATSA_LOCUS13548,222,352,368,258,446,470
DIATSA_LOCUS13549,86,185,191,91,215,225
DIATSA_LOCUS1355,139,254,259,160,266,272
DIATSA_LOCUS13550,16,23,24,14,31,34
DIATSA_LOCUS13551,7,12,12,7,15,15
DIATSA_LOCUS13552,102558,194701,202188,114391,221783,230334
DIATSA_LOCUS13553,70,130,134,110,196,205
DIATSA_LOCUS13554,2852,5826,6038,3561,7386,7669
DIATSA_LOCUS13555,61,116,121,31,46,48
DIATSA_LOCUS13556,124,235,245,157,303,311
DIATSA_LOCUS13557,149,269,278,60,108,113
DIATSA_LOCUS13558,78,153,161,53,114,115
DIATSA_LOCUS13559,32,51,51,17,42,43
DIATSA_LOCUS1356,4,5,6,6,8,8
DIATSA_LOCUS13560,99,175,182,71,137,139
DIATSA_LOCUS13561,1,2,2,1,0,1
DIATSA_LOCUS13562,0,4,3,0,6,6
DIATSA_LOCUS13563,13,33,34,19,32,33
DIATSA_LOCUS13564,1769,3488,3602,1617,3465,3587
DIATSA_LOCUS13565,92,171,179,109,259,275
DIATSA_LOCUS13566,206,389,408,77,157,168
DIATSA_LOCUS13567,12,20,20,10,21,22
DIATSA_LOCUS13568,1,1,1,2,2,2
DIATSA_LOCUS13569,17,30,30,5,10,10
DIATSA_LOCUS1357,32,62,63,42,90,92
DIATSA_LOCUS13570,17,32,35,19,27,28
DIATSA_LOCUS13571,0,0,0,0,1,1
DIATSA_LOCUS13572,8,14,13,6,15,15
DIATSA_LOCUS13573,43,67,72,42,65,67
DIATSA_LOCUS13574,120,244,258,88,174,181
DIATSA_LOCUS13575,34,61,63,50,90,91
DIATSA_LOCUS13576,2,2,2,1,4,3
DIATSA_LOCUS13577,14,21,21,3,5,7
DIATSA_LOCUS13578,0,0,0,0,0,0
DIATSA_LOCUS13579,0,0,0,0,0,0
DIATSA_LOCUS1358,299,602,629,168,360,374
DIATSA_LOCUS13580,10,19,18,3,5,5
DIATSA_LOCUS13581,159,285,293,139,215,216
DIATSA_LOCUS13582,5,11,11,4,5,5
DIATSA_LOCUS13583,2,5,5,0,0,0
DIATSA_LOCUS13584,144,37,431,0,764,824
DIATSA_LOCUS13585,145,412,0,703,231,211
DIATSA_LOCUS13586,1,4,4,0,1,2
DIATSA_LOCUS13587,0,5,5,0,5,5
DIATSA_LOCUS13588,310,814,852,606,1746,1836
DIATSA_LOCUS13589,10146,14115,14612,19717,28236,29210
DIATSA_LOCUS1359,1200,2336,2440,808,1542,1629
DIATSA_LOCUS13590,1,4,14,0,7,18
DIATSA_LOCUS13591,40,88,93,64,148,162
DIATSA_LOCUS13592,29,46,50,7,10,10
DIATSA_LOCUS13593,32,84,89,41,83,85
DIATSA_LOCUS13594,226,444,457,258,468,475
DIATSA_LOCUS13595,197,322,341,166,281,293
DIATSA_LOCUS13596,70,129,131,54,120,122
DIATSA_LOCUS13597,415,754,782,575,1043,1078
DIATSA_LOCUS13598,77,186,201,80,178,186
DIATSA_LOCUS13599,92,171,175,35,79,79
DIATSA_LOCUS136,11,18,18,4,7,7
DIATSA_LOCUS1360,184,398,421,160,323,341
DIATSA_LOCUS13600,210,414,431,272,503,521
DIATSA_LOCUS13601,88,168,171,119,248,253
DIATSA_LOCUS13602,84,178,180,30,51,52
DIATSA_LOCUS13603,68,130,137,47,107,111
DIATSA_LOCUS13604,36,70,71,25,47,50
DIATSA_LOCUS13605,133,260,267,104,185,200
DIATSA_LOCUS13606,134,249,255,136,235,243
DIATSA_LOCUS13607,2,2,2,1,2,2
DIATSA_LOCUS13608,0,2,3,0,2,1
DIATSA_LOCUS13609,0,0,0,0,0,0
DIATSA_LOCUS1361,63,118,123,64,152,159
DIATSA_LOCUS13610,1,1,1,0,1,0
DIATSA_LOCUS13611,3,6,6,0,1,1
DIATSA_LOCUS13612,54,97,102,15,30,32
DIATSA_LOCUS13613,2,2,2,0,3,3
DIATSA_LOCUS13614,50,78,81,30,46,47
DIATSA_LOCUS13615,32,49,51,6,12,12
DIATSA_LOCUS13616,5,7,7,1,3,5
DIATSA_LOCUS13617,320,597,609,290,569,584
DIATSA_LOCUS13618,0,1,1,0,0,0
DIATSA_LOCUS13619,0,0,0,0,0,0
DIATSA_LOCUS1362,37,74,77,25,49,50
DIATSA_LOCUS13620,68,143,147,77,133,137
DIATSA_LOCUS13621,4,4,5,2,2,2
DIATSA_LOCUS13622,7,6,6,5,10,10
DIATSA_LOCUS13623,986,1819,1860,1271,2304,2371
DIATSA_LOCUS13624,27,58,60,66,92,98
DIATSA_LOCUS13625,75,150,153,80,157,160
DIATSA_LOCUS13626,10,18,18,4,6,6
DIATSA_LOCUS13627,64,132,136,56,125,134
DIATSA_LOCUS13628,35,79,79,8,21,21
DIATSA_LOCUS13629,57,128,136,122,246,258
DIATSA_LOCUS1363,1,3,4,2,2,2
DIATSA_LOCUS13630,7599,14477,15003,6496,12323,12783
DIATSA_LOCUS13631,1,1,1,0,0,0
DIATSA_LOCUS13632,189,354,360,163,316,334
DIATSA_LOCUS13633,132,314,322,103,217,217
DIATSA_LOCUS13634,95,141,148,58,92,98
DIATSA_LOCUS13635,164,324,336,87,147,154
DIATSA_LOCUS13636,45,81,84,6,9,10
DIATSA_LOCUS13637,336,682,699,300,697,721
DIATSA_LOCUS13638,1093,2045,2105,829,1518,1575
DIATSA_LOCUS13639,10,22,23,3,10,9
DIATSA_LOCUS1364,135,231,235,150,264,278
DIATSA_LOCUS13640,22,54,56,18,44,43
DIATSA_LOCUS13641,2,3,3,0,0,0
DIATSA_LOCUS13642,40,71,73,12,31,30
DIATSA_LOCUS13643,3,6,6,3,6,6
DIATSA_LOCUS13644,29,55,56,26,73,75
DIATSA_LOCUS13645,51,97,103,50,93,98
DIATSA_LOCUS13646,3,6,7,0,2,2
DIATSA_LOCUS13647,0,0,0,0,0,0
DIATSA_LOCUS13648,0,0,0,0,0,0
DIATSA_LOCUS13649,0,0,0,0,0,0
DIATSA_LOCUS1365,48,111,112,63,103,105
DIATSA_LOCUS13650,0,0,0,0,0,0
DIATSA_LOCUS13651,0,0,0,0,0,0
DIATSA_LOCUS13652,0,0,0,0,0,0
DIATSA_LOCUS13653,0,0,0,0,0,0
DIATSA_LOCUS13654,0,0,0,0,0,0
DIATSA_LOCUS13655,0,0,0,0,0,0
DIATSA_LOCUS13656,0,0,0,0,0,0
DIATSA_LOCUS13657,0,0,0,0,0,0
DIATSA_LOCUS13658,0,0,0,0,0,0
DIATSA_LOCUS13659,1,1,1,0,0,0
DIATSA_LOCUS1366,17,31,33,7,16,16
DIATSA_LOCUS13660,0,0,0,0,0,0
DIATSA_LOCUS13661,0,0,0,0,0,1
DIATSA_LOCUS13662,0,0,0,0,0,0
DIATSA_LOCUS13663,1,1,2,6,9,9
DIATSA_LOCUS13664,4,9,9,0,4,4
DIATSA_LOCUS13665,120,258,261,67,171,173
DIATSA_LOCUS13666,68,121,125,94,156,160
DIATSA_LOCUS13667,26,55,59,29,49,51
DIATSA_LOCUS13668,190,388,401,127,253,262
DIATSA_LOCUS13669,57,104,112,146,252,263
DIATSA_LOCUS1367,3,5,5,2,5,5
DIATSA_LOCUS13670,308,520,541,383,678,700
DIATSA_LOCUS13671,12,23,24,3,9,10
DIATSA_LOCUS13672,113,235,240,98,190,195
DIATSA_LOCUS13673,63,127,131,22,33,34
DIATSA_LOCUS13674,33,79,81,39,81,83
DIATSA_LOCUS13675,448,863,901,201,431,450
DIATSA_LOCUS13676,1,2,2,0,1,1
DIATSA_LOCUS13677,263,488,511,133,234,237
DIATSA_LOCUS13678,0,0,0,0,0,0
DIATSA_LOCUS13679,1,6,6,1,4,4
DIATSA_LOCUS1368,75,155,160,66,130,135
DIATSA_LOCUS13680,10,19,20,2,5,5
DIATSA_LOCUS13681,2,7,7,9,19,19
DIATSA_LOCUS13682,2,7,8,0,5,6
DIATSA_LOCUS13683,0,0,0,0,1,1
DIATSA_LOCUS13684,1,1,2,0,1,1
DIATSA_LOCUS13685,0,0,0,0,0,0
DIATSA_LOCUS13686,0,0,0,0,0,0
DIATSA_LOCUS13687,4,13,13,9,15,15
DIATSA_LOCUS13688,71,95,99,75,110,118
DIATSA_LOCUS13689,158,328,335,89,150,155
DIATSA_LOCUS1369,0,0,0,0,0,0
DIATSA_LOCUS13690,52,85,87,62,91,98
DIATSA_LOCUS13691,52,145,146,76,181,183
DIATSA_LOCUS13692,389,737,765,186,409,423
DIATSA_LOCUS13693,765,1438,1488,869,1608,1665
DIATSA_LOCUS13694,8,13,13,6,17,18
DIATSA_LOCUS13695,196,409,421,209,406,420
DIATSA_LOCUS13696,292,562,589,240,655,690
DIATSA_LOCUS13697,91,140,141,13,30,30
DIATSA_LOCUS13698,673,1195,1239,794,1458,1503
DIATSA_LOCUS13699,554,1098,1136,383,761,785
DIATSA_LOCUS137,0,0,0,0,0,0
DIATSA_LOCUS1370,0,0,0,0,0,0
DIATSA_LOCUS13700,43,99,102,41,113,116
DIATSA_LOCUS13701,4,7,8,8,13,14
DIATSA_LOCUS13702,1,1,2,3,3,3
DIATSA_LOCUS13703,37,83,83,39,87,90
DIATSA_LOCUS13704,77,132,137,83,139,143
DIATSA_LOCUS13705,0,1,1,0,0,0
DIATSA_LOCUS13706,65,121,123,78,138,142
DIATSA_LOCUS13707,40,76,78,28,35,38
DIATSA_LOCUS13708,807,1475,1546,625,1156,1214
DIATSA_LOCUS13709,8,16,14,12,24,25
DIATSA_LOCUS1371,419,862,897,234,536,543
DIATSA_LOCUS13710,0,2,2,0,0,0
DIATSA_LOCUS13711,152,282,288,63,110,116
DIATSA_LOCUS13712,16,45,46,28,69,67
DIATSA_LOCUS13713,551,1083,1132,363,623,651
DIATSA_LOCUS13714,76,166,169,62,139,143
DIATSA_LOCUS13715,23,56,56,20,44,44
DIATSA_LOCUS13716,0,1,1,0,1,1
DIATSA_LOCUS13717,4,8,7,3,3,3
DIATSA_LOCUS13718,4,8,9,2,2,2
DIATSA_LOCUS13719,168,316,328,170,348,358
DIATSA_LOCUS1372,1,2,2,1,1,1
DIATSA_LOCUS13720,6,17,17,10,26,27
DIATSA_LOCUS13721,108,236,244,115,249,263
DIATSA_LOCUS13722,16,47,48,8,25,26
DIATSA_LOCUS13723,12,34,34,8,21,22
DIATSA_LOCUS13724,0,1,1,1,2,2
DIATSA_LOCUS13725,2,6,8,3,9,9
DIATSA_LOCUS13726,17,34,35,9,18,21
DIATSA_LOCUS13727,840,1532,1542,672,1207,1212
DIATSA_LOCUS13728,2646,5728,5941,2253,5134,5341
DIATSA_LOCUS13729,41,80,85,36,71,71
DIATSA_LOCUS1373,2,3,3,0,1,1
DIATSA_LOCUS13730,159,335,342,133,266,276
DIATSA_LOCUS13731,17,33,35,10,22,24
DIATSA_LOCUS13732,25,45,46,18,37,39
DIATSA_LOCUS13733,19,36,40,13,27,28
DIATSA_LOCUS13734,33,102,103,22,54,55
DIATSA_LOCUS13735,56,108,112,52,100,104
DIATSA_LOCUS13736,0,3,3,0,2,2
DIATSA_LOCUS13737,29,61,66,6,11,12
DIATSA_LOCUS13738,5,7,7,1,2,2
DIATSA_LOCUS13739,5,14,18,8,13,13
DIATSA_LOCUS1374,14338,29541,30528,17057,37901,39175
DIATSA_LOCUS13740,0,2,2,0,0,0
DIATSA_LOCUS13741,0,0,0,0,0,0
DIATSA_LOCUS13742,747,1615,1659,430,919,950
DIATSA_LOCUS13743,3,3,3,9,14,14
DIATSA_LOCUS13744,6,9,9,8,10,10
DIATSA_LOCUS13745,408,881,909,270,525,543
DIATSA_LOCUS13746,132,254,269,109,210,217
DIATSA_LOCUS13747,1,4,4,4,9,9
DIATSA_LOCUS13748,31,71,74,11,27,27
DIATSA_LOCUS13749,15,32,34,20,38,39
DIATSA_LOCUS1375,43,130,133,74,220,225
DIATSA_LOCUS13750,72,190,194,98,238,244
DIATSA_LOCUS13751,38,72,67,35,86,84
DIATSA_LOCUS13752,0,7,8,3,16,15
DIATSA_LOCUS13753,677,1288,1338,591,1046,1088
DIATSA_LOCUS13754,135,293,305,61,123,129
DIATSA_LOCUS13755,277,534,540,284,514,528
DIATSA_LOCUS13756,0,0,0,0,0,0
DIATSA_LOCUS13757,0,0,0,0,0,0
DIATSA_LOCUS13758,2,6,6,2,4,4
DIATSA_LOCUS13759,0,2,3,1,3,4
DIATSA_LOCUS1376,372,822,866,517,1174,1207
DIATSA_LOCUS13760,2,1,1,1,2,2
DIATSA_LOCUS13761,69,111,113,24,45,46
DIATSA_LOCUS13762,155,334,350,117,229,239
DIATSA_LOCUS13763,1261,2441,2519,1214,2297,2387
DIATSA_LOCUS13764,133,238,256,65,119,124
DIATSA_LOCUS13765,92,170,176,71,142,149
DIATSA_LOCUS13766,21,50,50,23,47,50
DIATSA_LOCUS13767,18,35,37,23,53,55
DIATSA_LOCUS13768,0,0,0,0,0,0
DIATSA_LOCUS13769,13,27,28,6,11,10
DIATSA_LOCUS1377,69,154,156,84,170,176
DIATSA_LOCUS13770,6,6,7,1,2,2
DIATSA_LOCUS13771,4,12,12,3,4,4
DIATSA_LOCUS13772,181,320,330,100,178,181
DIATSA_LOCUS13773,18,31,31,11,19,19
DIATSA_LOCUS13774,7,18,18,2,8,8
DIATSA_LOCUS13775,382,752,776,135,283,298
DIATSA_LOCUS13776,32,75,75,13,25,27
DIATSA_LOCUS13777,178,381,391,113,264,272
DIATSA_LOCUS13778,490,937,966,318,614,623
DIATSA_LOCUS13779,327,729,754,270,573,599
DIATSA_LOCUS1378,157,381,389,152,377,388
DIATSA_LOCUS13780,122,166,167,168,245,253
DIATSA_LOCUS13781,26,65,72,8,16,17
DIATSA_LOCUS13782,88,157,157,69,148,153
DIATSA_LOCUS13783,254,474,502,216,369,381
DIATSA_LOCUS13784,16,24,24,8,15,15
DIATSA_LOCUS13785,347,620,634,269,519,533
DIATSA_LOCUS13786,12,17,17,9,11,12
DIATSA_LOCUS13787,45,97,100,56,111,113
DIATSA_LOCUS13788,3,6,6,2,2,2
DIATSA_LOCUS13789,316,680,713,218,488,508
DIATSA_LOCUS1379,263,518,530,160,317,324
DIATSA_LOCUS13790,6,7,7,0,0,0
DIATSA_LOCUS13791,28,45,46,12,24,26
DIATSA_LOCUS13792,1836,3483,3599,3226,6100,6325
DIATSA_LOCUS13793,12,33,35,24,54,55
DIATSA_LOCUS13794,792,1582,1643,663,1293,1349
DIATSA_LOCUS13795,114,227,239,46,121,128
DIATSA_LOCUS13796,0,0,0,0,0,0
DIATSA_LOCUS13797,184,446,445,99,183,189
DIATSA_LOCUS13798,131,264,274,119,295,301
DIATSA_LOCUS13799,30,64,67,63,109,110
DIATSA_LOCUS138,164,350,358,91,182,188
DIATSA_LOCUS1380,3,9,9,0,0,0
DIATSA_LOCUS13800,5,9,9,8,20,20
DIATSA_LOCUS13801,5989,13632,14096,9768,22162,22999
DIATSA_LOCUS13802,1074,2306,2376,1397,2858,2965
DIATSA_LOCUS13803,29325,60269,62340,28516,58458,60707
DIATSA_LOCUS13804,333,658,682,214,460,477
DIATSA_LOCUS13805,11,24,26,15,30,31
DIATSA_LOCUS13806,109,222,224,110,225,229
DIATSA_LOCUS13807,195,388,398,256,496,508
DIATSA_LOCUS13808,4,8,8,10,24,25
DIATSA_LOCUS13809,133,312,317,136,325,334
DIATSA_LOCUS1381,331,728,764,225,471,493
DIATSA_LOCUS13810,420,935,973,323,658,685
DIATSA_LOCUS13811,21,40,40,13,27,28
DIATSA_LOCUS13812,195,321,334,142,258,268
DIATSA_LOCUS13813,194,351,360,161,303,324
DIATSA_LOCUS13814,140,329,345,75,185,197
DIATSA_LOCUS13815,87,164,173,48,100,105
DIATSA_LOCUS13816,104,197,204,35,82,85
DIATSA_LOCUS13817,3,7,7,2,3,3
DIATSA_LOCUS13818,0,0,0,0,0,0
DIATSA_LOCUS13819,0,0,0,0,0,0
DIATSA_LOCUS1382,51,102,104,49,107,114
DIATSA_LOCUS13820,28,43,46,12,20,20
DIATSA_LOCUS13821,225,433,448,294,544,565
DIATSA_LOCUS13822,1,0,0,2,3,3
DIATSA_LOCUS13823,22,37,37,18,28,31
DIATSA_LOCUS13824,108,202,205,58,124,122
DIATSA_LOCUS13825,16,40,43,20,35,35
DIATSA_LOCUS13826,54,130,138,47,81,86
DIATSA_LOCUS13827,0,0,0,0,0,0
DIATSA_LOCUS13828,119,255,263,53,153,162
DIATSA_LOCUS13829,1374,2956,3067,1041,2173,2246
DIATSA_LOCUS1383,47,101,105,14,41,41
DIATSA_LOCUS13830,27,40,41,29,58,62
DIATSA_LOCUS13831,1128,1879,1920,479,821,840
DIATSA_LOCUS13832,230,475,502,279,622,659
DIATSA_LOCUS13833,44,91,94,11,27,28
DIATSA_LOCUS13834,7,14,15,8,24,24
DIATSA_LOCUS13835,1,8,8,9,20,21
DIATSA_LOCUS13836,0,2,4,2,3,3
DIATSA_LOCUS13837,544,1150,1194,366,848,883
DIATSA_LOCUS13838,48,95,99,20,34,36
DIATSA_LOCUS13839,120,224,232,54,105,109
DIATSA_LOCUS1384,1696,3437,3551,1852,3635,3757
DIATSA_LOCUS13840,203,335,355,361,643,677
DIATSA_LOCUS13841,0,0,0,0,0,0
DIATSA_LOCUS13842,2,2,2,2,4,4
DIATSA_LOCUS13843,25,38,39,45,70,71
DIATSA_LOCUS13844,49,86,90,39,79,81
DIATSA_LOCUS13845,68,127,129,45,79,80
DIATSA_LOCUS13846,42,79,80,28,58,58
DIATSA_LOCUS13847,31,55,55,14,32,33
DIATSA_LOCUS13848,0,0,0,0,0,0
DIATSA_LOCUS13849,2,4,4,4,11,11
DIATSA_LOCUS1385,155,312,331,212,401,413
DIATSA_LOCUS13850,9,11,11,2,3,4
DIATSA_LOCUS13851,0,2,2,0,1,1
DIATSA_LOCUS13852,7,8,8,9,12,11
DIATSA_LOCUS13853,200,467,490,173,473,491
DIATSA_LOCUS13854,51,94,95,30,57,58
DIATSA_LOCUS13855,131,229,238,64,105,109
DIATSA_LOCUS13856,4,9,10,8,10,12
DIATSA_LOCUS13857,9,22,21,9,22,23
DIATSA_LOCUS13858,0,0,0,0,0,0
DIATSA_LOCUS13859,86,222,227,61,146,148
DIATSA_LOCUS1386,95,207,219,58,107,115
DIATSA_LOCUS13860,91,289,298,132,371,381
DIATSA_LOCUS13861,144,305,316,142,317,330
DIATSA_LOCUS13862,167,466,478,146,407,421
DIATSA_LOCUS13863,246,522,533,133,281,286
DIATSA_LOCUS13864,322,642,663,270,513,529
DIATSA_LOCUS13865,10,12,11,15,26,26
DIATSA_LOCUS13866,144,341,356,180,370,381
DIATSA_LOCUS13867,29,52,52,26,55,56
DIATSA_LOCUS13868,69,120,126,16,27,28
DIATSA_LOCUS13869,23,51,51,12,18,19
DIATSA_LOCUS1387,166,349,362,112,229,236
DIATSA_LOCUS13870,73,129,134,49,83,85
DIATSA_LOCUS13871,1,3,3,1,5,5
DIATSA_LOCUS13872,7,22,22,14,36,36
DIATSA_LOCUS13873,17015,32067,33370,19847,37546,39066
DIATSA_LOCUS13874,71,150,155,103,225,228
DIATSA_LOCUS13875,302,561,579,153,284,293
DIATSA_LOCUS13876,212,485,500,237,506,529
DIATSA_LOCUS13877,30,66,71,32,63,65
DIATSA_LOCUS13878,2,6,6,1,2,2
DIATSA_LOCUS13879,383,709,733,327,627,651
DIATSA_LOCUS1388,76,180,187,102,242,247
DIATSA_LOCUS13880,87,164,175,119,242,245
DIATSA_LOCUS13881,694,1299,1331,782,1419,1472
DIATSA_LOCUS13882,32,51,53,13,33,34
DIATSA_LOCUS13883,468,878,907,375,664,680
DIATSA_LOCUS13884,4,7,7,3,3,3
DIATSA_LOCUS13885,130,282,288,76,139,143
DIATSA_LOCUS13886,239,487,505,334,727,755
DIATSA_LOCUS13887,8428,14721,15236,9303,16331,16923
DIATSA_LOCUS13888,75,132,132,36,74,76
DIATSA_LOCUS13889,1750,3352,3460,1402,2705,2804
DIATSA_LOCUS1389,8,19,21,6,5,5
DIATSA_LOCUS13890,25,39,40,30,60,62
DIATSA_LOCUS13891,0,0,0,0,0,0
DIATSA_LOCUS13892,0,0,0,0,0,0
DIATSA_LOCUS13893,1159,1892,1950,1968,3355,3473
DIATSA_LOCUS13894,0,0,0,0,0,0
DIATSA_LOCUS13895,60,131,138,26,80,81
DIATSA_LOCUS13896,7,16,18,4,9,9
DIATSA_LOCUS13897,20,36,36,8,20,20
DIATSA_LOCUS13898,1,1,1,3,4,4
DIATSA_LOCUS13899,1,1,1,3,4,5
DIATSA_LOCUS139,739,1462,1508,664,1237,1271
DIATSA_LOCUS1390,0,0,0,0,3,3
DIATSA_LOCUS13900,92,161,169,30,54,61
DIATSA_LOCUS13901,0,0,0,0,0,0
DIATSA_LOCUS13902,1,3,3,0,2,2
DIATSA_LOCUS13903,0,2,2,0,1,1
DIATSA_LOCUS13904,0,0,0,0,0,0
DIATSA_LOCUS13905,3,6,6,1,2,3
DIATSA_LOCUS13906,81,148,150,145,280,286
DIATSA_LOCUS13907,6,8,9,2,5,7
DIATSA_LOCUS13908,80,161,169,112,261,269
DIATSA_LOCUS13909,18,32,34,21,36,35
DIATSA_LOCUS1391,0,0,0,0,0,0
DIATSA_LOCUS13910,18,34,35,16,43,43
DIATSA_LOCUS13911,423,660,673,772,1240,1277
DIATSA_LOCUS13912,2625,5330,5533,4297,8699,9056
DIATSA_LOCUS13913,17,23,24,50,76,77
DIATSA_LOCUS13914,1171,2626,2714,1269,3194,3309
DIATSA_LOCUS13915,23,31,32,27,47,52
DIATSA_LOCUS13916,94,181,183,127,274,282
DIATSA_LOCUS13917,1898,3678,3831,1636,3177,3346
DIATSA_LOCUS13918,246,469,478,235,448,465
DIATSA_LOCUS13919,87,165,175,34,91,93
DIATSA_LOCUS1392,0,0,0,0,0,0
DIATSA_LOCUS13920,65,154,160,110,216,225
DIATSA_LOCUS13921,640,1252,1294,563,1123,1157
DIATSA_LOCUS13922,90,166,169,100,193,203
DIATSA_LOCUS13923,26,46,48,21,47,48
DIATSA_LOCUS13924,1,1,1,0,0,0
DIATSA_LOCUS13925,673,1332,1385,1275,2499,2606
DIATSA_LOCUS13926,10,18,18,6,9,10
DIATSA_LOCUS13927,86,186,195,64,138,139
DIATSA_LOCUS13928,1852,3538,3713,2277,4323,4537
DIATSA_LOCUS13929,0,0,0,0,0,0
DIATSA_LOCUS1393,4,7,8,2,3,3
DIATSA_LOCUS13930,38,69,70,22,46,46
DIATSA_LOCUS13931,8,13,14,19,29,28
DIATSA_LOCUS13932,3,5,4,3,5,5
DIATSA_LOCUS13933,10,15,16,3,5,5
DIATSA_LOCUS13934,69,120,123,52,104,105
DIATSA_LOCUS13935,38,64,65,12,21,22
DIATSA_LOCUS13936,35,72,73,18,35,35
DIATSA_LOCUS13937,154,230,239,146,262,269
DIATSA_LOCUS13938,126,201,206,153,241,245
DIATSA_LOCUS13939,66,122,124,76,143,148
DIATSA_LOCUS1394,4,6,6,3,3,3
DIATSA_LOCUS13940,137,221,225,115,167,171
DIATSA_LOCUS13941,1,1,1,0,0,0
DIATSA_LOCUS13942,27,35,36,6,7,7
DIATSA_LOCUS13943,4,12,13,0,5,6
DIATSA_LOCUS13944,33,61,62,42,73,74
DIATSA_LOCUS13945,0,0,0,4,10,10
DIATSA_LOCUS13946,552,1137,1152,657,1423,1479
DIATSA_LOCUS13947,18,27,32,0,14,15
DIATSA_LOCUS13948,4,5,6,1,3,3
DIATSA_LOCUS13949,0,0,0,0,0,0
DIATSA_LOCUS1395,56,112,119,103,176,180
DIATSA_LOCUS13950,2288,5690,6025,1547,4036,4250
DIATSA_LOCUS13951,111,245,248,103,300,310
DIATSA_LOCUS13952,69,124,128,85,156,154
DIATSA_LOCUS13953,97,186,184,27,42,44
DIATSA_LOCUS13954,1374,2458,2534,1217,2347,2409
DIATSA_LOCUS13955,138,306,323,50,131,129
DIATSA_LOCUS13956,541,997,1029,645,1218,1253
DIATSA_LOCUS13957,1,1,1,1,1,1
DIATSA_LOCUS13958,70,135,143,32,67,70
DIATSA_LOCUS13959,1253,2568,2658,709,1331,1396
DIATSA_LOCUS1396,2,3,3,1,2,2
DIATSA_LOCUS13960,53,125,133,20,44,48
DIATSA_LOCUS13961,44,82,81,10,25,26
DIATSA_LOCUS13962,3,4,4,3,4,4
DIATSA_LOCUS13963,72,118,126,40,77,79
DIATSA_LOCUS13964,362,684,716,441,850,870
DIATSA_LOCUS13965,10,20,20,4,4,4
DIATSA_LOCUS13966,0,1,1,0,0,0
DIATSA_LOCUS13967,4,9,8,4,15,15
DIATSA_LOCUS13968,20,54,54,7,28,28
DIATSA_LOCUS13969,33,52,51,25,59,58
DIATSA_LOCUS1397,33,67,65,14,27,26
DIATSA_LOCUS13970,160,488,530,297,859,955
DIATSA_LOCUS13971,0,0,0,0,0,0
DIATSA_LOCUS13972,0,0,0,0,0,0
DIATSA_LOCUS13973,1,0,0,0,0,0
DIATSA_LOCUS13974,1,21,22,2,45,48
DIATSA_LOCUS13975,109,196,203,65,114,116
DIATSA_LOCUS13976,16,15,15,0,0,0
DIATSA_LOCUS13977,0,1,1,0,0,0
DIATSA_LOCUS13978,3765,6655,6849,5753,9838,10108
DIATSA_LOCUS13979,7,47,65,3,66,68
DIATSA_LOCUS1398,88,162,168,15,24,25
DIATSA_LOCUS13980,86,161,172,35,75,78
DIATSA_LOCUS13981,0,0,0,0,0,0
DIATSA_LOCUS13982,188,340,349,190,401,418
DIATSA_LOCUS13983,26,60,62,15,26,26
DIATSA_LOCUS13984,7,10,10,1,1,2
DIATSA_LOCUS13985,7,16,16,1,6,6
DIATSA_LOCUS13986,0,0,0,0,0,0
DIATSA_LOCUS13987,70,129,136,65,117,119
DIATSA_LOCUS13988,34,72,73,8,21,23
DIATSA_LOCUS13989,0,0,0,0,0,0
DIATSA_LOCUS1399,129,272,285,294,533,548
DIATSA_LOCUS13990,0,1,1,0,0,0
DIATSA_LOCUS13991,0,0,0,0,0,0
DIATSA_LOCUS13992,72,140,142,35,78,87
DIATSA_LOCUS13993,16,33,34,9,14,13
DIATSA_LOCUS13994,9,20,20,21,28,28
DIATSA_LOCUS13995,1755,3510,3625,1805,3752,3860
DIATSA_LOCUS13996,31,59,60,36,74,75
DIATSA_LOCUS13997,37,82,83,68,113,116
DIATSA_LOCUS13998,342,642,671,426,803,835
DIATSA_LOCUS13999,0,2,2,2,3,3
DIATSA_LOCUS14,522,993,1023,335,631,658
DIATSA_LOCUS140,4,10,10,6,17,17
DIATSA_LOCUS1400,10,19,21,14,24,27
DIATSA_LOCUS14000,0,4,4,1,7,8
DIATSA_LOCUS14001,10,18,18,6,8,8
DIATSA_LOCUS14002,0,0,0,0,0,0
DIATSA_LOCUS14003,64,137,143,73,157,166
DIATSA_LOCUS14004,3697,6527,6738,1814,3145,3279
DIATSA_LOCUS14005,209,412,428,633,1257,1305
DIATSA_LOCUS14006,11,12,14,9,20,22
DIATSA_LOCUS14007,0,1,1,0,0,0
DIATSA_LOCUS14008,0,1,1,0,0,0
DIATSA_LOCUS14009,0,0,0,0,0,0
DIATSA_LOCUS1401,905,1783,1841,680,1390,1434
DIATSA_LOCUS14010,0,0,0,0,0,0
DIATSA_LOCUS14011,0,0,0,0,0,0
DIATSA_LOCUS14012,0,0,0,0,0,0
DIATSA_LOCUS14013,0,0,0,0,0,0
DIATSA_LOCUS14014,0,0,0,0,0,0
DIATSA_LOCUS14015,0,0,0,0,0,0
DIATSA_LOCUS14016,0,0,0,0,0,0
DIATSA_LOCUS14017,2,2,3,0,0,0
DIATSA_LOCUS14018,2,3,4,0,0,0
DIATSA_LOCUS14019,4,5,5,0,0,0
DIATSA_LOCUS1402,535,1116,1156,644,1310,1360
DIATSA_LOCUS14020,996,2175,2258,619,1392,1457
DIATSA_LOCUS14021,0,0,0,0,0,0
DIATSA_LOCUS14022,8,14,14,5,12,12
DIATSA_LOCUS14023,0,0,0,0,0,0
DIATSA_LOCUS14024,44,102,106,61,111,115
DIATSA_LOCUS14025,110,222,223,123,235,236
DIATSA_LOCUS14026,142,252,270,119,231,257
DIATSA_LOCUS14027,1,2,2,0,1,1
DIATSA_LOCUS14028,20,33,36,6,9,9
DIATSA_LOCUS14029,119,241,244,159,319,327
DIATSA_LOCUS1403,0,0,0,1,2,2
DIATSA_LOCUS14030,20,36,39,14,25,26
DIATSA_LOCUS14031,125,290,299,142,293,299
DIATSA_LOCUS14032,79,166,171,88,177,184
DIATSA_LOCUS14033,131,258,261,144,296,303
DIATSA_LOCUS14034,24,62,64,63,131,137
DIATSA_LOCUS14035,21,50,52,31,88,89
DIATSA_LOCUS14036,12,21,22,9,20,21
DIATSA_LOCUS14037,28,61,63,22,41,42
DIATSA_LOCUS14038,10,15,14,5,10,10
DIATSA_LOCUS14039,13,24,25,6,9,10
DIATSA_LOCUS1404,16,36,38,3,9,9
DIATSA_LOCUS14040,46,95,100,25,35,36
DIATSA_LOCUS14041,19,33,33,24,43,43
DIATSA_LOCUS14042,133,289,292,168,377,386
DIATSA_LOCUS14043,322,722,748,428,1028,1058
DIATSA_LOCUS14044,374,777,803,250,569,592
DIATSA_LOCUS14045,124,237,242,94,191,198
DIATSA_LOCUS14046,481,883,916,391,695,724
DIATSA_LOCUS14047,15,39,41,12,19,19
DIATSA_LOCUS14048,0,0,0,0,0,0
DIATSA_LOCUS14049,129,226,235,119,235,239
DIATSA_LOCUS1405,5,17,17,3,9,9
DIATSA_LOCUS14050,0,0,0,0,0,0
DIATSA_LOCUS14051,283,502,515,236,449,461
DIATSA_LOCUS14052,155,300,308,120,235,241
DIATSA_LOCUS14053,1,9,9,2,2,2
DIATSA_LOCUS14054,26,62,67,19,36,37
DIATSA_LOCUS14055,141,255,266,165,279,285
DIATSA_LOCUS14056,7,13,13,9,16,16
DIATSA_LOCUS14057,32,61,62,48,109,111
DIATSA_LOCUS14058,284,596,616,353,751,784
DIATSA_LOCUS14059,2,6,7,0,1,1
DIATSA_LOCUS1406,45,74,73,43,92,90
DIATSA_LOCUS14060,210,465,483,212,477,491
DIATSA_LOCUS14061,22,57,55,6,10,12
DIATSA_LOCUS14062,18,51,52,6,12,12
DIATSA_LOCUS14063,1,3,3,2,2,2
DIATSA_LOCUS14064,35,74,76,37,57,59
DIATSA_LOCUS14065,7,17,17,12,22,21
DIATSA_LOCUS14066,2,4,4,1,2,2
DIATSA_LOCUS14067,71,169,176,119,261,269
DIATSA_LOCUS14068,26,21,22,34,58,62
DIATSA_LOCUS14069,0,2,2,0,1,1
DIATSA_LOCUS1407,0,0,0,0,0,0
DIATSA_LOCUS14070,55,111,114,45,110,116
DIATSA_LOCUS14071,4,10,10,16,24,26
DIATSA_LOCUS14072,32,47,51,77,120,127
DIATSA_LOCUS14073,503,840,891,630,1122,1185
DIATSA_LOCUS14074,16,18,18,2,4,4
DIATSA_LOCUS14075,56,89,90,8,14,15
DIATSA_LOCUS14076,42,106,115,56,116,122
DIATSA_LOCUS14077,601,1019,1045,446,798,830
DIATSA_LOCUS14078,2,11,11,2,8,8
DIATSA_LOCUS14079,408,710,730,396,705,723
DIATSA_LOCUS1408,250,498,536,247,435,445
DIATSA_LOCUS14080,140,234,243,125,214,220
DIATSA_LOCUS14081,72,150,156,40,103,102
DIATSA_LOCUS14082,6,9,11,5,11,11
DIATSA_LOCUS14083,32,57,57,39,55,56
DIATSA_LOCUS14084,11,33,33,4,11,10
DIATSA_LOCUS14085,1,2,2,0,2,2
DIATSA_LOCUS14086,88,144,151,42,87,89
DIATSA_LOCUS14087,0,0,0,0,0,0
DIATSA_LOCUS14088,14238,25706,26751,22861,41880,43574
DIATSA_LOCUS14089,6,13,15,4,4,5
DIATSA_LOCUS1409,612,1120,1173,572,1057,1098
DIATSA_LOCUS14090,0,0,0,0,0,0
DIATSA_LOCUS14091,16,30,31,14,33,32
DIATSA_LOCUS14092,16,23,24,6,16,16
DIATSA_LOCUS14093,29,35,36,24,36,38
DIATSA_LOCUS14094,51,96,100,97,205,206
DIATSA_LOCUS14095,160,263,272,81,125,130
DIATSA_LOCUS14096,417,979,1011,529,1262,1300
DIATSA_LOCUS14097,1,1,1,2,4,4
DIATSA_LOCUS14098,24,37,37,19,42,45
DIATSA_LOCUS14099,14,27,30,27,40,41
DIATSA_LOCUS141,1,1,1,0,1,1
DIATSA_LOCUS1410,81,133,138,80,133,134
DIATSA_LOCUS14100,59,129,135,34,65,66
DIATSA_LOCUS14101,0,0,0,2,4,4
DIATSA_LOCUS14102,117,180,185,37,67,71
DIATSA_LOCUS14103,3238,5661,5850,3843,6674,6914
DIATSA_LOCUS14104,4,7,8,2,3,3
DIATSA_LOCUS14105,23,49,51,16,28,28
DIATSA_LOCUS14106,1372,2938,3087,2242,4954,5217
DIATSA_LOCUS14107,6,10,9,10,12,16
DIATSA_LOCUS14108,512,1026,1070,293,538,558
DIATSA_LOCUS14109,94,164,166,56,117,120
DIATSA_LOCUS1411,155,290,296,210,333,342
DIATSA_LOCUS14110,151,278,289,271,451,473
DIATSA_LOCUS14111,6,9,9,5,9,10
DIATSA_LOCUS14112,182,418,426,157,339,354
DIATSA_LOCUS14113,7,9,9,5,6,6
DIATSA_LOCUS14114,432,810,829,259,526,537
DIATSA_LOCUS14115,689,1362,1409,577,1250,1297
DIATSA_LOCUS14116,0,0,0,0,0,0
DIATSA_LOCUS14117,273,479,493,176,330,345
DIATSA_LOCUS14118,22,39,39,7,16,16
DIATSA_LOCUS14119,63,92,96,112,159,167
DIATSA_LOCUS1412,0,0,0,0,0,0
DIATSA_LOCUS14120,12,16,17,10,13,13
DIATSA_LOCUS14121,183,312,321,151,268,273
DIATSA_LOCUS14122,1,4,4,1,3,4
DIATSA_LOCUS14123,21,33,33,15,29,31
DIATSA_LOCUS14124,245,488,524,371,680,734
DIATSA_LOCUS14125,3,4,4,2,3,3
DIATSA_LOCUS14126,282,721,742,284,676,699
DIATSA_LOCUS14127,17,27,28,32,45,46
DIATSA_LOCUS14128,0,0,0,0,0,0
DIATSA_LOCUS14129,0,0,0,0,0,0
DIATSA_LOCUS1413,0,0,0,0,0,0
DIATSA_LOCUS14130,0,0,0,0,0,0
DIATSA_LOCUS14131,0,0,0,0,0,0
DIATSA_LOCUS14132,0,0,0,0,0,0
DIATSA_LOCUS14133,0,0,0,0,0,0
DIATSA_LOCUS14134,0,0,0,0,0,0
DIATSA_LOCUS14135,0,0,1,0,0,0
DIATSA_LOCUS14136,0,0,0,0,0,0
DIATSA_LOCUS14137,0,0,0,0,0,0
DIATSA_LOCUS1414,2442,4845,5044,1999,3989,4140
DIATSA_LOCUS1415,11,22,22,2,3,3
DIATSA_LOCUS1416,1,1,2,0,0,0
DIATSA_LOCUS1417,403,745,758,472,903,932
DIATSA_LOCUS1418,66,142,148,89,179,181
DIATSA_LOCUS1419,76,125,136,8,18,18
DIATSA_LOCUS142,0,0,0,0,0,0
DIATSA_LOCUS1420,22,36,37,3,6,6
DIATSA_LOCUS1421,46,93,92,12,23,23
DIATSA_LOCUS1422,78,147,156,32,87,92
DIATSA_LOCUS1423,253,466,477,237,412,429
DIATSA_LOCUS1424,68,119,125,89,187,195
DIATSA_LOCUS1425,215,432,440,293,551,583
DIATSA_LOCUS1426,4,7,7,10,19,20
DIATSA_LOCUS1427,51,96,100,48,77,81
DIATSA_LOCUS1428,4,9,9,5,8,7
DIATSA_LOCUS1429,55,102,106,12,25,25
DIATSA_LOCUS143,0,0,0,0,0,0
DIATSA_LOCUS1430,426,805,860,308,562,601
DIATSA_LOCUS1431,80,131,135,37,65,69
DIATSA_LOCUS1432,22,45,48,10,15,16
DIATSA_LOCUS1433,46,79,79,18,34,35
DIATSA_LOCUS1434,0,0,0,0,0,0
DIATSA_LOCUS1435,2104,3396,3493,2226,4183,4322
DIATSA_LOCUS1436,1,5,5,1,3,3
DIATSA_LOCUS1437,10,22,22,25,41,42
DIATSA_LOCUS1438,117,225,238,144,290,297
DIATSA_LOCUS1439,24,47,47,23,58,57
DIATSA_LOCUS144,4,5,6,0,1,1
DIATSA_LOCUS1440,0,0,0,0,0,0
DIATSA_LOCUS1441,0,0,0,0,0,0
DIATSA_LOCUS1442,8,13,13,4,9,9
DIATSA_LOCUS1443,70,149,153,21,49,50
DIATSA_LOCUS1444,218,444,456,235,456,474
DIATSA_LOCUS1445,24,25,25,29,37,37
DIATSA_LOCUS1446,119,223,225,131,259,268
DIATSA_LOCUS1447,576,1140,1179,567,1139,1177
DIATSA_LOCUS1448,14,37,40,18,52,53
DIATSA_LOCUS1449,87,137,140,75,151,156
DIATSA_LOCUS145,0,0,0,0,0,0
DIATSA_LOCUS1450,43,110,111,53,141,142
DIATSA_LOCUS1451,78,129,134,30,49,52
DIATSA_LOCUS1452,12,30,31,12,20,20
DIATSA_LOCUS1453,14114,24165,24940,23294,40066,41414
DIATSA_LOCUS1454,0,0,0,1,2,2
DIATSA_LOCUS1455,0,0,0,0,0,0
DIATSA_LOCUS1456,10,20,24,7,12,13
DIATSA_LOCUS1457,7,8,8,6,14,14
DIATSA_LOCUS1458,41,67,71,37,55,58
DIATSA_LOCUS1459,0,0,0,0,0,0
DIATSA_LOCUS146,0,0,0,0,0,0
DIATSA_LOCUS1460,24,42,42,9,19,18
DIATSA_LOCUS1461,11,25,25,0,0,0
DIATSA_LOCUS1462,10,14,14,4,8,8
DIATSA_LOCUS1463,34,69,72,11,20,22
DIATSA_LOCUS1464,6,8,7,4,8,8
DIATSA_LOCUS1465,5,10,9,16,37,37
DIATSA_LOCUS1466,0,0,0,0,0,0
DIATSA_LOCUS1467,36,64,67,8,10,10
DIATSA_LOCUS1468,224,452,471,101,184,195
DIATSA_LOCUS1469,0,0,0,0,0,0
DIATSA_LOCUS147,7,11,12,1,2,2
DIATSA_LOCUS1470,154,292,306,134,299,309
DIATSA_LOCUS1471,4,6,6,0,1,1
DIATSA_LOCUS1472,0,1,1,8,11,11
DIATSA_LOCUS1473,1,1,1,0,0,0
DIATSA_LOCUS1474,414,658,685,224,348,358
DIATSA_LOCUS1475,0,0,0,0,0,0
DIATSA_LOCUS1476,19,37,39,8,18,21
DIATSA_LOCUS1477,19,44,48,12,21,21
DIATSA_LOCUS1478,68,99,104,31,55,55
DIATSA_LOCUS1479,359,773,797,391,895,922
DIATSA_LOCUS148,0,0,0,0,0,0
DIATSA_LOCUS1480,27,49,52,9,22,23
DIATSA_LOCUS1481,70,131,134,35,50,51
DIATSA_LOCUS1482,32,43,45,2,8,10
DIATSA_LOCUS1483,66,111,116,20,36,37
DIATSA_LOCUS1484,28696,47947,49700,44696,79118,82083
DIATSA_LOCUS1485,25,55,54,57,115,121
DIATSA_LOCUS1486,2,2,2,1,1,1
DIATSA_LOCUS1487,47,89,91,43,82,83
DIATSA_LOCUS1488,607,1070,1106,674,1180,1213
DIATSA_LOCUS1489,18,39,42,22,52,52
DIATSA_LOCUS149,5,8,9,1,2,3
DIATSA_LOCUS1490,82,152,158,37,59,68
DIATSA_LOCUS1491,5,16,19,3,10,11
DIATSA_LOCUS1492,176,343,351,223,388,398
DIATSA_LOCUS1493,127,265,275,175,356,364
DIATSA_LOCUS1494,247,492,508,212,411,422
DIATSA_LOCUS1495,69,112,117,118,194,199
DIATSA_LOCUS1496,179,356,374,262,448,473
DIATSA_LOCUS1497,356,664,684,350,639,664
DIATSA_LOCUS1498,396,702,719,359,583,592
DIATSA_LOCUS1499,37,55,60,20,31,32
DIATSA_LOCUS15,0,0,0,0,0,0
DIATSA_LOCUS150,9,16,17,11,24,24
DIATSA_LOCUS1500,36,81,85,21,34,35
DIATSA_LOCUS1501,3344,5574,5782,2483,4248,4401
DIATSA_LOCUS1502,8,14,0,0,0,0
DIATSA_LOCUS1503,195,446,450,528,934,974
DIATSA_LOCUS1504,0,0,14,12,17,17
DIATSA_LOCUS1505,65,93,96,86,119,123
DIATSA_LOCUS1506,19,39,38,15,33,35
DIATSA_LOCUS1507,64,125,128,39,74,77
DIATSA_LOCUS1508,137,276,284,145,262,268
DIATSA_LOCUS1509,15068,28298,29449,14044,28282,29300
DIATSA_LOCUS151,265,505,523,109,217,224
DIATSA_LOCUS1510,0,0,0,0,5,5
DIATSA_LOCUS1511,12,27,27,18,46,46
DIATSA_LOCUS1512,1,3,2,3,7,7
DIATSA_LOCUS1513,24,51,54,24,54,55
DIATSA_LOCUS1514,46,83,84,37,72,72
DIATSA_LOCUS1515,87,169,179,43,58,58
DIATSA_LOCUS1516,229,408,416,235,412,425
DIATSA_LOCUS1517,0,0,0,0,0,0
DIATSA_LOCUS1518,94,176,183,113,214,217
DIATSA_LOCUS1519,13,28,28,8,15,16
DIATSA_LOCUS152,12,21,23,2,7,7
DIATSA_LOCUS1520,829,1631,1697,1026,1867,1943
DIATSA_LOCUS1521,36,58,59,15,35,37
DIATSA_LOCUS1522,0,0,0,0,0,0
DIATSA_LOCUS1523,35,55,59,12,21,23
DIATSA_LOCUS1524,74,134,141,60,111,112
DIATSA_LOCUS1525,1,1,1,1,2,2
DIATSA_LOCUS1526,0,0,0,0,0,0
DIATSA_LOCUS1527,0,0,0,0,0,0
DIATSA_LOCUS1528,0,0,0,0,0,0
DIATSA_LOCUS1529,89,176,185,85,115,116
DIATSA_LOCUS153,30,45,45,19,29,29
DIATSA_LOCUS1530,0,0,0,0,0,0
DIATSA_LOCUS1531,23,40,42,12,22,21
DIATSA_LOCUS1532,22,51,54,20,48,49
DIATSA_LOCUS1533,2,4,5,1,2,2
DIATSA_LOCUS1534,27,55,57,17,37,38
DIATSA_LOCUS1535,32,97,98,36,92,94
DIATSA_LOCUS1536,9,11,12,4,10,11
DIATSA_LOCUS1537,54,80,85,28,47,47
DIATSA_LOCUS1538,10,14,14,5,6,6
DIATSA_LOCUS1539,4,4,5,6,12,12
DIATSA_LOCUS154,0,0,0,0,0,0
DIATSA_LOCUS1540,29,68,68,24,43,43
DIATSA_LOCUS1541,770,1682,1749,980,1940,2042
DIATSA_LOCUS1542,1,2,2,0,0,0
DIATSA_LOCUS1543,16,38,41,14,29,29
DIATSA_LOCUS1544,7,9,8,2,3,3
DIATSA_LOCUS1545,37,94,97,35,78,82
DIATSA_LOCUS1546,1,1,1,0,0,0
DIATSA_LOCUS1547,20,28,29,5,6,6
DIATSA_LOCUS1548,0,0,0,0,0,0
DIATSA_LOCUS1549,4,7,7,1,5,4
DIATSA_LOCUS155,118,242,252,163,289,300
DIATSA_LOCUS1550,93,135,137,14,38,39
DIATSA_LOCUS1551,97,185,190,48,83,80
DIATSA_LOCUS1552,97,168,175,94,156,162
DIATSA_LOCUS1553,108,174,183,125,223,228
DIATSA_LOCUS1554,15,40,39,17,37,38
DIATSA_LOCUS1555,46,95,101,56,95,97
DIATSA_LOCUS1556,35,51,56,40,80,83
DIATSA_LOCUS1557,75,112,117,42,81,87
DIATSA_LOCUS1558,0,1,1,0,1,1
DIATSA_LOCUS1559,6,11,11,4,7,8
DIATSA_LOCUS156,387,752,705,669,1244,1209
DIATSA_LOCUS1560,20,44,45,18,22,25
DIATSA_LOCUS1561,7,16,16,3,5,5
DIATSA_LOCUS1562,43,80,82,31,69,76
DIATSA_LOCUS1563,31,41,42,8,16,16
DIATSA_LOCUS1564,297,549,571,235,466,484
DIATSA_LOCUS1565,28,44,46,29,53,52
DIATSA_LOCUS1566,6,14,13,8,15,17
DIATSA_LOCUS1567,17,36,37,14,33,34
DIATSA_LOCUS1568,0,0,0,0,0,0
DIATSA_LOCUS1569,71,204,210,76,250,262
DIATSA_LOCUS157,0,0,0,0,0,0
DIATSA_LOCUS1570,153,323,331,79,147,156
DIATSA_LOCUS1571,545,1149,1183,549,1109,1135
DIATSA_LOCUS1572,1,2,1,0,3,2
DIATSA_LOCUS1573,7,6,7,3,5,5
DIATSA_LOCUS1574,0,0,0,0,0,0
DIATSA_LOCUS1575,0,0,0,0,0,0
DIATSA_LOCUS1576,318,611,636,214,379,384
DIATSA_LOCUS1577,82,159,161,49,84,88
DIATSA_LOCUS1578,10,18,19,9,10,11
DIATSA_LOCUS1579,0,4,5,3,11,11
DIATSA_LOCUS158,0,0,0,6,0,10
DIATSA_LOCUS1580,22,32,36,4,10,10
DIATSA_LOCUS1581,57,118,118,74,139,149
DIATSA_LOCUS1582,69,136,142,100,179,186
DIATSA_LOCUS1583,307,542,564,293,576,600
DIATSA_LOCUS1584,73,148,151,97,190,193
DIATSA_LOCUS1585,41,81,83,88,132,135
DIATSA_LOCUS1586,296,512,531,304,538,560
DIATSA_LOCUS1587,83,141,145,68,127,130
DIATSA_LOCUS1588,61,106,109,39,71,73
DIATSA_LOCUS1589,12611,20913,21630,19378,31377,32469
DIATSA_LOCUS159,0,0,0,0,0,0
DIATSA_LOCUS1590,14,34,35,7,16,18
DIATSA_LOCUS1591,29,57,62,41,79,85
DIATSA_LOCUS1592,46,95,97,32,70,72
DIATSA_LOCUS1593,37,60,62,34,48,51
DIATSA_LOCUS1594,23,34,37,21,35,35
DIATSA_LOCUS1595,4,7,8,0,2,2
DIATSA_LOCUS1596,35,65,69,11,20,20
DIATSA_LOCUS1597,677,1376,1411,738,1518,1575
DIATSA_LOCUS1598,118,218,232,56,118,130
DIATSA_LOCUS1599,123,254,262,116,250,257
DIATSA_LOCUS16,0,0,0,0,0,0
DIATSA_LOCUS160,0,0,0,0,0,0
DIATSA_LOCUS1600,284,517,539,245,510,525
DIATSA_LOCUS1601,4,9,9,1,2,2
DIATSA_LOCUS1602,560,1026,1063,498,926,957
DIATSA_LOCUS1603,304,556,576,377,725,746
DIATSA_LOCUS1604,2,2,2,2,2,2
DIATSA_LOCUS1605,31,78,80,26,62,64
DIATSA_LOCUS1606,257,466,479,144,252,260
DIATSA_LOCUS1607,15,27,27,12,26,26
DIATSA_LOCUS1608,68,148,154,96,177,185
DIATSA_LOCUS1609,0,0,0,0,0,0
DIATSA_LOCUS161,0,0,0,0,0,0
DIATSA_LOCUS1610,104,245,251,39,125,126
DIATSA_LOCUS1611,34,55,55,11,22,27
DIATSA_LOCUS1612,453,885,910,598,1208,1252
DIATSA_LOCUS1613,23,68,67,35,92,93
DIATSA_LOCUS1614,1,1,1,0,1,1
DIATSA_LOCUS1615,13,20,21,8,15,14
DIATSA_LOCUS1616,103,177,184,102,170,172
DIATSA_LOCUS1617,41,61,63,19,47,47
DIATSA_LOCUS1618,12,29,28,2,2,2
DIATSA_LOCUS1619,81,127,129,88,129,136
DIATSA_LOCUS162,0,0,0,0,0,0
DIATSA_LOCUS1620,9,21,19,17,26,30
DIATSA_LOCUS1621,88,168,172,143,229,236
DIATSA_LOCUS1622,1295,2042,2104,995,1734,1822
DIATSA_LOCUS1623,4,7,7,3,5,5
DIATSA_LOCUS1624,21,27,29,8,17,17
DIATSA_LOCUS1625,48,79,81,14,25,24
DIATSA_LOCUS1626,134,239,248,106,179,188
DIATSA_LOCUS1627,134,211,222,107,169,172
DIATSA_LOCUS1628,42,92,99,14,33,34
DIATSA_LOCUS1629,133,267,287,52,92,103
DIATSA_LOCUS163,0,0,0,0,0,0
DIATSA_LOCUS1630,72,132,133,62,109,116
DIATSA_LOCUS1631,8,23,22,10,22,22
DIATSA_LOCUS1632,11,24,25,13,23,24
DIATSA_LOCUS1633,9,16,17,13,21,22
DIATSA_LOCUS1634,0,0,0,0,0,0
DIATSA_LOCUS1635,0,1,1,0,0,1
DIATSA_LOCUS1636,0,0,0,0,0,0
DIATSA_LOCUS1637,40,80,86,38,74,78
DIATSA_LOCUS1638,0,0,0,0,0,0
DIATSA_LOCUS1639,2,0,3,3,3,3
DIATSA_LOCUS164,0,0,0,0,0,0
DIATSA_LOCUS1640,0,0,0,0,0,0
DIATSA_LOCUS1641,3,4,4,6,7,8
DIATSA_LOCUS1642,0,0,0,0,0,0
DIATSA_LOCUS1643,0,0,0,0,0,0
DIATSA_LOCUS1644,0,12,10,1,5,5
DIATSA_LOCUS1645,0,0,0,0,0,0
DIATSA_LOCUS1646,0,0,0,0,0,0
DIATSA_LOCUS1647,0,0,0,0,0,0
DIATSA_LOCUS1648,8,17,17,8,21,21
DIATSA_LOCUS1649,0,0,0,0,1,1
DIATSA_LOCUS165,0,0,1,0,0,0
DIATSA_LOCUS1650,85,164,168,56,96,97
DIATSA_LOCUS1651,45,75,78,34,54,56
DIATSA_LOCUS1652,118,179,187,160,270,274
DIATSA_LOCUS1653,29,52,54,22,49,51
DIATSA_LOCUS1654,4,9,9,1,2,2
DIATSA_LOCUS1655,11,21,21,8,23,24
DIATSA_LOCUS1656,102,180,191,27,52,54
DIATSA_LOCUS1657,95,162,165,46,88,95
DIATSA_LOCUS1658,9,10,10,1,1,1
DIATSA_LOCUS1659,2,7,7,5,9,9
DIATSA_LOCUS166,0,0,0,3,2,2
DIATSA_LOCUS1660,11,13,14,1,2,3
DIATSA_LOCUS1661,1,1,1,0,0,0
DIATSA_LOCUS1662,2,6,6,2,2,2
DIATSA_LOCUS1663,7,9,10,7,9,10
DIATSA_LOCUS1664,51,94,100,52,107,115
DIATSA_LOCUS1665,16,37,37,10,20,20
DIATSA_LOCUS1666,164,322,329,227,509,530
DIATSA_LOCUS1667,347,740,758,62,112,118
DIATSA_LOCUS1668,7,17,18,7,8,9
DIATSA_LOCUS1669,3,7,8,9,13,13
DIATSA_LOCUS167,1,5,5,3,3,3
DIATSA_LOCUS1670,0,0,0,0,0,0
DIATSA_LOCUS1671,53,83,86,57,93,98
DIATSA_LOCUS1672,21,35,36,14,20,20
DIATSA_LOCUS1673,193,309,324,217,378,400
DIATSA_LOCUS1674,0,0,0,0,0,0
DIATSA_LOCUS1675,0,0,0,0,0,0
DIATSA_LOCUS1676,0,0,0,0,0,0
DIATSA_LOCUS1677,0,0,0,0,0,0
DIATSA_LOCUS1678,5,8,8,1,5,5
DIATSA_LOCUS1679,4583,8334,8646,5451,10372,10780
DIATSA_LOCUS168,0,0,0,0,0,0
DIATSA_LOCUS1680,6,11,11,5,12,12
DIATSA_LOCUS1681,18,49,54,16,55,62
DIATSA_LOCUS1682,0,0,0,1,1,1
DIATSA_LOCUS1683,0,0,0,0,0,0
DIATSA_LOCUS1684,0,0,0,0,0,0
DIATSA_LOCUS1685,11,15,15,3,7,8
DIATSA_LOCUS1686,32,60,63,24,41,42
DIATSA_LOCUS1687,70,119,123,43,66,73
DIATSA_LOCUS1688,60,157,163,61,137,145
DIATSA_LOCUS1689,0,0,0,0,0,0
DIATSA_LOCUS169,0,0,0,0,0,0
DIATSA_LOCUS1690,0,0,0,0,0,0
DIATSA_LOCUS1691,2237,4283,4479,2351,4700,4865
DIATSA_LOCUS1692,48,94,96,25,74,81
DIATSA_LOCUS1693,107,254,263,144,287,299
DIATSA_LOCUS1694,249,494,496,106,252,264
DIATSA_LOCUS1695,349,644,663,422,793,827
DIATSA_LOCUS1696,3848,7668,8053,5109,10096,10604
DIATSA_LOCUS1697,1572,3030,3154,1660,3390,3506
DIATSA_LOCUS1698,103,189,197,64,114,117
DIATSA_LOCUS1699,38,91,94,27,71,74
DIATSA_LOCUS17,8,27,28,16,39,39
DIATSA_LOCUS170,0,0,0,0,0,0
DIATSA_LOCUS1700,257,535,544,228,456,468
DIATSA_LOCUS1701,486,845,874,552,1053,1102
DIATSA_LOCUS1702,45,135,141,66,172,183
DIATSA_LOCUS1703,0,0,0,0,0,0
DIATSA_LOCUS1704,377,684,695,353,671,693
DIATSA_LOCUS1705,30,66,67,42,81,82
DIATSA_LOCUS1706,0,0,0,0,0,0
DIATSA_LOCUS1707,0,0,0,0,0,0
DIATSA_LOCUS1708,1,1,1,0,0,0
DIATSA_LOCUS1709,0,0,0,0,0,0
DIATSA_LOCUS171,0,0,0,0,0,0
DIATSA_LOCUS1710,68,143,148,89,143,146
DIATSA_LOCUS1711,45,118,118,36,114,117
DIATSA_LOCUS1712,58,136,137,29,55,55
DIATSA_LOCUS1713,28,59,64,21,34,35
DIATSA_LOCUS1714,0,0,0,0,0,0
DIATSA_LOCUS1715,13,18,18,2,7,7
DIATSA_LOCUS1716,203,430,443,207,415,427
DIATSA_LOCUS1717,78,126,132,40,67,70
DIATSA_LOCUS1718,14,23,23,15,29,31
DIATSA_LOCUS1719,249,454,473,221,412,433
DIATSA_LOCUS172,4,6,6,2,3,3
DIATSA_LOCUS1720,305,622,642,270,581,598
DIATSA_LOCUS1721,1123,2083,2146,760,1525,1587
DIATSA_LOCUS1722,32,77,77,55,106,99
DIATSA_LOCUS1723,934,1632,1679,521,963,1002
DIATSA_LOCUS1724,27,45,50,24,61,61
DIATSA_LOCUS1725,9,15,15,5,9,9
DIATSA_LOCUS1726,31,86,88,33,80,81
DIATSA_LOCUS1727,2,7,9,1,15,14
DIATSA_LOCUS1728,0,0,0,0,0,0
DIATSA_LOCUS1729,0,0,0,0,0,0
DIATSA_LOCUS173,0,0,0,0,0,0
DIATSA_LOCUS1730,15,27,28,4,6,7
DIATSA_LOCUS1731,47,105,109,38,87,92
DIATSA_LOCUS1732,1,1,1,3,5,5
DIATSA_LOCUS1733,291,456,475,222,369,382
DIATSA_LOCUS1734,38,67,72,48,106,108
DIATSA_LOCUS1735,0,0,0,0,1,1
DIATSA_LOCUS1736,2,4,6,4,6,5
DIATSA_LOCUS1737,7,16,15,2,10,11
DIATSA_LOCUS1738,19,21,21,19,30,29
DIATSA_LOCUS1739,65,138,141,52,102,105
DIATSA_LOCUS174,35,66,73,11,28,29
DIATSA_LOCUS1740,334,615,642,365,708,726
DIATSA_LOCUS1741,0,0,0,0,0,0
DIATSA_LOCUS1742,39,56,58,32,48,48
DIATSA_LOCUS1743,260,537,565,212,437,446
DIATSA_LOCUS1744,37,89,93,18,49,49
DIATSA_LOCUS1745,263,562,593,252,521,538
DIATSA_LOCUS1746,128,240,243,159,277,287
DIATSA_LOCUS1747,1,2,2,0,0,0
DIATSA_LOCUS1748,676,1262,1292,651,1281,1317
DIATSA_LOCUS1749,0,0,0,0,0,0
DIATSA_LOCUS175,10,16,16,19,41,40
DIATSA_LOCUS1750,0,1,1,0,0,0
DIATSA_LOCUS1751,396,829,850,442,872,902
DIATSA_LOCUS1752,4,14,17,12,21,23
DIATSA_LOCUS1753,13,32,34,22,36,37
DIATSA_LOCUS1754,16,26,27,16,26,29
DIATSA_LOCUS1755,110,288,293,134,288,301
DIATSA_LOCUS1756,59,118,123,51,101,108
DIATSA_LOCUS1757,0,0,0,0,0,0
DIATSA_LOCUS1758,0,0,0,0,0,0
DIATSA_LOCUS1759,652,1179,1220,344,627,640
DIATSA_LOCUS176,65,119,123,81,155,157
DIATSA_LOCUS1760,0,1,1,4,2,2
DIATSA_LOCUS1761,2,8,8,2,8,8
DIATSA_LOCUS1762,239,472,489,131,269,287
DIATSA_LOCUS1763,260,555,575,138,303,317
DIATSA_LOCUS1764,4,7,7,4,5,5
DIATSA_LOCUS1765,1,1,1,0,0,0
DIATSA_LOCUS1766,5,11,11,1,1,1
DIATSA_LOCUS1767,24,40,43,5,16,18
DIATSA_LOCUS1768,10,20,21,6,9,10
DIATSA_LOCUS1769,171,350,364,132,251,259
DIATSA_LOCUS177,238,487,512,160,289,303
DIATSA_LOCUS1770,65,127,131,27,42,43
DIATSA_LOCUS1771,31,51,56,8,21,22
DIATSA_LOCUS1772,47,94,92,18,39,40
DIATSA_LOCUS1773,75,161,171,48,104,109
DIATSA_LOCUS1774,0,0,0,0,0,0
DIATSA_LOCUS1775,0,0,0,0,0,0
DIATSA_LOCUS1776,8,15,16,1,1,1
DIATSA_LOCUS1777,0,0,0,0,0,0
DIATSA_LOCUS1778,1514,3449,3556,1739,3756,3870
DIATSA_LOCUS1779,6,23,26,11,17,17
DIATSA_LOCUS178,23,47,47,12,27,31
DIATSA_LOCUS1780,0,2,2,2,3,3
DIATSA_LOCUS1781,21,36,37,19,22,22
DIATSA_LOCUS1782,0,0,0,0,0,0
DIATSA_LOCUS1783,347,691,721,238,523,542
DIATSA_LOCUS1784,101,227,238,47,115,119
DIATSA_LOCUS1785,1,2,2,0,0,0
DIATSA_LOCUS1786,208,368,386,175,322,337
DIATSA_LOCUS1787,144,277,288,151,328,348
DIATSA_LOCUS1788,16,26,26,8,19,19
DIATSA_LOCUS1789,8,11,11,5,6,6
DIATSA_LOCUS179,0,0,0,0,0,0
DIATSA_LOCUS1790,193,377,388,113,243,247
DIATSA_LOCUS1791,40,65,66,24,39,40
DIATSA_LOCUS1792,14,33,36,19,25,26
DIATSA_LOCUS1793,142,319,332,142,305,317
DIATSA_LOCUS1794,70,129,136,40,94,99
DIATSA_LOCUS1795,6092,11112,11463,7693,14003,14532
DIATSA_LOCUS1796,0,0,0,0,0,0
DIATSA_LOCUS1797,65,137,141,39,79,79
DIATSA_LOCUS1798,37,99,106,44,121,121
DIATSA_LOCUS1799,58,130,135,58,112,115
DIATSA_LOCUS18,41,61,62,28,52,56
DIATSA_LOCUS180,8,14,14,1,4,4
DIATSA_LOCUS1800,78,133,135,50,92,97
DIATSA_LOCUS1801,16,39,41,20,45,47
DIATSA_LOCUS1802,1,6,6,0,3,3
DIATSA_LOCUS1803,71,183,192,89,214,225
DIATSA_LOCUS1804,3,3,3,2,2,2
DIATSA_LOCUS1805,45,87,88,46,107,110
DIATSA_LOCUS1806,433,916,939,319,624,655
DIATSA_LOCUS1807,61,125,126,43,73,76
DIATSA_LOCUS1808,88,188,198,44,102,104
DIATSA_LOCUS1809,73,145,151,62,138,140
DIATSA_LOCUS181,109,193,199,81,156,162
DIATSA_LOCUS1810,106,194,197,30,55,60
DIATSA_LOCUS1811,79,141,144,98,201,207
DIATSA_LOCUS1812,204,405,420,110,210,218
DIATSA_LOCUS1813,0,0,0,0,1,1
DIATSA_LOCUS1814,0,0,0,2,4,4
DIATSA_LOCUS1815,16,26,26,16,27,30
DIATSA_LOCUS1816,57,123,127,74,132,137
DIATSA_LOCUS1817,347,638,656,370,653,677
DIATSA_LOCUS1818,14,20,23,1,7,7
DIATSA_LOCUS1819,27,54,56,21,29,33
DIATSA_LOCUS182,0,0,0,0,0,0
DIATSA_LOCUS1820,287,539,554,141,283,299
DIATSA_LOCUS1821,101,195,200,125,217,222
DIATSA_LOCUS1822,209,353,360,138,286,293
DIATSA_LOCUS1823,81,193,203,96,245,255
DIATSA_LOCUS1824,0,0,0,0,0,0
DIATSA_LOCUS1825,106,159,163,110,189,191
DIATSA_LOCUS1826,0,0,0,0,0,0
DIATSA_LOCUS1827,8,20,20,13,21,22
DIATSA_LOCUS1828,1,4,4,2,6,6
DIATSA_LOCUS1829,121,269,277,131,296,303
DIATSA_LOCUS183,10,25,25,0,10,10
DIATSA_LOCUS1830,86,183,190,112,193,199
DIATSA_LOCUS1831,48,92,93,57,110,116
DIATSA_LOCUS1832,150,334,345,121,274,286
DIATSA_LOCUS1833,0,0,0,0,0,0
DIATSA_LOCUS1834,27,41,44,42,62,63
DIATSA_LOCUS1835,83,139,141,76,124,128
DIATSA_LOCUS1836,387,697,726,180,292,305
DIATSA_LOCUS1837,303,625,658,119,244,249
DIATSA_LOCUS1838,24,54,56,15,36,36
DIATSA_LOCUS1839,94,223,230,41,105,110
DIATSA_LOCUS184,12,21,21,5,7,7
DIATSA_LOCUS1840,66,129,129,35,67,69
DIATSA_LOCUS1841,169,381,392,155,368,382
DIATSA_LOCUS1842,221,478,497,218,455,473
DIATSA_LOCUS1843,0,0,0,0,0,0
DIATSA_LOCUS1844,224,431,438,184,387,400
DIATSA_LOCUS1845,994,2138,2223,646,1344,1385
DIATSA_LOCUS1846,31,77,78,20,38,38
DIATSA_LOCUS1847,159,292,302,73,168,177
DIATSA_LOCUS1848,0,0,0,0,0,0
DIATSA_LOCUS1849,86,150,155,120,199,199
DIATSA_LOCUS185,166,264,272,119,274,287
DIATSA_LOCUS1850,14,28,28,20,34,33
DIATSA_LOCUS1851,117,232,236,78,153,156
DIATSA_LOCUS1852,383,776,799,55,103,105
DIATSA_LOCUS1853,0,0,0,0,1,1
DIATSA_LOCUS1854,113,190,196,155,251,255
DIATSA_LOCUS1855,54,98,97,55,120,119
DIATSA_LOCUS1856,6,8,8,2,2,2
DIATSA_LOCUS1857,256,505,531,153,306,317
DIATSA_LOCUS1858,85,155,160,78,138,145
DIATSA_LOCUS1859,23,48,50,17,31,32
DIATSA_LOCUS186,0,0,0,0,0,0
DIATSA_LOCUS1860,0,0,0,0,0,0
DIATSA_LOCUS1861,0,0,0,0,0,0
DIATSA_LOCUS1862,0,0,0,0,0,0
DIATSA_LOCUS1863,54,128,130,28,62,64
DIATSA_LOCUS1864,282,531,552,101,190,195
DIATSA_LOCUS1865,111,198,203,107,199,214
DIATSA_LOCUS1866,16,30,31,28,52,54
DIATSA_LOCUS1867,13,16,17,12,19,19
DIATSA_LOCUS1868,8,27,29,2,9,8
DIATSA_LOCUS1869,158,275,288,145,263,276
DIATSA_LOCUS187,5,9,10,3,4,4
DIATSA_LOCUS1870,8236,18643,19423,11641,26866,27986
DIATSA_LOCUS1871,142,348,361,31,69,69
DIATSA_LOCUS1872,100,218,224,109,215,217
DIATSA_LOCUS1873,320,701,722,171,397,406
DIATSA_LOCUS1874,755,1389,1437,914,1722,1785
DIATSA_LOCUS1875,271,615,637,246,536,552
DIATSA_LOCUS1876,28,54,54,19,37,37
DIATSA_LOCUS1877,45,92,98,30,52,52
DIATSA_LOCUS1878,90,204,205,96,186,191
DIATSA_LOCUS1879,119,197,212,111,194,209
DIATSA_LOCUS188,45,76,80,39,67,68
DIATSA_LOCUS1880,350,661,676,384,778,793
DIATSA_LOCUS1881,242,489,503,219,420,435
DIATSA_LOCUS1882,2,8,8,6,11,10
DIATSA_LOCUS1883,1,1,1,1,1,1
DIATSA_LOCUS1884,66,125,130,86,193,195
DIATSA_LOCUS1885,159,279,290,120,215,217
DIATSA_LOCUS1886,333,565,588,233,419,427
DIATSA_LOCUS1887,1,5,6,3,5,5
DIATSA_LOCUS1888,1473,2872,2972,1857,3449,3571
DIATSA_LOCUS1889,311,745,773,509,1034,1073
DIATSA_LOCUS189,58,110,121,44,96,98
DIATSA_LOCUS1890,198,368,378,228,369,388
DIATSA_LOCUS1891,180,408,424,195,441,456
DIATSA_LOCUS1892,573,1226,1271,342,734,771
DIATSA_LOCUS1893,3511,6475,6692,1658,3313,3439
DIATSA_LOCUS1894,68,131,135,87,157,166
DIATSA_LOCUS1895,90,137,140,44,72,75
DIATSA_LOCUS1896,526,1083,1132,320,654,682
DIATSA_LOCUS1897,61,105,108,63,113,117
DIATSA_LOCUS1898,78,173,179,52,120,126
DIATSA_LOCUS1899,21,51,52,27,50,50
DIATSA_LOCUS19,30,62,64,12,20,20
DIATSA_LOCUS190,51,83,87,13,25,26
DIATSA_LOCUS1900,85,184,190,60,116,120
DIATSA_LOCUS1901,669,1289,1332,548,1073,1104
DIATSA_LOCUS1902,3646,6864,7108,1374,2867,2950
DIATSA_LOCUS1903,0,0,0,0,0,0
DIATSA_LOCUS1904,16,23,22,7,8,9
DIATSA_LOCUS1905,957,1877,1957,855,1670,1734
DIATSA_LOCUS1906,431,915,943,563,1163,1201
DIATSA_LOCUS1907,267,471,482,118,200,215
DIATSA_LOCUS1908,0,0,0,0,0,0
DIATSA_LOCUS1909,437,855,884,286,600,615
DIATSA_LOCUS191,172,296,304,161,265,279
DIATSA_LOCUS1910,4,4,5,0,0,0
DIATSA_LOCUS1911,173,361,384,82,167,176
DIATSA_LOCUS1912,58,123,129,14,38,39
DIATSA_LOCUS1913,4,8,8,9,15,15
DIATSA_LOCUS1914,233,455,474,244,462,478
DIATSA_LOCUS1915,7,22,22,5,16,15
DIATSA_LOCUS1916,186,369,375,153,286,297
DIATSA_LOCUS1917,15984,30210,31205,21370,39265,40502
DIATSA_LOCUS1918,819,1995,2071,961,2069,2152
DIATSA_LOCUS1919,996,1974,2024,654,1381,1425
DIATSA_LOCUS192,137,249,259,49,111,113
DIATSA_LOCUS1920,504,1191,1257,472,1085,1151
DIATSA_LOCUS1921,1299,2521,2651,1388,2870,3016
DIATSA_LOCUS1922,382,779,805,316,686,705
DIATSA_LOCUS1923,3559,6390,6679,4163,7521,7908
DIATSA_LOCUS1924,50,84,85,64,119,124
DIATSA_LOCUS1925,149,290,298,123,224,228
DIATSA_LOCUS1926,112,189,194,58,136,138
DIATSA_LOCUS1927,212,426,433,281,530,558
DIATSA_LOCUS1928,0,0,0,0,0,0
DIATSA_LOCUS1929,0,0,0,0,0,0
DIATSA_LOCUS193,17,33,35,9,12,13
DIATSA_LOCUS1930,0,0,0,0,0,0
DIATSA_LOCUS1931,0,0,0,0,0,0
DIATSA_LOCUS1932,168,326,351,176,341,354
DIATSA_LOCUS1933,179,294,310,125,225,240
DIATSA_LOCUS1934,10,26,26,5,16,16
DIATSA_LOCUS1935,0,0,0,0,0,0
DIATSA_LOCUS1936,70,132,139,44,98,101
DIATSA_LOCUS1937,31,54,54,37,73,75
DIATSA_LOCUS1938,53,103,104,25,53,54
DIATSA_LOCUS1939,96,185,191,111,182,193
DIATSA_LOCUS194,0,2,2,1,2,2
DIATSA_LOCUS1940,0,0,0,0,0,0
DIATSA_LOCUS1941,8,19,21,10,18,18
DIATSA_LOCUS1942,0,0,0,0,0,0
DIATSA_LOCUS1943,85,156,161,67,138,143
DIATSA_LOCUS1944,62,114,121,63,138,142
DIATSA_LOCUS1945,3,3,3,1,3,3
DIATSA_LOCUS1946,99,184,190,59,155,162
DIATSA_LOCUS1947,4,6,6,2,5,5
DIATSA_LOCUS1948,0,0,0,0,0,0
DIATSA_LOCUS1949,0,2,2,1,1,1
DIATSA_LOCUS195,11,22,23,12,29,28
DIATSA_LOCUS1950,0,0,0,0,0,0
DIATSA_LOCUS1951,0,0,0,0,0,0
DIATSA_LOCUS1952,0,0,0,0,0,0
DIATSA_LOCUS1953,27,64,68,24,54,55
DIATSA_LOCUS1954,0,0,0,1,3,3
DIATSA_LOCUS1955,0,0,0,0,0,0
DIATSA_LOCUS1956,29,68,68,20,31,34
DIATSA_LOCUS1957,625,1072,1119,696,1253,1310
DIATSA_LOCUS1958,1,3,4,2,2,2
DIATSA_LOCUS1959,32,61,66,30,65,67
DIATSA_LOCUS196,3,8,8,1,4,4
DIATSA_LOCUS1960,6,7,7,0,1,1
DIATSA_LOCUS1961,2,4,4,0,0,0
DIATSA_LOCUS1962,92,184,188,88,218,223
DIATSA_LOCUS1963,289,579,604,124,262,273
DIATSA_LOCUS1964,1,2,2,2,5,5
DIATSA_LOCUS1965,43,86,89,25,40,44
DIATSA_LOCUS1966,872,1886,1979,1049,2118,2229
DIATSA_LOCUS1967,28,76,95,35,89,122
DIATSA_LOCUS1968,103,234,237,26,86,87
DIATSA_LOCUS1969,0,15,22,0,19,25
DIATSA_LOCUS197,16,50,50,13,27,26
DIATSA_LOCUS1970,56,119,119,22,44,43
DIATSA_LOCUS1971,3,5,5,4,7,7
DIATSA_LOCUS1972,12,22,22,7,15,15
DIATSA_LOCUS1973,78,162,172,47,94,99
DIATSA_LOCUS1974,111,211,216,46,105,106
DIATSA_LOCUS1975,0,0,0,0,0,0
DIATSA_LOCUS1976,1,3,3,5,11,10
DIATSA_LOCUS1977,156,323,328,85,162,169
DIATSA_LOCUS1978,10,21,22,12,28,29
DIATSA_LOCUS1979,100,193,199,82,163,167
DIATSA_LOCUS198,2,2,2,0,2,2
DIATSA_LOCUS1980,63,132,139,64,141,149
DIATSA_LOCUS1981,0,0,0,0,0,0
DIATSA_LOCUS1982,0,0,0,0,0,0
DIATSA_LOCUS1983,10,24,24,67,119,123
DIATSA_LOCUS1984,3,10,9,2,3,3
DIATSA_LOCUS1985,281,499,513,187,351,361
DIATSA_LOCUS1986,186,395,397,97,251,264
DIATSA_LOCUS1987,106,214,228,116,240,250
DIATSA_LOCUS1988,137,279,287,199,407,425
DIATSA_LOCUS1989,3,4,4,0,0,0
DIATSA_LOCUS199,8,11,11,4,8,8
DIATSA_LOCUS1990,2909,5613,5762,2327,4643,4818
DIATSA_LOCUS1991,0,0,0,2,3,3
DIATSA_LOCUS1992,2,12,12,3,10,10
DIATSA_LOCUS1993,216,363,368,367,646,661
DIATSA_LOCUS1994,149,278,287,26,46,47
DIATSA_LOCUS1995,2,2,2,1,1,1
DIATSA_LOCUS1996,174,337,342,80,184,194
DIATSA_LOCUS1997,53,105,106,16,25,25
DIATSA_LOCUS1998,10,24,26,10,21,21
DIATSA_LOCUS1999,1,3,3,1,6,6
DIATSA_LOCUS2,0,0,0,0,0,0
DIATSA_LOCUS20,5,9,8,0,4,3
DIATSA_LOCUS200,3,4,4,2,4,4
DIATSA_LOCUS2000,105,261,270,123,291,305
DIATSA_LOCUS2001,39,71,73,54,88,89
DIATSA_LOCUS2002,2,4,4,1,6,6
DIATSA_LOCUS2003,11,15,16,3,4,4
DIATSA_LOCUS2004,35,53,55,14,28,30
DIATSA_LOCUS2005,57,116,120,66,172,177
DIATSA_LOCUS2006,2,3,3,0,1,1
DIATSA_LOCUS2007,21,36,36,21,40,40
DIATSA_LOCUS2008,0,2,2,1,4,4
DIATSA_LOCUS2009,5,7,7,5,6,7
DIATSA_LOCUS201,0,0,0,0,0,0
DIATSA_LOCUS2010,23,34,34,5,10,10
DIATSA_LOCUS2011,110,218,225,56,111,116
DIATSA_LOCUS2012,400,750,763,405,745,769
DIATSA_LOCUS2013,333,621,656,311,563,591
DIATSA_LOCUS2014,1,2,2,1,3,3
DIATSA_LOCUS2015,11,30,31,13,24,24
DIATSA_LOCUS2016,0,0,0,0,0,0
DIATSA_LOCUS2017,0,0,0,0,0,0
DIATSA_LOCUS2018,0,0,0,0,0,0
DIATSA_LOCUS2019,0,0,0,0,0,0
DIATSA_LOCUS202,218,386,399,215,363,377
DIATSA_LOCUS2020,0,1,1,0,0,0
DIATSA_LOCUS2021,2020,4161,4291,2423,4887,5040
DIATSA_LOCUS2022,156,254,264,170,286,297
DIATSA_LOCUS2023,832,1595,1644,623,1227,1265
DIATSA_LOCUS2024,142,312,321,152,324,336
DIATSA_LOCUS2025,0,1,1,0,0,0
DIATSA_LOCUS2026,106,222,228,46,107,113
DIATSA_LOCUS2027,2068,4851,5040,2371,5513,5791
DIATSA_LOCUS2028,748,1735,1792,785,1824,1894
DIATSA_LOCUS2029,1,1,1,3,3,3
DIATSA_LOCUS203,601,1267,1315,198,422,447
DIATSA_LOCUS2030,761,1439,1479,564,1094,1139
DIATSA_LOCUS2031,11,30,29,16,36,37
DIATSA_LOCUS2032,13,18,18,12,19,19
DIATSA_LOCUS2033,0,0,0,0,0,0
DIATSA_LOCUS2034,1,1,1,5,6,6
DIATSA_LOCUS2035,505,974,1004,425,856,891
DIATSA_LOCUS2036,89,130,131,73,110,108
DIATSA_LOCUS2037,1,2,2,1,1,1
DIATSA_LOCUS2038,1,2,1,1,1,1
DIATSA_LOCUS2039,0,0,0,0,0,0
DIATSA_LOCUS204,359,679,707,475,969,1007
DIATSA_LOCUS2040,193,362,383,117,204,215
DIATSA_LOCUS2041,0,0,0,1,2,2
DIATSA_LOCUS2042,6,7,8,7,26,26
DIATSA_LOCUS2043,1,15,16,2,7,7
DIATSA_LOCUS2044,8,14,14,8,16,16
DIATSA_LOCUS2045,13,30,30,12,22,22
DIATSA_LOCUS2046,29055,50089,52139,21115,40433,42102
DIATSA_LOCUS2047,0,0,0,0,0,0
DIATSA_LOCUS2048,3,12,18,6,14,14
DIATSA_LOCUS2049,15,47,50,9,26,28
DIATSA_LOCUS205,0,0,0,0,0,0
DIATSA_LOCUS2050,38,57,57,38,62,62
DIATSA_LOCUS2051,254,519,546,215,406,422
DIATSA_LOCUS2052,3,7,7,0,5,5
DIATSA_LOCUS2053,282,574,590,353,726,756
DIATSA_LOCUS2054,54,116,121,22,39,41
DIATSA_LOCUS2055,45,73,75,40,87,88
DIATSA_LOCUS2056,70,124,125,86,151,155
DIATSA_LOCUS2057,305,584,606,207,409,418
DIATSA_LOCUS2058,80,167,173,102,233,242
DIATSA_LOCUS2059,140,287,298,142,300,310
DIATSA_LOCUS206,21,41,42,10,18,18
DIATSA_LOCUS2060,20,40,40,33,55,56
DIATSA_LOCUS2061,4,15,15,5,6,6
DIATSA_LOCUS2062,419,702,730,205,421,436
DIATSA_LOCUS2063,73,152,156,60,140,146
DIATSA_LOCUS2064,43,92,99,30,75,82
DIATSA_LOCUS2065,88,160,167,33,69,71
DIATSA_LOCUS2066,1184,2309,2380,806,1446,1493
DIATSA_LOCUS2067,8,18,19,4,8,8
DIATSA_LOCUS2068,28,50,52,33,78,81
DIATSA_LOCUS2069,0,0,0,0,0,0
DIATSA_LOCUS207,109,232,244,74,127,130
DIATSA_LOCUS2070,0,3,4,0,0,0
DIATSA_LOCUS2071,5,5,5,2,6,7
DIATSA_LOCUS2072,26,57,54,55,125,129
DIATSA_LOCUS2073,13,19,13,7,19,23
DIATSA_LOCUS2074,0,0,0,5,6,6
DIATSA_LOCUS2075,0,1,1,3,3,4
DIATSA_LOCUS2076,4,7,7,2,5,5
DIATSA_LOCUS2077,56,102,108,18,40,44
DIATSA_LOCUS2078,37,76,82,13,22,24
DIATSA_LOCUS2079,202,372,389,195,377,388
DIATSA_LOCUS208,18,38,39,22,49,50
DIATSA_LOCUS2080,18,49,50,26,72,76
DIATSA_LOCUS2081,0,0,0,0,0,0
DIATSA_LOCUS2082,54,106,108,45,88,93
DIATSA_LOCUS2083,53,168,184,64,202,231
DIATSA_LOCUS2084,123,221,226,52,94,96
DIATSA_LOCUS2085,30,46,47,7,13,13
DIATSA_LOCUS2086,1,1,1,2,3,3
DIATSA_LOCUS2087,72,141,147,120,237,244
DIATSA_LOCUS2088,28,49,50,8,15,15
DIATSA_LOCUS2089,9,18,19,8,18,19
DIATSA_LOCUS209,10,16,16,9,16,16
DIATSA_LOCUS2090,1,2,2,0,0,0
DIATSA_LOCUS2091,95,158,158,83,203,208
DIATSA_LOCUS2092,3,3,3,2,3,3
DIATSA_LOCUS2093,0,0,0,0,0,0
DIATSA_LOCUS2094,13,27,29,6,7,8
DIATSA_LOCUS2095,0,0,0,0,0,0
DIATSA_LOCUS2096,32,74,74,13,25,27
DIATSA_LOCUS2097,3,5,5,12,17,16
DIATSA_LOCUS2098,0,0,0,0,1,1
DIATSA_LOCUS2099,0,0,0,0,0,0
DIATSA_LOCUS21,31,62,65,39,83,94
DIATSA_LOCUS210,78,162,171,101,198,208
DIATSA_LOCUS2100,15,22,24,9,18,19
DIATSA_LOCUS2101,0,0,0,0,0,0
DIATSA_LOCUS2102,1,2,3,1,3,3
DIATSA_LOCUS2103,0,0,0,0,0,0
DIATSA_LOCUS2104,0,0,0,0,0,0
DIATSA_LOCUS2105,0,0,0,0,0,0
DIATSA_LOCUS2106,0,0,0,0,0,0
DIATSA_LOCUS2107,0,0,0,0,0,0
DIATSA_LOCUS2108,30,62,65,19,35,34
DIATSA_LOCUS2109,40,84,92,20,41,41
DIATSA_LOCUS211,15,31,31,24,31,31
DIATSA_LOCUS2110,51,98,100,58,109,115
DIATSA_LOCUS2111,44,73,76,35,73,75
DIATSA_LOCUS2112,5,17,16,2,9,12
DIATSA_LOCUS2113,7,28,29,15,32,32
DIATSA_LOCUS2114,105,194,199,153,270,281
DIATSA_LOCUS2115,5,8,8,4,9,10
DIATSA_LOCUS2116,174,303,312,153,304,310
DIATSA_LOCUS2117,196,487,500,202,438,450
DIATSA_LOCUS2118,25,53,53,30,53,53
DIATSA_LOCUS2119,0,1,1,1,1,1
DIATSA_LOCUS212,2469,4316,4490,508,928,963
DIATSA_LOCUS2120,9,16,16,4,11,11
DIATSA_LOCUS2121,55,105,109,72,136,143
DIATSA_LOCUS2122,90,158,168,80,200,209
DIATSA_LOCUS2123,139,276,281,90,185,192
DIATSA_LOCUS2124,36,71,73,13,21,22
DIATSA_LOCUS2125,23,41,43,12,23,23
DIATSA_LOCUS2126,8855,16308,17000,9964,18045,18818
DIATSA_LOCUS2127,82,182,185,141,248,264
DIATSA_LOCUS2128,0,0,0,0,0,0
DIATSA_LOCUS2129,24,63,67,32,91,95
DIATSA_LOCUS213,1,1,1,0,2,1
DIATSA_LOCUS2130,179,341,352,120,209,219
DIATSA_LOCUS2131,6,8,9,1,2,2
DIATSA_LOCUS2132,23,49,51,13,30,30
DIATSA_LOCUS2133,14,35,37,18,48,50
DIATSA_LOCUS2134,44,76,81,11,28,28
DIATSA_LOCUS2135,55,125,129,48,111,114
DIATSA_LOCUS2136,95,189,196,92,185,189
DIATSA_LOCUS2137,11,21,22,11,21,20
DIATSA_LOCUS2138,0,6,7,2,5,6
DIATSA_LOCUS2139,17,43,41,6,17,19
DIATSA_LOCUS214,1,1,1,0,1,1
DIATSA_LOCUS2140,98,161,170,62,107,110
DIATSA_LOCUS2141,546,893,926,152,279,286
DIATSA_LOCUS2142,10,29,29,4,4,5
DIATSA_LOCUS2143,12,24,32,1,1,1
DIATSA_LOCUS2144,127,248,254,11,34,34
DIATSA_LOCUS2145,0,0,0,0,0,0
DIATSA_LOCUS2146,32,59,61,16,34,35
DIATSA_LOCUS2147,68,90,92,34,60,65
DIATSA_LOCUS2148,0,1,1,0,0,0
DIATSA_LOCUS2149,2,8,9,1,3,3
DIATSA_LOCUS215,14,29,30,12,26,26
DIATSA_LOCUS2150,134,238,251,50,93,95
DIATSA_LOCUS2151,17,36,35,10,20,19
DIATSA_LOCUS2152,19,43,45,7,22,23
DIATSA_LOCUS2153,3,11,12,0,5,4
DIATSA_LOCUS2154,0,0,0,0,0,0
DIATSA_LOCUS2155,2,4,4,4,1,1
DIATSA_LOCUS2156,14,19,20,5,7,7
DIATSA_LOCUS2157,186,357,371,112,228,237
DIATSA_LOCUS2158,24,43,44,17,34,36
DIATSA_LOCUS2159,143,200,208,88,120,122
DIATSA_LOCUS216,201,455,466,88,184,191
DIATSA_LOCUS2160,44,84,86,9,17,19
DIATSA_LOCUS2161,0,0,0,0,0,0
DIATSA_LOCUS2162,74,149,149,95,183,185
DIATSA_LOCUS2163,7,8,8,6,9,9
DIATSA_LOCUS2164,19,43,45,8,15,15
DIATSA_LOCUS2165,8,12,12,5,5,5
DIATSA_LOCUS2166,23,40,47,17,25,27
DIATSA_LOCUS2167,0,0,0,0,0,0
DIATSA_LOCUS2168,165,366,384,82,201,208
DIATSA_LOCUS2169,37,71,76,40,78,82
DIATSA_LOCUS217,5,11,11,0,0,0
DIATSA_LOCUS2170,12,22,22,13,17,17
DIATSA_LOCUS2171,114,205,209,63,121,127
DIATSA_LOCUS2172,2,2,2,3,8,8
DIATSA_LOCUS2173,11,30,32,7,22,24
DIATSA_LOCUS2174,3,5,5,2,5,5
DIATSA_LOCUS2175,0,1,1,1,2,2
DIATSA_LOCUS2176,57,134,137,51,114,118
DIATSA_LOCUS2177,0,0,0,0,0,0
DIATSA_LOCUS2178,21,31,32,15,31,31
DIATSA_LOCUS2179,0,0,0,0,0,0
DIATSA_LOCUS218,16,40,40,5,11,11
DIATSA_LOCUS2180,767,1138,1179,207,329,345
DIATSA_LOCUS2181,320,593,619,261,487,500
DIATSA_LOCUS2182,3,7,7,6,6,6
DIATSA_LOCUS2183,5,7,7,2,3,3
DIATSA_LOCUS2184,0,0,0,0,0,0
DIATSA_LOCUS2185,9,15,16,9,13,15
DIATSA_LOCUS2186,2,3,3,5,6,6
DIATSA_LOCUS2187,61,97,100,32,36,40
DIATSA_LOCUS2188,19,28,30,4,9,10
DIATSA_LOCUS2189,74,117,119,48,112,113
DIATSA_LOCUS219,1509,3204,3350,670,1381,1432
DIATSA_LOCUS2190,0,0,0,0,0,0
DIATSA_LOCUS2191,24,51,55,16,34,34
DIATSA_LOCUS2192,38,66,68,19,51,52
DIATSA_LOCUS2193,0,0,0,0,0,0
DIATSA_LOCUS2194,6,10,13,14,20,21
DIATSA_LOCUS2195,67,149,164,131,257,287
DIATSA_LOCUS2196,0,0,0,0,0,0
DIATSA_LOCUS2197,103,179,189,144,282,292
DIATSA_LOCUS2198,484,827,856,497,851,885
DIATSA_LOCUS2199,4,7,7,0,0,0
DIATSA_LOCUS22,1,1,1,0,0,0
DIATSA_LOCUS220,7,8,9,1,4,4
DIATSA_LOCUS2200,0,0,0,0,0,0
DIATSA_LOCUS2201,0,0,0,0,0,0
DIATSA_LOCUS2202,0,0,0,0,0,0
DIATSA_LOCUS2203,16,35,35,5,9,9
DIATSA_LOCUS2204,0,0,0,0,0,0
DIATSA_LOCUS2205,0,0,0,0,0,0
DIATSA_LOCUS2206,0,0,0,0,5,5
DIATSA_LOCUS2207,102,195,206,100,201,208
DIATSA_LOCUS2208,0,1,1,0,0,0
DIATSA_LOCUS2209,14,41,44,25,48,52
DIATSA_LOCUS221,5,11,11,4,7,7
DIATSA_LOCUS2210,862,2184,2269,1061,2313,2407
DIATSA_LOCUS2211,1,1,1,0,1,1
DIATSA_LOCUS2212,0,0,0,1,1,1
DIATSA_LOCUS2213,0,0,0,0,0,0
DIATSA_LOCUS2214,1,0,0,2,3,3
DIATSA_LOCUS2215,1,1,1,2,2,2
DIATSA_LOCUS2216,194,347,368,438,789,830
DIATSA_LOCUS2217,34,70,70,88,125,132
DIATSA_LOCUS2218,2,8,8,17,70,72
DIATSA_LOCUS2219,159,263,277,536,948,997
DIATSA_LOCUS222,55,108,111,43,99,105
DIATSA_LOCUS2220,60,100,102,192,284,292
DIATSA_LOCUS2221,1,1,1,0,0,0
DIATSA_LOCUS2222,226,337,358,450,749,795
DIATSA_LOCUS2223,1,2,2,1,3,2
DIATSA_LOCUS2224,403,648,659,162,334,348
DIATSA_LOCUS2225,1300,2359,2444,1475,2677,2758
DIATSA_LOCUS2226,54,96,101,25,54,56
DIATSA_LOCUS2227,0,0,0,0,0,0
DIATSA_LOCUS2228,132,228,233,47,85,88
DIATSA_LOCUS2229,288,499,509,219,387,396
DIATSA_LOCUS223,0,0,0,1,1,1
DIATSA_LOCUS2230,17,39,40,31,53,54
DIATSA_LOCUS2231,64,136,133,72,185,189
DIATSA_LOCUS2232,60,138,140,115,192,197
DIATSA_LOCUS2233,113,187,196,53,102,109
DIATSA_LOCUS2234,227,453,463,159,333,346
DIATSA_LOCUS2235,4,7,7,4,5,5
DIATSA_LOCUS2236,23375,46479,49012,32130,69116,73439
DIATSA_LOCUS2237,160,299,313,67,135,139
DIATSA_LOCUS2238,0,0,0,0,0,0
DIATSA_LOCUS2239,0,0,0,0,0,0
DIATSA_LOCUS224,341,642,670,232,442,459
DIATSA_LOCUS2240,0,0,0,0,0,0
DIATSA_LOCUS2241,3,11,12,15,22,23
DIATSA_LOCUS2242,6,17,19,6,8,8
DIATSA_LOCUS2243,4,24,23,5,14,16
DIATSA_LOCUS2244,0,0,0,0,0,0
DIATSA_LOCUS2245,0,0,0,0,0,0
DIATSA_LOCUS2246,25,44,47,17,24,29
DIATSA_LOCUS2247,42,92,96,26,43,46
DIATSA_LOCUS2248,16,28,28,10,19,20
DIATSA_LOCUS2249,36,87,91,38,87,92
DIATSA_LOCUS225,0,3,3,0,1,2
DIATSA_LOCUS2250,5,11,11,4,8,8
DIATSA_LOCUS2251,23,33,34,12,20,19
DIATSA_LOCUS2252,1,0,0,1,4,3
DIATSA_LOCUS2253,15,25,26,5,15,15
DIATSA_LOCUS2254,33,59,61,13,30,30
DIATSA_LOCUS2255,5,13,12,13,21,21
DIATSA_LOCUS2256,12,21,21,3,6,7
DIATSA_LOCUS2257,272,518,528,55,87,93
DIATSA_LOCUS2258,70,127,127,44,87,92
DIATSA_LOCUS2259,108,217,215,144,283,294
DIATSA_LOCUS226,88,152,157,97,174,180
DIATSA_LOCUS2260,144,292,305,84,172,178
DIATSA_LOCUS2261,131,253,264,150,293,310
DIATSA_LOCUS2262,68,148,155,75,158,170
DIATSA_LOCUS2263,25,44,44,24,41,41
DIATSA_LOCUS2264,112,177,179,48,83,87
DIATSA_LOCUS2265,1,3,6,4,6,7
DIATSA_LOCUS2266,102,190,195,125,203,208
DIATSA_LOCUS2267,11,20,22,2,3,4
DIATSA_LOCUS2268,1721,3305,3436,1639,3201,3321
DIATSA_LOCUS2269,0,2,2,0,2,3
DIATSA_LOCUS227,1,1,1,1,3,3
DIATSA_LOCUS2270,36,77,79,34,81,83
DIATSA_LOCUS2271,1,1,1,0,0,0
DIATSA_LOCUS2272,0,0,0,0,0,0
DIATSA_LOCUS2273,0,0,0,1,1,1
DIATSA_LOCUS2274,3,6,6,2,3,3
DIATSA_LOCUS2275,18,28,28,12,23,24
DIATSA_LOCUS2276,10,18,18,7,13,13
DIATSA_LOCUS2277,8,16,16,5,9,11
DIATSA_LOCUS2278,368,600,614,267,417,428
DIATSA_LOCUS2279,4,6,6,1,6,6
DIATSA_LOCUS228,7029,13817,14321,7504,15574,16241
DIATSA_LOCUS2280,121,247,253,156,370,381
DIATSA_LOCUS2281,42,70,70,7,10,9
DIATSA_LOCUS2282,1,3,4,3,4,5
DIATSA_LOCUS2283,71,146,152,86,160,169
DIATSA_LOCUS2284,17,31,31,15,32,34
DIATSA_LOCUS2285,64,98,100,64,105,109
DIATSA_LOCUS2286,0,0,0,0,0,0
DIATSA_LOCUS2287,154,297,307,31,73,75
DIATSA_LOCUS2288,605,1189,1229,413,878,904
DIATSA_LOCUS2289,53,120,125,57,111,117
DIATSA_LOCUS229,0,0,0,0,0,0
DIATSA_LOCUS2290,38,67,68,6,13,16
DIATSA_LOCUS2291,480,927,954,119,261,269
DIATSA_LOCUS2292,23,39,40,8,19,20
DIATSA_LOCUS2293,73,133,135,37,62,66
DIATSA_LOCUS2294,963,1717,1773,1060,1942,2025
DIATSA_LOCUS2295,22,42,43,5,7,6
DIATSA_LOCUS2296,4,9,9,2,5,5
DIATSA_LOCUS2297,3,5,6,0,0,1
DIATSA_LOCUS2298,244,560,590,367,776,801
DIATSA_LOCUS2299,5,5,6,1,2,2
DIATSA_LOCUS23,20,46,46,14,24,25
DIATSA_LOCUS230,6013,13806,14734,7018,15732,16504
DIATSA_LOCUS2300,7,18,19,11,20,21
DIATSA_LOCUS2301,10,21,23,11,17,17
DIATSA_LOCUS2302,11,17,19,4,18,18
DIATSA_LOCUS2303,148,285,292,41,87,90
DIATSA_LOCUS2304,158,292,300,170,338,348
DIATSA_LOCUS2305,111,192,199,111,198,206
DIATSA_LOCUS2306,0,0,0,0,0,0
DIATSA_LOCUS2307,4,5,5,3,4,4
DIATSA_LOCUS2308,29,66,73,15,24,24
DIATSA_LOCUS2309,44,102,102,33,74,75
DIATSA_LOCUS231,0,0,0,0,0,0
DIATSA_LOCUS2310,26,38,41,12,20,21
DIATSA_LOCUS2311,13,23,23,25,48,50
DIATSA_LOCUS2312,98,190,203,71,141,142
DIATSA_LOCUS2313,49,101,104,55,110,112
DIATSA_LOCUS2314,75,156,161,84,162,165
DIATSA_LOCUS2315,84,143,147,81,138,140
DIATSA_LOCUS2316,324,638,665,274,620,645
DIATSA_LOCUS2317,150,275,288,155,246,253
DIATSA_LOCUS2318,57,144,147,47,116,121
DIATSA_LOCUS2319,240,508,519,281,546,565
DIATSA_LOCUS232,2015,3970,4099,1380,2731,2807
DIATSA_LOCUS2320,1,1,1,0,0,0
DIATSA_LOCUS2321,16,23,23,6,14,17
DIATSA_LOCUS2322,9,16,17,6,18,18
DIATSA_LOCUS2323,0,0,0,0,0,0
DIATSA_LOCUS2324,292,683,695,197,447,471
DIATSA_LOCUS2325,168,338,353,102,187,198
DIATSA_LOCUS2326,44,81,80,58,120,122
DIATSA_LOCUS2327,1,5,5,4,6,8
DIATSA_LOCUS2328,45,79,82,45,81,82
DIATSA_LOCUS2329,2,8,8,1,3,3
DIATSA_LOCUS233,0,0,0,0,4,4
DIATSA_LOCUS2330,2,3,3,1,1,1
DIATSA_LOCUS2331,639,1246,1291,837,1800,1875
DIATSA_LOCUS2332,24,63,67,21,43,48
DIATSA_LOCUS2333,19,42,43,19,51,57
DIATSA_LOCUS2334,35,49,49,28,54,60
DIATSA_LOCUS2335,3,5,5,4,8,8
DIATSA_LOCUS2336,3,7,6,15,38,39
DIATSA_LOCUS2337,51,89,90,95,153,156
DIATSA_LOCUS2338,3,5,7,3,8,9
DIATSA_LOCUS2339,251,423,435,134,246,251
DIATSA_LOCUS234,1,1,1,3,11,11
DIATSA_LOCUS2340,3,3,3,1,3,3
DIATSA_LOCUS2341,7,11,11,9,13,13
DIATSA_LOCUS2342,131,306,311,141,310,315
DIATSA_LOCUS2343,158,300,316,106,214,231
DIATSA_LOCUS2344,156,338,346,167,337,349
DIATSA_LOCUS2345,108,189,192,82,147,150
DIATSA_LOCUS2346,0,2,1,1,1,1
DIATSA_LOCUS2347,148,299,313,86,201,213
DIATSA_LOCUS2348,6,16,16,4,14,14
DIATSA_LOCUS2349,423,832,870,273,518,537
DIATSA_LOCUS235,0,0,0,0,0,0
DIATSA_LOCUS2350,1274,2401,2488,472,948,987
DIATSA_LOCUS2351,578,1234,1275,465,1026,1076
DIATSA_LOCUS2352,79,184,193,29,61,63
DIATSA_LOCUS2353,118,358,377,150,408,436
DIATSA_LOCUS2354,0,0,0,0,0,0
DIATSA_LOCUS2355,3,3,3,1,1,2
DIATSA_LOCUS2356,38,84,88,31,55,59
DIATSA_LOCUS2357,57,114,116,66,131,135
DIATSA_LOCUS2358,49,73,78,96,148,150
DIATSA_LOCUS2359,0,5,5,2,3,4
DIATSA_LOCUS236,383,730,751,183,338,353
DIATSA_LOCUS2360,119,193,199,70,153,157
DIATSA_LOCUS2361,161,296,308,179,355,362
DIATSA_LOCUS2362,903,1883,1947,631,1325,1372
DIATSA_LOCUS2363,35,67,69,39,84,86
DIATSA_LOCUS2364,0,0,0,0,0,0
DIATSA_LOCUS2365,73,152,158,51,88,89
DIATSA_LOCUS2366,821,1316,1356,964,1623,1683
DIATSA_LOCUS2367,540,1035,1072,717,1303,1340
DIATSA_LOCUS2368,362,613,641,229,411,426
DIATSA_LOCUS2369,145,243,255,101,165,169
DIATSA_LOCUS237,19,41,43,8,12,12
DIATSA_LOCUS2370,24,56,58,20,37,39
DIATSA_LOCUS2371,229,460,475,229,456,473
DIATSA_LOCUS2372,102,190,202,30,50,51
DIATSA_LOCUS2373,46,86,87,46,68,69
DIATSA_LOCUS2374,23,46,48,30,55,57
DIATSA_LOCUS2375,48,88,89,22,34,35
DIATSA_LOCUS2376,181,342,351,165,279,291
DIATSA_LOCUS2377,14,33,36,5,14,15
DIATSA_LOCUS2378,357,609,626,409,698,725
DIATSA_LOCUS2379,548,1061,1095,384,739,755
DIATSA_LOCUS238,8,17,16,2,3,4
DIATSA_LOCUS2380,42,97,107,41,83,85
DIATSA_LOCUS2381,451,820,854,333,555,575
DIATSA_LOCUS2382,1,3,3,0,2,2
DIATSA_LOCUS2383,7,21,22,7,14,14
DIATSA_LOCUS2384,319,668,704,294,638,651
DIATSA_LOCUS2385,2097,3574,3701,2225,3778,3918
DIATSA_LOCUS2386,39,86,90,13,24,25
DIATSA_LOCUS2387,70,150,153,65,147,151
DIATSA_LOCUS2388,3,3,3,0,0,0
DIATSA_LOCUS2389,15,28,28,11,22,22
DIATSA_LOCUS239,0,0,0,0,0,0
DIATSA_LOCUS2390,61,141,145,42,102,102
DIATSA_LOCUS2391,230,444,465,276,567,584
DIATSA_LOCUS2392,4,19,20,8,16,17
DIATSA_LOCUS2393,7,14,16,11,14,14
DIATSA_LOCUS2394,101,190,199,147,283,286
DIATSA_LOCUS2395,11,37,37,23,35,35
DIATSA_LOCUS2396,6,16,18,5,17,17
DIATSA_LOCUS2397,11,20,22,8,21,22
DIATSA_LOCUS2398,47,81,88,45,94,101
DIATSA_LOCUS2399,8,13,13,9,16,16
DIATSA_LOCUS24,0,0,0,0,0,0
DIATSA_LOCUS240,3,6,6,3,6,6
DIATSA_LOCUS2400,0,0,0,0,0,0
DIATSA_LOCUS2401,1,3,3,0,0,0
DIATSA_LOCUS2402,8,13,14,4,12,12
DIATSA_LOCUS2403,6,12,12,4,9,10
DIATSA_LOCUS2404,12,31,32,6,22,23
DIATSA_LOCUS2405,15,32,34,22,42,45
DIATSA_LOCUS2406,26,45,47,10,19,20
DIATSA_LOCUS2407,5,11,13,8,11,14
DIATSA_LOCUS2408,51,127,126,67,136,140
DIATSA_LOCUS2409,127,224,233,124,245,249
DIATSA_LOCUS241,147,299,310,72,136,140
DIATSA_LOCUS2410,47,93,96,45,78,81
DIATSA_LOCUS2411,71,138,140,41,91,95
DIATSA_LOCUS2412,55,130,135,111,242,244
DIATSA_LOCUS2413,650,1265,1298,724,1356,1407
DIATSA_LOCUS2414,0,0,0,0,0,0
DIATSA_LOCUS2415,13,25,24,16,26,27
DIATSA_LOCUS2416,80,143,152,78,138,145
DIATSA_LOCUS2417,57,133,138,64,150,154
DIATSA_LOCUS2418,545,1026,1057,492,936,968
DIATSA_LOCUS2419,391,746,765,390,748,773
DIATSA_LOCUS242,49,119,121,86,230,235
DIATSA_LOCUS2420,40,80,81,3,10,10
DIATSA_LOCUS2421,0,0,0,0,0,0
DIATSA_LOCUS2422,225,402,414,106,211,218
DIATSA_LOCUS2423,5419,10486,10877,5563,10924,11359
DIATSA_LOCUS2424,10707,21426,22251,11654,24634,25574
DIATSA_LOCUS2425,0,0,0,0,0,0
DIATSA_LOCUS2426,14,31,32,11,24,24
DIATSA_LOCUS2427,31,51,53,21,41,41
DIATSA_LOCUS2428,0,0,0,0,0,0
DIATSA_LOCUS2429,150,308,319,151,337,346
DIATSA_LOCUS243,122,227,231,86,179,184
DIATSA_LOCUS2430,26,66,72,15,35,35
DIATSA_LOCUS2431,2,5,5,6,10,10
DIATSA_LOCUS2432,1,3,3,0,0,0
DIATSA_LOCUS2433,1,3,3,0,0,0
DIATSA_LOCUS2434,8,15,15,2,5,5
DIATSA_LOCUS2435,11,21,21,10,15,15
DIATSA_LOCUS2436,0,0,0,0,0,0
DIATSA_LOCUS2437,0,0,0,0,0,0
DIATSA_LOCUS2438,2,4,4,1,2,2
DIATSA_LOCUS2439,5,5,5,5,7,8
DIATSA_LOCUS244,8,17,18,2,6,6
DIATSA_LOCUS2440,167,331,345,135,273,283
DIATSA_LOCUS2441,29,62,65,53,110,115
DIATSA_LOCUS2442,2252,4381,4506,1978,4128,4272
DIATSA_LOCUS2443,15,40,40,20,33,34
DIATSA_LOCUS2444,113,207,222,78,142,149
DIATSA_LOCUS2445,353,642,665,250,461,470
DIATSA_LOCUS2446,200,356,366,212,394,407
DIATSA_LOCUS2447,3381,7825,8077,4174,8016,8290
DIATSA_LOCUS2448,483,973,1015,364,719,735
DIATSA_LOCUS2449,5049,10525,10932,9249,19316,20016
DIATSA_LOCUS245,0,0,0,0,0,0
DIATSA_LOCUS2450,221,448,462,187,401,417
DIATSA_LOCUS2451,0,0,0,2,3,3
DIATSA_LOCUS2452,1233,2278,2369,828,1629,1692
DIATSA_LOCUS2453,344,609,636,258,483,495
DIATSA_LOCUS2454,16,37,37,20,36,40
DIATSA_LOCUS2455,1055,1997,2043,989,1784,1847
DIATSA_LOCUS2456,203,359,378,342,580,601
DIATSA_LOCUS2457,79,162,171,78,180,192
DIATSA_LOCUS2458,19,46,48,27,70,71
DIATSA_LOCUS2459,20,46,47,16,35,41
DIATSA_LOCUS246,58,105,107,30,71,71
DIATSA_LOCUS2460,144,295,307,72,146,151
DIATSA_LOCUS2461,35,63,65,23,38,38
DIATSA_LOCUS2462,294,640,658,243,515,535
DIATSA_LOCUS2463,55,102,110,74,123,128
DIATSA_LOCUS2464,398,758,781,225,452,475
DIATSA_LOCUS2465,1046,1977,2048,915,1821,1906
DIATSA_LOCUS2466,93,187,193,40,91,96
DIATSA_LOCUS2467,0,0,0,0,0,0
DIATSA_LOCUS2468,122,261,271,68,139,148
DIATSA_LOCUS2469,26,41,41,6,16,16
DIATSA_LOCUS247,10,19,20,6,11,11
DIATSA_LOCUS2470,121,242,249,136,275,277
DIATSA_LOCUS2471,37,68,72,70,130,134
DIATSA_LOCUS2472,80,136,138,58,104,109
DIATSA_LOCUS2473,2,10,11,3,6,7
DIATSA_LOCUS2474,15,21,22,3,12,12
DIATSA_LOCUS2475,0,0,0,1,3,3
DIATSA_LOCUS2476,69,136,146,79,148,158
DIATSA_LOCUS2477,6,12,12,4,13,13
DIATSA_LOCUS2478,4,8,8,3,14,14
DIATSA_LOCUS2479,938,1644,1709,1075,1904,1983
DIATSA_LOCUS248,18,30,31,2,4,4
DIATSA_LOCUS2480,66,135,141,46,85,88
DIATSA_LOCUS2481,1,1,2,2,2,2
DIATSA_LOCUS2482,19,45,46,7,23,25
DIATSA_LOCUS2483,1,1,2,0,1,1
DIATSA_LOCUS2484,9,18,18,2,5,5
DIATSA_LOCUS2485,0,0,0,0,0,0
DIATSA_LOCUS2486,28,54,56,14,30,32
DIATSA_LOCUS2487,28,44,44,12,28,28
DIATSA_LOCUS2488,605,1168,1207,703,1358,1412
DIATSA_LOCUS2489,149,274,283,59,135,144
DIATSA_LOCUS249,3,15,16,3,5,5
DIATSA_LOCUS2490,0,0,0,0,0,0
DIATSA_LOCUS2491,0,0,0,0,0,0
DIATSA_LOCUS2492,0,0,0,0,0,0
DIATSA_LOCUS2493,1,0,0,0,0,0
DIATSA_LOCUS2494,0,0,0,0,0,0
DIATSA_LOCUS2495,71,136,137,44,105,106
DIATSA_LOCUS2496,880,1941,2008,897,1954,2018
DIATSA_LOCUS2497,13,25,25,16,24,26
DIATSA_LOCUS2498,19427,39579,40936,24224,50065,51845
DIATSA_LOCUS2499,1,5,5,2,7,7
DIATSA_LOCUS25,317,575,608,474,864,906
DIATSA_LOCUS250,243,517,534,103,199,202
DIATSA_LOCUS2500,82,173,177,65,159,171
DIATSA_LOCUS2501,153,336,340,71,171,179
DIATSA_LOCUS2502,0,1,1,0,1,0
DIATSA_LOCUS2503,60,130,140,11,24,25
DIATSA_LOCUS2504,98,200,203,112,220,228
DIATSA_LOCUS2505,3,11,11,3,5,6
DIATSA_LOCUS2506,209,382,386,101,166,168
DIATSA_LOCUS2507,0,0,0,0,0,0
DIATSA_LOCUS2508,813,1442,1511,427,789,841
DIATSA_LOCUS2509,243,422,445,43,80,82
DIATSA_LOCUS251,4,11,12,7,15,15
DIATSA_LOCUS2510,32,63,64,30,48,53
DIATSA_LOCUS2511,66,167,177,39,77,80
DIATSA_LOCUS2512,14,41,40,8,20,20
DIATSA_LOCUS2513,333,666,675,303,583,602
DIATSA_LOCUS2514,4,6,6,0,1,1
DIATSA_LOCUS2515,0,0,0,0,0,0
DIATSA_LOCUS2516,0,0,0,0,0,0
DIATSA_LOCUS2517,0,1,1,0,0,0
DIATSA_LOCUS2518,0,0,0,0,0,0
DIATSA_LOCUS2519,19,29,33,12,23,26
DIATSA_LOCUS252,4,6,6,0,1,2
DIATSA_LOCUS2520,55,114,119,23,46,48
DIATSA_LOCUS2521,66,127,129,35,54,59
DIATSA_LOCUS2522,27,101,103,19,36,36
DIATSA_LOCUS2523,27,54,60,24,48,51
DIATSA_LOCUS2524,128,259,279,80,208,216
DIATSA_LOCUS2525,1011,1495,1545,864,1288,1321
DIATSA_LOCUS2526,0,0,0,0,0,0
DIATSA_LOCUS2527,0,0,0,1,0,0
DIATSA_LOCUS2528,1,3,3,0,0,0
DIATSA_LOCUS2529,0,0,0,0,0,0
DIATSA_LOCUS253,24,44,43,15,30,32
DIATSA_LOCUS2530,229,478,509,227,439,459
DIATSA_LOCUS2531,94,158,161,111,210,215
DIATSA_LOCUS2532,29,58,59,35,67,68
DIATSA_LOCUS2533,23,42,45,15,33,35
DIATSA_LOCUS2534,3915,7282,7524,1773,3260,3369
DIATSA_LOCUS2535,2479,4402,4556,1086,1991,2049
DIATSA_LOCUS2536,111,246,254,153,325,339
DIATSA_LOCUS2537,469,938,966,459,1034,1074
DIATSA_LOCUS2538,46,74,76,33,63,63
DIATSA_LOCUS2539,15,30,30,3,7,7
DIATSA_LOCUS254,93,162,168,63,109,114
DIATSA_LOCUS2540,27,61,63,10,19,21
DIATSA_LOCUS2541,241,529,553,241,461,477
DIATSA_LOCUS2542,52,96,96,71,114,118
DIATSA_LOCUS2543,60,128,136,18,52,55
DIATSA_LOCUS2544,22,58,57,35,61,62
DIATSA_LOCUS2545,69,148,153,67,142,147
DIATSA_LOCUS2546,43,79,82,40,72,78
DIATSA_LOCUS2547,80,142,144,93,161,167
DIATSA_LOCUS2548,33,55,55,68,142,145
DIATSA_LOCUS2549,94,211,223,27,62,66
DIATSA_LOCUS255,14,39,40,2,4,4
DIATSA_LOCUS2550,6,17,19,2,3,2
DIATSA_LOCUS2551,10,18,18,11,16,18
DIATSA_LOCUS2552,162,298,302,170,359,368
DIATSA_LOCUS2553,38,137,143,77,207,210
DIATSA_LOCUS2554,160,326,337,159,293,304
DIATSA_LOCUS2555,101,212,217,110,256,265
DIATSA_LOCUS2556,3905,11172,11928,5607,15716,16684
DIATSA_LOCUS2557,96,200,203,157,296,304
DIATSA_LOCUS2558,38,75,76,12,38,41
DIATSA_LOCUS2559,84,209,220,103,235,246
DIATSA_LOCUS256,1,3,3,0,0,0
DIATSA_LOCUS2560,140,305,313,184,364,382
DIATSA_LOCUS2561,35,72,76,11,17,17
DIATSA_LOCUS2562,22,37,38,8,18,18
DIATSA_LOCUS2563,136,281,289,79,186,194
DIATSA_LOCUS2564,309,652,675,180,383,394
DIATSA_LOCUS2565,202,433,448,166,345,359
DIATSA_LOCUS2566,54,89,92,58,95,102
DIATSA_LOCUS2567,222,393,411,280,504,527
DIATSA_LOCUS2568,156,304,315,123,226,236
DIATSA_LOCUS2569,649,1323,1363,678,1417,1459
DIATSA_LOCUS257,22,41,43,11,15,16
DIATSA_LOCUS2570,671,1404,1473,632,1404,1461
DIATSA_LOCUS2571,17,32,33,21,32,33
DIATSA_LOCUS2572,147,317,328,119,244,247
DIATSA_LOCUS2573,138,330,332,174,443,458
DIATSA_LOCUS2574,4894,9450,9800,3912,7412,7667
DIATSA_LOCUS2575,4111,7722,8000,3236,6003,6240
DIATSA_LOCUS2576,18,24,25,6,9,10
DIATSA_LOCUS2577,275,522,547,245,482,504
DIATSA_LOCUS2578,131,236,245,103,212,221
DIATSA_LOCUS2579,326,618,639,297,518,540
DIATSA_LOCUS258,11,23,23,5,12,13
DIATSA_LOCUS2580,707,1113,1151,773,1295,1339
DIATSA_LOCUS2581,96,168,172,81,154,159
DIATSA_LOCUS2582,307,722,742,440,971,1000
DIATSA_LOCUS2583,120,275,284,173,334,342
DIATSA_LOCUS2584,369,708,728,322,649,671
DIATSA_LOCUS2585,120,257,270,128,287,300
DIATSA_LOCUS2586,109,208,215,67,106,111
DIATSA_LOCUS2587,63,126,130,41,80,85
DIATSA_LOCUS2588,203,326,334,47,90,92
DIATSA_LOCUS2589,8,21,21,14,24,25
DIATSA_LOCUS259,7,13,13,7,9,10
DIATSA_LOCUS2590,0,0,0,0,0,0
DIATSA_LOCUS2591,0,0,0,0,0,0
DIATSA_LOCUS2592,1,3,3,0,1,1
DIATSA_LOCUS2593,0,0,0,0,0,0
DIATSA_LOCUS2594,5,16,17,1,1,1
DIATSA_LOCUS2595,20,35,36,8,13,13
DIATSA_LOCUS2596,3,4,4,1,1,1
DIATSA_LOCUS2597,60,136,136,59,152,154
DIATSA_LOCUS2598,160,346,357,150,365,390
DIATSA_LOCUS2599,494,964,999,312,652,684
DIATSA_LOCUS26,16,22,22,5,11,10
DIATSA_LOCUS260,31,60,61,15,31,33
DIATSA_LOCUS2600,101,178,180,90,152,160
DIATSA_LOCUS2601,44,97,97,22,50,51
DIATSA_LOCUS2602,20,45,47,12,23,23
DIATSA_LOCUS2603,42,98,99,59,140,142
DIATSA_LOCUS2604,112,237,241,75,180,183
DIATSA_LOCUS2605,0,0,0,0,0,0
DIATSA_LOCUS2606,18,39,40,19,54,56
DIATSA_LOCUS2607,17,36,36,16,31,31
DIATSA_LOCUS2608,1301,3006,3111,1636,3634,3780
DIATSA_LOCUS2609,267,502,526,173,293,317
DIATSA_LOCUS261,18,63,62,21,35,37
DIATSA_LOCUS2610,7,6,6,3,5,5
DIATSA_LOCUS2611,76,158,168,15,38,39
DIATSA_LOCUS2612,97,158,161,118,201,215
DIATSA_LOCUS2613,351,728,745,271,577,593
DIATSA_LOCUS2614,23,59,60,5,17,17
DIATSA_LOCUS2615,53,121,121,72,144,150
DIATSA_LOCUS2616,60,122,126,92,167,168
DIATSA_LOCUS2617,133,304,311,124,292,302
DIATSA_LOCUS2618,4,6,6,0,0,0
DIATSA_LOCUS2619,17,26,26,13,18,19
DIATSA_LOCUS262,0,0,0,0,0,0
DIATSA_LOCUS2620,156,325,335,113,227,230
DIATSA_LOCUS2621,90,153,159,68,108,110
DIATSA_LOCUS2622,4,7,8,4,11,11
DIATSA_LOCUS2623,111,270,274,133,344,354
DIATSA_LOCUS2624,0,0,0,1,1,1
DIATSA_LOCUS2625,30,59,61,28,50,51
DIATSA_LOCUS2626,234,442,461,251,572,592
DIATSA_LOCUS2627,214,464,484,143,285,292
DIATSA_LOCUS2628,847,1546,1611,535,1032,1074
DIATSA_LOCUS2629,25,46,47,8,11,11
DIATSA_LOCUS263,8,9,10,9,12,12
DIATSA_LOCUS2630,0,0,0,0,0,0
DIATSA_LOCUS2631,221,381,393,99,164,170
DIATSA_LOCUS2632,13,17,17,1,4,4
DIATSA_LOCUS2633,36,72,74,7,12,12
DIATSA_LOCUS2634,119,241,245,96,191,194
DIATSA_LOCUS2635,493,850,896,534,942,970
DIATSA_LOCUS2636,307,492,518,158,287,296
DIATSA_LOCUS2637,511,1012,1059,315,636,673
DIATSA_LOCUS2638,68,128,132,21,43,45
DIATSA_LOCUS2639,0,0,0,1,0,0
DIATSA_LOCUS264,1,0,0,0,0,0
DIATSA_LOCUS2640,1,5,5,3,9,9
DIATSA_LOCUS2641,9,13,13,8,9,10
DIATSA_LOCUS2642,0,0,0,0,0,0
DIATSA_LOCUS2643,211,394,414,188,354,362
DIATSA_LOCUS2644,367,582,607,403,718,756
DIATSA_LOCUS2645,289,582,598,213,404,419
DIATSA_LOCUS2646,78,153,158,70,120,127
DIATSA_LOCUS2647,56,112,113,71,125,127
DIATSA_LOCUS2648,146,319,330,99,269,287
DIATSA_LOCUS2649,65,107,106,39,72,76
DIATSA_LOCUS265,75,147,156,35,62,64
DIATSA_LOCUS2650,109,236,242,25,61,62
DIATSA_LOCUS2651,67,155,161,81,171,178
DIATSA_LOCUS2652,48,69,72,53,82,85
DIATSA_LOCUS2653,44,97,98,14,27,27
DIATSA_LOCUS2654,63,146,147,32,67,67
DIATSA_LOCUS2655,67,175,182,57,107,110
DIATSA_LOCUS2656,103,226,235,86,166,172
DIATSA_LOCUS2657,989,1855,1925,701,1295,1332
DIATSA_LOCUS2658,1,2,2,2,3,3
DIATSA_LOCUS2659,199,405,417,118,264,271
DIATSA_LOCUS266,401,897,928,546,1212,1256
DIATSA_LOCUS2660,172,395,411,233,557,580
DIATSA_LOCUS2661,435,731,753,703,1189,1223
DIATSA_LOCUS2662,55,94,97,30,51,53
DIATSA_LOCUS2663,1,4,4,4,6,5
DIATSA_LOCUS2664,820,1145,1181,371,599,655
DIATSA_LOCUS2665,318,568,588,141,243,250
DIATSA_LOCUS2666,209,396,408,83,190,195
DIATSA_LOCUS2667,207,408,424,109,198,206
DIATSA_LOCUS2668,64,115,122,21,45,48
DIATSA_LOCUS2669,289,516,536,153,320,336
DIATSA_LOCUS267,24,48,49,31,51,53
DIATSA_LOCUS2670,43,82,86,53,94,99
DIATSA_LOCUS2671,34,61,61,15,28,29
DIATSA_LOCUS2672,345,705,725,294,536,551
DIATSA_LOCUS2673,8,15,17,14,29,29
DIATSA_LOCUS2674,13,30,31,23,42,43
DIATSA_LOCUS2675,27,53,58,15,30,33
DIATSA_LOCUS2676,211,458,483,184,376,390
DIATSA_LOCUS2677,25,46,47,9,28,29
DIATSA_LOCUS2678,266,554,568,205,445,463
DIATSA_LOCUS2679,5,19,20,3,3,3
DIATSA_LOCUS268,120,222,228,59,117,118
DIATSA_LOCUS2680,29,40,40,31,50,54
DIATSA_LOCUS2681,18,32,34,12,21,21
DIATSA_LOCUS2682,79,160,169,99,227,232
DIATSA_LOCUS2683,485,971,1016,633,1318,1364
DIATSA_LOCUS2684,586,1153,1202,319,698,730
DIATSA_LOCUS2685,18,29,29,11,23,23
DIATSA_LOCUS2686,718,1334,1385,943,1782,1846
DIATSA_LOCUS2687,39,80,82,42,94,103
DIATSA_LOCUS2688,22,48,50,24,50,50
DIATSA_LOCUS2689,53,113,115,27,50,53
DIATSA_LOCUS269,48,102,105,28,55,55
DIATSA_LOCUS2690,497,923,950,367,684,717
DIATSA_LOCUS2691,21,38,36,23,32,35
DIATSA_LOCUS2692,77,187,193,63,143,144
DIATSA_LOCUS2693,0,0,0,0,0,0
DIATSA_LOCUS2694,26,49,53,24,43,43
DIATSA_LOCUS2695,49,91,93,21,49,51
DIATSA_LOCUS2696,178,318,331,66,116,124
DIATSA_LOCUS2697,61,115,117,71,151,155
DIATSA_LOCUS2698,18,37,38,14,28,28
DIATSA_LOCUS2699,95,172,175,75,149,158
DIATSA_LOCUS27,0,0,0,0,0,0
DIATSA_LOCUS270,0,0,0,0,1,1
DIATSA_LOCUS2700,49,109,111,43,80,81
DIATSA_LOCUS2701,9,12,13,12,20,21
DIATSA_LOCUS2702,8,14,14,1,3,3
DIATSA_LOCUS2703,2,4,4,2,2,2
DIATSA_LOCUS2704,1,2,3,0,0,0
DIATSA_LOCUS2705,1,1,1,0,0,0
DIATSA_LOCUS2706,0,0,0,0,0,0
DIATSA_LOCUS2707,123,214,220,134,249,260
DIATSA_LOCUS2708,0,0,0,0,0,0
DIATSA_LOCUS2709,1,4,4,0,0,0
DIATSA_LOCUS271,128,233,233,173,325,338
DIATSA_LOCUS2710,69,138,139,38,94,99
DIATSA_LOCUS2711,181,357,369,157,307,318
DIATSA_LOCUS2712,47,98,101,20,40,43
DIATSA_LOCUS2713,1,3,3,1,1,1
DIATSA_LOCUS2714,3,6,6,4,10,10
DIATSA_LOCUS2715,1200,2236,2308,1230,2271,2341
DIATSA_LOCUS2716,22,57,58,6,9,9
DIATSA_LOCUS2717,66,137,143,35,53,54
DIATSA_LOCUS2718,135,286,292,108,233,244
DIATSA_LOCUS2719,37,64,68,45,75,78
DIATSA_LOCUS272,1,2,2,2,2,2
DIATSA_LOCUS2720,634,1246,1283,571,1148,1192
DIATSA_LOCUS2721,221,436,452,182,456,478
DIATSA_LOCUS2722,24,50,51,8,16,17
DIATSA_LOCUS2723,4,6,6,0,3,3
DIATSA_LOCUS2724,0,1,1,4,6,6
DIATSA_LOCUS2725,2,2,2,0,0,0
DIATSA_LOCUS2726,0,0,0,0,0,0
DIATSA_LOCUS2727,168,331,335,137,251,259
DIATSA_LOCUS2728,7,25,26,3,6,6
DIATSA_LOCUS2729,6,12,14,45,78,78
DIATSA_LOCUS273,364,655,674,311,547,559
DIATSA_LOCUS2730,0,0,0,0,0,0
DIATSA_LOCUS2731,34,51,51,18,23,26
DIATSA_LOCUS2732,140,292,305,182,308,317
DIATSA_LOCUS2733,115,254,257,52,90,96
DIATSA_LOCUS2734,90,208,212,67,164,171
DIATSA_LOCUS2735,15,41,43,20,44,44
DIATSA_LOCUS2736,266,566,578,286,604,624
DIATSA_LOCUS2737,0,0,0,0,0,0
DIATSA_LOCUS2738,24,34,33,29,45,46
DIATSA_LOCUS2739,514,1003,1028,319,634,654
DIATSA_LOCUS274,110,238,242,74,145,148
DIATSA_LOCUS2740,202,364,366,65,141,148
DIATSA_LOCUS2741,1,1,1,1,2,2
DIATSA_LOCUS2742,3,9,9,8,14,14
DIATSA_LOCUS2743,68,139,142,38,77,79
DIATSA_LOCUS2744,49,105,111,20,37,41
DIATSA_LOCUS2745,33,55,56,10,26,29
DIATSA_LOCUS2746,168,383,404,292,601,628
DIATSA_LOCUS2747,56,92,100,16,39,42
DIATSA_LOCUS2748,36,72,76,38,75,77
DIATSA_LOCUS2749,47,84,85,21,35,37
DIATSA_LOCUS275,1470,2298,2382,815,1245,1307
DIATSA_LOCUS2750,0,2,2,5,6,6
DIATSA_LOCUS2751,5,14,20,11,24,27
DIATSA_LOCUS2752,9,25,27,4,7,8
DIATSA_LOCUS2753,0,0,0,0,0,0
DIATSA_LOCUS2754,147,267,274,192,348,359
DIATSA_LOCUS2755,40,79,82,53,111,115
DIATSA_LOCUS2756,24,53,53,38,65,66
DIATSA_LOCUS2757,303,533,554,307,515,532
DIATSA_LOCUS2758,235,475,493,218,510,524
DIATSA_LOCUS2759,23,53,54,5,10,11
DIATSA_LOCUS276,10,15,16,7,16,16
DIATSA_LOCUS2760,279,540,549,306,550,565
DIATSA_LOCUS2761,10,16,19,1,2,2
DIATSA_LOCUS2762,0,0,0,0,0,0
DIATSA_LOCUS2763,3,5,5,2,2,2
DIATSA_LOCUS2764,12,23,24,3,5,5
DIATSA_LOCUS2765,5,7,7,1,0,0
DIATSA_LOCUS2766,4,8,9,2,3,3
DIATSA_LOCUS2767,47,75,79,31,45,46
DIATSA_LOCUS2768,29,57,60,9,24,24
DIATSA_LOCUS2769,98,190,199,58,96,102
DIATSA_LOCUS277,50,91,96,20,51,57
DIATSA_LOCUS2770,39,85,89,18,51,57
DIATSA_LOCUS2771,2,3,3,3,3,5
DIATSA_LOCUS2772,11,25,26,6,12,12
DIATSA_LOCUS2773,38,71,75,20,36,36
DIATSA_LOCUS2774,56,111,114,13,35,37
DIATSA_LOCUS2775,10,13,13,9,11,13
DIATSA_LOCUS2776,129,239,251,60,128,136
DIATSA_LOCUS2777,84,202,210,49,104,107
DIATSA_LOCUS2778,85,151,155,104,243,249
DIATSA_LOCUS2779,16,24,27,28,34,35
DIATSA_LOCUS278,0,0,0,1,1,1
DIATSA_LOCUS2780,440,1192,1244,283,784,842
DIATSA_LOCUS2781,95,152,156,44,68,71
DIATSA_LOCUS2782,0,2,2,3,7,7
DIATSA_LOCUS2783,0,0,0,0,0,0
DIATSA_LOCUS2784,0,0,0,0,0,0
DIATSA_LOCUS2785,9,15,16,9,20,20
DIATSA_LOCUS2786,26,51,52,11,21,23
DIATSA_LOCUS2787,8,17,18,5,10,10
DIATSA_LOCUS2788,9,20,22,11,15,16
DIATSA_LOCUS2789,13,17,18,6,14,14
DIATSA_LOCUS279,0,0,0,0,0,0
DIATSA_LOCUS2790,0,0,0,0,0,0
DIATSA_LOCUS2791,0,0,0,1,1,1
DIATSA_LOCUS2792,31,56,55,28,56,59
DIATSA_LOCUS2793,0,0,0,0,0,0
DIATSA_LOCUS2794,2,3,3,0,3,3
DIATSA_LOCUS2795,0,0,0,0,0,0
DIATSA_LOCUS2796,62,85,92,62,94,98
DIATSA_LOCUS2797,84,221,228,103,246,256
DIATSA_LOCUS2798,5,14,15,4,7,7
DIATSA_LOCUS2799,4,6,5,2,1,1
DIATSA_LOCUS28,69,102,107,45,67,71
DIATSA_LOCUS280,2,8,8,0,1,1
DIATSA_LOCUS2800,32,59,65,25,52,53
DIATSA_LOCUS2801,35,51,54,49,82,87
DIATSA_LOCUS2802,0,0,0,0,0,0
DIATSA_LOCUS2803,57,96,97,49,87,93
DIATSA_LOCUS2804,0,0,0,0,0,0
DIATSA_LOCUS2805,0,0,0,1,3,3
DIATSA_LOCUS2806,0,0,0,0,0,0
DIATSA_LOCUS2807,313,462,475,258,374,381
DIATSA_LOCUS2808,1,2,2,0,0,0
DIATSA_LOCUS2809,1,2,2,0,0,0
DIATSA_LOCUS281,0,0,0,0,0,0
DIATSA_LOCUS2810,0,0,0,0,0,0
DIATSA_LOCUS2811,5,6,6,1,2,2
DIATSA_LOCUS2812,0,4,4,1,1,1
DIATSA_LOCUS2813,442,783,811,262,457,470
DIATSA_LOCUS2814,659,1100,1143,628,1035,1069
DIATSA_LOCUS2815,117,260,270,59,126,132
DIATSA_LOCUS2816,1,2,2,0,0,0
DIATSA_LOCUS2817,2,2,2,0,0,0
DIATSA_LOCUS2818,1,3,3,0,0,0
DIATSA_LOCUS2819,282,425,443,284,441,475
DIATSA_LOCUS282,0,0,0,0,0,0
DIATSA_LOCUS2820,29,49,49,39,64,69
DIATSA_LOCUS2821,0,0,0,0,1,1
DIATSA_LOCUS2822,3,7,6,2,3,3
DIATSA_LOCUS2823,13,20,20,2,3,3
DIATSA_LOCUS2824,8,10,10,2,2,2
DIATSA_LOCUS2825,0,0,0,0,0,0
DIATSA_LOCUS2826,0,0,0,1,7,8
DIATSA_LOCUS2827,0,0,0,0,0,0
DIATSA_LOCUS2828,0,0,0,0,0,0
DIATSA_LOCUS2829,0,0,0,0,0,0
DIATSA_LOCUS283,0,4,4,4,11,11
DIATSA_LOCUS2830,0,0,0,0,0,0
DIATSA_LOCUS2831,2,1,1,1,1,1
DIATSA_LOCUS2832,16,31,30,1,4,4
DIATSA_LOCUS2833,0,0,0,0,0,0
DIATSA_LOCUS2834,0,0,0,0,0,0
DIATSA_LOCUS2835,2,4,4,1,1,1
DIATSA_LOCUS2836,396,643,654,373,613,631
DIATSA_LOCUS2837,5,10,11,11,22,26
DIATSA_LOCUS2838,0,0,0,0,0,0
DIATSA_LOCUS2839,821,1405,1447,606,1115,1143
DIATSA_LOCUS284,15,35,34,6,8,8
DIATSA_LOCUS2840,162,322,334,130,306,316
DIATSA_LOCUS2841,0,0,0,0,0,0
DIATSA_LOCUS2842,0,0,0,0,0,0
DIATSA_LOCUS2843,0,0,0,0,0,0
DIATSA_LOCUS2844,0,0,0,0,0,0
DIATSA_LOCUS2845,0,0,0,0,0,0
DIATSA_LOCUS2846,0,0,0,0,0,0
DIATSA_LOCUS2847,0,0,0,0,0,0
DIATSA_LOCUS2848,0,0,0,0,0,0
DIATSA_LOCUS2849,0,0,0,0,0,0
DIATSA_LOCUS285,24,46,45,16,30,30
DIATSA_LOCUS2850,41,82,80,60,99,101
DIATSA_LOCUS2851,74,139,151,100,138,140
DIATSA_LOCUS2852,8,13,15,4,9,9
DIATSA_LOCUS2853,3203,4871,5057,2770,4275,4438
DIATSA_LOCUS2854,0,0,0,0,0,0
DIATSA_LOCUS2855,0,0,0,1,1,1
DIATSA_LOCUS2856,2,3,3,0,0,0
DIATSA_LOCUS2857,2,4,4,0,1,1
DIATSA_LOCUS2858,4,5,5,0,1,1
DIATSA_LOCUS2859,0,1,1,0,0,0
DIATSA_LOCUS286,42,91,95,15,36,39
DIATSA_LOCUS2860,0,0,0,0,0,0
DIATSA_LOCUS2861,0,0,0,0,0,0
DIATSA_LOCUS2862,99,147,156,50,83,90
DIATSA_LOCUS2863,11,17,17,9,12,12
DIATSA_LOCUS2864,1,3,3,4,4,4
DIATSA_LOCUS2865,0,3,3,2,4,5
DIATSA_LOCUS2866,16,36,37,18,54,47
DIATSA_LOCUS2867,0,1,1,0,0,0
DIATSA_LOCUS2868,1,2,2,0,0,0
DIATSA_LOCUS2869,1,0,0,1,1,1
DIATSA_LOCUS287,47,75,80,27,58,62
DIATSA_LOCUS2870,0,1,0,0,0,0
DIATSA_LOCUS2871,0,0,0,0,0,0
DIATSA_LOCUS2872,9,19,19,11,19,18
DIATSA_LOCUS2873,38,79,78,10,28,29
DIATSA_LOCUS2874,2,3,5,1,5,5
DIATSA_LOCUS2875,5,6,6,2,3,3
DIATSA_LOCUS2876,5,13,14,4,7,7
DIATSA_LOCUS2877,0,0,0,0,1,1
DIATSA_LOCUS2878,12,15,16,6,15,16
DIATSA_LOCUS2879,10,33,32,11,17,18
DIATSA_LOCUS288,4495,7318,7614,3761,6132,6365
DIATSA_LOCUS2880,65,131,136,68,130,137
DIATSA_LOCUS2881,27,48,49,13,32,32
DIATSA_LOCUS2882,16,25,25,17,29,29
DIATSA_LOCUS2883,55,93,98,70,134,148
DIATSA_LOCUS2884,5,12,15,4,14,15
DIATSA_LOCUS2885,20,44,44,11,15,17
DIATSA_LOCUS2886,61,118,123,69,136,140
DIATSA_LOCUS2887,34,80,87,30,62,64
DIATSA_LOCUS2888,107,172,177,105,214,218
DIATSA_LOCUS2889,124,221,228,100,196,208
DIATSA_LOCUS289,110,239,243,67,145,151
DIATSA_LOCUS2890,321,575,599,211,420,435
DIATSA_LOCUS2891,113,217,231,122,268,277
DIATSA_LOCUS2892,175,369,383,109,223,230
DIATSA_LOCUS2893,1278,2375,2462,1450,2750,2854
DIATSA_LOCUS2894,9,14,14,12,21,21
DIATSA_LOCUS2895,17,57,59,31,65,68
DIATSA_LOCUS2896,91,167,179,48,85,93
DIATSA_LOCUS2897,0,0,0,0,0,0
DIATSA_LOCUS2898,5,6,6,4,4,4
DIATSA_LOCUS2899,2610,4400,4566,2279,3783,3925
DIATSA_LOCUS29,0,0,0,0,0,0
DIATSA_LOCUS290,0,0,0,0,0,0
DIATSA_LOCUS2900,3,7,7,3,12,12
DIATSA_LOCUS2901,59,115,121,36,68,69
DIATSA_LOCUS2902,133,227,231,38,86,95
DIATSA_LOCUS2903,0,0,0,0,0,0
DIATSA_LOCUS2904,13,21,22,9,12,13
DIATSA_LOCUS2905,3,1,1,2,3,3
DIATSA_LOCUS2906,82,153,202,29,67,67
DIATSA_LOCUS2907,39,67,68,21,40,40
DIATSA_LOCUS2908,0,0,0,0,0,0
DIATSA_LOCUS2909,129,257,264,64,131,138
DIATSA_LOCUS291,5,12,14,4,4,4
DIATSA_LOCUS2910,3,5,5,2,3,3
DIATSA_LOCUS2911,36,76,75,11,24,26
DIATSA_LOCUS2912,56,100,106,5,18,17
DIATSA_LOCUS2913,52,111,116,62,126,131
DIATSA_LOCUS2914,270,564,582,137,331,342
DIATSA_LOCUS2915,67,156,166,45,77,81
DIATSA_LOCUS2916,319,609,627,265,621,634
DIATSA_LOCUS2917,1466,2815,2930,1489,3169,3301
DIATSA_LOCUS2918,179,392,404,128,275,287
DIATSA_LOCUS2919,179,305,313,74,152,155
DIATSA_LOCUS292,108,207,210,40,87,86
DIATSA_LOCUS2920,1033,1711,1737,1857,2889,2950
DIATSA_LOCUS2921,1456,2643,2757,3017,5207,5414
DIATSA_LOCUS2922,49,122,126,35,80,86
DIATSA_LOCUS2923,3647,7282,7522,3704,7352,7593
DIATSA_LOCUS2924,143,306,318,166,304,317
DIATSA_LOCUS2925,100,269,279,158,300,306
DIATSA_LOCUS2926,2,8,7,1,5,7
DIATSA_LOCUS2927,12,17,17,24,48,52
DIATSA_LOCUS2928,218,401,411,145,241,250
DIATSA_LOCUS2929,85,166,169,40,93,97
DIATSA_LOCUS293,335,671,685,231,424,442
DIATSA_LOCUS2930,55,105,109,19,62,66
DIATSA_LOCUS2931,38,71,74,15,35,35
DIATSA_LOCUS2932,35,76,77,32,57,60
DIATSA_LOCUS2933,78,152,154,95,183,187
DIATSA_LOCUS2934,95,198,201,34,72,73
DIATSA_LOCUS2935,195,350,357,113,184,188
DIATSA_LOCUS2936,0,0,0,0,0,0
DIATSA_LOCUS2937,50,93,93,43,92,91
DIATSA_LOCUS2938,91,150,158,69,128,127
DIATSA_LOCUS2939,84,178,183,54,124,130
DIATSA_LOCUS294,111,214,219,32,57,59
DIATSA_LOCUS2940,61,120,127,41,84,86
DIATSA_LOCUS2941,2008,4343,4554,2138,4713,4946
DIATSA_LOCUS2942,23,38,38,6,11,11
DIATSA_LOCUS2943,9,13,14,2,5,6
DIATSA_LOCUS2944,45,90,93,56,160,159
DIATSA_LOCUS2945,0,0,0,0,0,0
DIATSA_LOCUS2946,3,8,8,0,2,3
DIATSA_LOCUS2947,15,33,33,10,18,18
DIATSA_LOCUS2948,0,0,0,0,2,2
DIATSA_LOCUS2949,28,47,49,35,71,74
DIATSA_LOCUS295,4,5,6,9,15,13
DIATSA_LOCUS2950,4,8,8,2,10,10
DIATSA_LOCUS2951,74,154,169,43,83,88
DIATSA_LOCUS2952,174,324,340,401,765,805
DIATSA_LOCUS2953,33,36,36,42,53,53
DIATSA_LOCUS2954,6,21,23,11,27,27
DIATSA_LOCUS2955,31,71,79,81,174,185
DIATSA_LOCUS2956,4,14,15,2,2,2
DIATSA_LOCUS2957,25,59,57,11,22,22
DIATSA_LOCUS2958,298,488,501,275,450,456
DIATSA_LOCUS2959,199,380,394,256,519,533
DIATSA_LOCUS296,31,53,58,59,116,117
DIATSA_LOCUS2960,26,54,55,40,67,70
DIATSA_LOCUS2961,79,159,162,29,57,63
DIATSA_LOCUS2962,3,7,8,2,5,5
DIATSA_LOCUS2963,27,55,59,8,16,18
DIATSA_LOCUS2964,6,14,14,8,21,23
DIATSA_LOCUS2965,0,0,0,1,6,5
DIATSA_LOCUS2966,2,7,7,0,3,3
DIATSA_LOCUS2967,8,17,18,5,11,11
DIATSA_LOCUS2968,468,881,915,476,904,939
DIATSA_LOCUS2969,15,27,27,4,7,8
DIATSA_LOCUS297,10,20,21,0,5,5
DIATSA_LOCUS2970,23,30,30,31,48,49
DIATSA_LOCUS2971,150,370,395,96,249,269
DIATSA_LOCUS2972,0,0,0,0,0,0
DIATSA_LOCUS2973,164,376,386,155,408,421
DIATSA_LOCUS2974,58,129,131,36,75,76
DIATSA_LOCUS2975,52,114,120,73,140,145
DIATSA_LOCUS2976,88,151,155,40,67,70
DIATSA_LOCUS2977,181,373,386,154,365,376
DIATSA_LOCUS2978,26,51,53,16,29,30
DIATSA_LOCUS2979,55,120,129,30,66,70
DIATSA_LOCUS298,7,15,15,3,6,7
DIATSA_LOCUS2980,44,69,68,26,49,52
DIATSA_LOCUS2981,249,461,473,135,257,261
DIATSA_LOCUS2982,52,132,136,51,179,185
DIATSA_LOCUS2983,18,36,36,20,40,43
DIATSA_LOCUS2984,0,0,0,0,0,0
DIATSA_LOCUS2985,10,31,31,23,39,38
DIATSA_LOCUS2986,10,19,19,18,36,39
DIATSA_LOCUS2987,0,0,1,0,0,0
DIATSA_LOCUS2988,1,2,2,5,6,6
DIATSA_LOCUS2989,0,0,0,0,1,1
DIATSA_LOCUS299,3,4,4,0,0,0
DIATSA_LOCUS2990,0,0,0,0,0,0
DIATSA_LOCUS2991,14,45,46,23,43,40
DIATSA_LOCUS2992,0,0,0,0,0,0
DIATSA_LOCUS2993,0,0,0,0,0,0
DIATSA_LOCUS2994,73,101,105,11,23,24
DIATSA_LOCUS2995,19,26,25,3,4,4
DIATSA_LOCUS2996,0,0,0,0,0,0
DIATSA_LOCUS2997,1,1,1,0,0,0
DIATSA_LOCUS2998,0,0,0,0,0,0
DIATSA_LOCUS2999,0,0,0,0,0,0
DIATSA_LOCUS3,1,4,4,1,1,1
DIATSA_LOCUS30,93,164,169,40,74,79
DIATSA_LOCUS300,59,121,121,68,136,143
DIATSA_LOCUS3000,0,0,0,0,0,0
DIATSA_LOCUS3001,0,0,0,0,0,0
DIATSA_LOCUS3002,5,6,6,0,0,0
DIATSA_LOCUS3003,36,61,61,7,11,11
DIATSA_LOCUS3004,115,172,178,16,28,29
DIATSA_LOCUS3005,129,161,168,38,50,50
DIATSA_LOCUS3006,0,0,0,0,0,0
DIATSA_LOCUS3007,0,0,0,0,0,0
DIATSA_LOCUS3008,2,1,1,0,0,0
DIATSA_LOCUS3009,1,1,1,0,0,0
DIATSA_LOCUS301,213,424,432,224,482,489
DIATSA_LOCUS3010,0,1,1,0,0,0
DIATSA_LOCUS3011,4,5,5,0,0,0
DIATSA_LOCUS3012,0,0,0,0,0,0
DIATSA_LOCUS3013,0,0,0,0,0,0
DIATSA_LOCUS3014,0,0,0,0,0,0
DIATSA_LOCUS3015,5,4,4,6,6,7
DIATSA_LOCUS3016,146,192,200,59,88,93
DIATSA_LOCUS3017,454,681,701,226,328,339
DIATSA_LOCUS3018,5,7,8,2,3,4
DIATSA_LOCUS3019,2,2,2,0,0,0
DIATSA_LOCUS302,5,9,9,3,3,3
DIATSA_LOCUS3020,38,50,52,6,12,12
DIATSA_LOCUS3021,0,0,0,2,2,2
DIATSA_LOCUS3022,380,765,799,236,381,397
DIATSA_LOCUS3023,67,132,135,39,77,80
DIATSA_LOCUS3024,24,51,57,30,48,51
DIATSA_LOCUS3025,546,996,1087,474,876,825
DIATSA_LOCUS3026,1,1,1,0,1,1
DIATSA_LOCUS3027,0,0,0,0,0,0
DIATSA_LOCUS3028,0,0,0,0,0,0
DIATSA_LOCUS3029,11,14,14,6,8,8
DIATSA_LOCUS303,3,4,4,0,1,1
DIATSA_LOCUS3030,0,0,0,0,0,0
DIATSA_LOCUS3031,37,89,90,26,80,83
DIATSA_LOCUS3032,133,289,297,101,242,249
DIATSA_LOCUS3033,26,51,53,24,47,47
DIATSA_LOCUS3034,30,104,107,33,59,62
DIATSA_LOCUS3035,102,238,246,29,100,106
DIATSA_LOCUS3036,5,11,11,6,12,12
DIATSA_LOCUS3037,144,569,575,139,639,656
DIATSA_LOCUS3038,116,222,235,81,163,169
DIATSA_LOCUS3039,84,176,179,102,179,187
DIATSA_LOCUS304,7,11,12,5,7,7
DIATSA_LOCUS3040,488,952,994,189,400,411
DIATSA_LOCUS3041,698,1421,1465,437,885,929
DIATSA_LOCUS3042,0,0,0,0,0,0
DIATSA_LOCUS3043,0,0,0,0,0,0
DIATSA_LOCUS3044,372,751,780,243,488,498
DIATSA_LOCUS3045,0,0,0,0,0,1
DIATSA_LOCUS3046,26,50,52,10,13,14
DIATSA_LOCUS3047,22,57,62,13,25,26
DIATSA_LOCUS3048,610,1092,1120,864,1534,1595
DIATSA_LOCUS3049,203,381,396,131,238,244
DIATSA_LOCUS305,13,23,23,3,9,9
DIATSA_LOCUS3050,0,0,0,1,1,1
DIATSA_LOCUS3051,0,0,0,0,0,0
DIATSA_LOCUS3052,217,483,498,168,367,391
DIATSA_LOCUS3053,1388,2576,2675,1387,2744,2839
DIATSA_LOCUS3054,21,31,33,4,18,19
DIATSA_LOCUS3055,25,46,48,10,19,20
DIATSA_LOCUS3056,129,261,266,162,297,310
DIATSA_LOCUS3057,49,103,106,53,85,87
DIATSA_LOCUS3058,3,7,7,7,14,14
DIATSA_LOCUS3059,210,452,465,231,453,463
DIATSA_LOCUS306,42,80,81,13,35,36
DIATSA_LOCUS3060,448,895,927,958,1778,1826
DIATSA_LOCUS3061,9,17,17,6,8,8
DIATSA_LOCUS3062,1,5,5,1,4,4
DIATSA_LOCUS3063,338,660,687,159,288,297
DIATSA_LOCUS3064,17,43,42,12,27,33
DIATSA_LOCUS3065,0,0,0,1,2,2
DIATSA_LOCUS3066,79,153,159,77,134,144
DIATSA_LOCUS3067,32,64,65,15,39,40
DIATSA_LOCUS3068,6,19,21,5,11,11
DIATSA_LOCUS3069,114,216,221,137,243,256
DIATSA_LOCUS307,185,367,380,119,232,243
DIATSA_LOCUS3070,1,3,3,0,0,0
DIATSA_LOCUS3071,1,2,2,0,0,0
DIATSA_LOCUS3072,0,0,0,0,0,0
DIATSA_LOCUS3073,161,334,353,68,129,138
DIATSA_LOCUS3074,4,12,13,9,19,19
DIATSA_LOCUS3075,59,124,123,75,142,145
DIATSA_LOCUS3076,75,124,128,38,85,87
DIATSA_LOCUS3077,68,128,128,89,160,164
DIATSA_LOCUS3078,270,506,521,237,428,447
DIATSA_LOCUS3079,110,210,215,82,120,124
DIATSA_LOCUS308,160,340,352,233,498,534
DIATSA_LOCUS3080,8271,14622,15184,12752,22029,22836
DIATSA_LOCUS3081,63,122,125,55,91,93
DIATSA_LOCUS3082,160,314,321,183,345,355
DIATSA_LOCUS3083,259,539,555,112,227,232
DIATSA_LOCUS3084,4,12,12,2,5,5
DIATSA_LOCUS3085,12,15,15,0,1,1
DIATSA_LOCUS3086,12,20,20,9,21,21
DIATSA_LOCUS3087,3,4,4,1,3,3
DIATSA_LOCUS3088,5,8,8,7,17,16
DIATSA_LOCUS3089,0,0,0,0,0,0
DIATSA_LOCUS309,24,48,50,45,79,81
DIATSA_LOCUS3090,136,214,221,143,221,229
DIATSA_LOCUS3091,335,524,551,325,496,515
DIATSA_LOCUS3092,2,4,4,1,1,1
DIATSA_LOCUS3093,134,283,293,150,347,370
DIATSA_LOCUS3094,0,0,0,0,0,0
DIATSA_LOCUS3095,2,3,3,1,1,1
DIATSA_LOCUS3096,0,0,0,0,0,0
DIATSA_LOCUS3097,2,3,3,2,2,2
DIATSA_LOCUS3098,0,0,0,0,0,0
DIATSA_LOCUS3099,630,1333,1378,712,1532,1602
DIATSA_LOCUS31,0,0,0,0,0,0
DIATSA_LOCUS310,3,5,5,0,2,2
DIATSA_LOCUS3100,27,38,39,12,16,16
DIATSA_LOCUS3101,1,2,2,1,1,1
DIATSA_LOCUS3102,305,614,631,209,355,365
DIATSA_LOCUS3103,634,1210,1240,571,1111,1162
DIATSA_LOCUS3104,17,31,31,35,58,61
DIATSA_LOCUS3105,197,324,332,160,305,313
DIATSA_LOCUS3106,1,15,15,0,3,2
DIATSA_LOCUS3107,6,14,14,0,1,1
DIATSA_LOCUS3108,0,0,0,3,2,2
DIATSA_LOCUS3109,0,0,0,0,0,0
DIATSA_LOCUS311,70,118,125,40,57,61
DIATSA_LOCUS3110,34,76,77,42,82,89
DIATSA_LOCUS3111,22,46,47,24,44,43
DIATSA_LOCUS3112,12,24,26,29,46,46
DIATSA_LOCUS3113,0,1,0,0,0,0
DIATSA_LOCUS3114,1,3,3,4,11,11
DIATSA_LOCUS3115,50,120,127,20,49,50
DIATSA_LOCUS3116,121,206,212,98,165,176
DIATSA_LOCUS3117,580,1049,1084,638,1180,1218
DIATSA_LOCUS3118,139,261,269,73,150,155
DIATSA_LOCUS3119,108,219,226,58,106,110
DIATSA_LOCUS312,29,51,51,23,27,27
DIATSA_LOCUS3120,27,45,47,12,25,25
DIATSA_LOCUS3121,8,14,15,9,27,27
DIATSA_LOCUS3122,0,0,0,0,0,0
DIATSA_LOCUS3123,5,8,8,1,2,2
DIATSA_LOCUS3124,0,0,0,0,0,0
DIATSA_LOCUS3125,0,0,0,0,0,0
DIATSA_LOCUS3126,0,1,1,6,16,16
DIATSA_LOCUS3127,37,78,80,9,16,17
DIATSA_LOCUS3128,3,5,5,7,14,14
DIATSA_LOCUS3129,7,19,19,7,14,14
DIATSA_LOCUS313,243,436,451,250,452,468
DIATSA_LOCUS3130,84,153,156,106,196,202
DIATSA_LOCUS3131,67,120,124,84,176,180
DIATSA_LOCUS3132,390,805,830,275,605,620
DIATSA_LOCUS3133,82,209,215,30,77,79
DIATSA_LOCUS3134,15,23,24,12,22,23
DIATSA_LOCUS3135,28,55,54,21,37,36
DIATSA_LOCUS3136,29827,51556,53345,29356,54543,56372
DIATSA_LOCUS3137,0,0,0,0,0,0
DIATSA_LOCUS3138,45,77,79,63,93,96
DIATSA_LOCUS3139,0,0,0,0,0,0
DIATSA_LOCUS314,0,0,0,0,0,0
DIATSA_LOCUS3140,1736,2775,2881,686,1038,1071
DIATSA_LOCUS3141,433,987,1023,197,381,393
DIATSA_LOCUS3142,374,637,647,541,926,955
DIATSA_LOCUS3143,118,189,194,35,48,48
DIATSA_LOCUS3144,0,0,0,1,1,1
DIATSA_LOCUS3145,951,2079,2135,912,1989,2039
DIATSA_LOCUS3146,80,149,158,68,142,149
DIATSA_LOCUS3147,40,91,93,20,42,45
DIATSA_LOCUS3148,707,1209,1239,639,1047,1087
DIATSA_LOCUS3149,6182,11306,11870,5702,10052,10437
DIATSA_LOCUS315,0,0,0,0,0,0
DIATSA_LOCUS3150,13,19,20,18,21,21
DIATSA_LOCUS3151,10,13,15,14,28,29
DIATSA_LOCUS3152,328,656,664,259,520,542
DIATSA_LOCUS3153,267,464,479,41,74,77
DIATSA_LOCUS3154,1381,2932,2960,705,1553,1591
DIATSA_LOCUS3155,26,56,56,6,11,11
DIATSA_LOCUS3156,18,63,72,8,33,41
DIATSA_LOCUS3157,1,2,3,0,0,0
DIATSA_LOCUS3158,0,0,0,3,1,1
DIATSA_LOCUS3159,0,0,0,0,0,0
DIATSA_LOCUS316,0,0,0,0,0,0
DIATSA_LOCUS3160,192,252,264,179,259,266
DIATSA_LOCUS3161,1593,3822,3921,839,2423,2522
DIATSA_LOCUS3162,61,118,123,82,167,173
DIATSA_LOCUS3163,0,0,0,0,0,0
DIATSA_LOCUS3164,76,143,145,53,81,79
DIATSA_LOCUS3165,3,6,6,3,6,6
DIATSA_LOCUS3166,1,2,3,1,2,2
DIATSA_LOCUS3167,0,0,0,0,0,0
DIATSA_LOCUS3168,0,0,0,0,0,0
DIATSA_LOCUS3169,0,0,0,0,0,0
DIATSA_LOCUS317,0,0,0,0,0,0
DIATSA_LOCUS3170,1,4,4,1,6,6
DIATSA_LOCUS3171,15,33,34,28,53,56
DIATSA_LOCUS3172,155,294,303,147,271,273
DIATSA_LOCUS3173,662,1392,1451,1002,2073,2141
DIATSA_LOCUS3174,20,35,37,3,13,13
DIATSA_LOCUS3175,5,9,9,4,9,10
DIATSA_LOCUS3176,9,18,20,10,18,20
DIATSA_LOCUS3177,0,0,0,0,0,0
DIATSA_LOCUS3178,5,12,12,4,7,7
DIATSA_LOCUS3179,89,168,174,21,34,35
DIATSA_LOCUS318,4,12,13,5,8,8
DIATSA_LOCUS3180,0,0,0,0,1,1
DIATSA_LOCUS3181,0,0,0,1,2,2
DIATSA_LOCUS3182,563,1014,1039,687,1304,1341
DIATSA_LOCUS3183,5,5,5,4,7,8
DIATSA_LOCUS3184,1,2,2,1,3,4
DIATSA_LOCUS3185,1051,1801,1870,2071,3612,3755
DIATSA_LOCUS3186,59,108,112,33,81,81
DIATSA_LOCUS3187,99,192,194,126,261,273
DIATSA_LOCUS3188,156,320,330,115,203,208
DIATSA_LOCUS3189,53,114,116,49,89,94
DIATSA_LOCUS319,140,269,277,43,86,89
DIATSA_LOCUS3190,7,11,12,8,10,11
DIATSA_LOCUS3191,5,10,10,11,13,12
DIATSA_LOCUS3192,53,97,100,42,82,83
DIATSA_LOCUS3193,21,50,51,6,8,8
DIATSA_LOCUS3194,29,49,51,7,18,21
DIATSA_LOCUS3195,16,40,40,17,30,30
DIATSA_LOCUS3196,12,23,23,11,24,24
DIATSA_LOCUS3197,140,339,351,210,503,523
DIATSA_LOCUS3198,4,9,9,3,4,4
DIATSA_LOCUS3199,156,276,278,108,215,221
DIATSA_LOCUS32,13,19,22,9,13,13
DIATSA_LOCUS320,552,1018,1055,373,766,797
DIATSA_LOCUS3200,3,5,5,2,9,8
DIATSA_LOCUS3201,84,151,155,34,55,55
DIATSA_LOCUS3202,84,154,157,52,113,124
DIATSA_LOCUS3203,93,176,182,62,130,135
DIATSA_LOCUS3204,235,475,493,202,387,395
DIATSA_LOCUS3205,0,0,0,0,0,0
DIATSA_LOCUS3206,0,6,7,5,8,8
DIATSA_LOCUS3207,0,0,0,0,0,0
DIATSA_LOCUS3208,221,481,505,154,384,400
DIATSA_LOCUS3209,32,57,58,14,22,21
DIATSA_LOCUS321,27,45,49,15,29,29
DIATSA_LOCUS3210,50,120,124,53,116,118
DIATSA_LOCUS3211,298,586,600,362,681,701
DIATSA_LOCUS3212,63,120,122,84,134,139
DIATSA_LOCUS3213,68,138,139,38,79,82
DIATSA_LOCUS3214,177,361,373,172,362,369
DIATSA_LOCUS3215,133,256,262,43,77,78
DIATSA_LOCUS3216,25,35,35,19,30,29
DIATSA_LOCUS3217,37,88,96,15,43,47
DIATSA_LOCUS3218,395,681,701,383,649,674
DIATSA_LOCUS3219,2,4,3,4,6,6
DIATSA_LOCUS322,85,194,201,123,263,266
DIATSA_LOCUS3220,369,764,794,325,668,692
DIATSA_LOCUS3221,10,29,32,54,108,108
DIATSA_LOCUS3222,1,1,1,1,2,2
DIATSA_LOCUS3223,0,0,0,0,0,0
DIATSA_LOCUS3224,4948,9203,9492,5046,10339,10702
DIATSA_LOCUS3225,0,0,0,0,0,0
DIATSA_LOCUS3226,1,5,6,0,9,11
DIATSA_LOCUS3227,2,6,6,1,6,7
DIATSA_LOCUS3228,1441,2849,2975,824,1677,1762
DIATSA_LOCUS3229,91,198,208,60,131,133
DIATSA_LOCUS323,14,18,25,12,19,19
DIATSA_LOCUS3230,1,2,2,0,5,5
DIATSA_LOCUS3231,2780,6154,6530,2282,5426,5774
DIATSA_LOCUS3232,1,7,9,2,3,3
DIATSA_LOCUS3233,310,595,618,297,542,564
DIATSA_LOCUS3234,1763,3813,3984,1211,2834,2940
DIATSA_LOCUS3235,358,786,815,288,673,684
DIATSA_LOCUS3236,41,103,105,57,129,131
DIATSA_LOCUS3237,334,633,652,228,469,488
DIATSA_LOCUS3238,208,407,422,121,215,224
DIATSA_LOCUS3239,4,5,5,3,3,3
DIATSA_LOCUS324,89,160,167,78,128,135
DIATSA_LOCUS3240,16,29,29,41,71,73
DIATSA_LOCUS3241,181,411,426,91,223,230
DIATSA_LOCUS3242,0,2,1,0,2,2
DIATSA_LOCUS3243,0,0,0,0,0,0
DIATSA_LOCUS3244,51,74,76,30,46,48
DIATSA_LOCUS3245,7,9,11,1,4,4
DIATSA_LOCUS3246,0,0,0,0,0,0
DIATSA_LOCUS3247,1,6,6,1,3,4
DIATSA_LOCUS3248,0,0,0,0,1,1
DIATSA_LOCUS3249,43,77,82,14,28,30
DIATSA_LOCUS325,5,9,9,4,6,6
DIATSA_LOCUS3250,13,27,27,2,6,6
DIATSA_LOCUS3251,274,567,599,282,649,677
DIATSA_LOCUS3252,367,780,801,222,451,467
DIATSA_LOCUS3253,19,32,35,15,16,16
DIATSA_LOCUS3254,145,259,271,77,140,144
DIATSA_LOCUS3255,17,27,28,5,10,10
DIATSA_LOCUS3256,16,33,34,7,17,16
DIATSA_LOCUS3257,6,15,15,3,5,6
DIATSA_LOCUS3258,152,305,314,161,280,296
DIATSA_LOCUS3259,105,196,202,94,176,183
DIATSA_LOCUS326,0,0,0,0,0,0
DIATSA_LOCUS3260,3,4,4,0,1,1
DIATSA_LOCUS3261,10,20,20,5,9,8
DIATSA_LOCUS3262,136,360,367,263,521,534
DIATSA_LOCUS3263,46,94,97,32,72,73
DIATSA_LOCUS3264,224,438,451,189,333,346
DIATSA_LOCUS3265,6,18,18,3,9,8
DIATSA_LOCUS3266,0,1,1,0,0,0
DIATSA_LOCUS3267,372,780,800,287,693,726
DIATSA_LOCUS3268,301,565,587,119,201,207
DIATSA_LOCUS3269,12,17,17,8,12,12
DIATSA_LOCUS327,0,1,1,1,1,1
DIATSA_LOCUS3270,38,77,82,20,36,37
DIATSA_LOCUS3271,32,62,61,17,30,31
DIATSA_LOCUS3272,27,64,65,30,60,60
DIATSA_LOCUS3273,12,22,23,5,13,14
DIATSA_LOCUS3274,147,281,295,125,225,233
DIATSA_LOCUS3275,42,82,83,36,95,98
DIATSA_LOCUS3276,61,128,130,27,49,51
DIATSA_LOCUS3277,155,354,364,67,144,151
DIATSA_LOCUS3278,57,110,118,53,110,113
DIATSA_LOCUS3279,145,276,284,135,253,261
DIATSA_LOCUS328,129,265,276,38,73,78
DIATSA_LOCUS3280,74,164,171,66,128,136
DIATSA_LOCUS3281,2,2,2,0,0,0
DIATSA_LOCUS3282,18,46,45,18,42,42
DIATSA_LOCUS3283,97,183,191,83,222,233
DIATSA_LOCUS3284,14,28,28,61,144,148
DIATSA_LOCUS3285,34,77,78,35,76,81
DIATSA_LOCUS3286,45,92,94,26,44,45
DIATSA_LOCUS3287,168,344,355,95,194,201
DIATSA_LOCUS3288,28,64,67,8,21,20
DIATSA_LOCUS3289,282,520,542,64,138,146
DIATSA_LOCUS329,71,107,112,73,128,132
DIATSA_LOCUS3290,136,295,306,117,278,285
DIATSA_LOCUS3291,283,694,713,245,545,568
DIATSA_LOCUS3292,9,17,17,4,5,5
DIATSA_LOCUS3293,0,0,0,0,0,0
DIATSA_LOCUS3294,0,0,0,0,0,0
DIATSA_LOCUS3295,0,0,0,0,0,0
DIATSA_LOCUS3296,13,16,15,6,13,13
DIATSA_LOCUS3297,1,2,2,1,4,4
DIATSA_LOCUS3298,80,129,132,68,100,102
DIATSA_LOCUS3299,29,53,57,19,42,45
DIATSA_LOCUS33,6,10,11,4,9,9
DIATSA_LOCUS330,30,49,50,25,53,55
DIATSA_LOCUS3300,88,154,158,47,81,84
DIATSA_LOCUS3301,52,119,130,53,116,124
DIATSA_LOCUS3302,30,69,74,43,89,88
DIATSA_LOCUS3303,21,49,52,18,35,36
DIATSA_LOCUS3304,2,6,6,8,15,15
DIATSA_LOCUS3305,16,27,29,6,14,16
DIATSA_LOCUS3306,49,87,87,65,119,123
DIATSA_LOCUS3307,41,105,111,39,104,107
DIATSA_LOCUS3308,71,152,160,69,159,162
DIATSA_LOCUS3309,208,413,433,258,512,529
DIATSA_LOCUS331,291,625,642,287,537,559
DIATSA_LOCUS3310,63,96,97,92,172,180
DIATSA_LOCUS3311,72,115,119,19,37,40
DIATSA_LOCUS3312,43,73,76,26,38,42
DIATSA_LOCUS3313,3,6,6,2,5,6
DIATSA_LOCUS3314,2667,5359,5646,2474,4841,5090
DIATSA_LOCUS3315,279,478,491,117,182,186
DIATSA_LOCUS3316,72,174,183,42,122,129
DIATSA_LOCUS3317,4,7,8,6,9,10
DIATSA_LOCUS3318,0,0,0,0,0,0
DIATSA_LOCUS3319,13,14,16,14,17,18
DIATSA_LOCUS332,12,36,39,7,15,15
DIATSA_LOCUS3320,156,354,361,120,267,271
DIATSA_LOCUS3321,4,7,7,1,1,1
DIATSA_LOCUS3322,6,10,10,5,7,7
DIATSA_LOCUS3323,9,15,15,3,3,3
DIATSA_LOCUS3324,1,1,1,2,2,2
DIATSA_LOCUS3325,15,41,43,23,49,52
DIATSA_LOCUS3326,12,17,19,12,22,21
DIATSA_LOCUS3327,0,0,0,1,1,1
DIATSA_LOCUS3328,45,88,90,58,115,118
DIATSA_LOCUS3329,3,3,3,3,5,6
DIATSA_LOCUS333,74,169,168,28,56,57
DIATSA_LOCUS3330,2,7,7,3,5,5
DIATSA_LOCUS3331,9,17,19,2,11,11
DIATSA_LOCUS3332,1,1,1,0,1,1
DIATSA_LOCUS3333,81,139,145,56,102,103
DIATSA_LOCUS3334,0,2,2,1,2,1
DIATSA_LOCUS3335,1,1,1,5,10,11
DIATSA_LOCUS3336,20,30,31,3,3,3
DIATSA_LOCUS3337,20,39,42,6,13,15
DIATSA_LOCUS3338,74,124,127,9,17,18
DIATSA_LOCUS3339,26,60,64,26,34,36
DIATSA_LOCUS334,0,0,0,1,1,1
DIATSA_LOCUS3340,0,0,0,1,1,1
DIATSA_LOCUS3341,4,5,5,6,13,13
DIATSA_LOCUS3342,8,16,16,8,11,11
DIATSA_LOCUS3343,0,0,0,2,3,3
DIATSA_LOCUS3344,580,1035,1081,553,1016,1057
DIATSA_LOCUS3345,30,63,63,29,48,52
DIATSA_LOCUS3346,0,0,0,0,0,0
DIATSA_LOCUS3347,4,10,10,2,5,5
DIATSA_LOCUS3348,1,2,3,2,2,2
DIATSA_LOCUS3349,17,27,28,6,14,15
DIATSA_LOCUS335,3,4,4,2,3,3
DIATSA_LOCUS3350,2,8,10,2,5,6
DIATSA_LOCUS3351,48,87,92,32,52,54
DIATSA_LOCUS3352,11,21,22,8,14,14
DIATSA_LOCUS3353,2,8,7,3,12,13
DIATSA_LOCUS3354,751,1439,1433,1130,2195,2210
DIATSA_LOCUS3355,3,7,7,1,2,2
DIATSA_LOCUS3356,4,4,6,2,7,8
DIATSA_LOCUS3357,13,20,23,36,56,60
DIATSA_LOCUS3358,0,0,0,0,0,0
DIATSA_LOCUS3359,24,49,54,14,32,34
DIATSA_LOCUS336,24,51,51,7,10,10
DIATSA_LOCUS3360,0,0,0,0,0,0
DIATSA_LOCUS3361,0,0,0,0,0,0
DIATSA_LOCUS3362,37,81,82,29,60,65
DIATSA_LOCUS3363,0,0,0,0,0,0
DIATSA_LOCUS3364,18,33,36,3,5,5
DIATSA_LOCUS3365,2,3,2,1,0,0
DIATSA_LOCUS3366,5,11,12,5,7,8
DIATSA_LOCUS3367,1,4,5,4,6,6
DIATSA_LOCUS3368,48,109,110,25,49,51
DIATSA_LOCUS3369,0,0,1,2,2,2
DIATSA_LOCUS337,55,94,96,40,85,88
DIATSA_LOCUS3370,35,90,95,32,65,71
DIATSA_LOCUS3371,258,444,453,229,373,390
DIATSA_LOCUS3372,0,0,0,0,1,1
DIATSA_LOCUS3373,4,5,5,0,2,3
DIATSA_LOCUS3374,99,204,205,67,129,133
DIATSA_LOCUS3375,2,5,5,4,6,6
DIATSA_LOCUS3376,0,0,0,0,0,0
DIATSA_LOCUS3377,25,44,46,11,19,23
DIATSA_LOCUS3378,11,31,32,13,26,28
DIATSA_LOCUS3379,134,282,300,103,192,205
DIATSA_LOCUS338,4,5,6,0,3,3
DIATSA_LOCUS3380,3,5,6,0,2,2
DIATSA_LOCUS3381,12529,22278,22758,17600,31631,32068
DIATSA_LOCUS3382,12,50,53,12,43,43
DIATSA_LOCUS3383,15,26,28,5,7,8
DIATSA_LOCUS3384,17,21,22,7,16,18
DIATSA_LOCUS3385,81,161,174,66,142,156
DIATSA_LOCUS3386,11,18,17,9,10,10
DIATSA_LOCUS3387,461,889,919,555,1065,1092
DIATSA_LOCUS3388,129,198,203,181,303,315
DIATSA_LOCUS3389,0,1,1,0,0,0
DIATSA_LOCUS339,52,99,102,63,122,122
DIATSA_LOCUS3390,44,73,76,36,49,49
DIATSA_LOCUS3391,1,3,4,1,3,3
DIATSA_LOCUS3392,1,3,3,0,0,0
DIATSA_LOCUS3393,43,142,148,51,108,112
DIATSA_LOCUS3394,17,39,40,12,30,30
DIATSA_LOCUS3395,97,160,162,185,275,285
DIATSA_LOCUS3396,216,352,363,263,427,448
DIATSA_LOCUS3397,1264,2230,2326,1733,3096,3219
DIATSA_LOCUS3398,35,64,68,21,31,35
DIATSA_LOCUS3399,0,0,0,0,0,0
DIATSA_LOCUS34,18,37,40,13,22,23
DIATSA_LOCUS340,8,21,24,5,7,7
DIATSA_LOCUS3400,1,2,3,0,2,1
DIATSA_LOCUS3401,0,0,1,2,5,5
DIATSA_LOCUS3402,90,174,178,124,229,234
DIATSA_LOCUS3403,155,292,300,89,174,180
DIATSA_LOCUS3404,31,56,56,28,89,91
DIATSA_LOCUS3405,56,116,117,66,152,155
DIATSA_LOCUS3406,1,1,1,1,1,1
DIATSA_LOCUS3407,3,7,9,4,9,9
DIATSA_LOCUS3408,2,2,2,2,2,2
DIATSA_LOCUS3409,86,159,165,77,167,173
DIATSA_LOCUS341,102,189,196,98,199,205
DIATSA_LOCUS3410,2,3,2,6,8,8
DIATSA_LOCUS3411,70,106,110,31,45,46
DIATSA_LOCUS3412,5,9,8,3,3,2
DIATSA_LOCUS3413,4,7,7,0,2,2
DIATSA_LOCUS3414,1,6,6,0,2,2
DIATSA_LOCUS3415,10,23,24,3,6,8
DIATSA_LOCUS3416,183,385,401,344,686,707
DIATSA_LOCUS3417,37,77,79,71,112,117
DIATSA_LOCUS3418,5,11,11,0,5,5
DIATSA_LOCUS3419,0,0,0,0,1,1
DIATSA_LOCUS342,55,106,109,13,34,38
DIATSA_LOCUS3420,142,303,323,43,92,94
DIATSA_LOCUS3421,65,198,203,50,131,135
DIATSA_LOCUS3422,48,100,99,27,68,67
DIATSA_LOCUS3423,0,0,0,0,0,0
DIATSA_LOCUS3424,5,7,7,8,10,10
DIATSA_LOCUS3425,20,35,37,14,26,27
DIATSA_LOCUS3426,1,3,3,0,0,0
DIATSA_LOCUS3427,61,114,120,38,67,68
DIATSA_LOCUS3428,140,275,281,203,409,421
DIATSA_LOCUS3429,44,107,110,23,44,44
DIATSA_LOCUS343,16,25,25,3,9,9
DIATSA_LOCUS3430,34,59,61,19,59,60
DIATSA_LOCUS3431,23,51,50,17,35,34
DIATSA_LOCUS3432,3,2,2,0,0,0
DIATSA_LOCUS3433,12,22,23,10,22,23
DIATSA_LOCUS3434,63,116,119,68,113,119
DIATSA_LOCUS3435,45,84,87,36,70,70
DIATSA_LOCUS3436,8,28,27,8,32,32
DIATSA_LOCUS3437,28,66,69,51,87,89
DIATSA_LOCUS3438,79,157,158,121,227,237
DIATSA_LOCUS3439,290,557,583,211,362,385
DIATSA_LOCUS344,18,38,44,3,12,12
DIATSA_LOCUS3440,245,522,547,246,469,491
DIATSA_LOCUS3441,1522,2864,2962,589,1090,1129
DIATSA_LOCUS3442,0,0,0,0,0,0
DIATSA_LOCUS3443,23,41,44,24,35,37
DIATSA_LOCUS3444,0,0,0,0,0,0
DIATSA_LOCUS3445,0,0,0,0,0,0
DIATSA_LOCUS3446,5,9,9,1,2,2
DIATSA_LOCUS3447,30,50,51,11,23,23
DIATSA_LOCUS3448,308,585,608,134,259,274
DIATSA_LOCUS3449,57,182,186,40,119,121
DIATSA_LOCUS345,12,21,21,13,26,27
DIATSA_LOCUS3450,604,1014,1042,344,529,547
DIATSA_LOCUS3451,33,70,72,20,36,40
DIATSA_LOCUS3452,387,698,712,121,235,238
DIATSA_LOCUS3453,1660,3599,3745,2414,5378,5608
DIATSA_LOCUS3454,215,427,435,183,456,474
DIATSA_LOCUS3455,0,2,4,1,1,1
DIATSA_LOCUS3456,7,9,9,7,13,13
DIATSA_LOCUS3457,0,0,0,1,1,1
DIATSA_LOCUS3458,8,15,15,7,9,9
DIATSA_LOCUS3459,2,5,5,2,5,5
DIATSA_LOCUS346,11,29,30,7,16,16
DIATSA_LOCUS3460,115,213,220,114,182,189
DIATSA_LOCUS3461,21,27,29,5,8,9
DIATSA_LOCUS3462,3,6,6,0,1,1
DIATSA_LOCUS3463,18,28,33,3,5,5
DIATSA_LOCUS3464,4,12,11,0,3,3
DIATSA_LOCUS3465,6,9,10,8,15,15
DIATSA_LOCUS3466,0,1,1,0,1,1
DIATSA_LOCUS3467,45,70,71,42,70,74
DIATSA_LOCUS3468,5,19,19,6,14,14
DIATSA_LOCUS3469,15,28,29,4,5,5
DIATSA_LOCUS347,6,5,5,2,3,3
DIATSA_LOCUS3470,26,70,73,20,56,57
DIATSA_LOCUS3471,101,185,192,62,115,117
DIATSA_LOCUS3472,12,24,24,14,26,28
DIATSA_LOCUS3473,2,6,7,8,13,14
DIATSA_LOCUS3474,41,71,71,30,49,51
DIATSA_LOCUS3475,64,123,128,59,154,146
DIATSA_LOCUS3476,0,0,0,0,0,0
DIATSA_LOCUS3477,30,48,49,23,36,37
DIATSA_LOCUS3478,8,12,12,10,19,20
DIATSA_LOCUS3479,57,84,86,38,68,68
DIATSA_LOCUS348,15,36,36,4,8,8
DIATSA_LOCUS3480,78,168,173,56,101,103
DIATSA_LOCUS3481,5,10,12,7,11,11
DIATSA_LOCUS3482,62,114,115,52,98,102
DIATSA_LOCUS3483,3760,6582,6833,2140,3779,3918
DIATSA_LOCUS3484,299,500,513,161,261,273
DIATSA_LOCUS3485,21,45,47,9,19,19
DIATSA_LOCUS3486,24,45,46,12,24,24
DIATSA_LOCUS3487,93,171,185,105,220,223
DIATSA_LOCUS3488,46,91,95,34,60,61
DIATSA_LOCUS3489,41,73,73,49,80,82
DIATSA_LOCUS349,0,0,0,0,0,0
DIATSA_LOCUS3490,17,37,37,24,63,64
DIATSA_LOCUS3491,0,0,0,0,0,0
DIATSA_LOCUS3492,8,10,12,3,6,6
DIATSA_LOCUS3493,4,13,15,2,6,7
DIATSA_LOCUS3494,1,1,1,0,1,1
DIATSA_LOCUS3495,0,0,0,0,0,0
DIATSA_LOCUS3496,12,18,17,11,18,19
DIATSA_LOCUS3497,103,211,216,124,250,263
DIATSA_LOCUS3498,82,160,164,37,63,64
DIATSA_LOCUS3499,86,193,198,100,209,216
DIATSA_LOCUS35,11,19,20,3,10,10
DIATSA_LOCUS350,36,78,82,28,55,57
DIATSA_LOCUS3500,66,149,155,73,152,158
DIATSA_LOCUS3501,218,454,472,347,760,784
DIATSA_LOCUS3502,0,0,0,0,0,0
DIATSA_LOCUS3503,1,2,2,0,0,0
DIATSA_LOCUS3504,0,0,0,0,0,0
DIATSA_LOCUS3505,58,112,111,70,161,158
DIATSA_LOCUS3506,638,1173,1213,408,780,804
DIATSA_LOCUS3507,7,12,13,4,10,10
DIATSA_LOCUS3508,0,0,0,0,0,0
DIATSA_LOCUS3509,11,24,25,12,28,27
DIATSA_LOCUS351,0,0,0,0,0,0
DIATSA_LOCUS3510,0,1,1,0,1,1
DIATSA_LOCUS3511,1,1,1,0,0,0
DIATSA_LOCUS3512,0,0,0,0,0,0
DIATSA_LOCUS3513,0,0,0,0,0,0
DIATSA_LOCUS3514,78,173,182,116,250,258
DIATSA_LOCUS3515,16,21,21,3,9,9
DIATSA_LOCUS3516,16,29,30,10,10,11
DIATSA_LOCUS3517,1,4,3,2,3,3
DIATSA_LOCUS3518,0,0,0,0,0,0
DIATSA_LOCUS3519,0,0,0,0,0,0
DIATSA_LOCUS352,2,4,5,2,5,5
DIATSA_LOCUS3520,10,17,17,11,19,20
DIATSA_LOCUS3521,1,2,2,0,0,0
DIATSA_LOCUS3522,167,305,314,114,257,268
DIATSA_LOCUS3523,0,0,0,0,0,0
DIATSA_LOCUS3524,2,7,8,4,13,17
DIATSA_LOCUS3525,2715,4390,4521,2397,3981,4130
DIATSA_LOCUS3526,0,0,0,0,0,0
DIATSA_LOCUS3527,0,0,0,0,0,0
DIATSA_LOCUS3528,0,0,0,0,0,0
DIATSA_LOCUS3529,0,0,0,0,0,0
DIATSA_LOCUS353,0,0,0,1,2,1
DIATSA_LOCUS3530,2,2,2,1,1,1
DIATSA_LOCUS3531,15,27,27,4,7,7
DIATSA_LOCUS3532,103,201,207,70,163,168
DIATSA_LOCUS3533,8531,12464,12904,11421,17590,18170
DIATSA_LOCUS3534,1351,2006,2066,1309,1903,1974
DIATSA_LOCUS3535,82,156,168,34,63,65
DIATSA_LOCUS3536,149,272,284,75,155,158
DIATSA_LOCUS3537,0,0,0,0,0,0
DIATSA_LOCUS3538,14,23,25,5,6,6
DIATSA_LOCUS3539,0,0,0,0,0,0
DIATSA_LOCUS354,0,1,0,0,0,0
DIATSA_LOCUS3540,574,1173,1204,428,842,856
DIATSA_LOCUS3541,107,204,215,89,187,192
DIATSA_LOCUS3542,243,382,395,242,381,391
DIATSA_LOCUS3543,25,52,53,23,57,58
DIATSA_LOCUS3544,69,123,125,31,65,64
DIATSA_LOCUS3545,28,66,69,19,40,42
DIATSA_LOCUS3546,394,889,921,314,786,803
DIATSA_LOCUS3547,3,4,4,4,8,9
DIATSA_LOCUS3548,0,0,0,0,0,0
DIATSA_LOCUS3549,367,715,745,143,267,279
DIATSA_LOCUS355,65,114,116,16,32,32
DIATSA_LOCUS3550,102,210,218,26,73,77
DIATSA_LOCUS3551,21,28,30,15,28,28
DIATSA_LOCUS3552,112,224,237,26,51,54
DIATSA_LOCUS3553,91,198,203,42,93,95
DIATSA_LOCUS3554,30,64,67,23,66,68
DIATSA_LOCUS3555,403,1052,1087,547,1356,1399
DIATSA_LOCUS3556,144,234,246,53,108,110
DIATSA_LOCUS3557,80,121,125,31,55,56
DIATSA_LOCUS3558,7,16,18,13,15,16
DIATSA_LOCUS3559,147,298,311,163,325,340
DIATSA_LOCUS356,0,0,0,0,0,0
DIATSA_LOCUS3560,3,4,4,0,0,0
DIATSA_LOCUS3561,34,74,73,15,47,48
DIATSA_LOCUS3562,11,23,24,9,13,13
DIATSA_LOCUS3563,23,44,49,10,19,20
DIATSA_LOCUS3564,0,0,0,0,0,0
DIATSA_LOCUS3565,2,7,7,3,7,7
DIATSA_LOCUS3566,20,41,41,7,15,15
DIATSA_LOCUS3567,7,7,7,0,5,5
DIATSA_LOCUS3568,46,114,114,66,133,139
DIATSA_LOCUS3569,112,196,202,77,139,144
DIATSA_LOCUS357,0,0,0,0,0,0
DIATSA_LOCUS3570,77,214,221,83,168,175
DIATSA_LOCUS3571,5,6,7,0,3,4
DIATSA_LOCUS3572,0,2,2,2,2,2
DIATSA_LOCUS3573,3,6,8,2,5,7
DIATSA_LOCUS3574,1,1,1,0,1,1
DIATSA_LOCUS3575,19,36,36,5,11,11
DIATSA_LOCUS3576,217,381,388,351,595,619
DIATSA_LOCUS3577,25,54,55,16,39,40
DIATSA_LOCUS3578,83,148,154,101,194,202
DIATSA_LOCUS3579,0,1,1,0,0,0
DIATSA_LOCUS358,93,184,180,115,218,226
DIATSA_LOCUS3580,68,111,114,51,81,85
DIATSA_LOCUS3581,265,520,537,329,636,666
DIATSA_LOCUS3582,22,33,33,22,31,31
DIATSA_LOCUS3583,13,26,26,15,25,23
DIATSA_LOCUS3584,64,135,139,27,65,67
DIATSA_LOCUS3585,97,171,174,93,163,166
DIATSA_LOCUS3586,559,992,1024,530,927,953
DIATSA_LOCUS3587,47,81,83,40,89,94
DIATSA_LOCUS3588,66,124,130,44,86,90
DIATSA_LOCUS3589,165,354,368,264,514,527
DIATSA_LOCUS359,1,2,2,1,2,2
DIATSA_LOCUS3590,156,290,301,150,278,286
DIATSA_LOCUS3591,108,209,211,103,180,184
DIATSA_LOCUS3592,32,52,56,11,21,21
DIATSA_LOCUS3593,108,217,225,62,139,145
DIATSA_LOCUS3594,1,1,1,1,1,1
DIATSA_LOCUS3595,0,0,0,0,0,0
DIATSA_LOCUS3596,58,112,116,64,129,134
DIATSA_LOCUS3597,297,598,631,155,257,269
DIATSA_LOCUS3598,133,234,243,51,86,87
DIATSA_LOCUS3599,15,44,44,6,10,12
DIATSA_LOCUS36,3,6,7,6,12,12
DIATSA_LOCUS360,0,0,0,2,2,2
DIATSA_LOCUS3600,94,169,173,67,163,172
DIATSA_LOCUS3601,16,31,32,28,61,63
DIATSA_LOCUS3602,3,5,5,14,20,21
DIATSA_LOCUS3603,665,1393,1434,1126,2489,2572
DIATSA_LOCUS3604,38,69,71,8,22,22
DIATSA_LOCUS3605,0,3,3,0,1,1
DIATSA_LOCUS3606,0,0,0,0,0,0
DIATSA_LOCUS3607,12,25,26,3,7,7
DIATSA_LOCUS3608,44,74,75,52,78,77
DIATSA_LOCUS3609,83,166,175,46,82,85
DIATSA_LOCUS361,0,0,0,0,0,0
DIATSA_LOCUS3610,62,140,147,45,86,92
DIATSA_LOCUS3611,0,0,0,0,0,0
DIATSA_LOCUS3612,42,74,80,32,44,45
DIATSA_LOCUS3613,45,94,99,20,41,43
DIATSA_LOCUS3614,115,232,236,38,75,78
DIATSA_LOCUS3615,59,120,124,33,63,64
DIATSA_LOCUS3616,58,127,132,38,81,84
DIATSA_LOCUS3617,41,110,114,21,46,48
DIATSA_LOCUS3618,31,64,64,14,31,32
DIATSA_LOCUS3619,381,708,738,410,814,839
DIATSA_LOCUS362,5,15,16,4,7,8
DIATSA_LOCUS3620,213,545,564,142,333,349
DIATSA_LOCUS3621,0,2,2,1,2,2
DIATSA_LOCUS3622,0,0,0,0,0,0
DIATSA_LOCUS3623,15,25,29,4,9,10
DIATSA_LOCUS3624,78,146,150,53,97,102
DIATSA_LOCUS3625,201,384,393,232,461,479
DIATSA_LOCUS3626,130,236,247,64,114,120
DIATSA_LOCUS3627,179,327,341,382,820,839
DIATSA_LOCUS3628,127,253,257,92,218,222
DIATSA_LOCUS3629,62,133,137,39,79,84
DIATSA_LOCUS363,2,4,4,1,2,2
DIATSA_LOCUS3630,46,92,95,42,80,83
DIATSA_LOCUS3631,193,375,390,180,380,390
DIATSA_LOCUS3632,135,291,306,257,451,480
DIATSA_LOCUS3633,84,181,185,130,277,283
DIATSA_LOCUS3634,8519,17071,17844,12558,25818,27001
DIATSA_LOCUS3635,367,726,748,155,338,347
DIATSA_LOCUS3636,0,0,0,0,0,0
DIATSA_LOCUS3637,89,173,180,36,74,75
DIATSA_LOCUS3638,210,399,410,204,369,378
DIATSA_LOCUS3639,172,344,357,87,177,188
DIATSA_LOCUS364,81,166,173,26,53,55
DIATSA_LOCUS3640,0,0,0,0,0,0
DIATSA_LOCUS3641,4,7,7,0,0,0
DIATSA_LOCUS3642,3,9,9,0,1,1
DIATSA_LOCUS3643,0,0,1,0,0,0
DIATSA_LOCUS3644,8,12,12,8,19,19
DIATSA_LOCUS3645,78,135,142,21,48,48
DIATSA_LOCUS3646,479,918,938,343,712,738
DIATSA_LOCUS3647,141,230,236,106,235,237
DIATSA_LOCUS3648,33,73,74,36,77,78
DIATSA_LOCUS3649,43,87,91,18,26,26
DIATSA_LOCUS365,7,11,11,1,2,2
DIATSA_LOCUS3650,93,188,192,30,49,52
DIATSA_LOCUS3651,210,425,437,205,464,478
DIATSA_LOCUS3652,0,0,0,0,0,0
DIATSA_LOCUS3653,0,0,0,0,0,0
DIATSA_LOCUS3654,0,3,3,2,11,14
DIATSA_LOCUS3655,87,179,188,89,200,211
DIATSA_LOCUS3656,161,294,305,160,364,378
DIATSA_LOCUS3657,0,0,0,0,0,0
DIATSA_LOCUS3658,9,21,22,13,34,31
DIATSA_LOCUS3659,61,115,122,79,144,150
DIATSA_LOCUS366,3,7,7,1,2,2
DIATSA_LOCUS3660,9,23,23,15,24,25
DIATSA_LOCUS3661,0,0,0,0,0,0
DIATSA_LOCUS3662,85,165,169,28,62,65
DIATSA_LOCUS3663,18,48,48,8,31,32
DIATSA_LOCUS3664,0,0,0,0,0,0
DIATSA_LOCUS3665,1,2,2,7,11,11
DIATSA_LOCUS3666,8,26,26,6,12,12
DIATSA_LOCUS3667,131,246,250,92,184,184
DIATSA_LOCUS3668,0,0,0,0,0,0
DIATSA_LOCUS3669,8,14,14,5,13,13
DIATSA_LOCUS367,144,230,237,66,108,111
DIATSA_LOCUS3670,0,0,0,0,0,0
DIATSA_LOCUS3671,90,127,132,118,201,205
DIATSA_LOCUS3672,3,4,5,2,1,0
DIATSA_LOCUS3673,44,93,97,28,57,57
DIATSA_LOCUS3674,12,20,20,3,7,6
DIATSA_LOCUS3675,160,304,318,136,275,283
DIATSA_LOCUS3676,48,85,85,19,34,34
DIATSA_LOCUS3677,226,561,572,207,486,498
DIATSA_LOCUS3678,6,9,9,3,5,5
DIATSA_LOCUS3679,3303,6307,6524,1949,3554,3661
DIATSA_LOCUS368,148,267,280,72,111,112
DIATSA_LOCUS3680,49,95,98,56,120,124
DIATSA_LOCUS3681,1738,3187,3325,2483,4643,4808
DIATSA_LOCUS3682,262,482,502,92,159,165
DIATSA_LOCUS3683,708,1413,1456,324,622,639
DIATSA_LOCUS3684,72,166,181,74,156,165
DIATSA_LOCUS3685,6,5,5,4,9,10
DIATSA_LOCUS3686,5,12,12,0,5,5
DIATSA_LOCUS3687,32,61,65,7,11,11
DIATSA_LOCUS3688,20,38,38,7,17,17
DIATSA_LOCUS3689,37,104,107,32,87,90
DIATSA_LOCUS369,79,151,157,56,95,96
DIATSA_LOCUS3690,68,139,145,35,91,97
DIATSA_LOCUS3691,2,3,3,7,9,9
DIATSA_LOCUS3692,3,4,4,3,9,9
DIATSA_LOCUS3693,85,164,168,45,106,110
DIATSA_LOCUS3694,142,238,248,152,270,273
DIATSA_LOCUS3695,111,276,284,95,204,215
DIATSA_LOCUS3696,2,18,17,8,15,17
DIATSA_LOCUS3697,11,25,27,1,5,5
DIATSA_LOCUS3698,99,201,211,55,125,125
DIATSA_LOCUS3699,0,0,0,0,0,0
DIATSA_LOCUS37,4,7,6,2,6,6
DIATSA_LOCUS370,26,46,46,10,19,19
DIATSA_LOCUS3700,3,8,9,3,3,3
DIATSA_LOCUS3701,2,3,3,0,1,1
DIATSA_LOCUS3702,181,379,389,139,265,269
DIATSA_LOCUS3703,0,1,1,1,3,3
DIATSA_LOCUS3704,25,45,47,24,38,43
DIATSA_LOCUS3705,126,224,234,74,119,123
DIATSA_LOCUS3706,9,18,18,10,14,14
DIATSA_LOCUS3707,57,141,145,54,134,138
DIATSA_LOCUS3708,0,2,2,0,1,1
DIATSA_LOCUS3709,0,0,0,0,1,1
DIATSA_LOCUS371,69,149,155,34,66,69
DIATSA_LOCUS3710,9,15,16,8,11,11
DIATSA_LOCUS3711,124,229,238,77,158,158
DIATSA_LOCUS3712,23,48,50,24,40,42
DIATSA_LOCUS3713,52,107,114,18,37,38
DIATSA_LOCUS3714,40,83,87,47,76,78
DIATSA_LOCUS3715,11,21,21,2,8,7
DIATSA_LOCUS3716,227,412,429,146,264,269
DIATSA_LOCUS3717,13,27,27,14,22,21
DIATSA_LOCUS3718,0,0,1,1,4,3
DIATSA_LOCUS3719,30,48,53,15,39,40
DIATSA_LOCUS372,2,3,3,1,1,1
DIATSA_LOCUS3720,20,34,36,11,25,25
DIATSA_LOCUS3721,26,52,52,6,8,8
DIATSA_LOCUS3722,5,8,8,10,15,15
DIATSA_LOCUS3723,7,13,13,13,22,23
DIATSA_LOCUS3724,790,1723,1806,674,1451,1518
DIATSA_LOCUS3725,585,1196,1244,515,1001,1033
DIATSA_LOCUS3726,8,12,11,2,7,8
DIATSA_LOCUS3727,668,1672,1697,1202,3274,3328
DIATSA_LOCUS3728,362,676,710,855,1624,1677
DIATSA_LOCUS3729,325,715,746,105,255,271
DIATSA_LOCUS373,111,157,163,93,151,157
DIATSA_LOCUS3730,134,279,290,43,87,90
DIATSA_LOCUS3731,337,669,697,165,358,369
DIATSA_LOCUS3732,1710,2912,3026,2079,3509,3636
DIATSA_LOCUS3733,2,1,1,1,3,3
DIATSA_LOCUS3734,49,85,87,18,33,34
DIATSA_LOCUS3735,0,0,0,0,0,0
DIATSA_LOCUS3736,0,0,0,0,0,0
DIATSA_LOCUS3737,0,0,0,0,0,0
DIATSA_LOCUS3738,11,22,22,1,7,8
DIATSA_LOCUS3739,1,1,1,0,0,0
DIATSA_LOCUS374,226,420,422,201,422,416
DIATSA_LOCUS3740,27,44,47,13,19,23
DIATSA_LOCUS3741,34,63,64,19,37,38
DIATSA_LOCUS3742,3629,8124,8477,3676,8096,8413
DIATSA_LOCUS3743,31,68,72,15,33,35
DIATSA_LOCUS3744,25,54,60,12,24,28
DIATSA_LOCUS3745,2978,5905,6084,2109,4402,4542
DIATSA_LOCUS3746,0,0,0,0,0,0
DIATSA_LOCUS3747,13,15,16,5,8,9
DIATSA_LOCUS3748,4,12,12,5,14,16
DIATSA_LOCUS3749,0,0,0,0,0,0
DIATSA_LOCUS375,32,60,64,34,83,83
DIATSA_LOCUS3750,1,1,1,1,1,1
DIATSA_LOCUS3751,3,10,11,5,6,6
DIATSA_LOCUS3752,5,7,7,2,10,12
DIATSA_LOCUS3753,119,224,233,111,233,233
DIATSA_LOCUS3754,16,23,25,8,14,16
DIATSA_LOCUS3755,8,19,19,12,25,24
DIATSA_LOCUS3756,153,249,257,95,189,199
DIATSA_LOCUS3757,2977,5392,5549,2797,4963,5140
DIATSA_LOCUS3758,1,4,5,0,0,0
DIATSA_LOCUS3759,1,2,2,1,2,2
DIATSA_LOCUS376,674,1178,1223,1073,1762,1818
DIATSA_LOCUS3760,0,1,1,0,0,0
DIATSA_LOCUS3761,0,0,0,0,0,0
DIATSA_LOCUS3762,0,2,2,3,6,6
DIATSA_LOCUS3763,0,0,0,0,0,0
DIATSA_LOCUS3764,0,0,0,0,0,0
DIATSA_LOCUS3765,0,0,0,0,1,1
DIATSA_LOCUS3766,158,465,494,475,1169,1244
DIATSA_LOCUS3767,0,0,0,0,0,0
DIATSA_LOCUS3768,0,0,0,0,0,0
DIATSA_LOCUS3769,0,0,0,0,0,0
DIATSA_LOCUS377,2,8,8,3,11,11
DIATSA_LOCUS3770,150,267,281,136,222,229
DIATSA_LOCUS3771,3,8,9,1,2,2
DIATSA_LOCUS3772,2,2,3,2,2,2
DIATSA_LOCUS3773,0,1,1,0,0,0
DIATSA_LOCUS3774,0,0,0,0,0,0
DIATSA_LOCUS3775,2,4,4,6,7,7
DIATSA_LOCUS3776,0,0,0,0,0,0
DIATSA_LOCUS3777,33,58,61,26,43,45
DIATSA_LOCUS3778,0,0,0,0,1,1
DIATSA_LOCUS3779,258,524,537,145,250,259
DIATSA_LOCUS378,40,105,107,59,99,102
DIATSA_LOCUS3780,220,491,503,213,486,501
DIATSA_LOCUS3781,85,197,200,152,297,311
DIATSA_LOCUS3782,287,465,483,222,363,374
DIATSA_LOCUS3783,40,83,87,38,94,98
DIATSA_LOCUS3784,61,133,142,16,40,42
DIATSA_LOCUS3785,162,348,356,189,359,377
DIATSA_LOCUS3786,157,305,317,99,204,208
DIATSA_LOCUS3787,2,4,4,1,4,4
DIATSA_LOCUS3788,21,52,54,22,47,47
DIATSA_LOCUS3789,528,1223,1272,716,1539,1589
DIATSA_LOCUS379,27,38,38,10,23,23
DIATSA_LOCUS3790,15,22,22,2,4,3
DIATSA_LOCUS3791,2,8,8,1,7,7
DIATSA_LOCUS3792,1,3,3,0,4,6
DIATSA_LOCUS3793,21,37,36,15,32,31
DIATSA_LOCUS3794,0,0,0,31,68,68
DIATSA_LOCUS3795,1,1,1,41,75,78
DIATSA_LOCUS3796,0,0,0,7,6,6
DIATSA_LOCUS3797,1,3,3,0,0,0
DIATSA_LOCUS3798,40,87,89,50,78,79
DIATSA_LOCUS3799,8,13,13,2,2,2
DIATSA_LOCUS38,289,537,555,69,147,151
DIATSA_LOCUS380,0,1,1,1,1,1
DIATSA_LOCUS3800,37,67,65,28,59,61
DIATSA_LOCUS3801,0,1,1,0,0,0
DIATSA_LOCUS3802,2,7,6,3,3,3
DIATSA_LOCUS3803,0,0,0,0,0,0
DIATSA_LOCUS3804,94,238,255,143,355,374
DIATSA_LOCUS3805,26,45,51,11,29,29
DIATSA_LOCUS3806,3,6,7,3,4,4
DIATSA_LOCUS3807,0,0,0,0,0,0
DIATSA_LOCUS3808,0,0,0,0,0,0
DIATSA_LOCUS3809,0,0,0,0,1,2
DIATSA_LOCUS381,40,56,57,7,12,12
DIATSA_LOCUS3810,95,178,185,70,135,142
DIATSA_LOCUS3811,86,155,160,65,111,115
DIATSA_LOCUS3812,0,0,0,0,0,0
DIATSA_LOCUS3813,0,0,0,0,0,0
DIATSA_LOCUS3814,16,24,24,6,15,13
DIATSA_LOCUS3815,0,0,0,2,4,4
DIATSA_LOCUS3816,3,3,3,2,2,2
DIATSA_LOCUS3817,9,11,11,11,24,24
DIATSA_LOCUS3818,32,48,49,35,61,63
DIATSA_LOCUS3819,39,58,63,21,43,46
DIATSA_LOCUS382,683,1210,1255,916,1598,1647
DIATSA_LOCUS3820,67,122,128,32,58,63
DIATSA_LOCUS3821,3,6,6,0,0,0
DIATSA_LOCUS3822,0,0,0,0,0,0
DIATSA_LOCUS3823,9,18,18,1,1,1
DIATSA_LOCUS3824,34,65,65,16,35,36
DIATSA_LOCUS3825,6,13,14,3,9,9
DIATSA_LOCUS3826,109,239,243,82,169,176
DIATSA_LOCUS3827,6,11,11,1,3,3
DIATSA_LOCUS3828,80,164,170,111,201,209
DIATSA_LOCUS3829,115,227,238,144,262,273
DIATSA_LOCUS383,0,0,0,0,0,0
DIATSA_LOCUS3830,34,73,75,17,36,36
DIATSA_LOCUS3831,47,77,80,24,42,42
DIATSA_LOCUS3832,373,605,621,588,969,1007
DIATSA_LOCUS3833,35,83,86,48,86,94
DIATSA_LOCUS3834,35,84,87,22,38,41
DIATSA_LOCUS3835,5717,11233,11622,3212,5901,6141
DIATSA_LOCUS3836,2266,4060,4162,1525,2889,2990
DIATSA_LOCUS3837,0,0,0,0,2,2
DIATSA_LOCUS3838,0,0,0,0,0,0
DIATSA_LOCUS3839,0,1,2,0,3,3
DIATSA_LOCUS384,0,0,0,0,0,0
DIATSA_LOCUS3840,6,10,10,1,4,4
DIATSA_LOCUS3841,16,30,31,7,21,21
DIATSA_LOCUS3842,4,2,3,0,3,3
DIATSA_LOCUS3843,4,6,6,3,3,2
DIATSA_LOCUS3844,0,0,0,0,0,0
DIATSA_LOCUS3845,17,29,29,21,33,34
DIATSA_LOCUS3846,22,54,58,10,21,21
DIATSA_LOCUS3847,25,35,36,48,76,77
DIATSA_LOCUS3848,6,13,12,2,7,7
DIATSA_LOCUS3849,11,18,19,6,8,8
DIATSA_LOCUS385,0,1,2,0,0,0
DIATSA_LOCUS3850,1120,2098,2165,614,1117,1151
DIATSA_LOCUS3851,15,34,35,7,11,10
DIATSA_LOCUS3852,174,328,340,24,55,56
DIATSA_LOCUS3853,62,139,140,53,136,146
DIATSA_LOCUS3854,10,14,15,5,9,11
DIATSA_LOCUS3855,238,424,438,152,266,287
DIATSA_LOCUS3856,20,33,35,9,14,15
DIATSA_LOCUS3857,49,99,103,49,96,104
DIATSA_LOCUS3858,33,58,59,40,93,97
DIATSA_LOCUS3859,9,14,14,8,17,18
DIATSA_LOCUS386,93,184,190,46,85,89
DIATSA_LOCUS3860,9,17,17,6,13,13
DIATSA_LOCUS3861,71,104,109,57,84,85
DIATSA_LOCUS3862,4,11,11,8,10,12
DIATSA_LOCUS3863,3,5,5,3,2,3
DIATSA_LOCUS3864,6,8,9,0,0,0
DIATSA_LOCUS3865,0,3,3,0,0,0
DIATSA_LOCUS3866,3145,6245,6396,4068,8267,8475
DIATSA_LOCUS3867,121,222,230,59,122,127
DIATSA_LOCUS3868,4,10,11,6,9,10
DIATSA_LOCUS3869,3547,8281,8586,5301,12535,12964
DIATSA_LOCUS387,109,253,256,49,111,116
DIATSA_LOCUS3870,3,8,8,8,13,13
DIATSA_LOCUS3871,78,169,175,134,282,294
DIATSA_LOCUS3872,304,562,603,333,668,711
DIATSA_LOCUS3873,63,115,122,57,129,135
DIATSA_LOCUS3874,0,0,0,0,0,0
DIATSA_LOCUS3875,6,17,16,7,19,20
DIATSA_LOCUS3876,10,22,24,10,17,19
DIATSA_LOCUS3877,0,0,0,0,0,0
DIATSA_LOCUS3878,34,72,75,45,78,81
DIATSA_LOCUS3879,1,0,0,0,0,0
DIATSA_LOCUS388,6,14,14,4,7,9
DIATSA_LOCUS3880,19,45,47,3,11,11
DIATSA_LOCUS3881,44,94,99,32,79,81
DIATSA_LOCUS3882,0,0,0,0,0,1
DIATSA_LOCUS3883,18,29,29,8,12,13
DIATSA_LOCUS3884,35,71,74,32,48,47
DIATSA_LOCUS3885,0,0,0,0,0,0
DIATSA_LOCUS3886,21,46,48,56,97,100
DIATSA_LOCUS3887,95,180,183,103,202,207
DIATSA_LOCUS3888,0,0,0,0,0,0
DIATSA_LOCUS3889,317,497,515,361,637,676
DIATSA_LOCUS389,0,0,0,0,0,0
DIATSA_LOCUS3890,5,16,16,5,11,11
DIATSA_LOCUS3891,218,357,378,129,202,214
DIATSA_LOCUS3892,4,7,8,9,13,14
DIATSA_LOCUS3893,15,28,30,13,23,24
DIATSA_LOCUS3894,400,640,664,469,725,767
DIATSA_LOCUS3895,8,11,13,10,13,14
DIATSA_LOCUS3896,84,125,127,33,67,68
DIATSA_LOCUS3897,85,125,132,97,139,145
DIATSA_LOCUS3898,0,0,0,0,0,0
DIATSA_LOCUS3899,275,617,647,341,681,718
DIATSA_LOCUS39,532,977,1012,404,758,772
DIATSA_LOCUS390,16,43,43,7,18,18
DIATSA_LOCUS3900,16,24,25,16,22,21
DIATSA_LOCUS3901,115,205,207,137,248,260
DIATSA_LOCUS3902,1,2,2,0,0,0
DIATSA_LOCUS3903,34,44,44,27,53,53
DIATSA_LOCUS3904,7,14,14,4,11,12
DIATSA_LOCUS3905,0,0,0,0,0,0
DIATSA_LOCUS3906,34,60,65,15,30,30
DIATSA_LOCUS3907,0,1,1,0,0,0
DIATSA_LOCUS3908,0,0,0,0,0,0
DIATSA_LOCUS3909,72,148,154,81,195,202
DIATSA_LOCUS391,167,278,291,91,160,167
DIATSA_LOCUS3910,87,171,180,46,74,76
DIATSA_LOCUS3911,66,101,100,46,77,81
DIATSA_LOCUS3912,9,23,28,19,35,35
DIATSA_LOCUS3913,57,111,115,29,53,55
DIATSA_LOCUS3914,0,0,0,5,1,1
DIATSA_LOCUS3915,199,426,437,224,431,449
DIATSA_LOCUS3916,36,82,82,43,96,97
DIATSA_LOCUS3917,3,15,15,11,21,21
DIATSA_LOCUS3918,169,285,294,113,185,190
DIATSA_LOCUS3919,0,0,0,0,0,0
DIATSA_LOCUS392,69,118,126,35,70,71
DIATSA_LOCUS3920,16,27,27,7,6,6
DIATSA_LOCUS3921,1,2,2,0,1,1
DIATSA_LOCUS3922,12,27,29,5,14,14
DIATSA_LOCUS3923,67,125,131,29,58,57
DIATSA_LOCUS3924,1,1,1,0,0,0
DIATSA_LOCUS3925,113,187,193,105,187,188
DIATSA_LOCUS3926,38,76,78,11,27,34
DIATSA_LOCUS3927,136,293,295,89,175,181
DIATSA_LOCUS3928,1511,2823,2923,1647,3007,3120
DIATSA_LOCUS3929,0,0,0,0,0,0
DIATSA_LOCUS393,30,64,64,20,30,31
DIATSA_LOCUS3930,84,183,188,87,205,209
DIATSA_LOCUS3931,94,205,212,128,268,274
DIATSA_LOCUS3932,35,62,62,14,28,31
DIATSA_LOCUS3933,42,61,67,49,85,86
DIATSA_LOCUS3934,19,31,36,17,19,20
DIATSA_LOCUS3935,2,1,1,1,0,0
DIATSA_LOCUS3936,0,0,0,0,0,0
DIATSA_LOCUS3937,0,0,0,0,0,0
DIATSA_LOCUS3938,8,12,12,2,5,6
DIATSA_LOCUS3939,15,32,33,16,34,34
DIATSA_LOCUS394,21,35,35,14,32,33
DIATSA_LOCUS3940,70,148,146,56,125,130
DIATSA_LOCUS3941,8,15,17,57,116,120
DIATSA_LOCUS3942,0,0,0,1,1,1
DIATSA_LOCUS3943,0,0,0,0,0,0
DIATSA_LOCUS3944,0,0,0,0,0,0
DIATSA_LOCUS3945,0,2,2,0,0,0
DIATSA_LOCUS3946,875,1600,1601,1203,2211,2220
DIATSA_LOCUS3947,16,21,22,3,6,7
DIATSA_LOCUS3948,0,0,0,0,0,0
DIATSA_LOCUS3949,294,649,678,126,288,297
DIATSA_LOCUS395,1,1,1,1,4,4
DIATSA_LOCUS3950,5,12,12,7,11,12
DIATSA_LOCUS3951,5812,15536,16226,9569,25454,26531
DIATSA_LOCUS3952,63,110,116,68,112,115
DIATSA_LOCUS3953,3,8,8,2,3,3
DIATSA_LOCUS3954,24,41,41,10,16,16
DIATSA_LOCUS3955,219,411,427,368,706,723
DIATSA_LOCUS3956,9,20,19,10,16,15
DIATSA_LOCUS3957,0,0,0,0,0,0
DIATSA_LOCUS3958,470,855,882,418,673,692
DIATSA_LOCUS3959,63,116,120,28,64,65
DIATSA_LOCUS396,0,0,0,0,0,0
DIATSA_LOCUS3960,76,181,184,54,85,87
DIATSA_LOCUS3961,11,20,20,13,19,19
DIATSA_LOCUS3962,24,43,44,9,19,19
DIATSA_LOCUS3963,239,419,442,147,262,272
DIATSA_LOCUS3964,237,501,525,149,307,322
DIATSA_LOCUS3965,2,2,2,0,0,0
DIATSA_LOCUS3966,0,0,1,0,0,0
DIATSA_LOCUS3967,0,0,0,0,0,0
DIATSA_LOCUS3968,10,46,41,11,49,44
DIATSA_LOCUS3969,7,10,10,14,19,19
DIATSA_LOCUS397,0,0,0,2,4,4
DIATSA_LOCUS3970,0,0,0,0,0,0
DIATSA_LOCUS3971,5,13,13,19,29,29
DIATSA_LOCUS3972,2,3,3,1,3,3
DIATSA_LOCUS3973,24,70,76,18,62,65
DIATSA_LOCUS3974,18,31,30,16,27,26
DIATSA_LOCUS3975,19,37,37,17,32,33
DIATSA_LOCUS3976,89,188,189,36,76,78
DIATSA_LOCUS3977,0,0,0,0,0,0
DIATSA_LOCUS3978,0,0,0,0,0,0
DIATSA_LOCUS3979,181,333,347,140,244,253
DIATSA_LOCUS398,56,115,123,40,71,77
DIATSA_LOCUS3980,163,351,361,140,301,307
DIATSA_LOCUS3981,0,0,0,0,0,0
DIATSA_LOCUS3982,78,141,143,57,106,108
DIATSA_LOCUS3983,10111,20019,20790,15026,30187,31394
DIATSA_LOCUS3984,3120,5966,6203,3223,6166,6417
DIATSA_LOCUS3985,78,144,148,49,93,99
DIATSA_LOCUS3986,24,49,52,34,67,67
DIATSA_LOCUS3987,3,2,3,0,0,0
DIATSA_LOCUS3988,112,212,219,36,83,83
DIATSA_LOCUS3989,319,562,575,259,514,533
DIATSA_LOCUS399,2,5,5,1,2,2
DIATSA_LOCUS3990,342,617,630,326,597,625
DIATSA_LOCUS3991,25,38,38,7,13,14
DIATSA_LOCUS3992,393,781,796,292,636,660
DIATSA_LOCUS3993,98,186,187,43,75,78
DIATSA_LOCUS3994,13,19,19,2,4,4
DIATSA_LOCUS3995,4,13,13,1,8,8
DIATSA_LOCUS3996,0,0,0,0,0,0
DIATSA_LOCUS3997,0,0,0,0,0,0
DIATSA_LOCUS3998,0,0,0,0,0,0
DIATSA_LOCUS3999,0,0,0,0,0,0
DIATSA_LOCUS4,0,0,0,0,0,0
DIATSA_LOCUS40,0,0,0,0,0,0
DIATSA_LOCUS400,1,3,3,1,1,1
DIATSA_LOCUS4000,1555,2763,2860,1456,2733,2816
DIATSA_LOCUS4001,15,27,27,3,10,11
DIATSA_LOCUS4002,22,26,26,4,8,8
DIATSA_LOCUS4003,1,1,1,3,3,4
DIATSA_LOCUS4004,44,93,95,37,69,70
DIATSA_LOCUS4005,622,1176,1214,719,1220,1265
DIATSA_LOCUS4006,214,514,532,134,278,288
DIATSA_LOCUS4007,131,283,289,123,265,269
DIATSA_LOCUS4008,10,15,15,5,6,7
DIATSA_LOCUS4009,242,443,463,110,237,239
DIATSA_LOCUS401,0,2,2,0,0,0
DIATSA_LOCUS4010,0,0,0,0,0,0
DIATSA_LOCUS4011,22,48,47,17,42,40
DIATSA_LOCUS4012,58,103,106,60,107,111
DIATSA_LOCUS4013,147,290,296,184,355,373
DIATSA_LOCUS4014,91,202,212,42,80,82
DIATSA_LOCUS4015,0,2,2,1,3,3
DIATSA_LOCUS4016,20,39,43,14,26,29
DIATSA_LOCUS4017,3,4,4,8,9,10
DIATSA_LOCUS4018,2,6,6,10,16,15
DIATSA_LOCUS4019,201,422,440,223,458,479
DIATSA_LOCUS402,0,0,0,0,0,0
DIATSA_LOCUS4020,5,5,5,5,6,6
DIATSA_LOCUS4021,1,0,0,4,4,4
DIATSA_LOCUS4022,57,125,130,37,71,71
DIATSA_LOCUS4023,0,0,0,0,0,0
DIATSA_LOCUS4024,42,85,87,12,35,37
DIATSA_LOCUS4025,4,10,10,0,4,4
DIATSA_LOCUS4026,348,673,700,442,851,871
DIATSA_LOCUS4027,241,441,445,310,473,485
DIATSA_LOCUS4028,483,1109,1142,467,1063,1096
DIATSA_LOCUS4029,0,0,0,3,4,4
DIATSA_LOCUS403,28,84,89,19,56,60
DIATSA_LOCUS4030,2,2,2,4,5,5
DIATSA_LOCUS4031,40,90,91,31,82,83
DIATSA_LOCUS4032,29,63,65,18,49,50
DIATSA_LOCUS4033,23,29,30,25,37,38
DIATSA_LOCUS4034,20,54,59,10,20,21
DIATSA_LOCUS4035,128,247,257,125,236,241
DIATSA_LOCUS4036,70,143,144,60,115,119
DIATSA_LOCUS4037,192,376,388,106,196,205
DIATSA_LOCUS4038,129,237,248,74,125,131
DIATSA_LOCUS4039,155,348,363,159,332,350
DIATSA_LOCUS404,770,1463,1514,559,999,1030
DIATSA_LOCUS4040,0,1,1,4,5,5
DIATSA_LOCUS4041,13,25,26,4,12,15
DIATSA_LOCUS4042,5,12,12,13,15,16
DIATSA_LOCUS4043,19,28,28,12,18,18
DIATSA_LOCUS4044,19,44,47,16,42,45
DIATSA_LOCUS4045,40,75,77,17,37,42
DIATSA_LOCUS4046,487,881,925,499,929,960
DIATSA_LOCUS4047,628,1313,1360,539,1147,1213
DIATSA_LOCUS4048,83,165,174,64,121,124
DIATSA_LOCUS4049,113,177,189,83,156,158
DIATSA_LOCUS405,15967,31703,32910,14523,29017,30119
DIATSA_LOCUS4050,15,22,21,18,37,37
DIATSA_LOCUS4051,7,15,16,15,30,32
DIATSA_LOCUS4052,765,1215,1251,877,1417,1464
DIATSA_LOCUS4053,391,783,803,477,958,999
DIATSA_LOCUS4054,51,86,89,41,76,78
DIATSA_LOCUS4055,2,2,2,1,2,2
DIATSA_LOCUS4056,33,70,73,35,54,54
DIATSA_LOCUS4057,71,156,161,71,149,155
DIATSA_LOCUS4058,1,1,1,0,1,1
DIATSA_LOCUS4059,0,2,2,1,2,3
DIATSA_LOCUS406,2,4,4,2,3,3
DIATSA_LOCUS4060,44,87,93,13,33,34
DIATSA_LOCUS4061,791,1658,1716,804,1666,1737
DIATSA_LOCUS4062,79,165,164,90,161,168
DIATSA_LOCUS4063,18,41,42,6,14,15
DIATSA_LOCUS4064,108,167,172,49,97,102
DIATSA_LOCUS4065,25,48,52,26,41,44
DIATSA_LOCUS4066,74,131,134,40,79,80
DIATSA_LOCUS4067,60,130,133,28,49,50
DIATSA_LOCUS4068,85,173,179,91,185,187
DIATSA_LOCUS4069,66,116,120,89,145,150
DIATSA_LOCUS407,0,0,0,0,0,0
DIATSA_LOCUS4070,1,6,6,1,5,5
DIATSA_LOCUS4071,0,0,0,0,0,0
DIATSA_LOCUS4072,181,375,392,85,176,183
DIATSA_LOCUS4073,12,24,24,4,8,7
DIATSA_LOCUS4074,1,4,4,3,3,3
DIATSA_LOCUS4075,221,411,429,172,325,338
DIATSA_LOCUS4076,592,1199,1233,736,1484,1529
DIATSA_LOCUS4077,233,479,505,117,252,267
DIATSA_LOCUS4078,430,763,810,317,602,623
DIATSA_LOCUS4079,0,0,0,0,0,0
DIATSA_LOCUS408,0,0,0,0,0,0
DIATSA_LOCUS4080,242,453,460,131,260,267
DIATSA_LOCUS4081,115,235,234,112,252,257
DIATSA_LOCUS4082,42,89,90,34,67,70
DIATSA_LOCUS4083,22,38,38,8,22,23
DIATSA_LOCUS4084,0,0,0,0,0,0
DIATSA_LOCUS4085,72,146,147,132,326,327
DIATSA_LOCUS4086,7,10,9,3,4,4
DIATSA_LOCUS4087,0,0,0,0,0,0
DIATSA_LOCUS4088,0,0,0,0,0,0
DIATSA_LOCUS4089,56,127,134,90,193,202
DIATSA_LOCUS409,6,9,11,1,2,2
DIATSA_LOCUS4090,65,118,121,36,62,64
DIATSA_LOCUS4091,2,5,4,8,22,23
DIATSA_LOCUS4092,85,145,141,40,78,76
DIATSA_LOCUS4093,389,666,685,450,811,836
DIATSA_LOCUS4094,151,307,315,129,268,274
DIATSA_LOCUS4095,6,15,15,14,31,32
DIATSA_LOCUS4096,9,18,19,4,9,10
DIATSA_LOCUS4097,3,5,5,2,4,5
DIATSA_LOCUS4098,0,0,0,0,0,0
DIATSA_LOCUS4099,0,0,0,0,0,0
DIATSA_LOCUS41,7,9,10,2,3,3
DIATSA_LOCUS410,11,35,34,9,25,22
DIATSA_LOCUS4100,326,603,629,219,385,388
DIATSA_LOCUS4101,0,2,2,0,0,0
DIATSA_LOCUS4102,4524,8736,8999,4253,8162,8432
DIATSA_LOCUS4103,17,23,23,9,23,24
DIATSA_LOCUS4104,10,66,64,18,63,67
DIATSA_LOCUS4105,34,63,66,22,30,33
DIATSA_LOCUS4106,23,47,47,29,53,54
DIATSA_LOCUS4107,49,83,86,59,103,104
DIATSA_LOCUS4108,33,70,71,16,27,29
DIATSA_LOCUS4109,0,0,0,0,0,0
DIATSA_LOCUS411,27,55,55,9,18,18
DIATSA_LOCUS4110,75,151,158,37,75,76
DIATSA_LOCUS4111,258,472,487,174,315,328
DIATSA_LOCUS4112,1,2,2,0,0,0
DIATSA_LOCUS4113,23,47,47,24,56,56
DIATSA_LOCUS4114,2,4,4,4,9,12
DIATSA_LOCUS4115,0,0,0,0,0,0
DIATSA_LOCUS4116,5,13,12,6,22,23
DIATSA_LOCUS4117,4,6,6,0,2,2
DIATSA_LOCUS4118,6,14,14,2,6,6
DIATSA_LOCUS4119,60,107,110,16,48,48
DIATSA_LOCUS412,20,52,54,33,65,66
DIATSA_LOCUS4120,123,274,287,84,168,175
DIATSA_LOCUS4121,0,0,0,0,0,0
DIATSA_LOCUS4122,54,116,122,61,111,114
DIATSA_LOCUS4123,4,7,7,2,4,4
DIATSA_LOCUS4124,0,4,0,0,1,1
DIATSA_LOCUS4125,4,0,4,3,1,1
DIATSA_LOCUS4126,230,500,516,255,536,556
DIATSA_LOCUS4127,86,145,149,66,103,108
DIATSA_LOCUS4128,133,256,266,148,299,318
DIATSA_LOCUS4129,0,0,0,0,1,1
DIATSA_LOCUS413,1475,2714,2815,3890,7364,7652
DIATSA_LOCUS4130,40,74,75,21,32,33
DIATSA_LOCUS4131,127,208,216,144,232,243
DIATSA_LOCUS4132,29,56,59,38,63,67
DIATSA_LOCUS4133,65,132,133,33,63,64
DIATSA_LOCUS4134,419,823,860,314,607,637
DIATSA_LOCUS4135,11,20,20,11,20,22
DIATSA_LOCUS4136,0,0,0,0,0,0
DIATSA_LOCUS4137,8,14,14,15,27,29
DIATSA_LOCUS4138,496,1025,1060,239,491,507
DIATSA_LOCUS4139,1014,1911,1977,687,1363,1407
DIATSA_LOCUS414,0,0,0,0,0,0
DIATSA_LOCUS4140,219,464,481,144,298,310
DIATSA_LOCUS4141,153,320,331,126,241,252
DIATSA_LOCUS4142,47,109,111,19,39,40
DIATSA_LOCUS4143,7,14,13,9,15,15
DIATSA_LOCUS4144,82,182,188,81,162,165
DIATSA_LOCUS4145,107,198,212,69,177,185
DIATSA_LOCUS4146,121,209,216,98,177,182
DIATSA_LOCUS4147,7,17,17,3,13,13
DIATSA_LOCUS4148,286,455,468,203,369,386
DIATSA_LOCUS4149,64,114,115,58,98,101
DIATSA_LOCUS415,17,24,25,6,10,10
DIATSA_LOCUS4150,148,337,348,197,396,403
DIATSA_LOCUS4151,266,530,543,147,286,298
DIATSA_LOCUS4152,2,2,3,2,4,4
DIATSA_LOCUS4153,15,28,29,1,2,2
DIATSA_LOCUS4154,203,363,387,111,213,223
DIATSA_LOCUS4155,2,7,7,2,2,2
DIATSA_LOCUS4156,105,170,176,129,197,200
DIATSA_LOCUS4157,7,13,13,12,20,20
DIATSA_LOCUS4158,0,0,0,1,2,1
DIATSA_LOCUS4159,294,607,630,227,504,529
DIATSA_LOCUS416,4,12,15,5,24,30
DIATSA_LOCUS4160,489,867,912,317,601,627
DIATSA_LOCUS4161,199,402,413,216,434,441
DIATSA_LOCUS4162,121,311,324,170,393,407
DIATSA_LOCUS4163,195,382,397,90,212,224
DIATSA_LOCUS4164,63,123,127,27,80,83
DIATSA_LOCUS4165,68,142,145,75,189,203
DIATSA_LOCUS4166,55,97,99,68,132,137
DIATSA_LOCUS4167,21,53,55,13,32,34
DIATSA_LOCUS4168,152,303,315,89,175,180
DIATSA_LOCUS4169,8,16,16,6,14,14
DIATSA_LOCUS417,17,34,35,7,15,15
DIATSA_LOCUS4170,0,0,0,0,0,0
DIATSA_LOCUS4171,109,222,226,136,270,279
DIATSA_LOCUS4172,61,104,105,36,85,85
DIATSA_LOCUS4173,47,82,87,24,50,50
DIATSA_LOCUS4174,71,164,171,92,168,174
DIATSA_LOCUS4175,48,113,117,26,55,58
DIATSA_LOCUS4176,71,149,157,82,175,182
DIATSA_LOCUS4177,183,395,403,167,380,391
DIATSA_LOCUS4178,272,691,714,243,628,657
DIATSA_LOCUS4179,29,51,51,46,86,93
DIATSA_LOCUS418,17,34,34,17,31,36
DIATSA_LOCUS4180,0,4,5,1,10,10
DIATSA_LOCUS4181,0,1,1,0,0,0
DIATSA_LOCUS4182,248,398,414,160,278,291
DIATSA_LOCUS4183,14,20,20,7,12,12
DIATSA_LOCUS4184,220,355,361,355,637,653
DIATSA_LOCUS4185,47,82,83,6,13,13
DIATSA_LOCUS4186,400,844,876,448,876,901
DIATSA_LOCUS4187,94,178,180,52,100,102
DIATSA_LOCUS4188,22,36,39,9,11,11
DIATSA_LOCUS4189,23,49,50,38,62,62
DIATSA_LOCUS419,5,7,7,3,5,5
DIATSA_LOCUS4190,1,0,0,1,2,2
DIATSA_LOCUS4191,12,20,20,9,15,15
DIATSA_LOCUS4192,38,66,67,10,22,22
DIATSA_LOCUS4193,68,129,132,41,71,77
DIATSA_LOCUS4194,780,1524,1587,1222,2182,2269
DIATSA_LOCUS4195,0,0,0,0,0,0
DIATSA_LOCUS4196,62,110,112,71,135,141
DIATSA_LOCUS4197,9,22,22,6,12,13
DIATSA_LOCUS4198,0,0,0,0,0,0
DIATSA_LOCUS4199,66,142,141,70,150,155
DIATSA_LOCUS42,14937,29664,30675,6988,14150,14683
DIATSA_LOCUS420,3,3,2,2,4,4
DIATSA_LOCUS4200,214,389,397,121,222,233
DIATSA_LOCUS4201,98,192,197,71,129,136
DIATSA_LOCUS4202,13,22,23,6,16,16
DIATSA_LOCUS4203,308,563,577,296,536,558
DIATSA_LOCUS4204,8,19,19,2,7,6
DIATSA_LOCUS4205,0,0,0,0,0,0
DIATSA_LOCUS4206,0,0,0,0,0,0
DIATSA_LOCUS4207,0,0,0,0,0,0
DIATSA_LOCUS4208,11255,22694,23465,15414,31266,32433
DIATSA_LOCUS4209,453,984,1018,247,509,528
DIATSA_LOCUS421,796,1807,1857,1036,2280,2352
DIATSA_LOCUS4210,46,77,79,20,29,32
DIATSA_LOCUS4211,420,915,951,569,1249,1285
DIATSA_LOCUS4212,26,34,38,23,34,34
DIATSA_LOCUS4213,599,1120,1160,294,566,579
DIATSA_LOCUS4214,43,103,103,53,109,110
DIATSA_LOCUS4215,0,0,0,0,0,0
DIATSA_LOCUS4216,0,1,1,0,0,0
DIATSA_LOCUS4217,10,19,19,4,8,8
DIATSA_LOCUS4218,0,0,0,0,0,0
DIATSA_LOCUS4219,0,0,0,0,0,0
DIATSA_LOCUS422,186,365,377,124,246,254
DIATSA_LOCUS4220,57,99,104,61,116,124
DIATSA_LOCUS4221,38,79,80,19,49,52
DIATSA_LOCUS4222,57,120,126,26,49,49
DIATSA_LOCUS4223,53,124,131,16,33,35
DIATSA_LOCUS4224,3,4,4,1,1,1
DIATSA_LOCUS4225,16,33,34,5,9,10
DIATSA_LOCUS4226,10,16,16,6,16,17
DIATSA_LOCUS4227,393,677,703,609,1023,1061
DIATSA_LOCUS4228,35,73,76,11,22,23
DIATSA_LOCUS4229,139,332,353,103,260,267
DIATSA_LOCUS423,0,1,1,2,5,7
DIATSA_LOCUS4230,44,85,92,44,90,92
DIATSA_LOCUS4231,139,252,261,110,206,216
DIATSA_LOCUS4232,81,159,169,84,167,174
DIATSA_LOCUS4233,1172,2337,2396,1055,2067,2116
DIATSA_LOCUS4234,104,174,185,46,106,107
DIATSA_LOCUS4235,18,48,50,8,14,16
DIATSA_LOCUS4236,113,229,239,81,157,160
DIATSA_LOCUS4237,261,517,531,271,549,569
DIATSA_LOCUS4238,2432,4465,4623,4652,8451,8678
DIATSA_LOCUS4239,55,102,105,11,23,24
DIATSA_LOCUS424,1,2,2,0,0,2
DIATSA_LOCUS4240,18,27,27,19,36,35
DIATSA_LOCUS4241,28,48,50,33,57,61
DIATSA_LOCUS4242,2144,4199,4350,2025,4074,4268
DIATSA_LOCUS4243,4,8,8,3,3,3
DIATSA_LOCUS4244,51,90,90,60,106,114
DIATSA_LOCUS4245,19,26,26,15,29,30
DIATSA_LOCUS4246,14,21,22,7,17,19
DIATSA_LOCUS4247,0,0,0,0,0,0
DIATSA_LOCUS4248,0,0,0,0,0,0
DIATSA_LOCUS4249,1,2,2,0,0,0
DIATSA_LOCUS425,1,2,2,2,3,3
DIATSA_LOCUS4250,0,0,0,0,0,0
DIATSA_LOCUS4251,0,0,0,0,0,0
DIATSA_LOCUS4252,83,145,150,90,148,160
DIATSA_LOCUS4253,31,53,56,41,68,70
DIATSA_LOCUS4254,280,659,680,222,538,563
DIATSA_LOCUS4255,179,298,312,29,51,52
DIATSA_LOCUS4256,19,30,31,11,22,23
DIATSA_LOCUS4257,143,271,279,67,114,122
DIATSA_LOCUS4258,12,31,32,10,16,16
DIATSA_LOCUS4259,0,0,0,0,0,0
DIATSA_LOCUS426,0,0,0,0,0,0
DIATSA_LOCUS4260,12,58,61,19,88,99
DIATSA_LOCUS4261,311,510,533,243,388,409
DIATSA_LOCUS4262,170,350,370,128,260,268
DIATSA_LOCUS4263,43,73,73,15,23,23
DIATSA_LOCUS4264,0,0,0,0,0,0
DIATSA_LOCUS4265,0,0,0,0,0,0
DIATSA_LOCUS4266,0,0,0,0,0,0
DIATSA_LOCUS4267,1,2,2,1,1,1
DIATSA_LOCUS4268,36,104,109,26,71,72
DIATSA_LOCUS4269,80,183,190,117,253,266
DIATSA_LOCUS427,1,2,2,2,4,4
DIATSA_LOCUS4270,13,23,23,11,19,19
DIATSA_LOCUS4271,65,116,118,33,52,54
DIATSA_LOCUS4272,1,7,7,4,6,6
DIATSA_LOCUS4273,8454,13456,12128,10562,15951,17090
DIATSA_LOCUS4274,25463,42952,46254,31920,51425,54651
DIATSA_LOCUS4275,43,92,96,64,108,110
DIATSA_LOCUS4276,10,30,29,4,12,12
DIATSA_LOCUS4277,0,2,2,0,0,0
DIATSA_LOCUS4278,7,10,10,3,3,3
DIATSA_LOCUS4279,0,0,0,49,98,100
DIATSA_LOCUS428,1,2,2,0,0,0
DIATSA_LOCUS4280,83,176,180,14,35,35
DIATSA_LOCUS4281,81,141,147,32,49,50
DIATSA_LOCUS4282,1,2,2,0,0,0
DIATSA_LOCUS4283,35,54,58,28,61,64
DIATSA_LOCUS4284,677,1172,1232,267,477,488
DIATSA_LOCUS4285,1,1,1,0,0,0
DIATSA_LOCUS4286,11,16,17,13,23,24
DIATSA_LOCUS4287,24,55,54,8,16,16
DIATSA_LOCUS4288,0,0,0,2,3,3
DIATSA_LOCUS4289,15,24,25,6,17,17
DIATSA_LOCUS429,0,0,0,0,0,0
DIATSA_LOCUS4290,10,21,23,15,21,22
DIATSA_LOCUS4291,709,1333,1389,643,1460,1530
DIATSA_LOCUS4292,58,116,120,88,180,188
DIATSA_LOCUS4293,44,101,104,30,78,80
DIATSA_LOCUS4294,248,525,537,320,718,742
DIATSA_LOCUS4295,6,10,10,0,3,3
DIATSA_LOCUS4296,5,5,5,5,8,9
DIATSA_LOCUS4297,138,298,306,148,326,334
DIATSA_LOCUS4298,3,3,3,0,1,1
DIATSA_LOCUS4299,57,133,139,57,121,122
DIATSA_LOCUS43,0,0,0,0,1,1
DIATSA_LOCUS430,0,0,0,0,1,1
DIATSA_LOCUS4300,0,0,0,0,0,0
DIATSA_LOCUS4301,244,589,613,234,524,545
DIATSA_LOCUS4302,131,230,237,80,137,140
DIATSA_LOCUS4303,37,65,66,20,45,44
DIATSA_LOCUS4304,45,69,71,41,87,92
DIATSA_LOCUS4305,202,404,413,69,134,138
DIATSA_LOCUS4306,70,120,125,42,71,77
DIATSA_LOCUS4307,0,2,2,1,1,1
DIATSA_LOCUS4308,473,944,966,745,1361,1413
DIATSA_LOCUS4309,570,1327,1373,618,1485,1526
DIATSA_LOCUS431,2,9,10,1,1,1
DIATSA_LOCUS4310,137,309,321,206,450,462
DIATSA_LOCUS4311,44,91,90,37,66,69
DIATSA_LOCUS4312,93,190,194,76,158,166
DIATSA_LOCUS4313,0,0,0,0,0,0
DIATSA_LOCUS4314,0,1,1,0,0,0
DIATSA_LOCUS4315,0,2,2,0,0,0
DIATSA_LOCUS4316,8,14,16,3,9,9
DIATSA_LOCUS4317,7,23,22,16,23,22
DIATSA_LOCUS4318,1030,1956,2025,1390,2582,2657
DIATSA_LOCUS4319,5,8,7,1,4,5
DIATSA_LOCUS432,85,143,144,90,181,188
DIATSA_LOCUS4320,78,143,145,45,79,85
DIATSA_LOCUS4321,0,0,0,0,0,0
DIATSA_LOCUS4322,35,54,55,17,33,35
DIATSA_LOCUS4323,53,120,125,44,85,89
DIATSA_LOCUS4324,1,10,11,4,6,6
DIATSA_LOCUS4325,44,88,90,50,103,104
DIATSA_LOCUS4326,84,200,203,42,111,114
DIATSA_LOCUS4327,1331,2862,2933,1760,3647,3776
DIATSA_LOCUS4328,3,5,5,0,1,1
DIATSA_LOCUS4329,15,23,25,17,27,27
DIATSA_LOCUS433,22,32,34,19,30,31
DIATSA_LOCUS4330,7,12,12,7,11,11
DIATSA_LOCUS4331,26,56,57,10,17,17
DIATSA_LOCUS4332,2,6,6,4,6,5
DIATSA_LOCUS4333,1,1,1,0,0,0
DIATSA_LOCUS4334,0,0,0,0,0,0
DIATSA_LOCUS4335,136,245,256,88,152,157
DIATSA_LOCUS4336,110,210,214,102,198,204
DIATSA_LOCUS4337,0,0,1,0,0,0
DIATSA_LOCUS4338,128,236,247,111,226,232
DIATSA_LOCUS4339,0,1,1,0,0,0
DIATSA_LOCUS434,5,7,8,3,7,7
DIATSA_LOCUS4340,1,1,1,0,1,1
DIATSA_LOCUS4341,61,124,123,85,140,149
DIATSA_LOCUS4342,5,8,8,3,7,7
DIATSA_LOCUS4343,0,0,0,0,0,0
DIATSA_LOCUS4344,0,0,0,0,0,0
DIATSA_LOCUS4345,1,2,2,0,1,1
DIATSA_LOCUS4346,10,25,27,18,31,32
DIATSA_LOCUS4347,395,736,767,240,438,462
DIATSA_LOCUS4348,0,0,0,0,0,0
DIATSA_LOCUS4349,1191,1875,1938,1428,2221,2278
DIATSA_LOCUS435,0,1,1,0,0,0
DIATSA_LOCUS4350,20,41,43,15,31,33
DIATSA_LOCUS4351,0,0,0,0,0,0
DIATSA_LOCUS4352,333,650,667,192,381,378
DIATSA_LOCUS4353,2,7,7,5,10,11
DIATSA_LOCUS4354,52,128,135,46,84,85
DIATSA_LOCUS4355,17,33,33,41,62,60
DIATSA_LOCUS4356,4,9,9,1,2,3
DIATSA_LOCUS4357,142,280,286,17,41,42
DIATSA_LOCUS4358,23,68,68,41,70,73
DIATSA_LOCUS4359,370,640,667,363,638,667
DIATSA_LOCUS436,99,167,179,39,59,60
DIATSA_LOCUS4360,619,1181,1222,161,363,382
DIATSA_LOCUS4361,107,215,221,21,53,56
DIATSA_LOCUS4362,2,5,5,0,0,0
DIATSA_LOCUS4363,5,8,8,3,6,9
DIATSA_LOCUS4364,0,0,0,0,0,0
DIATSA_LOCUS4365,0,0,0,0,0,0
DIATSA_LOCUS4366,0,0,0,0,0,0
DIATSA_LOCUS4367,0,0,0,0,0,0
DIATSA_LOCUS4368,12,23,25,13,37,37
DIATSA_LOCUS4369,34,107,101,30,186,171
DIATSA_LOCUS437,0,0,0,0,0,0
DIATSA_LOCUS4370,9,25,25,12,28,30
DIATSA_LOCUS4371,63,126,129,23,63,70
DIATSA_LOCUS4372,66,123,126,65,133,142
DIATSA_LOCUS4373,111,217,223,90,177,182
DIATSA_LOCUS4374,41,81,83,35,83,84
DIATSA_LOCUS4375,133,261,272,144,266,269
DIATSA_LOCUS4376,0,0,0,1,1,1
DIATSA_LOCUS4377,3,13,13,1,1,1
DIATSA_LOCUS4378,3,10,11,3,8,9
DIATSA_LOCUS4379,0,0,0,0,0,0
DIATSA_LOCUS438,16,28,28,6,12,13
DIATSA_LOCUS4380,0,0,0,0,0,0
DIATSA_LOCUS4381,2,3,3,1,2,2
DIATSA_LOCUS4382,0,0,0,0,1,1
DIATSA_LOCUS4383,99,178,184,103,202,205
DIATSA_LOCUS4384,166,274,290,61,109,118
DIATSA_LOCUS4385,13,18,18,8,11,11
DIATSA_LOCUS4386,148,297,315,58,130,141
DIATSA_LOCUS4387,56,96,99,93,152,157
DIATSA_LOCUS4388,159,243,247,124,187,195
DIATSA_LOCUS4389,1,2,1,3,5,5
DIATSA_LOCUS439,47,96,101,44,74,73
DIATSA_LOCUS4390,1,1,1,0,0,0
DIATSA_LOCUS4391,23,50,51,58,115,115
DIATSA_LOCUS4392,173,316,325,247,494,516
DIATSA_LOCUS4393,5,8,9,5,8,8
DIATSA_LOCUS4394,5,12,12,6,13,13
DIATSA_LOCUS4395,24,39,40,11,36,39
DIATSA_LOCUS4396,0,1,1,0,0,0
DIATSA_LOCUS4397,37,42,47,54,69,75
DIATSA_LOCUS4398,114,189,194,187,334,346
DIATSA_LOCUS4399,55,108,113,62,139,143
DIATSA_LOCUS44,156,320,334,93,171,184
DIATSA_LOCUS440,1,1,1,0,0,0
DIATSA_LOCUS4400,85,133,131,64,113,114
DIATSA_LOCUS4401,0,0,0,0,0,0
DIATSA_LOCUS4402,32,67,67,23,66,70
DIATSA_LOCUS4403,77,168,169,83,196,196
DIATSA_LOCUS4404,0,0,0,0,0,0
DIATSA_LOCUS4405,0,0,0,0,0,0
DIATSA_LOCUS4406,6,10,9,7,9,10
DIATSA_LOCUS4407,0,1,1,0,4,3
DIATSA_LOCUS4408,27,77,79,11,52,52
DIATSA_LOCUS4409,54,83,87,23,35,35
DIATSA_LOCUS441,5,7,7,1,3,3
DIATSA_LOCUS4410,6,11,11,7,10,10
DIATSA_LOCUS4411,1,7,7,2,1,1
DIATSA_LOCUS4412,9,10,10,0,1,1
DIATSA_LOCUS4413,0,0,0,0,3,3
DIATSA_LOCUS4414,2,3,3,1,2,2
DIATSA_LOCUS4415,0,0,0,1,2,2
DIATSA_LOCUS4416,0,0,0,0,0,0
DIATSA_LOCUS4417,0,0,0,0,0,0
DIATSA_LOCUS4418,194,423,427,85,201,212
DIATSA_LOCUS4419,0,0,0,0,0,0
DIATSA_LOCUS442,0,2,2,2,3,3
DIATSA_LOCUS4420,16,32,32,21,39,43
DIATSA_LOCUS4421,11,26,24,7,14,14
DIATSA_LOCUS4422,29,52,57,33,64,65
DIATSA_LOCUS4423,3,5,5,13,17,16
DIATSA_LOCUS4424,7,19,20,11,24,26
DIATSA_LOCUS4425,157,301,317,211,394,405
DIATSA_LOCUS4426,12,24,25,18,25,26
DIATSA_LOCUS4427,11,18,19,10,13,14
DIATSA_LOCUS4428,14,23,24,18,30,31
DIATSA_LOCUS4429,11,24,24,10,17,16
DIATSA_LOCUS443,497,888,932,381,727,758
DIATSA_LOCUS4430,13,30,33,4,18,18
DIATSA_LOCUS4431,0,0,0,0,0,0
DIATSA_LOCUS4432,0,0,0,0,0,0
DIATSA_LOCUS4433,0,0,0,0,0,0
DIATSA_LOCUS4434,49,101,106,23,44,45
DIATSA_LOCUS4435,6,12,12,3,7,6
DIATSA_LOCUS4436,3,2,2,0,0,0
DIATSA_LOCUS4437,0,1,1,0,0,0
DIATSA_LOCUS4438,0,0,0,0,2,2
DIATSA_LOCUS4439,0,0,0,0,2,2
DIATSA_LOCUS444,23,51,52,12,18,19
DIATSA_LOCUS4440,4,15,17,11,15,15
DIATSA_LOCUS4441,8,10,11,4,9,9
DIATSA_LOCUS4442,3,9,9,7,9,10
DIATSA_LOCUS4443,0,0,0,0,0,0
DIATSA_LOCUS4444,1393,2365,2436,2003,3450,3584
DIATSA_LOCUS4445,6,7,8,10,17,17
DIATSA_LOCUS4446,260,482,499,225,424,438
DIATSA_LOCUS4447,247,442,460,156,294,298
DIATSA_LOCUS4448,64,109,114,31,45,47
DIATSA_LOCUS4449,105,194,207,30,59,63
DIATSA_LOCUS445,1,4,4,1,2,2
DIATSA_LOCUS4450,9,25,26,5,12,13
DIATSA_LOCUS4451,29,53,55,10,23,23
DIATSA_LOCUS4452,7,13,14,4,9,11
DIATSA_LOCUS4453,38,50,51,14,20,22
DIATSA_LOCUS4454,534,988,1027,486,960,998
DIATSA_LOCUS4455,66,129,133,32,54,59
DIATSA_LOCUS4456,121,220,225,147,254,267
DIATSA_LOCUS4457,6,12,12,20,38,37
DIATSA_LOCUS4458,0,0,0,0,0,0
DIATSA_LOCUS4459,0,0,0,0,0,0
DIATSA_LOCUS446,108,169,183,44,72,75
DIATSA_LOCUS4460,8,22,23,20,27,28
DIATSA_LOCUS4461,178101,315867,326955,167675,302101,314491
DIATSA_LOCUS4462,1,2,3,1,1,2
DIATSA_LOCUS4463,6,20,20,8,18,19
DIATSA_LOCUS4464,3,5,5,2,4,4
DIATSA_LOCUS4465,186,330,343,171,332,346
DIATSA_LOCUS4466,0,0,0,0,0,0
DIATSA_LOCUS4467,71,139,143,45,80,82
DIATSA_LOCUS4468,1,6,8,0,2,2
DIATSA_LOCUS4469,39,55,60,49,85,86
DIATSA_LOCUS447,9,19,20,5,4,6
DIATSA_LOCUS4470,29,76,78,21,45,48
DIATSA_LOCUS4471,12,17,17,11,14,15
DIATSA_LOCUS4472,14,30,32,8,18,21
DIATSA_LOCUS4473,237,526,547,212,465,477
DIATSA_LOCUS4474,18,31,32,18,37,38
DIATSA_LOCUS4475,22,43,43,13,34,36
DIATSA_LOCUS4476,2,4,4,1,1,1
DIATSA_LOCUS4477,0,1,1,7,12,12
DIATSA_LOCUS4478,4284,8134,8501,4066,7938,8315
DIATSA_LOCUS4479,0,0,0,0,0,0
DIATSA_LOCUS448,1,3,3,1,1,1
DIATSA_LOCUS4480,0,0,0,0,0,0
DIATSA_LOCUS4481,0,1,1,1,4,4
DIATSA_LOCUS4482,32,60,62,9,19,20
DIATSA_LOCUS4483,26,57,59,19,37,38
DIATSA_LOCUS4484,164,290,301,101,182,193
DIATSA_LOCUS4485,251,462,475,133,275,278
DIATSA_LOCUS4486,45,92,95,10,19,20
DIATSA_LOCUS4487,96,134,138,32,56,59
DIATSA_LOCUS4488,44,86,89,19,41,42
DIATSA_LOCUS4489,8,13,13,2,4,4
DIATSA_LOCUS449,8,11,11,3,3,3
DIATSA_LOCUS4490,48,83,87,22,40,43
DIATSA_LOCUS4491,0,0,0,0,0,0
DIATSA_LOCUS4492,21,38,39,30,60,64
DIATSA_LOCUS4493,26,46,47,9,14,14
DIATSA_LOCUS4494,656,1291,1330,525,1056,1097
DIATSA_LOCUS4495,419,804,836,281,532,545
DIATSA_LOCUS4496,321,503,517,195,329,338
DIATSA_LOCUS4497,98,178,178,27,60,63
DIATSA_LOCUS4498,0,0,0,0,0,0
DIATSA_LOCUS4499,1985,3615,3747,2310,4574,4724
DIATSA_LOCUS45,96,174,179,131,270,279
DIATSA_LOCUS450,28,40,40,15,21,22
DIATSA_LOCUS4500,0,0,0,2,3,3
DIATSA_LOCUS4501,4,10,11,7,11,13
DIATSA_LOCUS4502,43,82,84,65,108,111
DIATSA_LOCUS4503,24,69,81,16,47,50
DIATSA_LOCUS4504,179,359,365,193,387,403
DIATSA_LOCUS4505,90,148,151,52,80,81
DIATSA_LOCUS4506,33,65,68,47,85,90
DIATSA_LOCUS4507,84,230,239,102,248,263
DIATSA_LOCUS4508,0,0,0,0,0,0
DIATSA_LOCUS4509,15,23,23,13,19,19
DIATSA_LOCUS451,10,15,15,1,1,1
DIATSA_LOCUS4510,0,0,0,0,0,0
DIATSA_LOCUS4511,35,52,52,27,43,42
DIATSA_LOCUS4512,309,761,789,464,1328,1373
DIATSA_LOCUS4513,0,0,0,0,0,0
DIATSA_LOCUS4514,181,339,352,258,494,507
DIATSA_LOCUS4515,208,418,439,343,677,705
DIATSA_LOCUS4516,50,108,111,40,55,58
DIATSA_LOCUS4517,0,0,0,0,0,0
DIATSA_LOCUS4518,24,46,49,34,63,63
DIATSA_LOCUS4519,11,14,14,5,8,9
DIATSA_LOCUS452,7,8,8,2,3,3
DIATSA_LOCUS4520,3976,7186,7507,656,1303,1374
DIATSA_LOCUS4521,13,18,19,5,9,9
DIATSA_LOCUS4522,0,0,0,0,0,0
DIATSA_LOCUS4523,45,95,99,29,50,49
DIATSA_LOCUS4524,19,33,34,14,23,23
DIATSA_LOCUS4525,0,0,0,0,0,0
DIATSA_LOCUS4526,5,19,22,8,23,24
DIATSA_LOCUS4527,110,223,228,74,133,135
DIATSA_LOCUS4528,0,0,0,0,0,0
DIATSA_LOCUS4529,2,3,3,1,1,1
DIATSA_LOCUS453,17,27,28,1,2,2
DIATSA_LOCUS4530,93,212,216,91,188,192
DIATSA_LOCUS4531,32,63,65,11,19,19
DIATSA_LOCUS4532,0,0,0,0,0,0
DIATSA_LOCUS4533,2,1,1,0,2,2
DIATSA_LOCUS4534,0,0,0,0,0,0
DIATSA_LOCUS4535,26,54,57,24,61,63
DIATSA_LOCUS4536,19,28,28,6,10,10
DIATSA_LOCUS4537,0,0,0,0,0,0
DIATSA_LOCUS4538,14685,23631,24493,7811,13786,14277
DIATSA_LOCUS4539,173,331,350,86,161,162
DIATSA_LOCUS454,0,0,0,0,0,0
DIATSA_LOCUS4540,0,0,0,0,1,1
DIATSA_LOCUS4541,1,3,3,0,0,0
DIATSA_LOCUS4542,3,5,5,2,3,5
DIATSA_LOCUS4543,0,0,0,0,0,0
DIATSA_LOCUS4544,216,377,398,399,671,687
DIATSA_LOCUS4545,133,238,249,192,307,319
DIATSA_LOCUS4546,15,33,32,7,11,12
DIATSA_LOCUS4547,44,80,83,49,85,87
DIATSA_LOCUS4548,112,269,285,173,346,364
DIATSA_LOCUS4549,7,13,13,2,4,4
DIATSA_LOCUS455,0,0,0,0,0,0
DIATSA_LOCUS4550,0,0,0,0,0,0
DIATSA_LOCUS4551,2,4,4,1,1,1
DIATSA_LOCUS4552,48,97,99,28,45,46
DIATSA_LOCUS4553,47,90,92,52,84,87
DIATSA_LOCUS4554,0,0,0,0,0,0
DIATSA_LOCUS4555,18,55,61,44,76,80
DIATSA_LOCUS4556,0,0,0,0,0,0
DIATSA_LOCUS4557,494,1016,1055,476,950,992
DIATSA_LOCUS4558,13,24,26,16,25,27
DIATSA_LOCUS4559,58,135,139,81,161,165
DIATSA_LOCUS456,17,36,37,5,15,16
DIATSA_LOCUS4560,3,3,4,0,1,1
DIATSA_LOCUS4561,4,5,5,8,12,12
DIATSA_LOCUS4562,307,574,595,322,635,665
DIATSA_LOCUS4563,16,25,25,31,52,53
DIATSA_LOCUS4564,68,144,150,102,209,217
DIATSA_LOCUS4565,119,250,251,103,252,260
DIATSA_LOCUS4566,0,0,0,0,0,0
DIATSA_LOCUS4567,17,47,47,7,21,21
DIATSA_LOCUS4568,61,105,115,29,50,52
DIATSA_LOCUS4569,0,0,0,0,0,0
DIATSA_LOCUS457,7,10,10,0,3,3
DIATSA_LOCUS4570,135,245,251,133,226,233
DIATSA_LOCUS4571,115,253,266,167,342,352
DIATSA_LOCUS4572,0,0,0,0,0,0
DIATSA_LOCUS4573,62,116,121,19,38,38
DIATSA_LOCUS4574,0,0,0,0,0,0
DIATSA_LOCUS4575,0,0,0,2,3,3
DIATSA_LOCUS4576,39,76,81,27,62,61
DIATSA_LOCUS4577,30,62,63,30,59,60
DIATSA_LOCUS4578,187,354,364,154,288,300
DIATSA_LOCUS4579,109,199,207,69,166,173
DIATSA_LOCUS458,55,91,97,50,83,87
DIATSA_LOCUS4580,144,263,270,110,224,232
DIATSA_LOCUS4581,22,44,45,21,36,38
DIATSA_LOCUS4582,3,4,4,0,1,2
DIATSA_LOCUS4583,3,6,7,4,6,7
DIATSA_LOCUS4584,2,2,2,0,0,1
DIATSA_LOCUS4585,0,0,0,0,0,0
DIATSA_LOCUS4586,0,0,0,0,0,0
DIATSA_LOCUS4587,0,0,0,0,0,0
DIATSA_LOCUS4588,464,835,869,441,813,844
DIATSA_LOCUS4589,1,1,1,0,0,0
DIATSA_LOCUS459,98,189,195,88,175,180
DIATSA_LOCUS4590,46,90,94,13,31,31
DIATSA_LOCUS4591,0,0,0,0,0,0
DIATSA_LOCUS4592,68,125,129,60,138,144
DIATSA_LOCUS4593,71,119,121,76,120,125
DIATSA_LOCUS4594,3,4,4,0,0,0
DIATSA_LOCUS4595,11,47,47,37,85,84
DIATSA_LOCUS4596,2,5,5,3,6,8
DIATSA_LOCUS4597,2,3,4,2,8,8
DIATSA_LOCUS4598,107,230,238,59,100,106
DIATSA_LOCUS4599,40,84,87,74,131,136
DIATSA_LOCUS46,12,28,29,11,19,19
DIATSA_LOCUS460,4,7,8,5,8,7
DIATSA_LOCUS4600,143,252,260,136,225,229
DIATSA_LOCUS4601,59,111,114,64,118,122
DIATSA_LOCUS4602,337,662,694,234,504,533
DIATSA_LOCUS4603,146,287,297,62,109,113
DIATSA_LOCUS4604,1,6,6,2,4,4
DIATSA_LOCUS4605,48,94,96,55,106,108
DIATSA_LOCUS4606,38,67,69,12,27,29
DIATSA_LOCUS4607,29,58,60,10,47,46
DIATSA_LOCUS4608,152,349,357,152,358,376
DIATSA_LOCUS4609,247,541,557,187,377,401
DIATSA_LOCUS461,1,1,1,1,3,3
DIATSA_LOCUS4610,27,50,52,19,36,37
DIATSA_LOCUS4611,0,0,0,0,0,0
DIATSA_LOCUS4612,117,222,225,89,174,183
DIATSA_LOCUS4613,226,394,402,174,292,300
DIATSA_LOCUS4614,74,112,117,45,78,82
DIATSA_LOCUS4615,16,30,30,21,40,43
DIATSA_LOCUS4616,1,3,3,7,11,11
DIATSA_LOCUS4617,0,0,0,0,0,0
DIATSA_LOCUS4618,0,0,0,0,0,0
DIATSA_LOCUS4619,0,0,0,2,3,3
DIATSA_LOCUS462,1090,2043,2130,597,1125,1167
DIATSA_LOCUS4620,1,1,1,1,2,3
DIATSA_LOCUS4621,0,0,0,0,0,0
DIATSA_LOCUS4622,0,0,0,0,0,0
DIATSA_LOCUS4623,436,879,914,527,942,975
DIATSA_LOCUS4624,25,44,45,30,70,71
DIATSA_LOCUS4625,4,12,10,0,4,5
DIATSA_LOCUS4626,94,193,196,102,203,210
DIATSA_LOCUS4627,589,1226,1279,550,986,1023
DIATSA_LOCUS4628,9,26,27,16,43,47
DIATSA_LOCUS4629,50,112,115,45,83,85
DIATSA_LOCUS463,0,0,0,0,0,0
DIATSA_LOCUS4630,262,464,486,112,191,197
DIATSA_LOCUS4631,772,1311,1351,919,1766,1831
DIATSA_LOCUS4632,31,63,65,29,54,54
DIATSA_LOCUS4633,0,0,0,0,0,0
DIATSA_LOCUS4634,24,33,34,24,41,42
DIATSA_LOCUS4635,39,79,80,13,49,49
DIATSA_LOCUS4636,85,143,153,40,101,107
DIATSA_LOCUS4637,101,198,208,161,314,323
DIATSA_LOCUS4638,0,0,0,0,0,0
DIATSA_LOCUS4639,56,126,126,58,127,129
DIATSA_LOCUS464,19,54,55,17,24,26
DIATSA_LOCUS4640,120,221,228,195,408,416
DIATSA_LOCUS4641,32,70,74,13,30,30
DIATSA_LOCUS4642,10,19,20,2,11,11
DIATSA_LOCUS4643,46,59,66,18,39,42
DIATSA_LOCUS4644,29,65,67,46,78,84
DIATSA_LOCUS4645,4,4,4,1,1,1
DIATSA_LOCUS4646,0,0,0,0,0,0
DIATSA_LOCUS4647,0,1,1,0,0,0
DIATSA_LOCUS4648,0,0,0,0,0,0
DIATSA_LOCUS4649,0,0,0,0,0,0
DIATSA_LOCUS465,0,0,0,0,0,0
DIATSA_LOCUS4650,20,43,44,22,38,42
DIATSA_LOCUS4651,11,22,21,19,21,21
DIATSA_LOCUS4652,92,172,179,65,148,154
DIATSA_LOCUS4653,133,241,253,119,215,220
DIATSA_LOCUS4654,485,1079,1129,474,1093,1146
DIATSA_LOCUS4655,53,97,101,70,127,135
DIATSA_LOCUS4656,60,133,134,69,169,177
DIATSA_LOCUS4657,3,4,5,1,2,2
DIATSA_LOCUS4658,0,0,0,0,0,0
DIATSA_LOCUS4659,0,1,1,0,0,0
DIATSA_LOCUS466,4,4,5,2,6,6
DIATSA_LOCUS4660,102,209,214,135,336,354
DIATSA_LOCUS4661,1233,2090,2138,1534,2598,2665
DIATSA_LOCUS4662,0,1,1,0,3,1
DIATSA_LOCUS4663,153,319,336,75,143,149
DIATSA_LOCUS4664,0,0,0,0,0,0
DIATSA_LOCUS4665,48,93,100,35,69,74
DIATSA_LOCUS4666,77,175,174,118,271,270
DIATSA_LOCUS4667,215,412,424,134,256,268
DIATSA_LOCUS4668,1881,4397,4580,1979,5580,5839
DIATSA_LOCUS4669,17,27,27,17,34,37
DIATSA_LOCUS467,19,33,35,8,13,13
DIATSA_LOCUS4670,67,187,189,38,94,96
DIATSA_LOCUS4671,80,143,146,76,164,165
DIATSA_LOCUS4672,51,106,108,42,83,84
DIATSA_LOCUS4673,348,717,744,460,894,911
DIATSA_LOCUS4674,373,607,630,298,532,548
DIATSA_LOCUS4675,20,37,39,18,28,31
DIATSA_LOCUS4676,73,150,154,67,161,164
DIATSA_LOCUS4677,393,851,884,363,740,762
DIATSA_LOCUS4678,180,326,333,81,165,171
DIATSA_LOCUS4679,448,836,856,267,478,496
DIATSA_LOCUS468,84,119,122,81,127,133
DIATSA_LOCUS4680,30,50,53,41,68,72
DIATSA_LOCUS4681,768,1432,1490,367,738,756
DIATSA_LOCUS4682,14,33,39,18,46,47
DIATSA_LOCUS4683,0,0,0,0,0,0
DIATSA_LOCUS4684,74,116,119,63,110,114
DIATSA_LOCUS4685,0,0,0,0,0,0
DIATSA_LOCUS4686,1532,3201,3338,1426,3003,3154
DIATSA_LOCUS4687,6,29,30,8,27,27
DIATSA_LOCUS4688,76,166,171,126,258,267
DIATSA_LOCUS4689,220,376,391,97,149,157
DIATSA_LOCUS469,3,6,6,9,17,17
DIATSA_LOCUS4690,291,539,553,245,449,470
DIATSA_LOCUS4691,214,451,467,153,308,328
DIATSA_LOCUS4692,2,3,3,4,6,6
DIATSA_LOCUS4693,52,83,86,53,103,107
DIATSA_LOCUS4694,0,0,0,0,0,0
DIATSA_LOCUS4695,3,6,6,3,3,4
DIATSA_LOCUS4696,6,13,13,4,5,5
DIATSA_LOCUS4697,466,756,787,465,731,758
DIATSA_LOCUS4698,0,0,0,0,0,0
DIATSA_LOCUS4699,122,238,247,178,336,348
DIATSA_LOCUS47,0,0,0,0,0,0
DIATSA_LOCUS470,1093,2189,2318,849,1831,1948
DIATSA_LOCUS4700,97,178,180,37,74,77
DIATSA_LOCUS4701,4,12,12,8,20,20
DIATSA_LOCUS4702,235,500,517,136,279,295
DIATSA_LOCUS4703,344,622,640,321,525,546
DIATSA_LOCUS4704,1,2,2,2,3,3
DIATSA_LOCUS4705,39,79,82,14,45,49
DIATSA_LOCUS4706,3179,5799,5969,2533,4772,4956
DIATSA_LOCUS4707,167,337,351,81,135,141
DIATSA_LOCUS4708,75,135,140,35,65,67
DIATSA_LOCUS4709,132,237,249,119,229,242
DIATSA_LOCUS471,1,1,1,0,0,0
DIATSA_LOCUS4710,19,44,45,15,27,28
DIATSA_LOCUS4711,114,234,239,84,190,198
DIATSA_LOCUS4712,179,373,390,146,305,316
DIATSA_LOCUS4713,39,64,69,38,72,76
DIATSA_LOCUS4714,6,13,13,5,11,11
DIATSA_LOCUS4715,10,31,32,14,26,30
DIATSA_LOCUS4716,298,598,613,418,922,958
DIATSA_LOCUS4717,3,3,3,0,2,2
DIATSA_LOCUS4718,38,78,82,31,41,44
DIATSA_LOCUS4719,73,118,121,121,188,192
DIATSA_LOCUS472,6,9,9,3,11,11
DIATSA_LOCUS4720,5,9,9,1,3,3
DIATSA_LOCUS4721,14,28,28,2,8,8
DIATSA_LOCUS4722,26,59,60,26,65,73
DIATSA_LOCUS4723,206,421,445,293,595,625
DIATSA_LOCUS4724,22,34,35,28,56,57
DIATSA_LOCUS4725,296,568,588,360,655,671
DIATSA_LOCUS4726,82,160,162,37,74,76
DIATSA_LOCUS4727,83,156,163,89,160,163
DIATSA_LOCUS4728,0,0,0,0,1,1
DIATSA_LOCUS4729,182,340,348,158,278,292
DIATSA_LOCUS473,12,19,19,12,19,20
DIATSA_LOCUS4730,115,172,173,194,283,297
DIATSA_LOCUS4731,57,116,122,45,123,131
DIATSA_LOCUS4732,180,519,544,225,613,639
DIATSA_LOCUS4733,420,817,849,358,744,763
DIATSA_LOCUS4734,303,598,614,278,532,545
DIATSA_LOCUS4735,204,415,423,179,386,404
DIATSA_LOCUS4736,533,1197,1230,630,1322,1366
DIATSA_LOCUS4737,235,436,453,266,502,519
DIATSA_LOCUS4738,5437,9820,10175,6136,11013,11373
DIATSA_LOCUS4739,104,229,236,164,315,324
DIATSA_LOCUS474,1,8,8,6,11,13
DIATSA_LOCUS4740,1228,2243,2318,1124,2106,2171
DIATSA_LOCUS4741,2,5,5,5,7,7
DIATSA_LOCUS4742,25,40,40,19,48,49
DIATSA_LOCUS4743,27,65,68,17,35,35
DIATSA_LOCUS4744,89,162,167,28,50,52
DIATSA_LOCUS4745,0,2,2,1,1,1
DIATSA_LOCUS4746,5,20,19,9,24,25
DIATSA_LOCUS4747,176,374,399,185,426,463
DIATSA_LOCUS4748,80,149,153,102,186,195
DIATSA_LOCUS4749,291,602,625,162,326,335
DIATSA_LOCUS475,0,0,0,2,1,1
DIATSA_LOCUS4750,109,293,302,125,294,300
DIATSA_LOCUS4751,78,168,174,50,111,118
DIATSA_LOCUS4752,0,4,4,3,9,10
DIATSA_LOCUS4753,241,429,447,117,212,220
DIATSA_LOCUS4754,7,23,22,17,30,31
DIATSA_LOCUS4755,191,423,441,169,347,357
DIATSA_LOCUS4756,44,89,94,23,29,31
DIATSA_LOCUS4757,498,1046,1074,345,678,703
DIATSA_LOCUS4758,128,327,332,122,283,293
DIATSA_LOCUS4759,61,135,138,48,95,101
DIATSA_LOCUS476,2,3,3,1,2,2
DIATSA_LOCUS4760,73,154,156,73,159,169
DIATSA_LOCUS4761,96,191,202,54,110,114
DIATSA_LOCUS4762,1,1,2,0,0,0
DIATSA_LOCUS4763,0,0,0,0,0,0
DIATSA_LOCUS4764,13,21,21,5,11,12
DIATSA_LOCUS4765,61,94,97,63,105,111
DIATSA_LOCUS4766,0,5,5,2,3,3
DIATSA_LOCUS4767,29,56,57,19,33,34
DIATSA_LOCUS4768,11,24,28,7,10,14
DIATSA_LOCUS4769,0,0,0,1,2,2
DIATSA_LOCUS477,21,48,50,12,22,25
DIATSA_LOCUS4770,67,143,149,37,78,79
DIATSA_LOCUS4771,542,971,1007,622,1053,1081
DIATSA_LOCUS4772,0,1,1,0,0,0
DIATSA_LOCUS4773,691,1556,1600,1309,2592,2663
DIATSA_LOCUS4774,49,93,96,26,47,49
DIATSA_LOCUS4775,3,5,6,0,0,0
DIATSA_LOCUS4776,0,0,0,0,0,0
DIATSA_LOCUS4777,1,1,1,2,4,4
DIATSA_LOCUS4778,28,53,54,13,40,42
DIATSA_LOCUS4779,1,3,3,0,1,1
DIATSA_LOCUS478,4467,7266,7461,5823,9451,9698
DIATSA_LOCUS4780,0,0,0,1,1,1
DIATSA_LOCUS4781,11,19,19,5,8,8
DIATSA_LOCUS4782,3,7,7,8,10,11
DIATSA_LOCUS4783,159,367,378,132,338,351
DIATSA_LOCUS4784,2,2,2,3,6,6
DIATSA_LOCUS4785,211,416,435,239,462,482
DIATSA_LOCUS4786,423,958,993,500,1157,1200
DIATSA_LOCUS4787,128,270,279,95,165,176
DIATSA_LOCUS4788,87,172,177,88,163,169
DIATSA_LOCUS4789,12,21,21,2,2,3
DIATSA_LOCUS479,1,4,5,0,0,0
DIATSA_LOCUS4790,14,18,18,9,9,9
DIATSA_LOCUS4791,58,87,91,51,70,71
DIATSA_LOCUS4792,4532,9963,10338,4038,8770,9084
DIATSA_LOCUS4793,97,235,246,53,114,118
DIATSA_LOCUS4794,299,566,591,207,409,437
DIATSA_LOCUS4795,26,70,75,17,44,50
DIATSA_LOCUS4796,70,124,127,25,51,54
DIATSA_LOCUS4797,2,9,9,4,9,9
DIATSA_LOCUS4798,41,65,67,24,47,53
DIATSA_LOCUS4799,15,28,29,11,21,21
DIATSA_LOCUS48,5,5,6,1,4,4
DIATSA_LOCUS480,173,332,343,216,406,425
DIATSA_LOCUS4800,275,605,617,149,307,315
DIATSA_LOCUS4801,386,705,728,146,263,274
DIATSA_LOCUS4802,13,27,29,8,16,17
DIATSA_LOCUS4803,28,44,46,29,45,48
DIATSA_LOCUS4804,14,27,31,8,10,13
DIATSA_LOCUS4805,0,0,0,0,0,0
DIATSA_LOCUS4806,0,0,0,0,0,0
DIATSA_LOCUS4807,295,475,497,239,408,421
DIATSA_LOCUS4808,2140,4032,4176,1143,2055,2126
DIATSA_LOCUS4809,44,72,74,37,62,65
DIATSA_LOCUS481,0,1,1,0,0,0
DIATSA_LOCUS4810,0,0,0,3,2,2
DIATSA_LOCUS4811,0,2,2,0,0,0
DIATSA_LOCUS4812,1,1,1,0,6,6
DIATSA_LOCUS4813,4,14,13,10,18,19
DIATSA_LOCUS4814,35,64,66,32,69,73
DIATSA_LOCUS4815,9,17,18,3,5,5
DIATSA_LOCUS4816,146,261,264,91,204,207
DIATSA_LOCUS4817,14,27,27,8,11,11
DIATSA_LOCUS4818,28,50,48,6,11,11
DIATSA_LOCUS4819,1,7,6,2,3,3
DIATSA_LOCUS482,0,0,0,1,1,1
DIATSA_LOCUS4820,1,2,2,1,2,3
DIATSA_LOCUS4821,39,82,84,34,79,81
DIATSA_LOCUS4822,42,77,79,33,67,66
DIATSA_LOCUS4823,229,495,501,428,1010,1024
DIATSA_LOCUS4824,136,288,312,374,863,879
DIATSA_LOCUS4825,171,285,293,128,233,236
DIATSA_LOCUS4826,11,23,23,15,27,28
DIATSA_LOCUS4827,978,2024,2103,587,1184,1220
DIATSA_LOCUS4828,3,3,3,0,1,1
DIATSA_LOCUS4829,3,5,5,1,3,3
DIATSA_LOCUS483,0,0,0,0,0,0
DIATSA_LOCUS4830,15,24,25,8,11,12
DIATSA_LOCUS4831,38,56,54,40,72,72
DIATSA_LOCUS4832,337,646,672,151,274,289
DIATSA_LOCUS4833,86,146,152,43,92,92
DIATSA_LOCUS4834,0,0,0,0,1,1
DIATSA_LOCUS4835,88,178,182,97,299,308
DIATSA_LOCUS4836,9,20,23,5,22,22
DIATSA_LOCUS4837,178,395,400,100,221,229
DIATSA_LOCUS4838,0,0,0,0,0,0
DIATSA_LOCUS4839,1,1,1,0,0,0
DIATSA_LOCUS484,0,0,0,0,1,1
DIATSA_LOCUS4840,1,1,1,0,0,0
DIATSA_LOCUS4841,3,4,5,0,0,0
DIATSA_LOCUS4842,104,202,213,100,186,190
DIATSA_LOCUS4843,858,1601,1650,888,1721,1771
DIATSA_LOCUS4844,49,102,105,28,60,61
DIATSA_LOCUS4845,10271,21437,22193,12870,27514,28472
DIATSA_LOCUS4846,84,136,142,20,33,36
DIATSA_LOCUS4847,60,90,94,10,16,16
DIATSA_LOCUS4848,685,1159,1203,413,713,752
DIATSA_LOCUS4849,67,91,91,39,59,59
DIATSA_LOCUS485,1,3,3,0,1,1
DIATSA_LOCUS4850,41,65,69,17,33,36
DIATSA_LOCUS4851,112,195,202,79,155,158
DIATSA_LOCUS4852,11,12,12,27,43,42
DIATSA_LOCUS4853,63,87,89,27,41,41
DIATSA_LOCUS4854,16,32,35,4,13,15
DIATSA_LOCUS4855,112,195,198,32,61,64
DIATSA_LOCUS4856,1614,3027,3106,1125,2077,2133
DIATSA_LOCUS4857,27,40,43,17,31,31
DIATSA_LOCUS4858,33,72,76,43,84,86
DIATSA_LOCUS4859,33,66,70,40,88,88
DIATSA_LOCUS486,23,47,47,25,45,46
DIATSA_LOCUS4860,152,279,282,75,133,141
DIATSA_LOCUS4861,49,89,93,40,80,80
DIATSA_LOCUS4862,416,746,769,410,791,827
DIATSA_LOCUS4863,260,561,583,316,610,648
DIATSA_LOCUS4864,12,37,37,5,11,10
DIATSA_LOCUS4865,135,306,317,57,111,115
DIATSA_LOCUS4866,3,5,5,2,3,3
DIATSA_LOCUS4867,22,36,38,29,49,52
DIATSA_LOCUS4868,19,41,41,15,38,38
DIATSA_LOCUS4869,27,44,46,17,28,28
DIATSA_LOCUS487,0,0,0,0,0,0
DIATSA_LOCUS4870,23,42,42,8,24,20
DIATSA_LOCUS4871,0,0,0,0,0,0
DIATSA_LOCUS4872,1,2,2,0,0,0
DIATSA_LOCUS4873,216,370,382,89,150,159
DIATSA_LOCUS4874,24,52,57,39,81,84
DIATSA_LOCUS4875,1004,2261,2337,1109,2622,2709
DIATSA_LOCUS4876,18,40,42,7,12,13
DIATSA_LOCUS4877,7,11,12,2,5,6
DIATSA_LOCUS4878,14,29,28,4,11,13
DIATSA_LOCUS4879,106,165,168,73,127,134
DIATSA_LOCUS488,0,0,0,0,0,0
DIATSA_LOCUS4880,117,187,191,59,105,110
DIATSA_LOCUS4881,482,807,834,599,1025,1053
DIATSA_LOCUS4882,71,148,154,94,178,181
DIATSA_LOCUS4883,16,25,25,21,36,37
DIATSA_LOCUS4884,39,75,80,46,99,104
DIATSA_LOCUS4885,45,81,82,9,22,23
DIATSA_LOCUS4886,1,4,4,0,0,0
DIATSA_LOCUS4887,0,0,0,0,0,0
DIATSA_LOCUS4888,0,0,0,0,0,0
DIATSA_LOCUS4889,48,81,92,8,13,19
DIATSA_LOCUS489,41,64,66,19,40,41
DIATSA_LOCUS4890,0,0,0,0,0,0
DIATSA_LOCUS4891,60,102,103,43,78,79
DIATSA_LOCUS4892,102,199,203,63,131,137
DIATSA_LOCUS4893,66,104,107,13,17,17
DIATSA_LOCUS4894,1428,2497,2595,1331,2446,2516
DIATSA_LOCUS4895,29,62,69,15,26,27
DIATSA_LOCUS4896,4,11,12,5,4,4
DIATSA_LOCUS4897,0,0,0,0,0,0
DIATSA_LOCUS4898,0,0,0,0,0,0
DIATSA_LOCUS4899,17,38,39,23,34,36
DIATSA_LOCUS49,300,461,468,214,345,354
DIATSA_LOCUS490,0,0,0,0,0,0
DIATSA_LOCUS4900,1,2,2,1,1,1
DIATSA_LOCUS4901,1,6,5,0,3,2
DIATSA_LOCUS4902,4,12,14,3,7,6
DIATSA_LOCUS4903,271,520,568,343,607,632
DIATSA_LOCUS4904,87,153,155,70,145,150
DIATSA_LOCUS4905,48,90,92,45,108,114
DIATSA_LOCUS4906,0,0,0,0,0,0
DIATSA_LOCUS4907,77,170,189,69,131,161
DIATSA_LOCUS4908,118,173,182,76,155,159
DIATSA_LOCUS4909,12,14,15,3,5,5
DIATSA_LOCUS491,0,0,0,0,0,0
DIATSA_LOCUS4910,74,126,125,55,86,93
DIATSA_LOCUS4911,7,15,15,10,22,24
DIATSA_LOCUS4912,0,0,0,0,0,0
DIATSA_LOCUS4913,33,41,43,10,16,16
DIATSA_LOCUS4914,1,5,5,0,0,0
DIATSA_LOCUS4915,1,2,2,0,0,0
DIATSA_LOCUS4916,194,377,383,254,562,570
DIATSA_LOCUS4917,4,8,8,13,15,16
DIATSA_LOCUS4918,2,5,5,2,2,2
DIATSA_LOCUS4919,332,714,753,456,854,912
DIATSA_LOCUS492,0,0,0,0,0,0
DIATSA_LOCUS4920,0,0,0,0,1,2
DIATSA_LOCUS4921,1,6,7,0,1,1
DIATSA_LOCUS4922,16,39,39,21,37,39
DIATSA_LOCUS4923,0,1,1,0,0,0
DIATSA_LOCUS4924,9,20,20,3,15,14
DIATSA_LOCUS4925,0,0,0,0,0,0
DIATSA_LOCUS4926,8,9,9,3,5,5
DIATSA_LOCUS4927,0,1,4,3,7,9
DIATSA_LOCUS4928,0,0,0,0,0,0
DIATSA_LOCUS4929,0,0,3,0,4,0
DIATSA_LOCUS493,0,0,0,0,0,0
DIATSA_LOCUS4930,98,201,204,35,64,65
DIATSA_LOCUS4931,21,33,33,28,47,46
DIATSA_LOCUS4932,195,308,327,217,364,377
DIATSA_LOCUS4933,64,141,143,53,92,92
DIATSA_LOCUS4934,1218,2475,2577,1224,2531,2642
DIATSA_LOCUS4935,105,212,219,91,168,173
DIATSA_LOCUS4936,185,459,484,219,502,517
DIATSA_LOCUS4937,282,634,653,340,813,831
DIATSA_LOCUS4938,4,9,9,12,23,24
DIATSA_LOCUS4939,319,552,562,303,567,583
DIATSA_LOCUS494,0,0,0,0,0,0
DIATSA_LOCUS4940,37,68,68,44,88,91
DIATSA_LOCUS4941,0,0,0,0,0,0
DIATSA_LOCUS4942,34,72,76,27,47,47
DIATSA_LOCUS4943,102,223,233,61,131,135
DIATSA_LOCUS4944,1675,3153,3268,2901,5503,5700
DIATSA_LOCUS4945,29,55,54,25,51,52
DIATSA_LOCUS4946,1217,2422,2519,792,1576,1651
DIATSA_LOCUS4947,25,53,54,45,100,102
DIATSA_LOCUS4948,71,138,145,39,68,69
DIATSA_LOCUS4949,120,229,232,87,169,175
DIATSA_LOCUS495,0,0,0,0,0,0
DIATSA_LOCUS4950,5,11,11,3,16,16
DIATSA_LOCUS4951,0,0,0,0,0,0
DIATSA_LOCUS4952,0,0,0,0,0,0
DIATSA_LOCUS4953,95,206,214,74,155,158
DIATSA_LOCUS4954,74,154,159,93,176,182
DIATSA_LOCUS4955,0,0,0,0,0,0
DIATSA_LOCUS4956,716,1356,1405,636,1178,1231
DIATSA_LOCUS4957,3,10,9,5,8,8
DIATSA_LOCUS4958,0,0,0,0,0,0
DIATSA_LOCUS4959,906,1806,1853,1002,2002,2088
DIATSA_LOCUS496,0,0,0,0,0,0
DIATSA_LOCUS4960,26,55,60,27,45,46
DIATSA_LOCUS4961,1,1,1,1,1,1
DIATSA_LOCUS4962,4,17,17,13,26,27
DIATSA_LOCUS4963,0,0,0,0,0,0
DIATSA_LOCUS4964,35,51,56,6,12,12
DIATSA_LOCUS4965,1145,2315,2456,1047,2165,2284
DIATSA_LOCUS4966,2,7,10,11,21,19
DIATSA_LOCUS4967,15,29,32,14,33,35
DIATSA_LOCUS4968,370,654,676,254,449,459
DIATSA_LOCUS4969,91,179,186,103,221,232
DIATSA_LOCUS497,0,0,0,0,0,0
DIATSA_LOCUS4970,265,552,572,199,383,404
DIATSA_LOCUS4971,128,258,271,149,346,357
DIATSA_LOCUS4972,4,9,10,9,20,19
DIATSA_LOCUS4973,5,6,6,4,7,7
DIATSA_LOCUS4974,44,69,71,12,20,20
DIATSA_LOCUS4975,77,126,128,83,170,176
DIATSA_LOCUS4976,210,368,379,220,412,421
DIATSA_LOCUS4977,254,504,527,178,399,423
DIATSA_LOCUS4978,10,20,22,9,19,19
DIATSA_LOCUS4979,0,0,0,0,0,0
DIATSA_LOCUS498,0,0,0,0,0,0
DIATSA_LOCUS4980,25,35,35,12,20,20
DIATSA_LOCUS4981,0,3,2,2,3,3
DIATSA_LOCUS4982,3,4,4,1,1,1
DIATSA_LOCUS4983,368,695,712,415,810,842
DIATSA_LOCUS4984,0,1,1,0,0,0
DIATSA_LOCUS4985,0,0,0,0,0,0
DIATSA_LOCUS4986,0,0,0,0,0,0
DIATSA_LOCUS4987,0,0,0,0,0,0
DIATSA_LOCUS4988,7,8,8,0,1,6
DIATSA_LOCUS4989,643,1246,1287,529,1034,1072
DIATSA_LOCUS499,0,0,0,0,0,0
DIATSA_LOCUS4990,0,0,0,0,0,0
DIATSA_LOCUS4991,0,0,0,1,1,1
DIATSA_LOCUS4992,1,1,1,0,0,0
DIATSA_LOCUS4993,14,23,25,3,6,6
DIATSA_LOCUS4994,0,0,0,0,0,0
DIATSA_LOCUS4995,3,4,4,0,1,1
DIATSA_LOCUS4996,3,5,5,3,3,3
DIATSA_LOCUS4997,116,204,210,68,136,141
DIATSA_LOCUS4998,19,23,24,14,25,25
DIATSA_LOCUS4999,7,9,11,0,2,2
DIATSA_LOCUS5,154,277,278,175,326,335
DIATSA_LOCUS50,6,5,5,0,0,0
DIATSA_LOCUS500,0,0,0,0,0,0
DIATSA_LOCUS5000,782,1209,1240,1008,1580,1650
DIATSA_LOCUS5001,0,0,0,0,0,0
DIATSA_LOCUS5002,0,0,0,0,0,0
DIATSA_LOCUS5003,0,0,0,1,2,2
DIATSA_LOCUS5004,64,170,169,110,254,253
DIATSA_LOCUS5005,12,22,23,0,1,1
DIATSA_LOCUS5006,486,949,987,362,741,770
DIATSA_LOCUS5007,9,12,12,3,9,10
DIATSA_LOCUS5008,14,37,38,12,18,18
DIATSA_LOCUS5009,15,38,40,13,26,27
DIATSA_LOCUS501,0,0,0,0,0,0
DIATSA_LOCUS5010,0,0,0,0,0,0
DIATSA_LOCUS5011,65,115,116,58,111,111
DIATSA_LOCUS5012,1,1,1,1,2,2
DIATSA_LOCUS5013,91,185,188,40,107,110
DIATSA_LOCUS5014,11,23,24,9,14,16
DIATSA_LOCUS5015,28,62,65,17,67,81
DIATSA_LOCUS5016,3,4,4,3,3,3
DIATSA_LOCUS5017,0,0,0,0,0,0
DIATSA_LOCUS5018,0,0,0,0,0,0
DIATSA_LOCUS5019,2,2,2,0,0,0
DIATSA_LOCUS502,0,0,0,1,1,1
DIATSA_LOCUS5020,0,0,0,0,0,0
DIATSA_LOCUS5021,1,2,2,7,12,12
DIATSA_LOCUS5022,20,73,75,60,222,225
DIATSA_LOCUS5023,40,62,61,89,153,164
DIATSA_LOCUS5024,0,0,0,0,0,0
DIATSA_LOCUS5025,223,447,465,189,337,346
DIATSA_LOCUS5026,32,74,77,21,45,50
DIATSA_LOCUS5027,17,30,30,4,4,4
DIATSA_LOCUS5028,26,54,55,26,54,60
DIATSA_LOCUS5029,2,4,4,5,2,2
DIATSA_LOCUS503,20,41,44,11,20,21
DIATSA_LOCUS5030,108,226,234,109,197,200
DIATSA_LOCUS5031,0,0,0,0,0,0
DIATSA_LOCUS5032,0,3,3,1,2,2
DIATSA_LOCUS5033,1,0,0,0,0,0
DIATSA_LOCUS5034,42,79,86,34,61,66
DIATSA_LOCUS5035,59,93,97,56,98,100
DIATSA_LOCUS5036,33,88,90,56,116,124
DIATSA_LOCUS5037,127,272,281,72,139,146
DIATSA_LOCUS5038,0,0,0,0,0,0
DIATSA_LOCUS5039,12,20,20,14,29,29
DIATSA_LOCUS504,164,290,303,147,261,268
DIATSA_LOCUS5040,0,0,0,0,0,0
DIATSA_LOCUS5041,6,16,17,7,15,15
DIATSA_LOCUS5042,104,195,203,145,291,302
DIATSA_LOCUS5043,5,21,22,10,43,48
DIATSA_LOCUS5044,0,0,0,4,4,4
DIATSA_LOCUS5045,412,881,924,408,851,877
DIATSA_LOCUS5046,59,110,111,12,27,27
DIATSA_LOCUS5047,25,36,36,2,6,6
DIATSA_LOCUS5048,62,102,105,33,71,72
DIATSA_LOCUS5049,1,4,4,0,8,9
DIATSA_LOCUS505,20,48,51,32,62,62
DIATSA_LOCUS5050,47,122,131,52,104,108
DIATSA_LOCUS5051,0,0,0,0,0,0
DIATSA_LOCUS5052,0,0,0,0,0,0
DIATSA_LOCUS5053,0,0,0,0,0,0
DIATSA_LOCUS5054,3,7,9,0,6,7
DIATSA_LOCUS5055,0,0,0,0,0,0
DIATSA_LOCUS5056,8,13,13,3,6,6
DIATSA_LOCUS5057,28,62,66,26,83,84
DIATSA_LOCUS5058,0,0,0,0,21,24
DIATSA_LOCUS5059,65,115,119,31,59,61
DIATSA_LOCUS506,2,1,1,6,7,9
DIATSA_LOCUS5060,50,104,107,45,87,89
DIATSA_LOCUS5061,56,131,136,70,161,170
DIATSA_LOCUS5062,81,162,166,110,206,211
DIATSA_LOCUS5063,77,146,147,67,137,143
DIATSA_LOCUS5064,327,581,607,267,529,537
DIATSA_LOCUS5065,0,1,1,2,2,2
DIATSA_LOCUS5066,6,18,18,4,14,16
DIATSA_LOCUS5067,0,0,0,0,0,0
DIATSA_LOCUS5068,0,0,0,0,0,0
DIATSA_LOCUS5069,184,355,364,220,390,407
DIATSA_LOCUS507,1,1,1,1,1,1
DIATSA_LOCUS5070,56,125,127,43,111,115
DIATSA_LOCUS5071,18,39,39,22,44,46
DIATSA_LOCUS5072,0,1,1,7,4,4
DIATSA_LOCUS5073,0,0,0,0,0,0
DIATSA_LOCUS5074,0,0,0,0,1,1
DIATSA_LOCUS5075,0,1,1,0,0,0
DIATSA_LOCUS5076,1,2,2,2,3,3
DIATSA_LOCUS5077,61,143,146,98,238,251
DIATSA_LOCUS5078,62,141,142,58,146,153
DIATSA_LOCUS5079,10,15,15,3,10,10
DIATSA_LOCUS508,37,51,52,18,27,27
DIATSA_LOCUS5080,13,21,21,14,32,34
DIATSA_LOCUS5081,0,0,0,0,0,0
DIATSA_LOCUS5082,43,77,83,35,70,73
DIATSA_LOCUS5083,0,0,0,0,0,0
DIATSA_LOCUS5084,26,45,47,24,39,42
DIATSA_LOCUS5085,79,201,211,85,231,239
DIATSA_LOCUS5086,362,732,763,243,529,549
DIATSA_LOCUS5087,0,0,0,0,0,0
DIATSA_LOCUS5088,18,45,46,15,55,55
DIATSA_LOCUS5089,0,0,0,0,1,1
DIATSA_LOCUS509,1,1,1,0,0,0
DIATSA_LOCUS5090,0,0,0,0,0,0
DIATSA_LOCUS5091,2,3,3,0,0,0
DIATSA_LOCUS5092,0,0,0,0,0,0
DIATSA_LOCUS5093,1,1,1,0,0,0
DIATSA_LOCUS5094,38,83,84,28,53,57
DIATSA_LOCUS5095,139,232,244,171,301,309
DIATSA_LOCUS5096,22,30,30,32,53,54
DIATSA_LOCUS5097,69,122,128,74,134,140
DIATSA_LOCUS5098,30,90,91,45,126,132
DIATSA_LOCUS5099,22,38,39,36,51,53
DIATSA_LOCUS51,10,37,38,5,8,8
DIATSA_LOCUS510,3,4,4,0,0,0
DIATSA_LOCUS5100,627,1177,1210,423,820,849
DIATSA_LOCUS5101,146,301,315,164,345,357
DIATSA_LOCUS5102,224,420,427,177,366,371
DIATSA_LOCUS5103,1,2,2,2,2,2
DIATSA_LOCUS5104,17,23,23,7,12,12
DIATSA_LOCUS5105,0,0,0,0,0,0
DIATSA_LOCUS5106,0,1,1,2,5,5
DIATSA_LOCUS5107,19,46,45,11,22,22
DIATSA_LOCUS5108,1389,2370,2455,657,1184,1216
DIATSA_LOCUS5109,42,70,73,37,93,95
DIATSA_LOCUS511,0,0,0,0,0,0
DIATSA_LOCUS5110,5,11,11,5,9,11
DIATSA_LOCUS5111,872,1773,1828,376,725,762
DIATSA_LOCUS5112,13,32,32,10,20,20
DIATSA_LOCUS5113,0,0,0,0,0,0
DIATSA_LOCUS5114,32,60,62,31,60,62
DIATSA_LOCUS5115,15,16,17,23,48,51
DIATSA_LOCUS5116,54,108,111,105,203,206
DIATSA_LOCUS5117,880,1653,1707,377,701,741
DIATSA_LOCUS5118,120,282,294,93,224,235
DIATSA_LOCUS5119,273,603,622,233,557,573
DIATSA_LOCUS512,28,45,47,24,37,40
DIATSA_LOCUS5120,9546,16971,17691,12621,25381,26756
DIATSA_LOCUS5121,9,22,23,13,14,15
DIATSA_LOCUS5122,130,241,247,122,198,201
DIATSA_LOCUS5123,11,19,20,4,8,8
DIATSA_LOCUS5124,185,369,382,194,431,446
DIATSA_LOCUS5125,105,287,293,99,259,265
DIATSA_LOCUS5126,8552,15277,15911,10216,17843,18565
DIATSA_LOCUS5127,81,164,168,37,79,80
DIATSA_LOCUS5128,1,2,2,0,0,0
DIATSA_LOCUS5129,2,2,2,0,0,0
DIATSA_LOCUS513,6,19,19,1,3,5
DIATSA_LOCUS5130,3,6,6,2,2,2
DIATSA_LOCUS5131,5,8,8,1,2,3
DIATSA_LOCUS5132,0,6,5,1,3,3
DIATSA_LOCUS5133,473,843,873,265,511,531
DIATSA_LOCUS5134,0,0,0,0,0,0
DIATSA_LOCUS5135,1,3,3,1,1,1
DIATSA_LOCUS5136,83,178,186,63,119,121
DIATSA_LOCUS5137,0,2,2,0,2,2
DIATSA_LOCUS5138,10,15,15,6,7,7
DIATSA_LOCUS5139,475,908,933,442,842,874
DIATSA_LOCUS514,7,11,11,1,3,3
DIATSA_LOCUS5140,121,235,243,89,159,166
DIATSA_LOCUS5141,2,9,9,3,4,4
DIATSA_LOCUS5142,19,60,61,19,61,61
DIATSA_LOCUS5143,55,141,145,50,112,113
DIATSA_LOCUS5144,43,96,98,50,88,90
DIATSA_LOCUS5145,1762,2891,2997,1369,2268,2322
DIATSA_LOCUS5146,203,375,386,152,288,297
DIATSA_LOCUS5147,26,52,52,15,34,35
DIATSA_LOCUS5148,253,487,492,264,451,470
DIATSA_LOCUS5149,68,116,121,56,90,94
DIATSA_LOCUS515,721,1473,1533,824,1753,1821
DIATSA_LOCUS5150,205,406,412,180,339,355
DIATSA_LOCUS5151,95,194,199,60,100,105
DIATSA_LOCUS5152,7,11,11,1,3,3
DIATSA_LOCUS5153,0,1,1,1,1,1
DIATSA_LOCUS5154,464,940,978,299,619,652
DIATSA_LOCUS5155,0,0,0,0,0,0
DIATSA_LOCUS5156,7,14,14,5,15,16
DIATSA_LOCUS5157,197,385,398,61,130,139
DIATSA_LOCUS5158,64,115,118,39,66,67
DIATSA_LOCUS5159,0,0,0,0,0,0
DIATSA_LOCUS516,25,46,47,26,43,46
DIATSA_LOCUS5160,13,26,27,7,11,11
DIATSA_LOCUS5161,49,107,113,38,75,81
DIATSA_LOCUS5162,13,25,26,10,21,22
DIATSA_LOCUS5163,1,5,5,4,10,11
DIATSA_LOCUS5164,119,210,218,60,149,157
DIATSA_LOCUS5165,0,0,0,1,1,1
DIATSA_LOCUS5166,10,23,23,10,19,20
DIATSA_LOCUS5167,10,12,12,2,3,3
DIATSA_LOCUS5168,0,0,0,0,0,0
DIATSA_LOCUS5169,0,0,0,0,0,0
DIATSA_LOCUS517,11,37,38,13,28,31
DIATSA_LOCUS5170,0,0,0,0,0,0
DIATSA_LOCUS5171,0,0,0,0,0,0
DIATSA_LOCUS5172,0,0,0,0,0,0
DIATSA_LOCUS5173,0,0,0,0,0,0
DIATSA_LOCUS5174,0,0,0,0,0,0
DIATSA_LOCUS5175,0,0,0,0,0,0
DIATSA_LOCUS5176,0,0,0,0,0,0
DIATSA_LOCUS5177,0,0,0,0,0,0
DIATSA_LOCUS5178,0,0,0,0,0,0
DIATSA_LOCUS5179,1,2,3,3,3,3
DIATSA_LOCUS518,9,14,14,24,42,44
DIATSA_LOCUS5180,8,13,14,5,10,11
DIATSA_LOCUS5181,75,129,131,52,103,107
DIATSA_LOCUS5182,137,268,273,203,376,380
DIATSA_LOCUS5183,0,0,0,0,0,0
DIATSA_LOCUS5184,56,110,114,36,67,74
DIATSA_LOCUS5185,104,154,161,87,159,167
DIATSA_LOCUS5186,116,242,250,131,241,249
DIATSA_LOCUS5187,113,237,244,46,110,114
DIATSA_LOCUS5188,179,348,355,167,310,313
DIATSA_LOCUS5189,193,353,361,149,312,329
DIATSA_LOCUS519,26,62,65,19,41,43
DIATSA_LOCUS5190,123,316,332,131,289,301
DIATSA_LOCUS5191,12,35,36,9,13,14
DIATSA_LOCUS5192,28,60,62,20,35,36
DIATSA_LOCUS5193,0,0,0,0,0,0
DIATSA_LOCUS5194,0,0,0,0,0,0
DIATSA_LOCUS5195,696,1473,1533,612,1228,1275
DIATSA_LOCUS5196,1712,3498,3626,1669,3538,3664
DIATSA_LOCUS5197,0,0,0,1,2,2
DIATSA_LOCUS5198,51,84,86,22,35,36
DIATSA_LOCUS5199,1,2,2,5,7,7
DIATSA_LOCUS52,0,0,0,0,0,1
DIATSA_LOCUS520,20,49,51,1,10,10
DIATSA_LOCUS5200,16,26,29,27,36,37
DIATSA_LOCUS5201,21,50,49,3,5,5
DIATSA_LOCUS5202,2,1,1,0,0,0
DIATSA_LOCUS5203,11,25,27,17,38,36
DIATSA_LOCUS5204,68,156,167,50,107,115
DIATSA_LOCUS5205,3,7,7,2,4,4
DIATSA_LOCUS5206,0,0,0,0,0,0
DIATSA_LOCUS5207,66,120,124,33,51,51
DIATSA_LOCUS5208,50,106,108,49,93,92
DIATSA_LOCUS5209,3,7,8,3,5,6
DIATSA_LOCUS521,6,7,7,7,13,13
DIATSA_LOCUS5210,17564,30120,31262,19174,35030,36433
DIATSA_LOCUS5211,98,197,207,65,123,129
DIATSA_LOCUS5212,0,0,0,0,0,0
DIATSA_LOCUS5213,66,117,119,28,43,43
DIATSA_LOCUS5214,6592,10862,11224,9360,15560,16107
DIATSA_LOCUS5215,65,99,100,22,39,39
DIATSA_LOCUS5216,1588,4906,5180,1725,5419,5711
DIATSA_LOCUS5217,570,1167,1210,553,1197,1229
DIATSA_LOCUS5218,26,47,47,19,25,26
DIATSA_LOCUS5219,0,0,0,0,0,0
DIATSA_LOCUS522,2,5,6,3,3,3
DIATSA_LOCUS5220,243,432,451,149,246,257
DIATSA_LOCUS5221,58,135,136,75,184,187
DIATSA_LOCUS5222,4815,8334,8761,2555,4564,4862
DIATSA_LOCUS5223,858,1735,1792,958,1975,2048
DIATSA_LOCUS5224,0,1,1,2,2,2
DIATSA_LOCUS5225,17,33,34,11,26,28
DIATSA_LOCUS5226,0,0,0,0,0,0
DIATSA_LOCUS5227,482,866,906,476,790,819
DIATSA_LOCUS5228,305,504,526,333,614,646
DIATSA_LOCUS5229,2,4,4,4,5,5
DIATSA_LOCUS523,2,8,8,2,2,2
DIATSA_LOCUS5230,246,459,468,276,493,518
DIATSA_LOCUS5231,198,446,453,171,351,362
DIATSA_LOCUS5232,0,0,0,0,0,0
DIATSA_LOCUS5233,38,66,70,41,78,82
DIATSA_LOCUS5234,37,81,82,46,82,84
DIATSA_LOCUS5235,306,564,592,235,448,462
DIATSA_LOCUS5236,4804,10313,10699,4186,8875,9234
DIATSA_LOCUS5237,0,1,1,0,1,1
DIATSA_LOCUS5238,5,15,15,4,10,10
DIATSA_LOCUS5239,6,9,9,3,5,6
DIATSA_LOCUS524,99,188,198,95,169,179
DIATSA_LOCUS5240,0,0,0,0,0,0
DIATSA_LOCUS5241,2,2,2,3,3,3
DIATSA_LOCUS5242,0,2,2,2,2,2
DIATSA_LOCUS5243,4,5,5,1,2,3
DIATSA_LOCUS5244,4,5,5,0,0,0
DIATSA_LOCUS5245,2,3,3,2,4,4
DIATSA_LOCUS5246,0,2,2,2,5,5
DIATSA_LOCUS5247,0,0,0,0,0,0
DIATSA_LOCUS5248,0,0,0,0,0,1
DIATSA_LOCUS5249,0,0,0,0,0,0
DIATSA_LOCUS525,113,187,193,59,101,105
DIATSA_LOCUS5250,0,0,0,0,0,0
DIATSA_LOCUS5251,1,1,1,0,0,0
DIATSA_LOCUS5252,0,1,1,0,0,0
DIATSA_LOCUS5253,0,0,0,0,0,0
DIATSA_LOCUS5254,1,1,1,1,2,2
DIATSA_LOCUS5255,1,1,2,0,2,3
DIATSA_LOCUS5256,0,0,0,0,0,0
DIATSA_LOCUS5257,1,0,0,0,3,3
DIATSA_LOCUS5258,1,0,0,0,0,0
DIATSA_LOCUS5259,0,0,0,0,0,0
DIATSA_LOCUS526,0,0,0,0,0,0
DIATSA_LOCUS5260,0,0,0,0,1,2
DIATSA_LOCUS5261,1,2,2,1,2,2
DIATSA_LOCUS5262,0,0,0,0,0,0
DIATSA_LOCUS5263,0,0,0,0,0,0
DIATSA_LOCUS5264,10,13,12,1,3,3
DIATSA_LOCUS5265,1,3,3,4,7,8
DIATSA_LOCUS5266,0,0,0,0,0,0
DIATSA_LOCUS5267,0,0,0,0,0,0
DIATSA_LOCUS5268,8,11,11,1,5,5
DIATSA_LOCUS5269,17,21,22,4,11,10
DIATSA_LOCUS527,5,13,14,5,8,8
DIATSA_LOCUS5270,1,3,3,1,3,3
DIATSA_LOCUS5271,2,4,4,1,3,3
DIATSA_LOCUS5272,0,0,0,1,0,0
DIATSA_LOCUS5273,0,1,1,0,0,0
DIATSA_LOCUS5274,3,5,5,0,2,2
DIATSA_LOCUS5275,0,0,0,0,0,0
DIATSA_LOCUS5276,5,7,7,2,3,3
DIATSA_LOCUS5277,4,4,5,1,4,4
DIATSA_LOCUS5278,0,0,0,0,0,0
DIATSA_LOCUS5279,0,0,0,0,0,0
DIATSA_LOCUS528,0,0,0,0,0,0
DIATSA_LOCUS5280,4,4,4,4,7,7
DIATSA_LOCUS5281,0,0,0,0,0,0
DIATSA_LOCUS5282,0,0,0,0,0,0
DIATSA_LOCUS5283,2,2,2,4,4,4
DIATSA_LOCUS5284,97,193,197,111,212,226
DIATSA_LOCUS5285,12,20,20,11,16,16
DIATSA_LOCUS5286,2,7,8,1,5,5
DIATSA_LOCUS5287,19,30,31,4,15,14
DIATSA_LOCUS5288,5,6,6,3,10,10
DIATSA_LOCUS5289,44,69,69,11,22,22
DIATSA_LOCUS529,1,1,1,1,1,1
DIATSA_LOCUS5290,184,373,382,192,387,412
DIATSA_LOCUS5291,2,2,2,1,3,3
DIATSA_LOCUS5292,0,1,1,0,0,0
DIATSA_LOCUS5293,2,4,4,0,0,0
DIATSA_LOCUS5294,0,0,0,0,0,0
DIATSA_LOCUS5295,5,11,12,5,8,8
DIATSA_LOCUS5296,8,20,23,2,5,5
DIATSA_LOCUS5297,1,2,2,1,2,2
DIATSA_LOCUS5298,1,1,1,1,1,1
DIATSA_LOCUS5299,0,1,1,0,0,0
DIATSA_LOCUS53,20,41,44,23,29,31
DIATSA_LOCUS530,12,22,22,11,19,19
DIATSA_LOCUS5300,0,5,2,2,2,3
DIATSA_LOCUS5301,4,7,7,7,10,11
DIATSA_LOCUS5302,7,11,11,1,1,1
DIATSA_LOCUS5303,0,0,0,0,0,0
DIATSA_LOCUS5304,1,2,2,0,0,0
DIATSA_LOCUS5305,3,4,4,2,5,5
DIATSA_LOCUS5306,159,292,303,199,411,431
DIATSA_LOCUS5307,147,287,297,118,235,245
DIATSA_LOCUS5308,7,13,10,4,8,9
DIATSA_LOCUS5309,0,0,0,0,0,0
DIATSA_LOCUS531,0,1,1,0,0,0
DIATSA_LOCUS5310,464,826,859,533,925,969
DIATSA_LOCUS5311,58,95,99,34,52,54
DIATSA_LOCUS5312,109,160,169,113,207,212
DIATSA_LOCUS5313,588,1176,1206,499,922,953
DIATSA_LOCUS5314,572,1023,1057,308,570,595
DIATSA_LOCUS5315,58,130,138,51,109,115
DIATSA_LOCUS5316,0,1,1,0,0,0
DIATSA_LOCUS5317,4,11,11,0,0,0
DIATSA_LOCUS5318,303,582,609,319,594,622
DIATSA_LOCUS5319,118,209,214,102,206,211
DIATSA_LOCUS532,145,292,300,67,129,131
DIATSA_LOCUS5320,105,178,185,75,148,150
DIATSA_LOCUS5321,66,149,155,101,203,208
DIATSA_LOCUS5322,37,85,87,34,87,88
DIATSA_LOCUS5323,23,39,43,30,44,49
DIATSA_LOCUS5324,41,68,69,6,13,13
DIATSA_LOCUS5325,10,21,20,8,10,9
DIATSA_LOCUS5326,8,14,15,2,8,8
DIATSA_LOCUS5327,0,0,0,1,1,1
DIATSA_LOCUS5328,0,0,0,0,0,0
DIATSA_LOCUS5329,23,58,60,32,74,76
DIATSA_LOCUS533,0,0,0,0,0,0
DIATSA_LOCUS5330,20,32,33,12,23,23
DIATSA_LOCUS5331,0,0,0,0,1,1
DIATSA_LOCUS5332,3,7,7,5,7,8
DIATSA_LOCUS5333,57,105,107,26,50,54
DIATSA_LOCUS5334,46,79,84,40,60,64
DIATSA_LOCUS5335,36,73,74,49,71,72
DIATSA_LOCUS5336,364,829,849,242,590,610
DIATSA_LOCUS5337,22,52,53,15,31,30
DIATSA_LOCUS5338,32,60,67,8,19,21
DIATSA_LOCUS5339,305,633,653,98,242,254
DIATSA_LOCUS534,0,0,0,0,0,0
DIATSA_LOCUS5340,89,159,167,53,76,77
DIATSA_LOCUS5341,0,0,0,0,0,0
DIATSA_LOCUS5342,0,0,0,1,2,2
DIATSA_LOCUS5343,1,2,2,0,0,0
DIATSA_LOCUS5344,1,3,3,6,6,6
DIATSA_LOCUS5345,1,3,3,1,2,2
DIATSA_LOCUS5346,0,0,0,0,1,1
DIATSA_LOCUS5347,74,123,126,85,151,150
DIATSA_LOCUS5348,2,5,5,2,2,2
DIATSA_LOCUS5349,0,1,1,0,0,0
DIATSA_LOCUS535,0,0,0,0,0,0
DIATSA_LOCUS5350,7,9,9,1,3,3
DIATSA_LOCUS5351,3,5,6,0,1,1
DIATSA_LOCUS5352,0,0,0,1,0,0
DIATSA_LOCUS5353,0,0,0,0,0,0
DIATSA_LOCUS5354,9,22,23,21,35,37
DIATSA_LOCUS5355,0,0,0,0,2,2
DIATSA_LOCUS5356,0,1,1,0,0,0
DIATSA_LOCUS5357,0,0,0,0,0,0
DIATSA_LOCUS5358,5,5,5,7,9,9
DIATSA_LOCUS5359,4,5,5,4,8,8
DIATSA_LOCUS536,45,77,84,14,22,24
DIATSA_LOCUS5360,0,0,0,0,0,0
DIATSA_LOCUS5361,25,58,57,22,40,40
DIATSA_LOCUS5362,11,31,34,6,11,10
DIATSA_LOCUS5363,3,3,3,0,1,1
DIATSA_LOCUS5364,11,24,25,13,26,24
DIATSA_LOCUS5365,69,122,128,58,141,145
DIATSA_LOCUS5366,18,29,32,32,64,68
DIATSA_LOCUS5367,7,18,18,4,13,14
DIATSA_LOCUS5368,0,0,0,1,1,1
DIATSA_LOCUS5369,0,0,0,3,4,5
DIATSA_LOCUS537,49,92,101,39,78,83
DIATSA_LOCUS5370,55,102,103,70,128,135
DIATSA_LOCUS5371,24,39,42,1,6,8
DIATSA_LOCUS5372,28,56,57,8,28,31
DIATSA_LOCUS5373,54,100,105,49,84,90
DIATSA_LOCUS5374,247,517,536,277,502,531
DIATSA_LOCUS5375,46,69,72,26,60,63
DIATSA_LOCUS5376,199,366,380,248,446,461
DIATSA_LOCUS5377,9,9,10,3,6,7
DIATSA_LOCUS5378,0,0,0,0,0,0
DIATSA_LOCUS5379,11,13,13,10,18,19
DIATSA_LOCUS538,0,0,0,0,2,2
DIATSA_LOCUS5380,0,0,0,0,0,0
DIATSA_LOCUS5381,0,0,0,0,0,0
DIATSA_LOCUS5382,0,0,0,0,0,0
DIATSA_LOCUS5383,2,3,4,0,0,0
DIATSA_LOCUS5384,6,13,13,3,9,10
DIATSA_LOCUS5385,7,19,19,6,13,12
DIATSA_LOCUS5386,0,0,0,0,0,0
DIATSA_LOCUS5387,28,50,51,12,29,29
DIATSA_LOCUS5388,0,0,0,0,1,1
DIATSA_LOCUS5389,2,4,4,1,1,1
DIATSA_LOCUS539,17,38,37,14,24,26
DIATSA_LOCUS5390,12,22,22,9,16,15
DIATSA_LOCUS5391,10,12,13,2,2,2
DIATSA_LOCUS5392,17,30,30,12,24,28
DIATSA_LOCUS5393,4,11,11,9,20,22
DIATSA_LOCUS5394,5835,12122,12638,6104,12500,13031
DIATSA_LOCUS5395,38,71,83,17,28,29
DIATSA_LOCUS5396,2623,4302,4492,3072,4842,5045
DIATSA_LOCUS5397,761,1469,1530,687,1375,1422
DIATSA_LOCUS5398,160,274,292,128,226,236
DIATSA_LOCUS5399,0,0,0,0,0,0
DIATSA_LOCUS54,13,21,21,11,15,15
DIATSA_LOCUS540,12,41,45,19,54,55
DIATSA_LOCUS5400,119,213,219,85,137,144
DIATSA_LOCUS5401,989,1536,1582,1603,2509,2590
DIATSA_LOCUS5402,363,657,685,363,654,675
DIATSA_LOCUS5403,0,0,0,2,3,4
DIATSA_LOCUS5404,10,15,18,4,11,13
DIATSA_LOCUS5405,23,30,31,12,18,18
DIATSA_LOCUS5406,117,239,246,111,260,264
DIATSA_LOCUS5407,0,0,0,0,1,1
DIATSA_LOCUS5408,24,46,46,32,59,58
DIATSA_LOCUS5409,114,197,209,144,220,233
DIATSA_LOCUS541,105,214,221,88,185,190
DIATSA_LOCUS5410,0,0,0,0,0,0
DIATSA_LOCUS5411,2,4,2,8,11,11
DIATSA_LOCUS5412,0,0,0,0,0,0
DIATSA_LOCUS5413,0,0,0,0,0,0
DIATSA_LOCUS5414,0,0,0,0,0,0
DIATSA_LOCUS5415,390,811,822,439,1064,1078
DIATSA_LOCUS5416,0,0,0,0,0,0
DIATSA_LOCUS5417,5,7,7,4,9,9
DIATSA_LOCUS5418,0,0,0,0,0,0
DIATSA_LOCUS5419,58,103,103,58,120,124
DIATSA_LOCUS542,3434,7234,7504,5108,10915,11318
DIATSA_LOCUS5420,274,498,525,241,473,480
DIATSA_LOCUS5421,11,22,23,12,33,36
DIATSA_LOCUS5422,8,14,12,4,19,18
DIATSA_LOCUS5423,0,0,0,0,0,0
DIATSA_LOCUS5424,17,28,30,8,9,9
DIATSA_LOCUS5425,12,34,33,17,26,26
DIATSA_LOCUS5426,2,3,3,4,14,14
DIATSA_LOCUS5427,778,1612,1666,882,1948,2020
DIATSA_LOCUS5428,0,0,0,0,0,0
DIATSA_LOCUS5429,1425,2242,2360,1303,2010,2110
DIATSA_LOCUS543,171,308,323,104,207,218
DIATSA_LOCUS5430,0,0,0,0,0,0
DIATSA_LOCUS5431,7,12,12,2,3,3
DIATSA_LOCUS5432,34,59,60,5,9,9
DIATSA_LOCUS5433,316,539,561,199,373,397
DIATSA_LOCUS5434,12,17,17,4,7,8
DIATSA_LOCUS5435,36,53,56,36,70,72
DIATSA_LOCUS5436,14,23,23,7,13,13
DIATSA_LOCUS5437,12,17,17,8,14,12
DIATSA_LOCUS5438,44,64,74,25,39,40
DIATSA_LOCUS5439,5,6,8,4,5,5
DIATSA_LOCUS544,11,22,22,9,14,15
DIATSA_LOCUS5440,123,235,246,147,282,288
DIATSA_LOCUS5441,37,48,51,39,73,75
DIATSA_LOCUS5442,24,39,38,14,27,29
DIATSA_LOCUS5443,37,68,71,29,42,44
DIATSA_LOCUS5444,46,80,77,18,36,37
DIATSA_LOCUS5445,26,42,44,11,16,14
DIATSA_LOCUS5446,39,68,69,15,28,33
DIATSA_LOCUS5447,178,411,424,229,518,533
DIATSA_LOCUS5448,3,6,6,7,15,18
DIATSA_LOCUS5449,167,438,449,236,533,549
DIATSA_LOCUS545,9,19,21,3,4,4
DIATSA_LOCUS5450,3,3,3,0,0,1
DIATSA_LOCUS5451,9,17,18,8,13,15
DIATSA_LOCUS5452,4,8,8,0,4,6
DIATSA_LOCUS5453,266,400,415,266,407,418
DIATSA_LOCUS5454,61,94,95,66,100,103
DIATSA_LOCUS5455,54,83,84,27,42,44
DIATSA_LOCUS5456,0,0,0,0,0,0
DIATSA_LOCUS5457,2,2,2,0,0,0
DIATSA_LOCUS5458,0,0,0,0,0,0
DIATSA_LOCUS5459,0,0,0,0,0,0
DIATSA_LOCUS546,4157,8106,8380,3269,5731,5934
DIATSA_LOCUS5460,14,15,15,2,4,4
DIATSA_LOCUS5461,0,0,0,0,1,1
DIATSA_LOCUS5462,987,1787,1836,501,862,891
DIATSA_LOCUS5463,156,429,448,120,354,365
DIATSA_LOCUS5464,58,109,107,45,99,95
DIATSA_LOCUS5465,54,100,102,61,97,101
DIATSA_LOCUS5466,102,201,206,69,141,144
DIATSA_LOCUS5467,293,577,593,319,671,695
DIATSA_LOCUS5468,0,0,0,0,0,0
DIATSA_LOCUS5469,1,1,1,1,1,1
DIATSA_LOCUS547,116,208,218,174,311,325
DIATSA_LOCUS5470,23,36,37,9,21,23
DIATSA_LOCUS5471,42,85,88,43,85,88
DIATSA_LOCUS5472,201,416,429,134,264,275
DIATSA_LOCUS5473,63,139,141,66,118,124
DIATSA_LOCUS5474,141,244,261,171,295,309
DIATSA_LOCUS5475,0,0,0,0,0,0
DIATSA_LOCUS5476,3,8,9,4,7,7
DIATSA_LOCUS5477,58,100,105,30,54,53
DIATSA_LOCUS5478,84,212,221,108,229,237
DIATSA_LOCUS5479,114,223,232,28,58,61
DIATSA_LOCUS548,1,1,1,4,5,5
DIATSA_LOCUS5480,76,164,172,98,167,173
DIATSA_LOCUS5481,104,181,189,94,150,155
DIATSA_LOCUS5482,79,134,134,55,100,101
DIATSA_LOCUS5483,64,130,126,27,65,64
DIATSA_LOCUS5484,99,182,188,55,95,97
DIATSA_LOCUS5485,0,0,0,0,0,0
DIATSA_LOCUS5486,40,75,79,55,89,94
DIATSA_LOCUS5487,15,20,20,9,18,18
DIATSA_LOCUS5488,47,98,98,79,136,143
DIATSA_LOCUS5489,7,20,20,21,42,45
DIATSA_LOCUS549,104,183,195,21,43,44
DIATSA_LOCUS5490,5586,10709,11198,4096,8310,8665
DIATSA_LOCUS5491,0,1,1,0,1,1
DIATSA_LOCUS5492,156,301,306,92,200,210
DIATSA_LOCUS5493,19,33,34,10,38,37
DIATSA_LOCUS5494,5,6,6,5,14,15
DIATSA_LOCUS5495,6,11,12,3,10,10
DIATSA_LOCUS5496,72,119,127,28,51,52
DIATSA_LOCUS5497,133,385,390,196,464,470
DIATSA_LOCUS5498,80,180,186,87,163,168
DIATSA_LOCUS5499,466,813,843,567,1016,1060
DIATSA_LOCUS55,7,10,10,2,3,3
DIATSA_LOCUS550,0,1,1,1,2,2
DIATSA_LOCUS5500,17,30,31,12,24,25
DIATSA_LOCUS5501,1,1,1,0,0,0
DIATSA_LOCUS5502,254,554,578,254,550,568
DIATSA_LOCUS5503,41,78,82,34,56,56
DIATSA_LOCUS5504,35,50,50,37,64,67
DIATSA_LOCUS5505,0,0,0,0,0,0
DIATSA_LOCUS5506,78,129,131,81,150,153
DIATSA_LOCUS5507,29,43,45,9,29,31
DIATSA_LOCUS5508,62,114,118,45,85,89
DIATSA_LOCUS5509,58,110,113,45,71,75
DIATSA_LOCUS551,4,11,12,1,5,6
DIATSA_LOCUS5510,107,246,258,120,282,291
DIATSA_LOCUS5511,17,23,24,2,3,3
DIATSA_LOCUS5512,0,0,0,0,0,0
DIATSA_LOCUS5513,110,251,262,78,198,202
DIATSA_LOCUS5514,0,0,0,0,0,0
DIATSA_LOCUS5515,0,0,0,0,0,0
DIATSA_LOCUS5516,36,70,72,31,59,63
DIATSA_LOCUS5517,0,0,0,0,0,0
DIATSA_LOCUS5518,82,181,188,75,138,146
DIATSA_LOCUS5519,0,0,0,0,1,1
DIATSA_LOCUS552,4,11,11,15,22,23
DIATSA_LOCUS5520,0,0,0,0,0,0
DIATSA_LOCUS5521,9245,18134,18771,14596,28206,29168
DIATSA_LOCUS5522,24,47,48,12,28,29
DIATSA_LOCUS5523,12,27,27,5,9,10
DIATSA_LOCUS5524,0,0,0,0,0,0
DIATSA_LOCUS5525,372,647,666,235,452,466
DIATSA_LOCUS5526,0,1,1,0,0,0
DIATSA_LOCUS5527,192,484,495,361,892,926
DIATSA_LOCUS5528,465,941,975,597,1202,1243
DIATSA_LOCUS5529,13,35,36,15,26,26
DIATSA_LOCUS553,2,2,2,1,3,3
DIATSA_LOCUS5530,230,453,468,132,265,271
DIATSA_LOCUS5531,1,2,2,0,0,0
DIATSA_LOCUS5532,49,88,90,53,108,110
DIATSA_LOCUS5533,26,43,46,9,18,18
DIATSA_LOCUS5534,144,342,357,87,173,178
DIATSA_LOCUS5535,37,101,103,28,59,59
DIATSA_LOCUS5536,21,47,50,12,24,23
DIATSA_LOCUS5537,0,0,0,0,0,0
DIATSA_LOCUS5538,590,1306,1344,858,1816,1842
DIATSA_LOCUS5539,46,88,90,35,55,56
DIATSA_LOCUS554,0,2,2,0,1,1
DIATSA_LOCUS5540,0,0,0,0,0,0
DIATSA_LOCUS5541,411,836,863,567,1137,1167
DIATSA_LOCUS5542,70,86,88,136,202,207
DIATSA_LOCUS5543,7,13,13,3,11,11
DIATSA_LOCUS5544,121,240,249,107,237,247
DIATSA_LOCUS5545,384,651,677,196,333,344
DIATSA_LOCUS5546,78,137,139,43,75,75
DIATSA_LOCUS5547,2,5,5,2,3,3
DIATSA_LOCUS5548,20,41,45,8,18,18
DIATSA_LOCUS5549,29,58,58,6,11,12
DIATSA_LOCUS555,25,45,47,5,18,18
DIATSA_LOCUS5550,656,1213,1252,619,1281,1314
DIATSA_LOCUS5551,16,24,24,4,11,11
DIATSA_LOCUS5552,35,63,67,31,53,53
DIATSA_LOCUS5553,82,142,145,36,66,69
DIATSA_LOCUS5554,2,6,6,3,5,5
DIATSA_LOCUS5555,14,42,43,22,47,49
DIATSA_LOCUS5556,0,0,0,0,0,0
DIATSA_LOCUS5557,5,9,10,10,15,15
DIATSA_LOCUS5558,0,0,0,0,0,0
DIATSA_LOCUS5559,7,15,14,2,12,12
DIATSA_LOCUS556,0,0,0,0,0,0
DIATSA_LOCUS5560,19,42,43,8,23,24
DIATSA_LOCUS5561,3,6,7,5,12,13
DIATSA_LOCUS5562,2,9,10,2,10,10
DIATSA_LOCUS5563,171,409,421,127,259,264
DIATSA_LOCUS5564,1,1,1,3,4,4
DIATSA_LOCUS5565,0,0,0,0,0,0
DIATSA_LOCUS5566,47,99,105,32,76,82
DIATSA_LOCUS5567,1,1,1,0,0,0
DIATSA_LOCUS5568,28,46,46,29,57,59
DIATSA_LOCUS5569,85,151,155,51,90,93
DIATSA_LOCUS557,0,0,0,1,1,1
DIATSA_LOCUS5570,30,68,70,11,24,28
DIATSA_LOCUS5571,2,3,3,1,1,1
DIATSA_LOCUS5572,0,2,2,1,2,3
DIATSA_LOCUS5573,52,86,88,26,50,51
DIATSA_LOCUS5574,237,370,377,311,565,574
DIATSA_LOCUS5575,210,378,391,235,409,422
DIATSA_LOCUS5576,21,56,56,44,79,81
DIATSA_LOCUS5577,0,0,0,0,0,0
DIATSA_LOCUS5578,163,278,284,143,265,277
DIATSA_LOCUS5579,97,196,199,103,218,224
DIATSA_LOCUS558,0,0,0,0,0,0
DIATSA_LOCUS5580,37,80,85,19,30,32
DIATSA_LOCUS5581,241,471,480,183,342,349
DIATSA_LOCUS5582,0,0,0,0,0,0
DIATSA_LOCUS5583,241,470,479,208,437,449
DIATSA_LOCUS5584,0,0,0,1,1,1
DIATSA_LOCUS5585,1,6,6,0,2,2
DIATSA_LOCUS5586,824,1328,1363,519,952,988
DIATSA_LOCUS5587,46,88,91,26,64,66
DIATSA_LOCUS5588,338,840,890,378,911,950
DIATSA_LOCUS5589,126,290,302,117,317,323
DIATSA_LOCUS559,29,58,58,13,26,24
DIATSA_LOCUS5590,0,0,0,0,0,0
DIATSA_LOCUS5591,22,51,53,15,33,32
DIATSA_LOCUS5592,948,1676,1733,848,1552,1608
DIATSA_LOCUS5593,31,65,65,34,82,86
DIATSA_LOCUS5594,1629,2615,2711,2454,4187,4332
DIATSA_LOCUS5595,50,105,110,27,60,65
DIATSA_LOCUS5596,63,124,126,22,46,48
DIATSA_LOCUS5597,149,260,271,54,92,102
DIATSA_LOCUS5598,13,26,25,20,38,35
DIATSA_LOCUS5599,206,419,430,184,405,422
DIATSA_LOCUS56,7,11,12,6,15,15
DIATSA_LOCUS560,103,184,189,92,206,209
DIATSA_LOCUS5600,433,784,811,512,944,973
DIATSA_LOCUS5601,53,107,112,48,78,79
DIATSA_LOCUS5602,101,210,214,71,139,149
DIATSA_LOCUS5603,0,1,1,0,0,0
DIATSA_LOCUS5604,0,0,0,0,0,0
DIATSA_LOCUS5605,0,0,0,0,0,0
DIATSA_LOCUS5606,0,0,0,1,2,2
DIATSA_LOCUS5607,0,9,9,1,16,17
DIATSA_LOCUS5608,17,28,29,12,24,24
DIATSA_LOCUS5609,145,224,237,71,140,157
DIATSA_LOCUS561,55,114,116,56,118,120
DIATSA_LOCUS5610,0,0,0,0,0,0
DIATSA_LOCUS5611,0,0,0,0,0,0
DIATSA_LOCUS5612,0,0,0,0,0,0
DIATSA_LOCUS5613,1,2,2,1,1,1
DIATSA_LOCUS5614,3,5,5,521,1605,1661
DIATSA_LOCUS5615,0,0,0,66,101,102
DIATSA_LOCUS5616,0,0,0,18,26,27
DIATSA_LOCUS5617,180,346,359,168,358,376
DIATSA_LOCUS5618,23,40,40,29,61,61
DIATSA_LOCUS5619,148,318,325,170,348,357
DIATSA_LOCUS562,1121,1903,1973,584,1051,1086
DIATSA_LOCUS5620,7,12,12,4,14,16
DIATSA_LOCUS5621,0,0,0,0,0,0
DIATSA_LOCUS5622,16,26,28,13,25,26
DIATSA_LOCUS5623,59,95,99,24,49,49
DIATSA_LOCUS5624,0,0,0,0,0,0
DIATSA_LOCUS5625,443,1036,1117,613,1373,1499
DIATSA_LOCUS5626,57,105,106,49,99,99
DIATSA_LOCUS5627,1488,3041,3121,551,1122,1157
DIATSA_LOCUS5628,19,35,36,25,46,48
DIATSA_LOCUS5629,10,18,19,14,26,26
DIATSA_LOCUS563,211,382,401,104,185,193
DIATSA_LOCUS5630,42,82,85,33,50,53
DIATSA_LOCUS5631,93,190,195,103,219,226
DIATSA_LOCUS5632,12,25,26,5,11,9
DIATSA_LOCUS5633,574,1145,1177,533,1048,1098
DIATSA_LOCUS5634,5,13,13,3,7,9
DIATSA_LOCUS5635,224,447,468,247,486,497
DIATSA_LOCUS5636,414,800,837,401,900,923
DIATSA_LOCUS5637,1071,1896,1975,1095,1999,2083
DIATSA_LOCUS5638,1,3,4,2,4,5
DIATSA_LOCUS5639,210,362,379,126,231,238
DIATSA_LOCUS564,3,2,2,1,1,1
DIATSA_LOCUS5640,266,511,521,192,379,386
DIATSA_LOCUS5641,99,206,213,100,234,249
DIATSA_LOCUS5642,20,33,33,23,55,58
DIATSA_LOCUS5643,426,825,862,293,457,472
DIATSA_LOCUS5644,81,183,184,88,165,170
DIATSA_LOCUS5645,105,196,202,104,187,196
DIATSA_LOCUS5646,14,36,37,11,36,36
DIATSA_LOCUS5647,0,0,0,0,0,0
DIATSA_LOCUS5648,168,306,319,213,443,453
DIATSA_LOCUS5649,373,756,780,495,1101,1144
DIATSA_LOCUS565,2575,5067,5218,4020,7756,8012
DIATSA_LOCUS5650,62,137,145,27,59,60
DIATSA_LOCUS5651,92,200,207,74,125,130
DIATSA_LOCUS5652,47,114,117,12,34,35
DIATSA_LOCUS5653,41,63,64,15,23,23
DIATSA_LOCUS5654,22,34,36,9,33,34
DIATSA_LOCUS5655,131,264,278,80,156,163
DIATSA_LOCUS5656,62,127,130,59,113,121
DIATSA_LOCUS5657,45,126,129,77,185,190
DIATSA_LOCUS5658,399,796,822,426,887,921
DIATSA_LOCUS5659,11,15,15,4,7,8
DIATSA_LOCUS566,20,41,41,15,20,21
DIATSA_LOCUS5660,0,0,0,0,1,1
DIATSA_LOCUS5661,17,32,33,8,10,10
DIATSA_LOCUS5662,88,153,157,41,60,60
DIATSA_LOCUS5663,22,39,38,9,22,24
DIATSA_LOCUS5664,9192,16088,16607,13363,23125,23770
DIATSA_LOCUS5665,141,249,252,56,110,116
DIATSA_LOCUS5666,13,22,22,16,33,33
DIATSA_LOCUS5667,47,91,92,49,102,103
DIATSA_LOCUS5668,2,4,4,2,7,7
DIATSA_LOCUS5669,124,248,263,102,203,214
DIATSA_LOCUS567,1,5,5,4,9,9
DIATSA_LOCUS5670,34,63,68,17,44,48
DIATSA_LOCUS5671,3,8,8,3,7,8
DIATSA_LOCUS5672,0,0,0,0,0,0
DIATSA_LOCUS5673,0,0,0,0,0,0
DIATSA_LOCUS5674,37,125,137,43,164,172
DIATSA_LOCUS5675,71,106,108,146,242,252
DIATSA_LOCUS5676,0,0,0,0,0,0
DIATSA_LOCUS5677,19,39,43,15,35,37
DIATSA_LOCUS5678,6,13,13,4,8,8
DIATSA_LOCUS5679,1,3,3,2,7,7
DIATSA_LOCUS568,38,74,79,33,61,61
DIATSA_LOCUS5680,1,4,4,1,3,3
DIATSA_LOCUS5681,2,2,3,1,2,2
DIATSA_LOCUS5682,385,839,865,518,1049,1089
DIATSA_LOCUS5683,49,107,113,15,24,26
DIATSA_LOCUS5684,312,634,649,439,891,923
DIATSA_LOCUS5685,4,5,5,3,5,5
DIATSA_LOCUS5686,0,0,0,0,0,0
DIATSA_LOCUS5687,234,333,341,96,157,170
DIATSA_LOCUS5688,50,75,76,11,20,20
DIATSA_LOCUS5689,514,711,730,224,298,303
DIATSA_LOCUS569,111,218,227,27,54,55
DIATSA_LOCUS5690,630,939,963,370,524,537
DIATSA_LOCUS5691,695,1368,1426,708,1463,1501
DIATSA_LOCUS5692,3,7,8,1,0,0
DIATSA_LOCUS5693,0,0,0,1,1,1
DIATSA_LOCUS5694,2,2,2,0,0,0
DIATSA_LOCUS5695,0,0,0,0,0,0
DIATSA_LOCUS5696,0,2,2,1,2,2
DIATSA_LOCUS5697,3,7,7,2,3,3
DIATSA_LOCUS5698,3,4,4,2,3,3
DIATSA_LOCUS5699,57,100,102,34,72,73
DIATSA_LOCUS57,5,18,21,3,5,5
DIATSA_LOCUS570,3,18,18,2,15,17
DIATSA_LOCUS5700,44,117,121,35,94,98
DIATSA_LOCUS5701,82,182,190,67,162,169
DIATSA_LOCUS5702,0,4,4,11,16,16
DIATSA_LOCUS5703,9,18,19,12,21,21
DIATSA_LOCUS5704,38,76,79,36,75,77
DIATSA_LOCUS5705,60,120,128,54,115,123
DIATSA_LOCUS5706,16,41,42,25,44,46
DIATSA_LOCUS5707,13,20,20,9,17,17
DIATSA_LOCUS5708,121,264,273,129,269,279
DIATSA_LOCUS5709,22,51,52,7,8,8
DIATSA_LOCUS571,0,0,0,0,0,0
DIATSA_LOCUS5710,743,1394,1463,525,1037,1095
DIATSA_LOCUS5711,89,204,208,208,373,383
DIATSA_LOCUS5712,97,154,164,78,125,126
DIATSA_LOCUS5713,0,0,0,0,0,0
DIATSA_LOCUS5714,336,547,565,2867,4418,4548
DIATSA_LOCUS5715,25,39,40,31,59,62
DIATSA_LOCUS5716,70,150,154,83,174,184
DIATSA_LOCUS5717,0,0,0,0,0,0
DIATSA_LOCUS5718,196,386,407,45,102,111
DIATSA_LOCUS5719,532,1050,1081,277,661,695
DIATSA_LOCUS572,0,0,0,0,0,0
DIATSA_LOCUS5720,1687,3891,4044,3210,7035,7359
DIATSA_LOCUS5721,35,81,83,32,59,60
DIATSA_LOCUS5722,193,410,417,219,402,423
DIATSA_LOCUS5723,39,84,85,18,38,42
DIATSA_LOCUS5724,0,0,0,0,0,0
DIATSA_LOCUS5725,13,17,18,18,28,28
DIATSA_LOCUS5726,0,0,0,0,0,0
DIATSA_LOCUS5727,22,45,47,35,76,78
DIATSA_LOCUS5728,1,3,3,0,1,1
DIATSA_LOCUS5729,2,4,4,4,7,7
DIATSA_LOCUS573,0,0,0,0,0,0
DIATSA_LOCUS5730,1140,2354,2493,1221,2644,2819
DIATSA_LOCUS5731,35,80,81,27,66,70
DIATSA_LOCUS5732,227,550,570,222,577,599
DIATSA_LOCUS5733,448,908,932,600,1208,1247
DIATSA_LOCUS5734,141,299,319,135,305,317
DIATSA_LOCUS5735,0,1,1,0,0,0
DIATSA_LOCUS5736,23,46,50,31,68,69
DIATSA_LOCUS5737,121,289,305,131,280,294
DIATSA_LOCUS5738,17,26,26,16,33,32
DIATSA_LOCUS5739,22,58,62,15,29,29
DIATSA_LOCUS574,0,0,0,0,0,0
DIATSA_LOCUS5740,18,31,33,18,31,32
DIATSA_LOCUS5741,481,901,938,527,994,1023
DIATSA_LOCUS5742,26,48,47,16,35,37
DIATSA_LOCUS5743,1,3,3,0,1,1
DIATSA_LOCUS5744,0,0,0,0,0,0
DIATSA_LOCUS5745,0,0,0,0,0,0
DIATSA_LOCUS5746,730,1565,1636,521,1164,1203
DIATSA_LOCUS5747,33,45,48,15,33,33
DIATSA_LOCUS5748,87,180,183,81,197,205
DIATSA_LOCUS5749,442,797,840,160,303,323
DIATSA_LOCUS575,0,0,0,0,0,0
DIATSA_LOCUS5750,500,1203,1261,447,1018,1056
DIATSA_LOCUS5751,18,41,43,11,36,38
DIATSA_LOCUS5752,5,8,8,2,2,2
DIATSA_LOCUS5753,1,2,2,0,2,2
DIATSA_LOCUS5754,517,991,1030,537,940,977
DIATSA_LOCUS5755,1692,2957,3050,5296,9479,9843
DIATSA_LOCUS5756,12,28,28,4,10,12
DIATSA_LOCUS5757,9,28,27,5,12,12
DIATSA_LOCUS5758,0,0,0,0,0,0
DIATSA_LOCUS5759,0,0,0,0,0,0
DIATSA_LOCUS576,0,0,0,0,0,0
DIATSA_LOCUS5760,23,40,40,20,35,38
DIATSA_LOCUS5761,7,8,9,18,23,25
DIATSA_LOCUS5762,0,1,1,1,3,2
DIATSA_LOCUS5763,1,1,1,1,5,6
DIATSA_LOCUS5764,0,2,2,0,1,1
DIATSA_LOCUS5765,193,338,350,136,237,247
DIATSA_LOCUS5766,34,97,97,7,26,27
DIATSA_LOCUS5767,1185,2296,2392,1129,2238,2305
DIATSA_LOCUS5768,583,1152,1180,632,1270,1304
DIATSA_LOCUS5769,20,38,38,26,50,51
DIATSA_LOCUS577,0,0,0,0,0,0
DIATSA_LOCUS5770,5,11,11,8,11,11
DIATSA_LOCUS5771,371,794,812,220,456,469
DIATSA_LOCUS5772,34,63,65,15,24,25
DIATSA_LOCUS5773,507,1126,1185,573,1390,1449
DIATSA_LOCUS5774,13,17,17,3,11,11
DIATSA_LOCUS5775,18,49,51,23,30,33
DIATSA_LOCUS5776,16,43,43,26,68,71
DIATSA_LOCUS5777,35,85,87,36,70,73
DIATSA_LOCUS5778,24,39,43,17,19,19
DIATSA_LOCUS5779,0,0,0,0,0,0
DIATSA_LOCUS578,0,0,0,0,0,0
DIATSA_LOCUS5780,1,2,2,0,0,0
DIATSA_LOCUS5781,0,2,2,0,0,0
DIATSA_LOCUS5782,0,0,0,0,0,0
DIATSA_LOCUS5783,5,5,6,5,8,8
DIATSA_LOCUS5784,105,223,231,46,96,99
DIATSA_LOCUS5785,113,268,289,144,306,317
DIATSA_LOCUS5786,4,19,19,4,12,12
DIATSA_LOCUS5787,93,157,162,46,81,81
DIATSA_LOCUS5788,34,65,67,22,35,39
DIATSA_LOCUS5789,1,5,7,1,5,5
DIATSA_LOCUS579,0,0,0,0,0,0
DIATSA_LOCUS5790,34,70,72,20,36,38
DIATSA_LOCUS5791,0,1,1,5,7,7
DIATSA_LOCUS5792,11,20,20,18,32,35
DIATSA_LOCUS5793,7,12,12,4,6,6
DIATSA_LOCUS5794,31,55,56,13,20,21
DIATSA_LOCUS5795,176,317,325,86,136,142
DIATSA_LOCUS5796,42,98,99,18,37,42
DIATSA_LOCUS5797,118,239,243,159,355,369
DIATSA_LOCUS5798,5372,8322,8587,7265,11420,11770
DIATSA_LOCUS5799,255,555,576,282,645,658
DIATSA_LOCUS58,1,2,3,0,3,3
DIATSA_LOCUS580,2,3,3,1,4,4
DIATSA_LOCUS5800,5,15,15,6,17,18
DIATSA_LOCUS5801,125,253,257,131,252,257
DIATSA_LOCUS5802,196,465,481,174,409,415
DIATSA_LOCUS5803,61,146,144,69,157,170
DIATSA_LOCUS5804,0,0,0,0,0,0
DIATSA_LOCUS5805,0,0,0,0,0,0
DIATSA_LOCUS5806,15,45,46,8,17,19
DIATSA_LOCUS5807,28,50,52,7,21,21
DIATSA_LOCUS5808,19,46,47,27,55,55
DIATSA_LOCUS5809,27,59,60,12,25,26
DIATSA_LOCUS581,0,1,1,0,0,0
DIATSA_LOCUS5810,2,4,4,0,2,2
DIATSA_LOCUS5811,4,6,6,1,3,3
DIATSA_LOCUS5812,1,7,6,0,1,1
DIATSA_LOCUS5813,0,1,1,0,1,1
DIATSA_LOCUS5814,2,3,3,0,0,0
DIATSA_LOCUS5815,0,2,2,0,0,0
DIATSA_LOCUS5816,1,2,3,0,0,0
DIATSA_LOCUS5817,6,7,7,0,1,1
DIATSA_LOCUS5818,0,5,6,3,10,9
DIATSA_LOCUS5819,58,90,93,54,94,99
DIATSA_LOCUS582,0,0,0,0,0,0
DIATSA_LOCUS5820,7,9,9,3,3,3
DIATSA_LOCUS5821,248,548,563,233,556,574
DIATSA_LOCUS5822,13,23,26,7,11,11
DIATSA_LOCUS5823,7068,13297,13728,10185,19659,20404
DIATSA_LOCUS5824,1268,2742,2803,1875,3992,4114
DIATSA_LOCUS5825,1,4,4,4,5,5
DIATSA_LOCUS5826,1775,3464,3572,1576,3155,3264
DIATSA_LOCUS5827,33,68,71,12,23,23
DIATSA_LOCUS5828,56,89,98,65,111,120
DIATSA_LOCUS5829,11,23,23,14,18,19
DIATSA_LOCUS583,0,0,0,0,0,0
DIATSA_LOCUS5830,6,9,7,1,3,3
DIATSA_LOCUS5831,293,535,561,399,747,785
DIATSA_LOCUS5832,153,398,412,163,442,466
DIATSA_LOCUS5833,22,45,43,9,26,26
DIATSA_LOCUS5834,35,76,75,41,60,62
DIATSA_LOCUS5835,268,485,512,151,292,311
DIATSA_LOCUS5836,2955,5502,5650,8186,15060,15522
DIATSA_LOCUS5837,0,0,0,0,1,1
DIATSA_LOCUS5838,1,2,3,0,2,3
DIATSA_LOCUS5839,2,3,4,1,3,3
DIATSA_LOCUS584,0,0,0,0,0,0
DIATSA_LOCUS5840,0,0,0,0,0,0
DIATSA_LOCUS5841,6,15,16,3,8,8
DIATSA_LOCUS5842,66,119,126,66,135,142
DIATSA_LOCUS5843,4254,6679,6948,4258,6948,7225
DIATSA_LOCUS5844,23,52,54,14,29,31
DIATSA_LOCUS5845,127,221,234,70,142,144
DIATSA_LOCUS5846,325,569,592,171,315,322
DIATSA_LOCUS5847,0,0,0,0,0,0
DIATSA_LOCUS5848,15,25,25,5,10,12
DIATSA_LOCUS5849,0,0,0,2,2,2
DIATSA_LOCUS585,0,0,0,0,0,0
DIATSA_LOCUS5850,40,59,62,33,55,56
DIATSA_LOCUS5851,0,3,3,1,1,1
DIATSA_LOCUS5852,11,20,20,5,7,7
DIATSA_LOCUS5853,245,389,402,194,349,353
DIATSA_LOCUS5854,0,0,0,0,0,0
DIATSA_LOCUS5855,0,0,0,0,0,0
DIATSA_LOCUS5856,0,0,0,0,0,0
DIATSA_LOCUS5857,0,0,0,0,0,0
DIATSA_LOCUS5858,0,0,0,0,0,0
DIATSA_LOCUS5859,150,232,245,203,350,367
DIATSA_LOCUS586,0,0,0,0,0,0
DIATSA_LOCUS5860,12,16,18,14,19,19
DIATSA_LOCUS5861,2,2,2,3,4,4
DIATSA_LOCUS5862,17,44,48,21,43,42
DIATSA_LOCUS5863,118,207,215,103,216,225
DIATSA_LOCUS5864,138,258,263,142,284,293
DIATSA_LOCUS5865,682,1280,1318,832,1563,1616
DIATSA_LOCUS5866,6,15,18,6,8,8
DIATSA_LOCUS5867,3,2,2,2,3,3
DIATSA_LOCUS5868,1,1,1,1,1,1
DIATSA_LOCUS5869,1,2,2,1,2,2
DIATSA_LOCUS587,0,0,0,0,0,0
DIATSA_LOCUS5870,318,660,685,254,511,530
DIATSA_LOCUS5871,4,13,13,9,22,22
DIATSA_LOCUS5872,6,7,7,5,9,9
DIATSA_LOCUS5873,23,38,41,44,77,77
DIATSA_LOCUS5874,32,75,78,53,124,126
DIATSA_LOCUS5875,69,133,137,55,109,114
DIATSA_LOCUS5876,1,3,3,3,8,8
DIATSA_LOCUS5877,7,16,13,4,7,6
DIATSA_LOCUS5878,2,3,3,2,3,2
DIATSA_LOCUS5879,134,277,287,126,228,234
DIATSA_LOCUS588,0,0,0,0,0,0
DIATSA_LOCUS5880,609,1081,1117,918,1614,1672
DIATSA_LOCUS5881,235,504,521,236,465,479
DIATSA_LOCUS5882,0,0,0,3,3,4
DIATSA_LOCUS5883,15,29,29,7,14,15
DIATSA_LOCUS5884,83,147,147,74,144,148
DIATSA_LOCUS5885,39,89,92,18,39,43
DIATSA_LOCUS5886,2,5,5,4,5,4
DIATSA_LOCUS5887,0,0,0,0,0,0
DIATSA_LOCUS5888,0,0,0,0,0,0
DIATSA_LOCUS5889,4,6,7,4,6,7
DIATSA_LOCUS589,0,0,0,0,0,0
DIATSA_LOCUS5890,0,0,0,0,0,0
DIATSA_LOCUS5891,136,267,277,84,156,161
DIATSA_LOCUS5892,161,343,357,126,276,287
DIATSA_LOCUS5893,23,58,59,40,58,60
DIATSA_LOCUS5894,56,134,136,58,132,140
DIATSA_LOCUS5895,80,148,150,55,105,110
DIATSA_LOCUS5896,458,979,1033,578,1222,1284
DIATSA_LOCUS5897,713,1466,1513,694,1393,1432
DIATSA_LOCUS5898,0,0,0,0,0,0
DIATSA_LOCUS5899,35,73,78,31,70,72
DIATSA_LOCUS59,2,2,2,3,4,4
DIATSA_LOCUS590,0,0,0,0,0,0
DIATSA_LOCUS5900,59,114,123,79,135,134
DIATSA_LOCUS5901,42,91,95,18,36,37
DIATSA_LOCUS5902,0,0,0,0,0,0
DIATSA_LOCUS5903,4,4,4,4,9,11
DIATSA_LOCUS5904,3,5,5,10,23,23
DIATSA_LOCUS5905,3,5,4,3,7,7
DIATSA_LOCUS5906,0,0,0,0,0,0
DIATSA_LOCUS5907,144,267,277,74,138,144
DIATSA_LOCUS5908,0,0,0,0,0,0
DIATSA_LOCUS5909,13,21,20,21,41,43
DIATSA_LOCUS591,0,0,0,0,0,0
DIATSA_LOCUS5910,0,0,0,0,0,0
DIATSA_LOCUS5911,37,68,68,53,96,101
DIATSA_LOCUS5912,5,10,9,1,6,6
DIATSA_LOCUS5913,0,0,0,0,0,0
DIATSA_LOCUS5914,0,0,0,0,1,1
DIATSA_LOCUS5915,42,78,81,23,41,40
DIATSA_LOCUS5916,1,14,14,3,9,10
DIATSA_LOCUS5917,2,3,3,0,3,3
DIATSA_LOCUS5918,0,0,0,0,0,0
DIATSA_LOCUS5919,0,0,0,0,0,0
DIATSA_LOCUS592,0,0,0,0,0,0
DIATSA_LOCUS5920,0,2,2,2,2,2
DIATSA_LOCUS5921,6,12,12,5,10,10
DIATSA_LOCUS5922,10,22,22,16,26,27
DIATSA_LOCUS5923,1,2,2,0,0,0
DIATSA_LOCUS5924,18,25,26,12,30,32
DIATSA_LOCUS5925,43,73,73,80,157,162
DIATSA_LOCUS5926,11,22,22,13,35,32
DIATSA_LOCUS5927,199,436,448,189,397,415
DIATSA_LOCUS5928,92,202,203,118,247,250
DIATSA_LOCUS5929,189,371,386,50,90,92
DIATSA_LOCUS593,0,0,0,0,0,0
DIATSA_LOCUS5930,202,372,389,146,261,274
DIATSA_LOCUS5931,48,94,96,8,30,32
DIATSA_LOCUS5932,2,4,4,2,4,4
DIATSA_LOCUS5933,0,0,0,2,3,3
DIATSA_LOCUS5934,0,0,0,0,0,0
DIATSA_LOCUS5935,0,0,0,0,1,1
DIATSA_LOCUS5936,0,0,0,0,0,0
DIATSA_LOCUS5937,2,3,3,0,3,3
DIATSA_LOCUS5938,19,40,40,15,26,26
DIATSA_LOCUS5939,1,5,5,0,0,1
DIATSA_LOCUS594,0,0,0,0,0,0
DIATSA_LOCUS5940,124,229,236,128,219,236
DIATSA_LOCUS5941,28,55,56,30,56,56
DIATSA_LOCUS5942,13,15,16,12,18,19
DIATSA_LOCUS5943,0,0,0,0,0,0
DIATSA_LOCUS5944,65,143,147,31,68,71
DIATSA_LOCUS5945,93,212,218,63,160,165
DIATSA_LOCUS5946,24,49,50,22,39,40
DIATSA_LOCUS5947,285,522,545,260,490,507
DIATSA_LOCUS5948,64,125,129,50,100,100
DIATSA_LOCUS5949,187,343,351,123,221,226
DIATSA_LOCUS595,2,2,2,0,0,0
DIATSA_LOCUS5950,18,24,24,15,22,21
DIATSA_LOCUS5951,0,2,2,1,4,4
DIATSA_LOCUS5952,0,0,0,0,0,0
DIATSA_LOCUS5953,7,13,15,2,3,3
DIATSA_LOCUS5954,2,3,4,2,3,3
DIATSA_LOCUS5955,12,15,15,6,11,11
DIATSA_LOCUS5956,19,27,27,9,15,17
DIATSA_LOCUS5957,1,8,8,2,21,21
DIATSA_LOCUS5958,0,1,1,6,6,6
DIATSA_LOCUS5959,0,0,0,0,0,0
DIATSA_LOCUS596,0,0,0,0,0,0
DIATSA_LOCUS5960,0,0,0,0,0,0
DIATSA_LOCUS5961,0,1,0,0,0,0
DIATSA_LOCUS5962,0,0,0,0,0,0
DIATSA_LOCUS5963,4,11,11,4,7,7
DIATSA_LOCUS5964,47,76,76,10,21,22
DIATSA_LOCUS5965,3212,5470,5650,1378,2451,2530
DIATSA_LOCUS5966,9,14,14,8,14,14
DIATSA_LOCUS5967,15,29,32,11,25,25
DIATSA_LOCUS5968,0,1,1,0,0,0
DIATSA_LOCUS5969,0,0,0,0,0,0
DIATSA_LOCUS597,23,53,55,32,67,67
DIATSA_LOCUS5970,3,5,5,6,11,11
DIATSA_LOCUS5971,0,0,0,0,0,0
DIATSA_LOCUS5972,0,0,0,0,0,0
DIATSA_LOCUS5973,233,410,424,159,309,321
DIATSA_LOCUS5974,30,53,54,12,33,33
DIATSA_LOCUS5975,34,59,58,29,66,65
DIATSA_LOCUS5976,20,37,37,7,19,19
DIATSA_LOCUS5977,20,58,60,18,39,42
DIATSA_LOCUS5978,891,1681,1749,861,1840,1900
DIATSA_LOCUS5979,6,12,11,1,6,7
DIATSA_LOCUS598,185,442,461,85,245,247
DIATSA_LOCUS5980,259,533,549,247,500,523
DIATSA_LOCUS5981,43,92,94,9,23,23
DIATSA_LOCUS5982,0,0,0,0,0,0
DIATSA_LOCUS5983,1,1,2,1,1,1
DIATSA_LOCUS5984,30,92,96,39,72,73
DIATSA_LOCUS5985,11,19,19,5,9,9
DIATSA_LOCUS5986,163,312,326,65,132,134
DIATSA_LOCUS5987,101,218,229,112,238,243
DIATSA_LOCUS5988,0,0,0,0,0,0
DIATSA_LOCUS5989,75,201,204,116,281,294
DIATSA_LOCUS599,10761,17977,18604,16280,28102,29057
DIATSA_LOCUS5990,52,103,108,72,145,147
DIATSA_LOCUS5991,286,512,525,240,442,448
DIATSA_LOCUS5992,70,124,126,89,181,185
DIATSA_LOCUS5993,84,176,177,89,220,229
DIATSA_LOCUS5994,66,124,119,118,202,204
DIATSA_LOCUS5995,349,594,613,882,1544,1603
DIATSA_LOCUS5996,31,74,79,80,170,174
DIATSA_LOCUS5997,695,1453,1510,657,1404,1451
DIATSA_LOCUS5998,260,526,547,343,823,845
DIATSA_LOCUS5999,11,23,25,9,20,21
DIATSA_LOCUS6,1,0,0,0,0,0
DIATSA_LOCUS60,2,2,2,2,2,2
DIATSA_LOCUS600,61,99,100,14,31,34
DIATSA_LOCUS6000,43,96,99,58,134,144
DIATSA_LOCUS6001,2,2,2,1,5,5
DIATSA_LOCUS6002,0,0,0,0,1,1
DIATSA_LOCUS6003,15,33,32,23,45,45
DIATSA_LOCUS6004,11,38,39,29,64,64
DIATSA_LOCUS6005,2,15,15,12,43,47
DIATSA_LOCUS6006,508,755,778,701,1129,1166
DIATSA_LOCUS6007,872,1741,1807,1002,2011,2110
DIATSA_LOCUS6008,43,80,83,17,27,27
DIATSA_LOCUS6009,17,50,54,25,41,42
DIATSA_LOCUS601,38,79,80,47,85,88
DIATSA_LOCUS6010,223,403,416,260,500,516
DIATSA_LOCUS6011,1048,1976,2037,1106,2131,2207
DIATSA_LOCUS6012,1502,2959,3071,1200,2310,2415
DIATSA_LOCUS6013,142,296,305,113,234,248
DIATSA_LOCUS6014,25,54,59,23,56,58
DIATSA_LOCUS6015,13615,23782,24772,15254,27457,28514
DIATSA_LOCUS6016,14,28,30,14,26,26
DIATSA_LOCUS6017,493,999,1035,399,865,893
DIATSA_LOCUS6018,70,143,148,42,73,75
DIATSA_LOCUS6019,3,9,9,0,1,1
DIATSA_LOCUS602,9,15,15,6,7,7
DIATSA_LOCUS6020,0,0,0,0,0,0
DIATSA_LOCUS6021,998,1866,1942,959,1817,1881
DIATSA_LOCUS6022,812,1666,1723,873,2045,2101
DIATSA_LOCUS6023,55,94,97,29,44,43
DIATSA_LOCUS6024,32,52,54,29,48,50
DIATSA_LOCUS6025,168,287,295,88,162,167
DIATSA_LOCUS6026,0,0,0,0,0,0
DIATSA_LOCUS6027,45,98,100,20,47,47
DIATSA_LOCUS6028,90,188,193,120,223,230
DIATSA_LOCUS6029,345,722,744,477,982,1017
DIATSA_LOCUS603,60,98,104,46,81,84
DIATSA_LOCUS6030,21,58,62,22,54,53
DIATSA_LOCUS6031,103,205,213,73,144,149
DIATSA_LOCUS6032,9,21,21,27,44,45
DIATSA_LOCUS6033,12,31,33,9,16,17
DIATSA_LOCUS6034,135,243,249,104,218,222
DIATSA_LOCUS6035,268,581,604,291,693,709
DIATSA_LOCUS6036,412,794,828,136,253,261
DIATSA_LOCUS6037,13,33,33,21,42,44
DIATSA_LOCUS6038,24,60,62,15,25,25
DIATSA_LOCUS6039,5,14,14,5,7,7
DIATSA_LOCUS604,91,181,188,24,60,61
DIATSA_LOCUS6040,0,0,0,0,0,0
DIATSA_LOCUS6041,0,0,0,0,0,0
DIATSA_LOCUS6042,0,0,0,0,0,0
DIATSA_LOCUS6043,0,0,0,0,0,0
DIATSA_LOCUS6044,0,0,0,0,0,0
DIATSA_LOCUS6045,58,128,129,102,205,214
DIATSA_LOCUS6046,2,6,6,0,3,3
DIATSA_LOCUS6047,12,19,20,11,26,27
DIATSA_LOCUS6048,12,43,47,16,47,48
DIATSA_LOCUS6049,53,110,115,43,108,110
DIATSA_LOCUS605,0,0,0,0,0,0
DIATSA_LOCUS6050,13,20,21,9,27,27
DIATSA_LOCUS6051,2,4,4,0,1,1
DIATSA_LOCUS6052,5,6,6,1,6,6
DIATSA_LOCUS6053,12,20,21,19,32,33
DIATSA_LOCUS6054,3,4,4,1,1,2
DIATSA_LOCUS6055,0,0,0,0,0,0
DIATSA_LOCUS6056,0,0,0,0,0,0
DIATSA_LOCUS6057,0,0,0,0,0,0
DIATSA_LOCUS6058,1,1,1,0,0,0
DIATSA_LOCUS6059,0,0,0,0,0,0
DIATSA_LOCUS606,184,332,342,164,298,313
DIATSA_LOCUS6060,0,0,0,0,0,0
DIATSA_LOCUS6061,237,630,653,243,654,679
DIATSA_LOCUS6062,7,14,15,9,11,11
DIATSA_LOCUS6063,26,45,45,44,86,90
DIATSA_LOCUS6064,45,105,112,26,46,47
DIATSA_LOCUS6065,0,5,5,2,7,7
DIATSA_LOCUS6066,227,553,536,282,638,662
DIATSA_LOCUS6067,0,0,0,0,0,0
DIATSA_LOCUS6068,70,138,146,22,44,45
DIATSA_LOCUS6069,28,78,80,27,68,73
DIATSA_LOCUS607,1,2,3,1,1,1
DIATSA_LOCUS6070,383,861,922,373,865,932
DIATSA_LOCUS6071,18,33,32,13,16,17
DIATSA_LOCUS6072,158,291,301,87,142,148
DIATSA_LOCUS6073,11,16,16,4,7,7
DIATSA_LOCUS6074,126,244,248,62,122,129
DIATSA_LOCUS6075,85,140,144,86,146,153
DIATSA_LOCUS6076,205,412,422,243,493,511
DIATSA_LOCUS6077,158,325,335,80,160,167
DIATSA_LOCUS6078,0,0,0,0,0,0
DIATSA_LOCUS6079,272,567,598,210,423,437
DIATSA_LOCUS608,9,15,16,3,5,5
DIATSA_LOCUS6080,40,76,79,33,50,51
DIATSA_LOCUS6081,0,2,2,0,0,0
DIATSA_LOCUS6082,192,391,410,68,154,169
DIATSA_LOCUS6083,82,144,151,41,73,77
DIATSA_LOCUS6084,40,87,91,17,37,38
DIATSA_LOCUS6085,7,44,45,22,35,39
DIATSA_LOCUS6086,52,105,107,57,114,114
DIATSA_LOCUS6087,6,10,11,7,19,20
DIATSA_LOCUS6088,1,1,1,0,1,1
DIATSA_LOCUS6089,8,11,13,7,9,9
DIATSA_LOCUS609,26,64,66,27,66,70
DIATSA_LOCUS6090,21,29,29,13,31,33
DIATSA_LOCUS6091,175,295,300,125,233,244
DIATSA_LOCUS6092,0,0,0,0,0,0
DIATSA_LOCUS6093,0,1,1,0,1,1
DIATSA_LOCUS6094,41,82,82,70,160,163
DIATSA_LOCUS6095,27,68,70,22,72,78
DIATSA_LOCUS6096,668,1322,1362,647,1116,1149
DIATSA_LOCUS6097,1924,3769,3947,1381,2758,2880
DIATSA_LOCUS6098,3,4,4,0,1,1
DIATSA_LOCUS6099,14,25,26,4,14,13
DIATSA_LOCUS61,3,6,7,2,5,5
DIATSA_LOCUS610,12,21,21,5,8,9
DIATSA_LOCUS6100,25,54,54,10,17,18
DIATSA_LOCUS6101,0,0,0,0,0,0
DIATSA_LOCUS6102,0,0,0,0,0,0
DIATSA_LOCUS6103,3,5,5,4,5,5
DIATSA_LOCUS6104,61,124,129,19,41,42
DIATSA_LOCUS6105,10,24,24,9,29,28
DIATSA_LOCUS6106,0,0,0,0,0,0
DIATSA_LOCUS6107,0,0,0,0,1,1
DIATSA_LOCUS6108,26,49,50,16,27,28
DIATSA_LOCUS6109,69,113,116,58,116,120
DIATSA_LOCUS611,72,124,127,58,105,107
DIATSA_LOCUS6110,5,5,5,7,13,13
DIATSA_LOCUS6111,23,40,39,23,38,37
DIATSA_LOCUS6112,249,500,523,204,419,437
DIATSA_LOCUS6113,391,773,800,469,834,866
DIATSA_LOCUS6114,4,5,5,0,2,1
DIATSA_LOCUS6115,3,11,11,1,3,3
DIATSA_LOCUS6116,11,18,19,2,5,5
DIATSA_LOCUS6117,0,3,3,1,1,1
DIATSA_LOCUS6118,68,108,114,75,134,140
DIATSA_LOCUS6119,0,0,0,0,0,0
DIATSA_LOCUS612,21,28,30,23,35,38
DIATSA_LOCUS6120,0,0,0,0,0,0
DIATSA_LOCUS6121,56,84,85,107,183,190
DIATSA_LOCUS6122,3,0,1,3,1,2
DIATSA_LOCUS6123,33,61,65,18,54,57
DIATSA_LOCUS6124,7,25,26,9,25,25
DIATSA_LOCUS6125,92,161,174,63,121,127
DIATSA_LOCUS6126,91,167,176,58,112,118
DIATSA_LOCUS6127,59,128,129,36,68,70
DIATSA_LOCUS6128,99,205,212,86,158,167
DIATSA_LOCUS6129,2,1,1,1,5,5
DIATSA_LOCUS613,11,18,18,8,15,16
DIATSA_LOCUS6130,0,0,0,0,0,0
DIATSA_LOCUS6131,1,1,1,2,2,2
DIATSA_LOCUS6132,54,101,105,37,96,101
DIATSA_LOCUS6133,812,1884,1959,606,1292,1343
DIATSA_LOCUS6134,36,53,58,10,15,15
DIATSA_LOCUS6135,98,179,186,95,175,186
DIATSA_LOCUS6136,547,1280,1318,719,1691,1761
DIATSA_LOCUS6137,158,250,258,176,309,322
DIATSA_LOCUS6138,189,329,338,68,150,154
DIATSA_LOCUS6139,6,11,11,3,7,7
DIATSA_LOCUS614,1,4,4,2,4,4
DIATSA_LOCUS6140,423,905,953,423,950,1006
DIATSA_LOCUS6141,7,16,18,8,19,20
DIATSA_LOCUS6142,41,77,79,21,51,58
DIATSA_LOCUS6143,150,310,326,100,224,235
DIATSA_LOCUS6144,161,400,424,273,573,607
DIATSA_LOCUS6145,0,0,0,0,0,0
DIATSA_LOCUS6146,1510,3071,3207,1571,3231,3357
DIATSA_LOCUS6147,18,29,29,12,26,27
DIATSA_LOCUS6148,9,19,20,3,2,2
DIATSA_LOCUS6149,1,1,1,0,0,0
DIATSA_LOCUS615,0,2,2,0,2,2
DIATSA_LOCUS6150,4,15,15,1,2,2
DIATSA_LOCUS6151,4369,7896,8155,2493,4438,4593
DIATSA_LOCUS6152,338,569,579,775,1199,1233
DIATSA_LOCUS6153,21,53,52,19,44,46
DIATSA_LOCUS6154,143,308,324,81,165,172
DIATSA_LOCUS6155,55,120,125,42,81,85
DIATSA_LOCUS6156,21,32,30,27,56,57
DIATSA_LOCUS6157,231,414,433,169,269,272
DIATSA_LOCUS6158,82,144,151,95,193,199
DIATSA_LOCUS6159,28,49,53,17,27,27
DIATSA_LOCUS616,77,126,130,50,82,84
DIATSA_LOCUS6160,0,0,0,0,0,0
DIATSA_LOCUS6161,0,0,0,0,0,0
DIATSA_LOCUS6162,0,0,0,0,0,0
DIATSA_LOCUS6163,6,6,6,0,1,1
DIATSA_LOCUS6164,10,28,28,11,29,31
DIATSA_LOCUS6165,12,30,31,18,40,42
DIATSA_LOCUS6166,29,54,54,12,18,20
DIATSA_LOCUS6167,147,317,327,167,310,316
DIATSA_LOCUS6168,46,89,91,53,107,115
DIATSA_LOCUS6169,44,99,103,53,129,133
DIATSA_LOCUS617,24,35,37,33,60,61
DIATSA_LOCUS6170,6360,11552,11927,8406,17013,17497
DIATSA_LOCUS6171,740,1433,1494,358,743,767
DIATSA_LOCUS6172,0,0,0,0,0,0
DIATSA_LOCUS6173,120,222,226,60,107,114
DIATSA_LOCUS6174,13,38,41,10,21,23
DIATSA_LOCUS6175,10,13,14,6,12,11
DIATSA_LOCUS6176,3,11,11,2,8,8
DIATSA_LOCUS6177,1,3,3,0,4,4
DIATSA_LOCUS6178,0,1,1,0,1,1
DIATSA_LOCUS6179,0,0,0,0,0,0
DIATSA_LOCUS618,2,7,7,3,3,3
DIATSA_LOCUS6180,7,7,8,1,2,2
DIATSA_LOCUS6181,10606,20046,20857,7964,15689,16311
DIATSA_LOCUS6182,322,577,602,194,416,435
DIATSA_LOCUS6183,56,102,104,33,59,60
DIATSA_LOCUS6184,58,114,118,25,56,59
DIATSA_LOCUS6185,18,32,33,10,19,19
DIATSA_LOCUS6186,76,141,146,56,110,110
DIATSA_LOCUS6187,1,5,5,0,0,0
DIATSA_LOCUS6188,3,8,7,3,9,9
DIATSA_LOCUS6189,3,3,5,6,7,7
DIATSA_LOCUS619,0,0,0,0,0,0
DIATSA_LOCUS6190,108,196,206,63,108,109
DIATSA_LOCUS6191,181,432,453,193,427,442
DIATSA_LOCUS6192,7,11,11,1,3,3
DIATSA_LOCUS6193,0,0,0,0,0,0
DIATSA_LOCUS6194,22,44,43,8,14,14
DIATSA_LOCUS6195,69,140,145,19,46,45
DIATSA_LOCUS6196,0,0,0,1,2,2
DIATSA_LOCUS6197,45,80,85,70,127,130
DIATSA_LOCUS6198,244,538,559,228,447,466
DIATSA_LOCUS6199,28,58,59,35,58,57
DIATSA_LOCUS62,2,2,2,0,1,1
DIATSA_LOCUS620,0,0,0,0,0,0
DIATSA_LOCUS6200,1899,3721,3870,2011,3977,4136
DIATSA_LOCUS6201,195,359,365,166,272,283
DIATSA_LOCUS6202,6,16,16,6,10,10
DIATSA_LOCUS6203,1,2,2,0,0,0
DIATSA_LOCUS6204,4,10,11,3,9,8
DIATSA_LOCUS6205,2,2,2,2,3,3
DIATSA_LOCUS6206,0,0,1,7,14,13
DIATSA_LOCUS6207,0,0,0,0,0,0
DIATSA_LOCUS6208,0,1,1,0,0,0
DIATSA_LOCUS6209,0,0,0,0,0,0
DIATSA_LOCUS621,1769,3154,3256,664,1139,1168
DIATSA_LOCUS6210,0,0,0,0,1,1
DIATSA_LOCUS6211,0,0,0,0,0,0
DIATSA_LOCUS6212,71,134,136,60,110,112
DIATSA_LOCUS6213,0,0,0,0,0,0
DIATSA_LOCUS6214,4,7,7,1,2,2
DIATSA_LOCUS6215,3,5,5,0,0,0
DIATSA_LOCUS6216,26,50,51,20,36,39
DIATSA_LOCUS6217,123,236,243,73,167,171
DIATSA_LOCUS6218,3,4,4,1,3,4
DIATSA_LOCUS6219,9,16,16,3,3,4
DIATSA_LOCUS622,0,1,0,3,3,3
DIATSA_LOCUS6220,153,335,367,117,253,270
DIATSA_LOCUS6221,78,168,182,75,145,153
DIATSA_LOCUS6222,15,20,20,12,19,19
DIATSA_LOCUS6223,1,1,1,0,0,0
DIATSA_LOCUS6224,10,17,17,4,7,8
DIATSA_LOCUS6225,20,27,27,3,10,11
DIATSA_LOCUS6226,6,18,16,32,52,53
DIATSA_LOCUS6227,224,362,377,248,425,433
DIATSA_LOCUS6228,199,360,373,118,190,207
DIATSA_LOCUS6229,209,413,432,226,453,488
DIATSA_LOCUS623,11,28,28,35,52,52
DIATSA_LOCUS6230,332,561,586,203,347,360
DIATSA_LOCUS6231,32,54,55,19,34,35
DIATSA_LOCUS6232,235,385,395,198,310,322
DIATSA_LOCUS6233,38,78,83,64,143,148
DIATSA_LOCUS6234,22,45,47,139,324,337
DIATSA_LOCUS6235,3,6,7,0,1,1
DIATSA_LOCUS6236,13,26,25,12,28,28
DIATSA_LOCUS6237,21,41,40,18,45,48
DIATSA_LOCUS6238,2,2,2,1,2,2
DIATSA_LOCUS6239,320,573,585,197,328,339
DIATSA_LOCUS624,12,22,23,5,10,9
DIATSA_LOCUS6240,75,155,158,44,121,123
DIATSA_LOCUS6241,114,183,185,122,204,222
DIATSA_LOCUS6242,17,32,33,9,24,25
DIATSA_LOCUS6243,37,81,81,37,77,80
DIATSA_LOCUS6244,4839,7954,8231,4602,7720,7994
DIATSA_LOCUS6245,0,0,0,0,0,0
DIATSA_LOCUS6246,8,10,10,1,2,2
DIATSA_LOCUS6247,0,0,0,0,0,0
DIATSA_LOCUS6248,1,0,0,0,1,1
DIATSA_LOCUS6249,38,55,55,35,54,57
DIATSA_LOCUS625,2,4,4,3,4,4
DIATSA_LOCUS6250,5,13,13,6,12,13
DIATSA_LOCUS6251,2,2,2,0,1,1
DIATSA_LOCUS6252,0,1,1,1,1,1
DIATSA_LOCUS6253,0,0,0,1,1,1
DIATSA_LOCUS6254,0,0,0,1,2,2
DIATSA_LOCUS6255,79,244,258,156,365,382
DIATSA_LOCUS6256,112,244,252,81,165,169
DIATSA_LOCUS6257,6780,10810,11400,11474,18500,19610
DIATSA_LOCUS6258,2,2,2,2,2,2
DIATSA_LOCUS6259,6,7,7,4,5,5
DIATSA_LOCUS626,41,88,92,27,61,68
DIATSA_LOCUS6260,6,14,14,0,0,0
DIATSA_LOCUS6261,1299,2118,2212,2257,3681,3857
DIATSA_LOCUS6262,9,16,16,7,17,20
DIATSA_LOCUS6263,3,3,4,10,17,16
DIATSA_LOCUS6264,52,80,83,25,56,61
DIATSA_LOCUS6265,0,1,1,0,0,0
DIATSA_LOCUS6266,0,0,0,0,0,0
DIATSA_LOCUS6267,14,21,22,8,9,9
DIATSA_LOCUS6268,1710,3564,3729,2174,4473,4693
DIATSA_LOCUS6269,15,28,29,12,30,31
DIATSA_LOCUS627,10,17,18,2,9,9
DIATSA_LOCUS6270,0,0,0,0,0,0
DIATSA_LOCUS6271,5,10,10,1,4,4
DIATSA_LOCUS6272,34,53,56,30,46,46
DIATSA_LOCUS6273,0,1,0,0,2,2
DIATSA_LOCUS6274,3,7,8,2,11,11
DIATSA_LOCUS6275,1,2,2,0,0,1
DIATSA_LOCUS6276,133,275,283,149,328,335
DIATSA_LOCUS6277,16,38,36,21,40,41
DIATSA_LOCUS6278,205,342,363,251,396,413
DIATSA_LOCUS6279,5,8,8,2,7,7
DIATSA_LOCUS628,1,1,1,0,0,0
DIATSA_LOCUS6280,22,33,38,19,32,32
DIATSA_LOCUS6281,73,134,135,33,70,72
DIATSA_LOCUS6282,0,0,0,0,0,0
DIATSA_LOCUS6283,22,47,51,4,17,17
DIATSA_LOCUS6284,24,58,58,23,47,50
DIATSA_LOCUS6285,47,101,103,30,82,89
DIATSA_LOCUS6286,4315,8527,8794,6032,11850,12153
DIATSA_LOCUS6287,0,1,1,1,2,2
DIATSA_LOCUS6288,42,57,60,12,22,24
DIATSA_LOCUS6289,5,7,8,5,5,5
DIATSA_LOCUS629,3,3,4,0,0,0
DIATSA_LOCUS6290,0,0,0,0,4,4
DIATSA_LOCUS6291,4,5,4,3,5,5
DIATSA_LOCUS6292,1,3,4,4,6,6
DIATSA_LOCUS6293,299,526,538,219,424,435
DIATSA_LOCUS6294,406,686,698,490,1008,1034
DIATSA_LOCUS6295,109,203,209,119,232,239
DIATSA_LOCUS6296,55,137,143,33,67,70
DIATSA_LOCUS6297,571,1043,1085,978,1686,1749
DIATSA_LOCUS6298,238,436,451,455,750,775
DIATSA_LOCUS6299,6894,14743,15243,10269,21100,21800
DIATSA_LOCUS63,120,195,201,26,57,58
DIATSA_LOCUS630,0,0,0,0,0,0
DIATSA_LOCUS6300,243,524,536,227,487,502
DIATSA_LOCUS6301,9,20,20,9,23,24
DIATSA_LOCUS6302,10,29,29,6,10,10
DIATSA_LOCUS6303,1,2,3,1,2,2
DIATSA_LOCUS6304,44,96,100,34,74,76
DIATSA_LOCUS6305,3424,6327,6521,2677,5113,5281
DIATSA_LOCUS6306,0,0,0,0,0,0
DIATSA_LOCUS6307,57,111,113,54,102,107
DIATSA_LOCUS6308,0,0,0,0,1,1
DIATSA_LOCUS6309,183,359,380,107,223,231
DIATSA_LOCUS631,45,93,96,77,146,147
DIATSA_LOCUS6310,57,94,96,32,69,72
DIATSA_LOCUS6311,1,1,1,5,11,11
DIATSA_LOCUS6312,1,1,1,0,0,0
DIATSA_LOCUS6313,0,0,0,0,0,0
DIATSA_LOCUS6314,56,106,113,87,140,141
DIATSA_LOCUS6315,90,148,151,66,105,109
DIATSA_LOCUS6316,115,242,251,40,85,85
DIATSA_LOCUS6317,26,79,81,31,84,87
DIATSA_LOCUS6318,30,45,47,5,7,7
DIATSA_LOCUS6319,7,12,14,2,5,6
DIATSA_LOCUS632,7,21,20,12,29,29
DIATSA_LOCUS6320,408,706,726,191,346,364
DIATSA_LOCUS6321,75,144,150,44,111,120
DIATSA_LOCUS6322,1,1,1,2,2,2
DIATSA_LOCUS6323,4,2,2,2,4,4
DIATSA_LOCUS6324,17,23,26,12,22,23
DIATSA_LOCUS6325,634,1192,1258,581,1017,1068
DIATSA_LOCUS6326,0,3,3,1,7,6
DIATSA_LOCUS6327,34,58,61,43,88,92
DIATSA_LOCUS6328,17,38,41,39,75,78
DIATSA_LOCUS6329,38,73,76,19,29,30
DIATSA_LOCUS633,77,137,144,33,76,76
DIATSA_LOCUS6330,81,146,150,13,27,28
DIATSA_LOCUS6331,189,328,339,97,161,171
DIATSA_LOCUS6332,18,32,32,21,35,39
DIATSA_LOCUS6333,28,61,61,14,30,31
DIATSA_LOCUS6334,9,25,26,12,26,26
DIATSA_LOCUS6335,18,29,30,14,30,30
DIATSA_LOCUS6336,2,5,5,7,14,15
DIATSA_LOCUS6337,0,0,0,0,0,0
DIATSA_LOCUS6338,71,118,122,18,34,34
DIATSA_LOCUS6339,0,2,2,0,1,1
DIATSA_LOCUS634,2,6,6,0,1,1
DIATSA_LOCUS6340,37,63,67,16,35,38
DIATSA_LOCUS6341,62,103,105,54,95,95
DIATSA_LOCUS6342,0,0,0,0,0,0
DIATSA_LOCUS6343,0,0,0,0,0,0
DIATSA_LOCUS6344,236,460,484,232,494,524
DIATSA_LOCUS6345,29,51,52,27,41,41
DIATSA_LOCUS6346,0,0,0,0,0,0
DIATSA_LOCUS6347,19,45,45,16,29,29
DIATSA_LOCUS6348,0,1,1,0,0,0
DIATSA_LOCUS6349,0,0,0,0,0,0
DIATSA_LOCUS635,369,720,749,109,192,199
DIATSA_LOCUS6350,22,52,52,27,56,60
DIATSA_LOCUS6351,0,0,0,0,0,0
DIATSA_LOCUS6352,0,0,0,1,1,1
DIATSA_LOCUS6353,793,1681,1736,834,1798,1872
DIATSA_LOCUS6354,907,1760,1828,973,1908,2000
DIATSA_LOCUS6355,25,55,59,37,59,61
DIATSA_LOCUS6356,42,79,81,25,41,44
DIATSA_LOCUS6357,633,1227,1262,713,1557,1613
DIATSA_LOCUS6358,166,340,355,193,364,378
DIATSA_LOCUS6359,67,157,170,32,74,77
DIATSA_LOCUS636,147,396,408,198,568,587
DIATSA_LOCUS6360,19,28,29,12,21,22
DIATSA_LOCUS6361,13,18,18,5,13,13
DIATSA_LOCUS6362,161,255,264,69,113,120
DIATSA_LOCUS6363,1,1,1,0,1,1
DIATSA_LOCUS6364,7,14,14,2,4,4
DIATSA_LOCUS6365,310,519,536,254,428,439
DIATSA_LOCUS6366,4,8,8,1,1,1
DIATSA_LOCUS6367,0,0,0,0,0,0
DIATSA_LOCUS6368,0,0,0,0,0,0
DIATSA_LOCUS6369,14,37,36,17,31,29
DIATSA_LOCUS637,1,1,1,0,1,1
DIATSA_LOCUS6370,1,4,4,4,4,4
DIATSA_LOCUS6371,1027,1818,1892,908,1587,1654
DIATSA_LOCUS6372,19,42,43,20,45,47
DIATSA_LOCUS6373,75,137,143,72,144,144
DIATSA_LOCUS6374,164,326,328,168,335,347
DIATSA_LOCUS6375,110,187,192,50,95,96
DIATSA_LOCUS6376,6,7,7,1,1,2
DIATSA_LOCUS6377,49,97,99,59,101,105
DIATSA_LOCUS6378,244,417,433,162,289,302
DIATSA_LOCUS6379,55,94,96,27,47,47
DIATSA_LOCUS638,0,0,0,0,0,0
DIATSA_LOCUS6380,1159,1847,1918,743,1271,1313
DIATSA_LOCUS6381,9335,17534,18124,12845,23789,24606
DIATSA_LOCUS6382,20,47,49,19,38,39
DIATSA_LOCUS6383,0,0,0,0,0,0
DIATSA_LOCUS6384,58,112,113,31,46,48
DIATSA_LOCUS6385,45,98,100,25,44,44
DIATSA_LOCUS6386,74,187,206,48,98,109
DIATSA_LOCUS6387,3,9,7,8,15,15
DIATSA_LOCUS6388,381,534,551,804,1082,1114
DIATSA_LOCUS6389,208,355,378,373,619,636
DIATSA_LOCUS639,0,1,1,4,7,7
DIATSA_LOCUS6390,25,53,55,24,49,49
DIATSA_LOCUS6391,15,24,25,17,34,35
DIATSA_LOCUS6392,0,0,0,0,2,2
DIATSA_LOCUS6393,0,0,0,0,0,0
DIATSA_LOCUS6394,75,131,137,30,53,53
DIATSA_LOCUS6395,66,230,230,41,117,118
DIATSA_LOCUS6396,66,119,126,31,48,49
DIATSA_LOCUS6397,355,739,765,490,1008,1060
DIATSA_LOCUS6398,201,430,444,169,361,383
DIATSA_LOCUS6399,16,24,25,11,20,21
DIATSA_LOCUS64,1,1,1,0,0,0
DIATSA_LOCUS640,0,0,0,0,0,0
DIATSA_LOCUS6400,17,32,33,11,19,20
DIATSA_LOCUS6401,1101,1957,2011,1003,1788,1848
DIATSA_LOCUS6402,77,172,175,89,214,226
DIATSA_LOCUS6403,368,709,744,246,453,478
DIATSA_LOCUS6404,658,1291,1338,445,820,845
DIATSA_LOCUS6405,23,41,42,32,56,56
DIATSA_LOCUS6406,4,11,12,6,12,12
DIATSA_LOCUS6407,23711,41381,42863,27182,49210,51147
DIATSA_LOCUS6408,41,69,70,13,19,19
DIATSA_LOCUS6409,0,0,0,0,0,0
DIATSA_LOCUS641,0,0,0,0,0,0
DIATSA_LOCUS6410,42,80,84,23,34,36
DIATSA_LOCUS6411,86,187,194,71,156,154
DIATSA_LOCUS6412,50,84,90,41,79,80
DIATSA_LOCUS6413,230,394,405,124,203,205
DIATSA_LOCUS6414,0,4,4,3,9,9
DIATSA_LOCUS6415,467,735,756,655,1168,1205
DIATSA_LOCUS6416,55,111,115,22,37,38
DIATSA_LOCUS6417,3,6,6,2,3,3
DIATSA_LOCUS6418,3,7,8,1,3,3
DIATSA_LOCUS6419,38,55,57,13,23,22
DIATSA_LOCUS642,1902,3709,3819,1104,2174,2243
DIATSA_LOCUS6420,0,1,1,0,0,0
DIATSA_LOCUS6421,56,110,112,49,88,91
DIATSA_LOCUS6422,94,168,168,60,108,113
DIATSA_LOCUS6423,0,0,0,0,0,0
DIATSA_LOCUS6424,0,0,0,0,0,0
DIATSA_LOCUS6425,2,3,4,1,2,2
DIATSA_LOCUS6426,8,28,29,72,225,241
DIATSA_LOCUS6427,16,35,34,31,59,60
DIATSA_LOCUS6428,9,13,13,26,103,108
DIATSA_LOCUS6429,0,0,0,0,0,0
DIATSA_LOCUS643,7,9,9,1,2,2
DIATSA_LOCUS6430,0,0,0,0,0,0
DIATSA_LOCUS6431,0,1,1,0,0,0
DIATSA_LOCUS6432,0,2,2,1,1,1
DIATSA_LOCUS6433,37,71,72,147,255,256
DIATSA_LOCUS6434,41,83,88,19,46,48
DIATSA_LOCUS6435,0,0,0,0,0,0
DIATSA_LOCUS6436,4,5,6,0,0,0
DIATSA_LOCUS6437,73,143,148,76,133,141
DIATSA_LOCUS6438,123,232,238,88,178,183
DIATSA_LOCUS6439,24,45,47,18,37,37
DIATSA_LOCUS644,99,205,215,80,153,164
DIATSA_LOCUS6440,14,36,37,18,34,34
DIATSA_LOCUS6441,137,233,243,90,178,184
DIATSA_LOCUS6442,17,42,46,6,13,13
DIATSA_LOCUS6443,80,196,200,102,231,246
DIATSA_LOCUS6444,67,147,156,48,79,83
DIATSA_LOCUS6445,1260,2364,2405,1165,2228,2271
DIATSA_LOCUS6446,0,1,1,5,7,7
DIATSA_LOCUS6447,14,20,22,30,52,52
DIATSA_LOCUS6448,0,0,0,0,0,0
DIATSA_LOCUS6449,354,510,525,224,356,366
DIATSA_LOCUS645,73,159,164,51,117,120
DIATSA_LOCUS6450,0,0,0,0,0,0
DIATSA_LOCUS6451,8,17,20,10,26,29
DIATSA_LOCUS6452,12,19,21,5,13,14
DIATSA_LOCUS6453,0,0,0,0,0,0
DIATSA_LOCUS6454,8,21,23,5,9,10
DIATSA_LOCUS6455,18,36,37,13,27,28
DIATSA_LOCUS6456,253,490,507,120,259,269
DIATSA_LOCUS6457,3,8,9,6,13,14
DIATSA_LOCUS6458,11,16,16,9,17,19
DIATSA_LOCUS6459,300,641,661,262,528,542
DIATSA_LOCUS646,106,176,183,68,111,111
DIATSA_LOCUS6460,11,19,18,6,12,12
DIATSA_LOCUS6461,542,976,1014,315,581,610
DIATSA_LOCUS6462,0,0,0,0,0,0
DIATSA_LOCUS6463,169,326,346,132,268,272
DIATSA_LOCUS6464,0,0,0,0,0,0
DIATSA_LOCUS6465,4,4,4,1,2,2
DIATSA_LOCUS6466,1,2,2,0,8,10
DIATSA_LOCUS6467,2,4,4,9,15,15
DIATSA_LOCUS6468,22612,41945,43444,35231,63418,65580
DIATSA_LOCUS6469,11852,22509,23186,28450,52215,53851
DIATSA_LOCUS647,4,6,7,2,1,1
DIATSA_LOCUS6470,8906,15892,16440,16240,29841,30845
DIATSA_LOCUS6471,2617,5042,5186,5433,10512,10903
DIATSA_LOCUS6472,9,25,25,6,12,12
DIATSA_LOCUS6473,18,28,29,17,32,36
DIATSA_LOCUS6474,649,1296,1327,431,905,935
DIATSA_LOCUS6475,23,30,31,101,190,201
DIATSA_LOCUS6476,0,0,1,0,0,1
DIATSA_LOCUS6477,0,0,0,0,0,0
DIATSA_LOCUS6478,9,14,14,37,52,53
DIATSA_LOCUS6479,36,82,83,22,51,51
DIATSA_LOCUS648,10,15,16,3,4,4
DIATSA_LOCUS6480,296,531,548,253,483,506
DIATSA_LOCUS6481,71,123,127,97,188,197
DIATSA_LOCUS6482,0,0,0,0,0,0
DIATSA_LOCUS6483,12880,26313,27319,18636,39507,40893
DIATSA_LOCUS6484,1,2,2,1,1,1
DIATSA_LOCUS6485,879,1846,1907,1267,2569,2654
DIATSA_LOCUS6486,0,0,0,0,0,0
DIATSA_LOCUS6487,1,4,4,1,5,6
DIATSA_LOCUS6488,1,6,6,1,1,2
DIATSA_LOCUS6489,37,75,82,48,97,99
DIATSA_LOCUS649,0,0,0,1,1,1
DIATSA_LOCUS6490,18,31,32,27,42,44
DIATSA_LOCUS6491,11,16,18,15,27,26
DIATSA_LOCUS6492,62,146,152,47,135,139
DIATSA_LOCUS6493,241,473,483,296,544,556
DIATSA_LOCUS6494,265,427,441,219,378,392
DIATSA_LOCUS6495,120,211,218,107,201,209
DIATSA_LOCUS6496,16,46,46,14,33,35
DIATSA_LOCUS6497,129,231,240,72,144,153
DIATSA_LOCUS6498,368,731,757,222,422,424
DIATSA_LOCUS6499,11,20,22,9,10,10
DIATSA_LOCUS65,0,0,0,0,0,0
DIATSA_LOCUS650,2,2,2,3,3,3
DIATSA_LOCUS6500,199,347,364,287,512,523
DIATSA_LOCUS6501,32,76,78,12,32,34
DIATSA_LOCUS6502,5,8,9,2,6,6
DIATSA_LOCUS6503,9,25,25,18,28,31
DIATSA_LOCUS6504,88,166,171,40,90,93
DIATSA_LOCUS6505,33,53,53,15,29,30
DIATSA_LOCUS6506,70,133,135,71,152,156
DIATSA_LOCUS6507,34,83,89,49,103,105
DIATSA_LOCUS6508,541,1084,1121,731,1449,1489
DIATSA_LOCUS6509,0,0,0,0,0,0
DIATSA_LOCUS651,1,7,7,2,5,5
DIATSA_LOCUS6510,56,105,114,52,98,105
DIATSA_LOCUS6511,6,8,8,0,2,2
DIATSA_LOCUS6512,3,6,7,3,5,5
DIATSA_LOCUS6513,817,1626,1688,1084,2071,2143
DIATSA_LOCUS6514,14,31,31,18,43,45
DIATSA_LOCUS6515,57,123,126,83,137,142
DIATSA_LOCUS6516,3181,5703,5921,3379,5998,6218
DIATSA_LOCUS6517,310,559,570,352,656,677
DIATSA_LOCUS6518,105,168,171,94,190,196
DIATSA_LOCUS6519,112,215,219,31,77,78
DIATSA_LOCUS652,82,205,223,101,209,221
DIATSA_LOCUS6520,11466,20054,20651,17305,30481,31432
DIATSA_LOCUS6521,29,51,51,27,44,44
DIATSA_LOCUS6522,0,0,0,0,2,2
DIATSA_LOCUS6523,63,148,155,23,39,44
DIATSA_LOCUS6524,257,488,508,183,358,380
DIATSA_LOCUS6525,103,208,215,76,163,171
DIATSA_LOCUS6526,51,129,136,50,105,109
DIATSA_LOCUS6527,185,386,402,150,306,318
DIATSA_LOCUS6528,29,41,45,30,57,61
DIATSA_LOCUS6529,25,53,53,18,36,37
DIATSA_LOCUS653,15,28,28,5,11,10
DIATSA_LOCUS6530,47,130,131,79,233,242
DIATSA_LOCUS6531,0,1,1,0,0,0
DIATSA_LOCUS6532,0,0,0,0,0,0
DIATSA_LOCUS6533,0,0,0,0,0,0
DIATSA_LOCUS6534,0,0,0,0,0,0
DIATSA_LOCUS6535,0,0,0,0,0,0
DIATSA_LOCUS6536,276,567,579,54,118,121
DIATSA_LOCUS6537,0,0,0,0,0,0
DIATSA_LOCUS6538,15,22,23,2,3,3
DIATSA_LOCUS6539,47,120,123,54,126,130
DIATSA_LOCUS654,40,58,60,31,65,67
DIATSA_LOCUS6540,865,1837,1898,1327,2830,2931
DIATSA_LOCUS6541,687,1271,1314,524,1025,1074
DIATSA_LOCUS6542,80,180,185,71,175,181
DIATSA_LOCUS6543,194,437,451,126,299,302
DIATSA_LOCUS6544,3,4,4,0,0,0
DIATSA_LOCUS6545,208,513,528,201,456,468
DIATSA_LOCUS6546,90,163,163,66,131,133
DIATSA_LOCUS6547,36,65,65,27,52,53
DIATSA_LOCUS6548,27,54,54,15,36,37
DIATSA_LOCUS6549,104,218,228,137,276,288
DIATSA_LOCUS655,15,23,23,3,5,5
DIATSA_LOCUS6550,0,0,0,0,0,0
DIATSA_LOCUS6551,62,132,135,24,40,41
DIATSA_LOCUS6552,413,799,828,303,606,624
DIATSA_LOCUS6553,21,36,37,10,16,18
DIATSA_LOCUS6554,187,397,406,177,375,385
DIATSA_LOCUS6555,28,57,59,19,34,37
DIATSA_LOCUS6556,3,4,4,4,7,7
DIATSA_LOCUS6557,14,26,27,3,10,11
DIATSA_LOCUS6558,42,71,75,43,61,63
DIATSA_LOCUS6559,0,4,4,5,20,21
DIATSA_LOCUS656,5,5,5,1,5,5
DIATSA_LOCUS6560,196,418,443,126,263,268
DIATSA_LOCUS6561,47,72,76,43,73,74
DIATSA_LOCUS6562,1,2,4,4,6,7
DIATSA_LOCUS6563,128,271,275,115,242,254
DIATSA_LOCUS6564,8,14,15,2,4,3
DIATSA_LOCUS6565,101,218,227,41,90,93
DIATSA_LOCUS6566,135,253,261,84,160,163
DIATSA_LOCUS6567,10,14,15,12,28,31
DIATSA_LOCUS6568,381,914,941,310,742,762
DIATSA_LOCUS6569,5559,10229,10594,11824,21591,22394
DIATSA_LOCUS657,116,192,199,70,155,156
DIATSA_LOCUS6570,228,423,432,140,268,273
DIATSA_LOCUS6571,205,379,408,86,164,171
DIATSA_LOCUS6572,110,189,200,29,79,78
DIATSA_LOCUS6573,4,7,7,11,18,19
DIATSA_LOCUS6574,144,289,300,168,306,315
DIATSA_LOCUS6575,54,88,89,44,78,78
DIATSA_LOCUS6576,0,0,0,0,0,0
DIATSA_LOCUS6577,21,28,30,22,36,37
DIATSA_LOCUS6578,4,8,8,9,12,12
DIATSA_LOCUS6579,8,19,18,12,17,17
DIATSA_LOCUS658,1,2,2,0,0,0
DIATSA_LOCUS6580,6,9,11,7,11,11
DIATSA_LOCUS6581,4,9,9,4,6,7
DIATSA_LOCUS6582,20,41,42,35,66,67
DIATSA_LOCUS6583,335,696,727,410,795,816
DIATSA_LOCUS6584,0,0,0,0,0,0
DIATSA_LOCUS6585,3,12,12,3,7,7
DIATSA_LOCUS6586,195,365,374,131,288,298
DIATSA_LOCUS6587,0,0,0,0,0,0
DIATSA_LOCUS6588,152,302,315,146,281,291
DIATSA_LOCUS6589,709,1489,1531,823,1708,1753
DIATSA_LOCUS659,7,14,14,8,20,20
DIATSA_LOCUS6590,0,1,1,0,0,0
DIATSA_LOCUS6591,2,7,7,3,17,17
DIATSA_LOCUS6592,105,226,231,49,119,130
DIATSA_LOCUS6593,0,0,0,0,0,0
DIATSA_LOCUS6594,1,1,1,0,0,0
DIATSA_LOCUS6595,83,149,155,133,225,233
DIATSA_LOCUS6596,395,842,863,443,890,933
DIATSA_LOCUS6597,510,882,908,790,1465,1553
DIATSA_LOCUS6598,5,14,16,7,16,18
DIATSA_LOCUS6599,2,7,7,4,9,10
DIATSA_LOCUS66,0,0,0,0,0,0
DIATSA_LOCUS660,0,0,0,0,0,0
DIATSA_LOCUS6600,35,46,46,36,56,58
DIATSA_LOCUS6601,18,45,47,33,84,89
DIATSA_LOCUS6602,126,223,227,140,233,242
DIATSA_LOCUS6603,1,3,4,1,1,1
DIATSA_LOCUS6604,1,1,1,0,0,0
DIATSA_LOCUS6605,37,75,77,42,85,87
DIATSA_LOCUS6606,1,3,3,3,5,5
DIATSA_LOCUS6607,376,725,750,385,729,739
DIATSA_LOCUS6608,5,8,8,0,3,3
DIATSA_LOCUS6609,7,23,23,10,15,16
DIATSA_LOCUS661,0,0,0,0,0,0
DIATSA_LOCUS6610,113,241,249,148,300,307
DIATSA_LOCUS6611,1,4,4,8,19,20
DIATSA_LOCUS6612,637,1091,1132,597,1036,1077
DIATSA_LOCUS6613,4039,8997,9290,5678,12912,13350
DIATSA_LOCUS6614,129,254,263,145,294,299
DIATSA_LOCUS6615,41,78,84,47,93,98
DIATSA_LOCUS6616,7,16,17,11,20,20
DIATSA_LOCUS6617,10,21,21,8,14,14
DIATSA_LOCUS6618,351,614,630,350,712,730
DIATSA_LOCUS6619,3469,7843,8133,3335,7940,8293
DIATSA_LOCUS662,14,37,40,9,18,18
DIATSA_LOCUS6620,93,147,151,111,217,223
DIATSA_LOCUS6621,45,110,112,46,126,132
DIATSA_LOCUS6622,0,0,0,0,0,0
DIATSA_LOCUS6623,1,7,6,4,5,6
DIATSA_LOCUS6624,89,199,198,63,133,135
DIATSA_LOCUS6625,23,60,59,10,30,30
DIATSA_LOCUS6626,581,1098,1151,335,657,673
DIATSA_LOCUS6627,145,293,304,52,106,108
DIATSA_LOCUS6628,44,107,111,76,155,160
DIATSA_LOCUS6629,170,316,324,66,109,115
DIATSA_LOCUS663,4,4,4,2,4,4
DIATSA_LOCUS6630,350,730,748,259,535,553
DIATSA_LOCUS6631,10,16,18,6,13,13
DIATSA_LOCUS6632,208,426,452,177,316,330
DIATSA_LOCUS6633,302,711,738,246,526,544
DIATSA_LOCUS6634,69,148,153,58,146,145
DIATSA_LOCUS6635,121,223,228,82,138,141
DIATSA_LOCUS6636,6,18,18,10,19,19
DIATSA_LOCUS6637,104,234,239,119,221,223
DIATSA_LOCUS6638,38,68,68,15,23,27
DIATSA_LOCUS6639,36,94,98,52,96,97
DIATSA_LOCUS664,475,991,1029,263,554,570
DIATSA_LOCUS6640,65,120,124,10,18,17
DIATSA_LOCUS6641,2,3,4,0,2,2
DIATSA_LOCUS6642,1,2,2,2,3,3
DIATSA_LOCUS6643,0,0,0,0,0,0
DIATSA_LOCUS6644,0,0,8,1,9,9
DIATSA_LOCUS6645,0,12,12,0,0,12
DIATSA_LOCUS6646,6,4,5,0,0,0
DIATSA_LOCUS6647,10,15,16,3,4,4
DIATSA_LOCUS6648,0,0,0,0,0,0
DIATSA_LOCUS6649,0,1,1,2,4,4
DIATSA_LOCUS665,8,15,15,9,13,13
DIATSA_LOCUS6650,3,8,0,0,0,0
DIATSA_LOCUS6651,5,0,0,3,12,0
DIATSA_LOCUS6652,16,25,27,11,22,22
DIATSA_LOCUS6653,0,1,1,0,0,0
DIATSA_LOCUS6654,21,46,44,10,24,25
DIATSA_LOCUS6655,4,9,11,7,14,14
DIATSA_LOCUS6656,0,0,0,0,0,0
DIATSA_LOCUS6657,175,345,357,223,452,463
DIATSA_LOCUS6658,0,0,0,0,0,0
DIATSA_LOCUS6659,11,28,28,10,13,14
DIATSA_LOCUS666,12,36,37,6,15,15
DIATSA_LOCUS6660,76,160,168,113,202,204
DIATSA_LOCUS6661,281,529,550,376,736,759
DIATSA_LOCUS6662,34,50,51,20,32,32
DIATSA_LOCUS6663,98,232,240,31,63,67
DIATSA_LOCUS6664,119,249,259,99,209,213
DIATSA_LOCUS6665,611,1422,1466,676,1386,1429
DIATSA_LOCUS6666,6,11,10,14,17,18
DIATSA_LOCUS6667,47,94,98,41,103,106
DIATSA_LOCUS6668,114,212,222,263,477,496
DIATSA_LOCUS6669,14,19,21,707,1010,1044
DIATSA_LOCUS667,2,3,3,7,5,5
DIATSA_LOCUS6670,56,87,90,54,95,98
DIATSA_LOCUS6671,13,23,22,16,31,32
DIATSA_LOCUS6672,39,99,102,49,109,112
DIATSA_LOCUS6673,943,1691,1749,519,962,1008
DIATSA_LOCUS6674,74,130,136,78,149,154
DIATSA_LOCUS6675,206,399,415,198,371,382
DIATSA_LOCUS6676,187,385,398,241,509,523
DIATSA_LOCUS6677,44,97,104,36,61,64
DIATSA_LOCUS6678,0,0,0,1,2,2
DIATSA_LOCUS6679,5,7,7,4,7,7
DIATSA_LOCUS668,10,20,23,24,42,44
DIATSA_LOCUS6680,1,2,2,0,1,1
DIATSA_LOCUS6681,14,18,18,6,16,16
DIATSA_LOCUS6682,17,32,32,11,15,15
DIATSA_LOCUS6683,19,29,31,10,26,25
DIATSA_LOCUS6684,17,39,40,15,28,28
DIATSA_LOCUS6685,114,213,220,193,383,399
DIATSA_LOCUS6686,0,0,0,0,0,0
DIATSA_LOCUS6687,38,48,52,11,18,18
DIATSA_LOCUS6688,0,0,0,0,0,0
DIATSA_LOCUS6689,3,8,9,2,6,5
DIATSA_LOCUS669,322,567,598,361,639,657
DIATSA_LOCUS6690,186,412,427,174,405,416
DIATSA_LOCUS6691,106,215,227,38,74,79
DIATSA_LOCUS6692,0,0,0,0,0,0
DIATSA_LOCUS6693,774,1441,1487,495,915,952
DIATSA_LOCUS6694,108,225,231,121,239,245
DIATSA_LOCUS6695,64,121,123,17,27,27
DIATSA_LOCUS6696,348,599,632,594,1003,1028
DIATSA_LOCUS6697,1575,3030,3149,2169,4249,4423
DIATSA_LOCUS6698,102,177,186,198,310,317
DIATSA_LOCUS6699,49,101,104,68,156,157
DIATSA_LOCUS67,6,8,8,0,0,0
DIATSA_LOCUS670,1,1,1,3,4,4
DIATSA_LOCUS6700,0,0,0,1,1,1
DIATSA_LOCUS6701,46,86,88,33,79,80
DIATSA_LOCUS6702,6,15,15,9,13,13
DIATSA_LOCUS6703,94,151,158,44,74,77
DIATSA_LOCUS6704,58,104,107,81,120,127
DIATSA_LOCUS6705,21,45,53,11,14,16
DIATSA_LOCUS6706,107,186,186,69,123,126
DIATSA_LOCUS6707,0,0,0,2,4,4
DIATSA_LOCUS6708,173,338,340,66,103,109
DIATSA_LOCUS6709,0,0,0,0,0,0
DIATSA_LOCUS671,29,58,61,18,25,25
DIATSA_LOCUS6710,7,19,19,5,10,10
DIATSA_LOCUS6711,0,0,0,0,0,0
DIATSA_LOCUS6712,0,0,0,0,0,0
DIATSA_LOCUS6713,2,4,4,0,0,0
DIATSA_LOCUS6714,0,0,0,1,1,1
DIATSA_LOCUS6715,8,18,18,2,4,4
DIATSA_LOCUS6716,0,0,0,0,0,0
DIATSA_LOCUS6717,0,0,0,0,0,0
DIATSA_LOCUS6718,0,1,1,0,0,0
DIATSA_LOCUS6719,0,0,0,0,0,0
DIATSA_LOCUS672,529,1074,1109,472,1009,1046
DIATSA_LOCUS6720,122,243,247,26,81,90
DIATSA_LOCUS6721,54,111,113,32,55,54
DIATSA_LOCUS6722,38,78,78,23,44,46
DIATSA_LOCUS6723,5,9,9,0,3,3
DIATSA_LOCUS6724,28,59,62,29,73,75
DIATSA_LOCUS6725,714,1303,1350,523,1191,1242
DIATSA_LOCUS6726,30,51,57,28,43,44
DIATSA_LOCUS6727,0,0,0,0,0,0
DIATSA_LOCUS6728,63,150,160,64,118,128
DIATSA_LOCUS6729,33,62,64,22,49,51
DIATSA_LOCUS673,113,209,213,121,202,206
DIATSA_LOCUS6730,12,26,27,13,20,20
DIATSA_LOCUS6731,12,21,21,2,5,4
DIATSA_LOCUS6732,12,23,24,5,6,7
DIATSA_LOCUS6733,108,225,233,40,104,103
DIATSA_LOCUS6734,6,17,20,11,24,26
DIATSA_LOCUS6735,1,3,2,1,2,2
DIATSA_LOCUS6736,213,389,400,59,126,131
DIATSA_LOCUS6737,0,0,0,0,0,0
DIATSA_LOCUS6738,718,1479,1506,878,2046,2113
DIATSA_LOCUS6739,0,0,0,0,0,0
DIATSA_LOCUS674,7,25,27,9,22,25
DIATSA_LOCUS6740,7,11,11,3,4,4
DIATSA_LOCUS6741,48,83,88,31,56,60
DIATSA_LOCUS6742,163,272,277,79,148,151
DIATSA_LOCUS6743,2,5,5,0,0,1
DIATSA_LOCUS6744,3,7,7,4,8,9
DIATSA_LOCUS6745,0,0,0,0,0,0
DIATSA_LOCUS6746,3,6,6,2,4,4
DIATSA_LOCUS6747,2,2,2,3,4,4
DIATSA_LOCUS6748,0,0,0,0,0,0
DIATSA_LOCUS6749,0,0,0,0,0,0
DIATSA_LOCUS675,54,128,132,58,110,111
DIATSA_LOCUS6750,0,0,0,0,0,0
DIATSA_LOCUS6751,2,3,3,2,2,2
DIATSA_LOCUS6752,1,1,1,2,3,2
DIATSA_LOCUS6753,0,0,0,0,0,0
DIATSA_LOCUS6754,14,16,18,8,16,16
DIATSA_LOCUS6755,6,10,10,2,7,7
DIATSA_LOCUS6756,1,3,3,0,0,0
DIATSA_LOCUS6757,1,3,3,0,3,3
DIATSA_LOCUS6758,43,97,103,23,55,50
DIATSA_LOCUS6759,78,189,197,46,90,93
DIATSA_LOCUS676,33,68,70,55,97,100
DIATSA_LOCUS6760,73,127,130,33,55,55
DIATSA_LOCUS6761,0,0,0,0,0,0
DIATSA_LOCUS6762,37,53,55,5,7,8
DIATSA_LOCUS6763,7,7,9,1,2,2
DIATSA_LOCUS6764,0,0,0,0,0,0
DIATSA_LOCUS6765,6,9,9,2,4,4
DIATSA_LOCUS6766,25,44,45,36,68,69
DIATSA_LOCUS6767,897,1734,1759,459,920,960
DIATSA_LOCUS6768,499,914,945,672,1142,1182
DIATSA_LOCUS6769,0,0,0,0,0,0
DIATSA_LOCUS677,11,16,17,4,8,7
DIATSA_LOCUS6770,35,60,62,23,40,44
DIATSA_LOCUS6771,62,102,105,14,34,34
DIATSA_LOCUS6772,1,6,6,0,0,0
DIATSA_LOCUS6773,6,7,7,1,2,2
DIATSA_LOCUS6774,5,11,12,7,12,12
DIATSA_LOCUS6775,63,104,107,50,105,107
DIATSA_LOCUS6776,52,118,123,74,176,183
DIATSA_LOCUS6777,0,1,1,1,6,6
DIATSA_LOCUS6778,216,365,376,61,120,122
DIATSA_LOCUS6779,2,6,5,1,3,3
DIATSA_LOCUS678,0,0,0,0,0,0
DIATSA_LOCUS6780,10,13,15,1,5,5
DIATSA_LOCUS6781,10,24,26,10,14,14
DIATSA_LOCUS6782,37,73,74,4,12,13
DIATSA_LOCUS6783,0,0,0,0,0,0
DIATSA_LOCUS6784,63,103,105,51,88,90
DIATSA_LOCUS6785,27,33,34,15,24,24
DIATSA_LOCUS6786,86,167,171,54,97,101
DIATSA_LOCUS6787,33,53,55,15,24,24
DIATSA_LOCUS6788,54264,94176,98624,56949,102808,107634
DIATSA_LOCUS6789,305,628,643,152,321,332
DIATSA_LOCUS679,0,0,0,0,0,0
DIATSA_LOCUS6790,51,112,118,28,79,81
DIATSA_LOCUS6791,62,112,115,75,149,154
DIATSA_LOCUS6792,89,161,163,47,75,81
DIATSA_LOCUS6793,0,0,0,0,0,0
DIATSA_LOCUS6794,0,0,0,0,0,0
DIATSA_LOCUS6795,1,2,2,0,1,1
DIATSA_LOCUS6796,6,7,7,4,5,5
DIATSA_LOCUS6797,14,15,17,8,14,16
DIATSA_LOCUS6798,40,76,78,51,95,99
DIATSA_LOCUS6799,484,842,873,573,946,979
DIATSA_LOCUS68,24,45,48,3,5,7
DIATSA_LOCUS680,0,0,0,0,0,0
DIATSA_LOCUS6800,56,97,102,117,221,239
DIATSA_LOCUS6801,0,0,0,0,0,0
DIATSA_LOCUS6802,62,131,133,79,171,178
DIATSA_LOCUS6803,124,253,273,188,374,417
DIATSA_LOCUS6804,72,120,122,85,165,171
DIATSA_LOCUS6805,0,0,0,0,0,0
DIATSA_LOCUS6806,0,0,0,0,0,0
DIATSA_LOCUS6807,0,0,0,0,0,0
DIATSA_LOCUS6808,9,17,17,3,5,5
DIATSA_LOCUS6809,77,125,132,20,36,36
DIATSA_LOCUS681,2,2,2,2,7,7
DIATSA_LOCUS6810,666,1356,1413,472,1070,1118
DIATSA_LOCUS6811,0,0,0,0,0,0
DIATSA_LOCUS6812,0,0,0,0,0,0
DIATSA_LOCUS6813,325,801,827,236,499,523
DIATSA_LOCUS6814,0,0,0,0,0,0
DIATSA_LOCUS6815,14,21,23,14,21,22
DIATSA_LOCUS6816,5,9,10,1,3,4
DIATSA_LOCUS6817,347,662,692,301,548,573
DIATSA_LOCUS6818,0,0,0,0,0,0
DIATSA_LOCUS6819,48,113,122,20,44,47
DIATSA_LOCUS682,0,0,0,0,0,0
DIATSA_LOCUS6820,14,23,23,3,9,9
DIATSA_LOCUS6821,51,112,117,55,108,117
DIATSA_LOCUS6822,0,0,0,0,0,0
DIATSA_LOCUS6823,11,16,16,4,5,7
DIATSA_LOCUS6824,4,7,7,5,6,6
DIATSA_LOCUS6825,712,1342,1397,374,752,789
DIATSA_LOCUS6826,20,34,35,7,9,12
DIATSA_LOCUS6827,115,235,256,84,184,194
DIATSA_LOCUS6828,29,46,48,15,31,31
DIATSA_LOCUS6829,68,140,145,44,87,94
DIATSA_LOCUS683,0,0,0,0,0,0
DIATSA_LOCUS6830,5,5,6,2,6,7
DIATSA_LOCUS6831,9,19,21,7,7,7
DIATSA_LOCUS6832,1,2,2,0,0,0
DIATSA_LOCUS6833,138,283,294,170,365,376
DIATSA_LOCUS6834,37,59,59,39,56,56
DIATSA_LOCUS6835,232,440,457,147,293,307
DIATSA_LOCUS6836,10,22,23,11,14,14
DIATSA_LOCUS6837,37,56,61,23,42,45
DIATSA_LOCUS6838,20,36,39,4,8,8
DIATSA_LOCUS6839,15,16,16,6,9,9
DIATSA_LOCUS684,0,0,0,0,0,0
DIATSA_LOCUS6840,41,72,74,50,76,77
DIATSA_LOCUS6841,16,35,37,8,13,17
DIATSA_LOCUS6842,2,7,8,11,20,21
DIATSA_LOCUS6843,26,51,53,32,61,62
DIATSA_LOCUS6844,0,0,0,0,0,0
DIATSA_LOCUS6845,83,202,209,59,139,143
DIATSA_LOCUS6846,633,1151,1187,401,816,841
DIATSA_LOCUS6847,0,1,1,1,2,2
DIATSA_LOCUS6848,9,12,13,15,24,24
DIATSA_LOCUS6849,106,200,212,52,127,136
DIATSA_LOCUS685,0,0,0,0,0,0
DIATSA_LOCUS6850,4,5,5,2,3,3
DIATSA_LOCUS6851,10,23,24,10,22,22
DIATSA_LOCUS6852,204,440,452,317,618,627
DIATSA_LOCUS6853,18,32,32,31,49,51
DIATSA_LOCUS6854,1110,1986,2060,4365,7710,7953
DIATSA_LOCUS6855,89,170,178,36,66,69
DIATSA_LOCUS6856,88,160,167,43,62,64
DIATSA_LOCUS6857,5,10,10,2,2,2
DIATSA_LOCUS6858,1,4,4,1,3,3
DIATSA_LOCUS6859,88,158,164,37,73,75
DIATSA_LOCUS686,0,0,0,0,0,0
DIATSA_LOCUS6860,37,65,69,9,20,21
DIATSA_LOCUS6861,194,345,361,329,561,576
DIATSA_LOCUS6862,273,543,562,324,693,718
DIATSA_LOCUS6863,24,45,50,2,10,9
DIATSA_LOCUS6864,45,74,74,24,48,48
DIATSA_LOCUS6865,11,15,15,2,9,10
DIATSA_LOCUS6866,851,1375,1425,409,741,775
DIATSA_LOCUS6867,183,399,423,178,417,432
DIATSA_LOCUS6868,29,52,56,4,5,6
DIATSA_LOCUS6869,11,22,23,2,5,5
DIATSA_LOCUS687,0,0,0,0,0,0
DIATSA_LOCUS6870,164,317,335,32,63,65
DIATSA_LOCUS6871,56,100,103,22,40,49
DIATSA_LOCUS6872,612,1260,1312,276,581,589
DIATSA_LOCUS6873,1,1,1,1,3,3
DIATSA_LOCUS6874,0,0,0,0,0,0
DIATSA_LOCUS6875,418,810,841,350,712,738
DIATSA_LOCUS6876,145,245,254,152,260,262
DIATSA_LOCUS6877,0,0,0,2,3,3
DIATSA_LOCUS6878,19,64,66,53,109,114
DIATSA_LOCUS6879,45,78,80,27,41,42
DIATSA_LOCUS688,1,1,2,1,2,2
DIATSA_LOCUS6880,5,8,9,10,16,17
DIATSA_LOCUS6881,137,237,248,82,157,167
DIATSA_LOCUS6882,2,4,3,6,11,10
DIATSA_LOCUS6883,4331,7151,7428,4952,8131,8434
DIATSA_LOCUS6884,616,1303,1353,365,763,803
DIATSA_LOCUS6885,120,228,235,126,231,239
DIATSA_LOCUS6886,593,1156,1192,745,1332,1380
DIATSA_LOCUS6887,13,21,20,8,10,10
DIATSA_LOCUS6888,48,74,81,32,72,72
DIATSA_LOCUS6889,0,0,0,0,0,0
DIATSA_LOCUS689,0,0,0,0,0,0
DIATSA_LOCUS6890,0,1,1,0,0,0
DIATSA_LOCUS6891,14,21,23,4,4,4
DIATSA_LOCUS6892,16,23,25,2,5,5
DIATSA_LOCUS6893,0,0,0,0,0,0
DIATSA_LOCUS6894,0,0,0,1,1,1
DIATSA_LOCUS6895,12,25,27,8,14,16
DIATSA_LOCUS6896,243,545,574,122,300,320
DIATSA_LOCUS6897,32,57,58,28,61,63
DIATSA_LOCUS6898,19,30,30,25,43,45
DIATSA_LOCUS6899,435,867,900,305,696,725
DIATSA_LOCUS69,4,6,6,1,2,2
DIATSA_LOCUS690,0,0,0,0,0,0
DIATSA_LOCUS6900,120,274,279,111,231,240
DIATSA_LOCUS6901,93,148,150,98,162,168
DIATSA_LOCUS6902,16,37,37,5,13,13
DIATSA_LOCUS6903,230,434,443,179,362,369
DIATSA_LOCUS6904,109,215,223,12,28,30
DIATSA_LOCUS6905,6,17,17,4,5,5
DIATSA_LOCUS6906,11,42,42,25,60,60
DIATSA_LOCUS6907,27,50,50,24,54,57
DIATSA_LOCUS6908,0,0,0,0,0,0
DIATSA_LOCUS6909,42,97,97,32,60,64
DIATSA_LOCUS691,0,0,0,0,0,0
DIATSA_LOCUS6910,43,80,83,35,67,72
DIATSA_LOCUS6911,1,1,1,1,2,2
DIATSA_LOCUS6912,0,0,0,0,0,0
DIATSA_LOCUS6913,0,0,0,0,0,0
DIATSA_LOCUS6914,0,0,0,0,0,0
DIATSA_LOCUS6915,0,0,0,0,0,0
DIATSA_LOCUS6916,0,0,0,0,0,0
DIATSA_LOCUS6917,11,17,21,12,16,17
DIATSA_LOCUS6918,57,90,89,13,24,27
DIATSA_LOCUS6919,42,77,77,11,30,31
DIATSA_LOCUS692,0,0,0,0,0,0
DIATSA_LOCUS6920,20,39,41,19,39,41
DIATSA_LOCUS6921,0,0,0,0,0,0
DIATSA_LOCUS6922,0,0,0,0,0,0
DIATSA_LOCUS6923,0,0,0,0,1,1
DIATSA_LOCUS6924,0,0,0,0,0,0
DIATSA_LOCUS6925,6,20,21,12,26,27
DIATSA_LOCUS6926,2,2,2,1,2,2
DIATSA_LOCUS6927,5,7,7,0,0,0
DIATSA_LOCUS6928,0,0,0,0,0,0
DIATSA_LOCUS6929,0,0,0,0,0,0
DIATSA_LOCUS693,0,0,0,0,0,0
DIATSA_LOCUS6930,9,21,22,17,29,29
DIATSA_LOCUS6931,4,12,12,5,10,10
DIATSA_LOCUS6932,15,29,31,8,17,16
DIATSA_LOCUS6933,0,0,0,0,0,1
DIATSA_LOCUS6934,45,68,69,32,52,55
DIATSA_LOCUS6935,0,1,1,0,0,0
DIATSA_LOCUS6936,0,0,0,1,1,1
DIATSA_LOCUS6937,1,1,1,1,4,4
DIATSA_LOCUS6938,128,265,273,143,301,308
DIATSA_LOCUS6939,58,115,117,46,81,83
DIATSA_LOCUS694,0,0,0,0,0,0
DIATSA_LOCUS6940,511,1070,1115,398,844,876
DIATSA_LOCUS6941,48,108,112,46,122,122
DIATSA_LOCUS6942,21,47,49,9,14,14
DIATSA_LOCUS6943,123,259,267,150,322,330
DIATSA_LOCUS6944,0,0,0,0,0,0
DIATSA_LOCUS6945,147,286,295,136,279,287
DIATSA_LOCUS6946,53,101,103,25,37,37
DIATSA_LOCUS6947,215,471,482,4,8,9
DIATSA_LOCUS6948,46,88,92,38,51,51
DIATSA_LOCUS6949,26,62,62,42,118,118
DIATSA_LOCUS695,0,0,0,0,0,0
DIATSA_LOCUS6950,4,12,12,6,11,11
DIATSA_LOCUS6951,38,82,88,16,25,28
DIATSA_LOCUS6952,32,74,75,6,12,12
DIATSA_LOCUS6953,34,65,64,33,60,59
DIATSA_LOCUS6954,34,67,67,46,73,75
DIATSA_LOCUS6955,15,23,26,20,55,57
DIATSA_LOCUS6956,680,1214,1249,789,1421,1463
DIATSA_LOCUS6957,0,0,0,0,0,0
DIATSA_LOCUS6958,74,152,155,127,350,362
DIATSA_LOCUS6959,96,237,242,89,206,212
DIATSA_LOCUS696,3,6,6,0,2,2
DIATSA_LOCUS6960,22,39,38,36,70,72
DIATSA_LOCUS6961,32,63,65,47,75,74
DIATSA_LOCUS6962,60,206,213,96,278,286
DIATSA_LOCUS6963,0,0,0,0,0,0
DIATSA_LOCUS6964,41,73,76,67,119,122
DIATSA_LOCUS6965,186,424,438,121,296,307
DIATSA_LOCUS6966,104,203,214,132,256,265
DIATSA_LOCUS6967,138,264,273,48,107,109
DIATSA_LOCUS6968,77,153,158,73,199,203
DIATSA_LOCUS6969,92,129,136,133,234,246
DIATSA_LOCUS697,6,18,17,5,15,15
DIATSA_LOCUS6970,30,61,63,33,81,82
DIATSA_LOCUS6971,190,348,365,261,508,524
DIATSA_LOCUS6972,152,242,248,138,243,248
DIATSA_LOCUS6973,103,188,193,26,62,64
DIATSA_LOCUS6974,87,152,156,79,164,172
DIATSA_LOCUS6975,73,125,128,66,131,135
DIATSA_LOCUS6976,1416,3195,3304,1660,3637,3747
DIATSA_LOCUS6977,0,0,0,0,0,0
DIATSA_LOCUS6978,1,1,1,0,0,0
DIATSA_LOCUS6979,10,14,15,1,1,2
DIATSA_LOCUS698,0,0,0,0,0,0
DIATSA_LOCUS6980,4,6,6,1,5,5
DIATSA_LOCUS6981,0,0,0,0,0,0
DIATSA_LOCUS6982,704,1690,1772,1150,2415,2543
DIATSA_LOCUS6983,0,0,0,0,0,0
DIATSA_LOCUS6984,10,16,16,9,13,13
DIATSA_LOCUS6985,9,17,19,9,19,20
DIATSA_LOCUS6986,87,145,149,7,16,16
DIATSA_LOCUS6987,11,18,18,3,4,6
DIATSA_LOCUS6988,3,8,8,1,3,3
DIATSA_LOCUS6989,0,0,0,0,1,1
DIATSA_LOCUS699,14,24,27,15,41,40
DIATSA_LOCUS6990,1,6,7,4,6,6
DIATSA_LOCUS6991,0,0,0,0,0,0
DIATSA_LOCUS6992,0,0,0,0,0,0
DIATSA_LOCUS6993,0,0,0,0,0,0
DIATSA_LOCUS6994,0,5,5,1,1,1
DIATSA_LOCUS6995,0,0,0,0,0,0
DIATSA_LOCUS6996,0,0,0,0,0,0
DIATSA_LOCUS6997,187,347,351,325,574,589
DIATSA_LOCUS6998,94,226,231,60,161,166
DIATSA_LOCUS6999,99,190,196,75,154,160
DIATSA_LOCUS7,2,5,6,0,2,1
DIATSA_LOCUS70,33,50,52,5,13,13
DIATSA_LOCUS700,21,43,45,3,8,9
DIATSA_LOCUS7000,204,374,391,153,290,299
DIATSA_LOCUS7001,82,164,169,101,194,201
DIATSA_LOCUS7002,18,57,61,17,61,61
DIATSA_LOCUS7003,172,260,257,20,32,34
DIATSA_LOCUS7004,247,557,578,424,964,1001
DIATSA_LOCUS7005,153,255,261,181,298,309
DIATSA_LOCUS7006,26,54,62,22,45,45
DIATSA_LOCUS7007,0,0,0,0,0,0
DIATSA_LOCUS7008,0,2,2,3,4,4
DIATSA_LOCUS7009,1,1,1,1,1,1
DIATSA_LOCUS701,26,41,45,7,22,23
DIATSA_LOCUS7010,2,2,2,0,1,1
DIATSA_LOCUS7011,4,9,9,3,7,7
DIATSA_LOCUS7012,0,3,3,1,4,5
DIATSA_LOCUS7013,2,8,8,9,20,21
DIATSA_LOCUS7014,56,98,107,75,130,131
DIATSA_LOCUS7015,141,239,244,160,286,294
DIATSA_LOCUS7016,28,43,47,33,53,54
DIATSA_LOCUS7017,47,71,72,20,39,42
DIATSA_LOCUS7018,147,249,258,97,163,168
DIATSA_LOCUS7019,6,14,14,3,6,7
DIATSA_LOCUS702,17,25,26,23,39,44
DIATSA_LOCUS7020,41,76,79,29,55,57
DIATSA_LOCUS7021,2,5,5,3,4,4
DIATSA_LOCUS7022,0,0,0,0,0,0
DIATSA_LOCUS7023,79,155,159,95,202,206
DIATSA_LOCUS7024,19,56,56,33,64,68
DIATSA_LOCUS7025,71,158,164,29,65,71
DIATSA_LOCUS7026,0,0,0,0,0,0
DIATSA_LOCUS7027,326,719,753,279,645,673
DIATSA_LOCUS7028,0,0,0,0,0,0
DIATSA_LOCUS7029,0,0,0,0,0,0
DIATSA_LOCUS703,1,2,3,1,7,5
DIATSA_LOCUS7030,208,384,399,194,328,341
DIATSA_LOCUS7031,27,52,55,17,43,45
DIATSA_LOCUS7032,181,351,363,167,320,326
DIATSA_LOCUS7033,135,297,308,106,251,258
DIATSA_LOCUS7034,1245,2373,2461,1420,2807,2933
DIATSA_LOCUS7035,112,201,210,62,127,131
DIATSA_LOCUS7036,58,124,129,27,59,61
DIATSA_LOCUS7037,29,82,82,33,57,56
DIATSA_LOCUS7038,7,15,16,10,20,20
DIATSA_LOCUS7039,110,206,217,82,170,179
DIATSA_LOCUS704,0,3,3,4,6,6
DIATSA_LOCUS7040,52,102,106,49,99,100
DIATSA_LOCUS7041,0,0,0,0,0,0
DIATSA_LOCUS7042,102,209,210,102,242,250
DIATSA_LOCUS7043,0,0,0,0,0,0
DIATSA_LOCUS7044,0,0,0,0,0,0
DIATSA_LOCUS7045,0,0,0,0,0,0
DIATSA_LOCUS7046,0,0,0,0,0,0
DIATSA_LOCUS7047,0,0,0,0,0,0
DIATSA_LOCUS7048,0,0,0,0,0,0
DIATSA_LOCUS7049,0,0,0,0,0,0
DIATSA_LOCUS705,0,2,2,5,3,3
DIATSA_LOCUS7050,36,85,87,21,50,54
DIATSA_LOCUS7051,0,0,0,0,0,0
DIATSA_LOCUS7052,154,291,301,129,257,270
DIATSA_LOCUS7053,289,509,533,192,356,369
DIATSA_LOCUS7054,0,0,0,0,1,1
DIATSA_LOCUS7055,14,25,29,7,11,11
DIATSA_LOCUS7056,38,83,83,35,101,102
DIATSA_LOCUS7057,385,716,744,331,637,657
DIATSA_LOCUS7058,163,288,298,83,146,154
DIATSA_LOCUS7059,248,446,451,144,269,275
DIATSA_LOCUS706,13,22,22,0,4,4
DIATSA_LOCUS7060,55,89,92,66,131,132
DIATSA_LOCUS7061,17,32,33,18,41,41
DIATSA_LOCUS7062,43,89,89,33,72,69
DIATSA_LOCUS7063,45,100,105,32,55,56
DIATSA_LOCUS7064,44,73,77,54,82,86
DIATSA_LOCUS7065,284,628,655,176,394,406
DIATSA_LOCUS7066,944,1807,1897,800,1520,1598
DIATSA_LOCUS7067,63,139,144,83,184,197
DIATSA_LOCUS7068,331,580,601,265,501,525
DIATSA_LOCUS7069,0,0,0,0,1,1
DIATSA_LOCUS707,2,6,6,0,1,1
DIATSA_LOCUS7070,70,121,126,29,45,46
DIATSA_LOCUS7071,55,97,98,110,166,172
DIATSA_LOCUS7072,3,17,17,17,34,36
DIATSA_LOCUS7073,303,610,623,173,315,325
DIATSA_LOCUS7074,34,61,62,9,24,24
DIATSA_LOCUS7075,28,60,62,44,104,106
DIATSA_LOCUS7076,59,105,107,46,88,94
DIATSA_LOCUS7077,0,0,0,0,0,0
DIATSA_LOCUS7078,406,832,860,281,621,639
DIATSA_LOCUS7079,20,45,47,9,14,14
DIATSA_LOCUS708,6,13,15,7,13,13
DIATSA_LOCUS7080,119,230,244,109,217,233
DIATSA_LOCUS7081,4,4,4,3,7,8
DIATSA_LOCUS7082,55,112,116,70,125,129
DIATSA_LOCUS7083,43,103,107,55,128,130
DIATSA_LOCUS7084,55,131,137,93,194,196
DIATSA_LOCUS7085,182,338,355,183,358,366
DIATSA_LOCUS7086,122,250,262,115,216,221
DIATSA_LOCUS7087,63,123,126,39,98,101
DIATSA_LOCUS7088,12,25,25,5,16,18
DIATSA_LOCUS7089,157,282,291,123,252,262
DIATSA_LOCUS709,0,0,0,0,0,0
DIATSA_LOCUS7090,110,212,221,92,160,166
DIATSA_LOCUS7091,176,331,338,218,386,404
DIATSA_LOCUS7092,15,27,29,8,19,19
DIATSA_LOCUS7093,13,27,29,15,34,34
DIATSA_LOCUS7094,27,49,51,27,48,48
DIATSA_LOCUS7095,49,118,120,64,130,133
DIATSA_LOCUS7096,1,3,3,4,6,7
DIATSA_LOCUS7097,5,11,11,1,2,2
DIATSA_LOCUS7098,212,437,448,88,190,199
DIATSA_LOCUS7099,88,172,184,79,148,152
DIATSA_LOCUS71,7,16,18,1,4,5
DIATSA_LOCUS710,7,13,13,2,7,8
DIATSA_LOCUS7100,0,0,0,0,0,0
DIATSA_LOCUS7101,932,1584,1657,1108,1944,2014
DIATSA_LOCUS7102,587,1162,1200,437,832,867
DIATSA_LOCUS7103,27,64,67,49,82,82
DIATSA_LOCUS7104,12,34,35,19,42,43
DIATSA_LOCUS7105,0,0,0,0,0,0
DIATSA_LOCUS7106,0,0,0,0,0,0
DIATSA_LOCUS7107,0,0,0,0,0,0
DIATSA_LOCUS7108,0,0,0,0,0,0
DIATSA_LOCUS7109,3,6,5,1,3,3
DIATSA_LOCUS711,0,0,0,2,3,3
DIATSA_LOCUS7110,2,8,9,2,6,7
DIATSA_LOCUS7111,263,576,594,262,632,657
DIATSA_LOCUS7112,23,42,45,14,40,41
DIATSA_LOCUS7113,17,38,40,13,33,34
DIATSA_LOCUS7114,8,15,15,18,30,30
DIATSA_LOCUS7115,2,2,2,0,2,2
DIATSA_LOCUS7116,860,1375,1426,578,1079,1117
DIATSA_LOCUS7117,191,389,400,261,599,618
DIATSA_LOCUS7118,19,37,38,28,56,59
DIATSA_LOCUS7119,10694,17321,17911,17289,28602,29488
DIATSA_LOCUS712,19,28,30,10,10,10
DIATSA_LOCUS7120,83,182,191,60,139,143
DIATSA_LOCUS7121,336,635,652,276,519,544
DIATSA_LOCUS7122,0,0,0,0,0,0
DIATSA_LOCUS7123,0,0,0,0,0,0
DIATSA_LOCUS7124,2,2,2,2,3,4
DIATSA_LOCUS7125,116,192,198,77,138,140
DIATSA_LOCUS7126,19,44,46,6,9,9
DIATSA_LOCUS7127,0,0,0,0,0,0
DIATSA_LOCUS7128,1,1,2,0,1,1
DIATSA_LOCUS7129,1,3,3,1,1,1
DIATSA_LOCUS713,0,0,0,0,0,0
DIATSA_LOCUS7130,5,10,11,2,2,2
DIATSA_LOCUS7131,0,0,0,0,0,0
DIATSA_LOCUS7132,164,319,328,36,72,76
DIATSA_LOCUS7133,74,146,152,29,56,56
DIATSA_LOCUS7134,12,15,15,4,5,5
DIATSA_LOCUS7135,376,816,849,285,604,624
DIATSA_LOCUS7136,15,30,32,9,23,23
DIATSA_LOCUS7137,120,216,221,115,211,221
DIATSA_LOCUS7138,41,84,87,67,126,132
DIATSA_LOCUS7139,71,128,130,40,62,68
DIATSA_LOCUS714,5,9,9,1,1,1
DIATSA_LOCUS7140,22,48,50,22,44,44
DIATSA_LOCUS7141,140,299,306,126,296,303
DIATSA_LOCUS7142,285,551,573,358,641,659
DIATSA_LOCUS7143,317,640,665,157,327,337
DIATSA_LOCUS7144,1431,3304,3435,1533,3088,3216
DIATSA_LOCUS7145,4,14,14,12,17,18
DIATSA_LOCUS7146,0,1,2,0,0,0
DIATSA_LOCUS7147,9,23,23,16,22,23
DIATSA_LOCUS7148,0,0,0,0,0,0
DIATSA_LOCUS7149,0,0,0,0,0,0
DIATSA_LOCUS715,221,396,409,92,201,210
DIATSA_LOCUS7150,75,158,163,91,152,162
DIATSA_LOCUS7151,0,0,0,1,1,1
DIATSA_LOCUS7152,8,14,15,5,10,11
DIATSA_LOCUS7153,27,59,60,11,17,17
DIATSA_LOCUS7154,13,27,27,10,15,15
DIATSA_LOCUS7155,13,20,23,9,20,22
DIATSA_LOCUS7156,117,308,317,155,408,426
DIATSA_LOCUS7157,339,671,704,353,700,725
DIATSA_LOCUS7158,325,611,626,295,598,616
DIATSA_LOCUS7159,436,1031,1096,611,1276,1337
DIATSA_LOCUS716,43,66,65,39,61,63
DIATSA_LOCUS7160,110,201,213,62,116,118
DIATSA_LOCUS7161,41,84,83,48,99,101
DIATSA_LOCUS7162,251,505,529,315,613,649
DIATSA_LOCUS7163,272,496,517,438,833,853
DIATSA_LOCUS7164,341,665,667,376,736,748
DIATSA_LOCUS7165,146,371,387,133,305,318
DIATSA_LOCUS7166,470,880,912,560,1037,1073
DIATSA_LOCUS7167,154,336,351,87,171,182
DIATSA_LOCUS7168,379,721,743,324,607,627
DIATSA_LOCUS7169,895,1521,1562,575,976,1013
DIATSA_LOCUS717,0,0,0,0,0,0
DIATSA_LOCUS7170,0,0,0,0,0,0
DIATSA_LOCUS7171,83,204,211,48,101,106
DIATSA_LOCUS7172,4,5,5,1,2,2
DIATSA_LOCUS7173,59,130,136,50,132,136
DIATSA_LOCUS7174,0,0,0,0,0,0
DIATSA_LOCUS7175,0,0,0,1,1,1
DIATSA_LOCUS7176,4,12,16,14,22,22
DIATSA_LOCUS7177,2,5,5,3,6,7
DIATSA_LOCUS7178,4,7,7,5,11,11
DIATSA_LOCUS7179,56,90,92,6,17,19
DIATSA_LOCUS718,1311,2501,2574,2059,3668,3790
DIATSA_LOCUS7180,108,188,194,49,101,109
DIATSA_LOCUS7181,7,21,21,2,9,8
DIATSA_LOCUS7182,83,165,173,104,195,203
DIATSA_LOCUS7183,0,0,0,0,1,1
DIATSA_LOCUS7184,246,449,461,194,375,388
DIATSA_LOCUS7185,101,205,212,90,219,224
DIATSA_LOCUS7186,32,68,71,62,119,122
DIATSA_LOCUS7187,0,2,2,1,3,3
DIATSA_LOCUS7188,59,144,146,29,63,66
DIATSA_LOCUS7189,692,1236,1269,310,635,650
DIATSA_LOCUS719,89,134,135,109,196,199
DIATSA_LOCUS7190,271,541,557,236,478,491
DIATSA_LOCUS7191,775,1290,1314,941,1771,1824
DIATSA_LOCUS7192,2991,4941,5109,3316,5494,5668
DIATSA_LOCUS7193,22,43,45,24,56,57
DIATSA_LOCUS7194,0,0,0,0,0,0
DIATSA_LOCUS7195,0,0,0,0,0,0
DIATSA_LOCUS7196,0,0,0,0,0,0
DIATSA_LOCUS7197,0,0,0,0,0,0
DIATSA_LOCUS7198,0,0,0,0,1,1
DIATSA_LOCUS7199,74,141,144,62,101,103
DIATSA_LOCUS72,210,357,367,73,128,128
DIATSA_LOCUS720,0,0,0,0,0,0
DIATSA_LOCUS7200,0,0,0,0,0,0
DIATSA_LOCUS7201,62,110,116,68,114,119
DIATSA_LOCUS7202,120,201,206,117,207,212
DIATSA_LOCUS7203,219,383,402,329,553,576
DIATSA_LOCUS7204,5,5,5,5,12,12
DIATSA_LOCUS7205,4,8,8,0,8,8
DIATSA_LOCUS7206,167,253,255,171,284,291
DIATSA_LOCUS7207,295,560,563,245,449,460
DIATSA_LOCUS7208,0,81,87,0,107,40
DIATSA_LOCUS7209,49,0,0,45,0,77
DIATSA_LOCUS721,0,0,0,1,2,2
DIATSA_LOCUS7210,540,897,920,473,774,784
DIATSA_LOCUS7211,0,0,0,0,0,0
DIATSA_LOCUS7212,4,10,10,5,11,13
DIATSA_LOCUS7213,44,88,89,50,102,111
DIATSA_LOCUS7214,19,25,26,9,18,18
DIATSA_LOCUS7215,20,31,32,20,34,36
DIATSA_LOCUS7216,0,1,1,0,0,0
DIATSA_LOCUS7217,0,0,0,0,0,0
DIATSA_LOCUS7218,16,36,38,5,13,13
DIATSA_LOCUS7219,0,2,3,0,6,6
DIATSA_LOCUS722,0,0,0,0,0,0
DIATSA_LOCUS7220,15,35,39,13,34,34
DIATSA_LOCUS7221,0,0,0,0,0,0
DIATSA_LOCUS7222,10,17,17,8,15,15
DIATSA_LOCUS7223,30,53,57,15,29,28
DIATSA_LOCUS7224,103,246,255,86,234,245
DIATSA_LOCUS7225,15,22,26,13,26,26
DIATSA_LOCUS7226,22,38,37,4,11,11
DIATSA_LOCUS7227,4,4,4,8,14,13
DIATSA_LOCUS7228,49,108,112,46,96,99
DIATSA_LOCUS7229,51,138,141,61,148,153
DIATSA_LOCUS723,0,0,0,0,0,0
DIATSA_LOCUS7230,350,594,619,267,431,451
DIATSA_LOCUS7231,20,32,36,9,20,20
DIATSA_LOCUS7232,44,64,67,38,75,78
DIATSA_LOCUS7233,27,37,39,19,31,32
DIATSA_LOCUS7234,0,0,0,0,0,0
DIATSA_LOCUS7235,452,757,788,598,980,1021
DIATSA_LOCUS7236,14,24,24,11,14,14
DIATSA_LOCUS7237,663,1290,1326,925,1660,1716
DIATSA_LOCUS7238,172,289,301,157,251,254
DIATSA_LOCUS7239,31,65,66,28,59,64
DIATSA_LOCUS724,0,0,0,0,0,0
DIATSA_LOCUS7240,5,7,8,7,9,10
DIATSA_LOCUS7241,31,51,56,27,32,32
DIATSA_LOCUS7242,207,513,531,147,393,408
DIATSA_LOCUS7243,1,3,3,1,3,3
DIATSA_LOCUS7244,0,0,0,0,0,0
DIATSA_LOCUS7245,53,115,118,48,94,96
DIATSA_LOCUS7246,10,14,14,10,16,19
DIATSA_LOCUS7247,94,189,196,60,117,120
DIATSA_LOCUS7248,8,15,17,3,6,6
DIATSA_LOCUS7249,27,62,63,29,62,63
DIATSA_LOCUS725,0,0,0,0,0,0
DIATSA_LOCUS7250,2,6,6,2,7,7
DIATSA_LOCUS7251,289,518,541,347,663,686
DIATSA_LOCUS7252,51,98,99,27,59,63
DIATSA_LOCUS7253,12,30,31,21,41,41
DIATSA_LOCUS7254,7,9,9,7,23,25
DIATSA_LOCUS7255,4,6,6,1,3,3
DIATSA_LOCUS7256,25,41,45,2,5,6
DIATSA_LOCUS7257,222,385,397,240,396,411
DIATSA_LOCUS7258,19,33,33,29,50,52
DIATSA_LOCUS7259,0,1,1,0,0,0
DIATSA_LOCUS726,1,1,1,0,0,0
DIATSA_LOCUS7260,0,1,0,0,3,3
DIATSA_LOCUS7261,223,440,459,140,268,285
DIATSA_LOCUS7262,20,37,39,15,47,49
DIATSA_LOCUS7263,13,20,22,20,31,34
DIATSA_LOCUS7264,345,592,624,307,553,577
DIATSA_LOCUS7265,705,1046,1071,761,1194,1221
DIATSA_LOCUS7266,0,2,2,2,4,4
DIATSA_LOCUS7267,40,84,93,43,76,77
DIATSA_LOCUS7268,23,37,39,41,65,72
DIATSA_LOCUS7269,262,480,493,333,607,631
DIATSA_LOCUS727,0,0,0,0,0,0
DIATSA_LOCUS7270,176,264,274,75,132,135
DIATSA_LOCUS7271,56,81,84,32,46,46
DIATSA_LOCUS7272,28,71,71,23,53,51
DIATSA_LOCUS7273,23,47,49,11,34,34
DIATSA_LOCUS7274,12,22,22,12,19,19
DIATSA_LOCUS7275,2,7,7,0,2,1
DIATSA_LOCUS7276,0,0,0,0,0,0
DIATSA_LOCUS7277,22,27,27,25,37,38
DIATSA_LOCUS7278,13,24,24,7,21,24
DIATSA_LOCUS7279,31,54,51,23,34,35
DIATSA_LOCUS728,0,0,0,0,0,0
DIATSA_LOCUS7280,0,0,0,0,0,0
DIATSA_LOCUS7281,0,0,0,2,5,5
DIATSA_LOCUS7282,23,40,41,30,60,69
DIATSA_LOCUS7283,10,20,21,10,16,16
DIATSA_LOCUS7284,61,86,88,26,52,51
DIATSA_LOCUS7285,331,572,590,78,140,152
DIATSA_LOCUS7286,52,117,117,44,85,86
DIATSA_LOCUS7287,1,1,1,0,0,0
DIATSA_LOCUS7288,81,168,169,64,124,130
DIATSA_LOCUS7289,72,166,171,63,139,148
DIATSA_LOCUS729,0,0,0,0,0,0
DIATSA_LOCUS7290,109,188,199,72,127,136
DIATSA_LOCUS7291,0,0,1,2,2,2
DIATSA_LOCUS7292,72,116,122,126,181,187
DIATSA_LOCUS7293,50,116,119,29,79,84
DIATSA_LOCUS7294,7,22,23,1,5,5
DIATSA_LOCUS7295,28,46,47,14,26,27
DIATSA_LOCUS7296,0,0,0,0,0,0
DIATSA_LOCUS7297,148,251,265,205,338,359
DIATSA_LOCUS7298,0,0,0,0,0,0
DIATSA_LOCUS7299,112,203,208,146,293,302
DIATSA_LOCUS73,12,22,22,0,3,3
DIATSA_LOCUS730,0,0,0,0,0,0
DIATSA_LOCUS7300,0,0,0,0,0,0
DIATSA_LOCUS7301,148,266,275,220,345,354
DIATSA_LOCUS7302,130,280,289,167,410,421
DIATSA_LOCUS7303,12,30,30,25,42,42
DIATSA_LOCUS7304,23,37,37,27,48,49
DIATSA_LOCUS7305,2,7,7,4,4,5
DIATSA_LOCUS7306,3,6,6,1,6,7
DIATSA_LOCUS7307,2,3,3,1,2,2
DIATSA_LOCUS7308,4,11,11,2,3,3
DIATSA_LOCUS7309,11,26,27,14,21,20
DIATSA_LOCUS731,0,0,0,0,0,0
DIATSA_LOCUS7310,51,116,118,79,146,149
DIATSA_LOCUS7311,0,0,0,0,1,1
DIATSA_LOCUS7312,41,69,71,20,45,48
DIATSA_LOCUS7313,41,83,87,44,68,68
DIATSA_LOCUS7314,4,6,6,6,7,7
DIATSA_LOCUS7315,93,139,145,63,106,111
DIATSA_LOCUS7316,24,55,54,3,17,19
DIATSA_LOCUS7317,0,0,0,0,0,0
DIATSA_LOCUS7318,0,0,0,0,0,0
DIATSA_LOCUS7319,0,0,0,0,1,1
DIATSA_LOCUS732,0,0,0,0,0,0
DIATSA_LOCUS7320,0,0,0,0,0,0
DIATSA_LOCUS7321,0,0,0,0,0,0
DIATSA_LOCUS7322,0,0,0,0,0,0
DIATSA_LOCUS7323,0,0,0,0,0,0
DIATSA_LOCUS7324,0,0,0,0,0,0
DIATSA_LOCUS7325,2,2,2,0,2,2
DIATSA_LOCUS7326,0,0,0,0,0,0
DIATSA_LOCUS7327,0,0,0,0,0,0
DIATSA_LOCUS7328,0,0,0,0,0,0
DIATSA_LOCUS7329,0,1,1,2,4,3
DIATSA_LOCUS733,0,0,0,0,0,0
DIATSA_LOCUS7330,3,3,3,0,1,1
DIATSA_LOCUS7331,0,0,0,0,0,0
DIATSA_LOCUS7332,0,0,0,0,0,0
DIATSA_LOCUS7333,0,0,0,0,0,0
DIATSA_LOCUS7334,0,0,0,0,0,0
DIATSA_LOCUS7335,0,0,0,0,0,0
DIATSA_LOCUS7336,0,0,0,0,0,0
DIATSA_LOCUS7337,2,6,6,0,1,1
DIATSA_LOCUS7338,0,0,0,0,0,0
DIATSA_LOCUS7339,0,0,0,0,0,0
DIATSA_LOCUS734,0,0,0,0,0,0
DIATSA_LOCUS7340,0,0,0,0,0,0
DIATSA_LOCUS7341,0,0,0,0,0,0
DIATSA_LOCUS7342,0,0,0,0,0,0
DIATSA_LOCUS7343,9,15,15,4,12,13
DIATSA_LOCUS7344,7,12,12,5,11,11
DIATSA_LOCUS7345,27,66,68,44,68,72
DIATSA_LOCUS7346,0,0,0,0,0,0
DIATSA_LOCUS7347,0,0,0,0,0,0
DIATSA_LOCUS7348,0,0,0,0,0,0
DIATSA_LOCUS7349,0,0,0,0,0,0
DIATSA_LOCUS735,34,67,71,21,37,38
DIATSA_LOCUS7350,0,0,0,0,0,0
DIATSA_LOCUS7351,0,0,0,0,0,0
DIATSA_LOCUS7352,0,0,0,0,0,0
DIATSA_LOCUS7353,0,0,0,0,0,0
DIATSA_LOCUS7354,0,0,0,0,0,0
DIATSA_LOCUS7355,0,1,1,0,0,0
DIATSA_LOCUS7356,0,0,0,0,0,0
DIATSA_LOCUS7357,0,0,0,0,0,0
DIATSA_LOCUS7358,0,0,0,0,0,0
DIATSA_LOCUS7359,11,27,27,9,15,16
DIATSA_LOCUS736,0,0,0,0,0,0
DIATSA_LOCUS7360,25,50,52,14,24,24
DIATSA_LOCUS7361,6,22,24,10,14,16
DIATSA_LOCUS7362,1,4,4,0,1,1
DIATSA_LOCUS7363,46,76,82,38,87,89
DIATSA_LOCUS7364,10,26,26,5,15,15
DIATSA_LOCUS7365,0,2,2,0,0,0
DIATSA_LOCUS7366,23,53,55,23,63,63
DIATSA_LOCUS7367,1,5,5,0,0,0
DIATSA_LOCUS7368,0,0,0,0,0,0
DIATSA_LOCUS7369,0,0,0,1,4,4
DIATSA_LOCUS737,29,52,52,19,28,29
DIATSA_LOCUS7370,1,2,2,0,1,1
DIATSA_LOCUS7371,0,2,2,1,3,3
DIATSA_LOCUS7372,40,75,79,29,66,68
DIATSA_LOCUS7373,4,4,4,2,3,3
DIATSA_LOCUS7374,7,14,15,4,14,15
DIATSA_LOCUS7375,68,117,118,41,105,108
DIATSA_LOCUS7376,2,5,5,3,4,4
DIATSA_LOCUS7377,69,121,121,78,132,135
DIATSA_LOCUS7378,26,56,57,5,9,12
DIATSA_LOCUS7379,51,101,106,12,30,31
DIATSA_LOCUS738,49,103,106,53,102,108
DIATSA_LOCUS7380,28,51,51,16,33,34
DIATSA_LOCUS7381,9,15,15,14,23,26
DIATSA_LOCUS7382,1,0,0,1,1,2
DIATSA_LOCUS7383,1113,2044,2112,787,1547,1595
DIATSA_LOCUS7384,0,0,0,0,0,0
DIATSA_LOCUS7385,489,870,906,681,1260,1295
DIATSA_LOCUS7386,2,5,6,8,22,23
DIATSA_LOCUS7387,0,0,0,0,2,2
DIATSA_LOCUS7388,0,1,2,6,9,9
DIATSA_LOCUS7389,1,6,6,0,0,0
DIATSA_LOCUS739,350,590,614,197,317,331
DIATSA_LOCUS7390,2585,4671,4835,700,1294,1348
DIATSA_LOCUS7391,3,4,5,1,2,2
DIATSA_LOCUS7392,18,23,25,7,17,17
DIATSA_LOCUS7393,915,1670,1739,465,879,909
DIATSA_LOCUS7394,0,0,0,0,1,1
DIATSA_LOCUS7395,0,0,0,0,0,0
DIATSA_LOCUS7396,4,5,5,2,3,4
DIATSA_LOCUS7397,11,15,15,16,17,17
DIATSA_LOCUS7398,9,12,12,4,5,5
DIATSA_LOCUS7399,481,1045,1087,436,937,971
DIATSA_LOCUS74,69,123,124,6,9,9
DIATSA_LOCUS740,9,16,16,13,21,22
DIATSA_LOCUS7400,48,90,92,38,74,82
DIATSA_LOCUS7401,37,95,103,36,101,109
DIATSA_LOCUS7402,0,2,2,0,0,0
DIATSA_LOCUS7403,283,557,567,257,544,587
DIATSA_LOCUS7404,6,26,26,17,35,35
DIATSA_LOCUS7405,7,18,18,4,7,8
DIATSA_LOCUS7406,85,157,165,47,92,93
DIATSA_LOCUS7407,0,0,0,0,0,0
DIATSA_LOCUS7408,9,19,19,15,21,22
DIATSA_LOCUS7409,27,53,55,23,45,48
DIATSA_LOCUS741,35,75,79,23,70,73
DIATSA_LOCUS7410,1,1,1,0,1,1
DIATSA_LOCUS7411,478,798,829,467,811,835
DIATSA_LOCUS7412,0,0,0,0,0,0
DIATSA_LOCUS7413,57,90,90,21,40,40
DIATSA_LOCUS7414,13,27,27,12,18,18
DIATSA_LOCUS7415,7139,13355,13874,8517,15820,16415
DIATSA_LOCUS7416,16,26,27,12,25,26
DIATSA_LOCUS7417,163,306,312,341,643,671
DIATSA_LOCUS7418,1,2,2,4,6,7
DIATSA_LOCUS7419,164,277,287,223,395,411
DIATSA_LOCUS742,188,352,357,46,99,100
DIATSA_LOCUS7420,5,12,13,7,20,22
DIATSA_LOCUS7421,1,0,0,0,1,1
DIATSA_LOCUS7422,1024,1661,1734,1693,2940,3088
DIATSA_LOCUS7423,110,222,224,56,104,105
DIATSA_LOCUS7424,0,0,0,1,1,1
DIATSA_LOCUS7425,0,0,0,0,0,0
DIATSA_LOCUS7426,19,32,33,22,36,36
DIATSA_LOCUS7427,36,56,60,27,55,57
DIATSA_LOCUS7428,1,2,2,2,2,2
DIATSA_LOCUS7429,5,5,5,8,11,11
DIATSA_LOCUS743,7,10,11,2,3,3
DIATSA_LOCUS7430,5,9,9,7,6,7
DIATSA_LOCUS7431,0,0,0,0,1,1
DIATSA_LOCUS7432,16,35,36,6,12,12
DIATSA_LOCUS7433,16,41,44,6,13,15
DIATSA_LOCUS7434,0,0,0,0,0,0
DIATSA_LOCUS7435,19,44,48,16,32,33
DIATSA_LOCUS7436,1,11,11,3,2,2
DIATSA_LOCUS7437,2,2,2,1,2,2
DIATSA_LOCUS7438,3,8,10,3,2,3
DIATSA_LOCUS7439,0,0,0,0,0,0
DIATSA_LOCUS744,15,29,30,5,8,8
DIATSA_LOCUS7440,1906,3219,3316,1545,2652,2730
DIATSA_LOCUS7441,0,0,0,0,0,0
DIATSA_LOCUS7442,10,19,19,2,2,3
DIATSA_LOCUS7443,0,0,0,0,0,0
DIATSA_LOCUS7444,0,0,0,0,0,0
DIATSA_LOCUS7445,30,48,49,40,62,63
DIATSA_LOCUS7446,17,43,44,102,191,201
DIATSA_LOCUS7447,16,26,27,43,64,66
DIATSA_LOCUS7448,1,1,1,0,0,0
DIATSA_LOCUS7449,67,102,105,86,124,127
DIATSA_LOCUS745,0,0,0,0,0,0
DIATSA_LOCUS7450,9,20,21,1,3,3
DIATSA_LOCUS7451,9,17,17,2,4,4
DIATSA_LOCUS7452,0,0,0,0,0,0
DIATSA_LOCUS7453,19,46,46,14,28,29
DIATSA_LOCUS7454,15,21,21,5,6,8
DIATSA_LOCUS7455,1,1,1,1,1,1
DIATSA_LOCUS7456,41,69,70,55,92,98
DIATSA_LOCUS7457,9,11,11,8,11,11
DIATSA_LOCUS7458,3,5,6,4,8,8
DIATSA_LOCUS7459,68,122,129,44,80,83
DIATSA_LOCUS746,32,51,53,30,53,56
DIATSA_LOCUS7460,0,1,1,2,2,2
DIATSA_LOCUS7461,9,23,24,2,11,13
DIATSA_LOCUS7462,25,41,43,16,32,32
DIATSA_LOCUS7463,30,53,54,20,44,49
DIATSA_LOCUS7464,170,354,378,141,263,271
DIATSA_LOCUS7465,9,15,17,12,13,13
DIATSA_LOCUS7466,9,16,16,3,4,4
DIATSA_LOCUS7467,2,5,5,1,1,1
DIATSA_LOCUS7468,0,0,0,0,0,0
DIATSA_LOCUS7469,5,8,9,7,17,17
DIATSA_LOCUS747,403,699,725,300,515,538
DIATSA_LOCUS7470,0,3,3,0,2,2
DIATSA_LOCUS7471,0,0,0,0,0,0
DIATSA_LOCUS7472,6,17,17,5,8,8
DIATSA_LOCUS7473,8,18,19,2,3,3
DIATSA_LOCUS7474,52,102,105,22,46,49
DIATSA_LOCUS7475,15,36,37,5,17,17
DIATSA_LOCUS7476,0,0,0,0,0,0
DIATSA_LOCUS7477,2,2,2,3,5,5
DIATSA_LOCUS7478,0,0,0,1,1,1
DIATSA_LOCUS7479,7,18,19,12,21,22
DIATSA_LOCUS748,7,13,12,1,1,1
DIATSA_LOCUS7480,10,12,12,1,3,3
DIATSA_LOCUS7481,3,8,9,1,1,1
DIATSA_LOCUS7482,0,0,0,0,0,0
DIATSA_LOCUS7483,0,1,1,0,2,2
DIATSA_LOCUS7484,37,74,76,16,22,23
DIATSA_LOCUS7485,116,179,184,143,235,249
DIATSA_LOCUS7486,16,28,28,3,7,8
DIATSA_LOCUS7487,59,98,103,37,59,61
DIATSA_LOCUS7488,1,1,1,0,0,0
DIATSA_LOCUS7489,0,0,0,0,0,0
DIATSA_LOCUS749,53,85,88,69,128,136
DIATSA_LOCUS7490,0,0,0,0,0,0
DIATSA_LOCUS7491,8,9,9,1,1,1
DIATSA_LOCUS7492,31,56,56,12,32,31
DIATSA_LOCUS7493,0,0,0,0,1,1
DIATSA_LOCUS7494,27,49,51,32,69,70
DIATSA_LOCUS7495,0,1,1,1,3,3
DIATSA_LOCUS7496,0,0,0,0,0,0
DIATSA_LOCUS7497,91,225,241,47,114,120
DIATSA_LOCUS7498,3886,11115,11554,6609,17203,17856
DIATSA_LOCUS7499,1,2,2,1,1,1
DIATSA_LOCUS75,0,0,0,0,0,0
DIATSA_LOCUS750,0,0,0,0,0,0
DIATSA_LOCUS7500,0,3,3,3,8,8
DIATSA_LOCUS7501,14,49,50,42,78,81
DIATSA_LOCUS7502,1304,2453,2542,883,1614,1681
DIATSA_LOCUS7503,0,0,1,0,4,4
DIATSA_LOCUS7504,712,1343,1416,1220,2120,2205
DIATSA_LOCUS7505,11,23,24,7,17,18
DIATSA_LOCUS7506,14,27,27,13,24,25
DIATSA_LOCUS7507,16,22,23,13,25,25
DIATSA_LOCUS7508,17,28,28,4,6,5
DIATSA_LOCUS7509,32,54,58,15,21,22
DIATSA_LOCUS751,113,213,225,61,128,136
DIATSA_LOCUS7510,83,150,157,27,63,65
DIATSA_LOCUS7511,5,9,9,8,19,20
DIATSA_LOCUS7512,361,593,616,440,692,723
DIATSA_LOCUS7513,53,90,92,67,112,120
DIATSA_LOCUS7514,0,0,0,0,0,0
DIATSA_LOCUS7515,12,20,20,8,14,14
DIATSA_LOCUS7516,63,100,102,203,353,365
DIATSA_LOCUS7517,1,1,1,0,0,0
DIATSA_LOCUS7518,25,40,41,7,11,13
DIATSA_LOCUS7519,27,46,49,18,33,34
DIATSA_LOCUS752,1,4,3,5,10,10
DIATSA_LOCUS7520,2,7,7,8,10,11
DIATSA_LOCUS7521,21,29,32,9,15,15
DIATSA_LOCUS7522,69,137,140,30,49,49
DIATSA_LOCUS7523,209,314,327,136,202,212
DIATSA_LOCUS7524,115,206,213,160,241,250
DIATSA_LOCUS7525,2472,4319,4447,2868,5147,5297
DIATSA_LOCUS7526,2693,4245,4382,3298,5270,5445
DIATSA_LOCUS7527,246,388,397,158,260,268
DIATSA_LOCUS7528,0,0,0,0,0,0
DIATSA_LOCUS7529,6,20,24,12,21,22
DIATSA_LOCUS753,6,16,18,17,28,29
DIATSA_LOCUS7530,63,103,105,53,92,93
DIATSA_LOCUS7531,3,5,5,1,7,7
DIATSA_LOCUS7532,320,563,586,177,322,343
DIATSA_LOCUS7533,552,968,1055,283,457,488
DIATSA_LOCUS7534,31,81,80,47,103,109
DIATSA_LOCUS7535,42,80,85,33,64,68
DIATSA_LOCUS7536,245,444,470,107,212,218
DIATSA_LOCUS7537,20,33,34,8,17,19
DIATSA_LOCUS7538,0,0,0,0,0,0
DIATSA_LOCUS7539,0,1,1,3,3,3
DIATSA_LOCUS754,13,22,23,9,13,13
DIATSA_LOCUS7540,10,18,18,9,8,8
DIATSA_LOCUS7541,5,12,12,0,2,2
DIATSA_LOCUS7542,21,31,31,13,19,19
DIATSA_LOCUS7543,76,113,117,52,83,84
DIATSA_LOCUS7544,733,1369,1444,250,454,481
DIATSA_LOCUS7545,1,3,3,1,1,1
DIATSA_LOCUS7546,1,1,1,0,1,1
DIATSA_LOCUS7547,7,10,10,5,16,17
DIATSA_LOCUS7548,0,4,5,1,1,1
DIATSA_LOCUS7549,73,126,129,22,39,40
DIATSA_LOCUS755,3,6,6,7,11,11
DIATSA_LOCUS7550,96,174,176,59,88,92
DIATSA_LOCUS7551,4,5,6,6,7,7
DIATSA_LOCUS7552,63,128,132,91,163,166
DIATSA_LOCUS7553,11,20,21,6,21,20
DIATSA_LOCUS7554,354,765,788,337,647,669
DIATSA_LOCUS7555,371,881,928,632,1141,1206
DIATSA_LOCUS7556,54,89,94,22,27,29
DIATSA_LOCUS7557,10,17,17,18,29,32
DIATSA_LOCUS7558,107,267,275,147,361,374
DIATSA_LOCUS7559,303,601,627,174,389,405
DIATSA_LOCUS756,68,133,137,46,81,83
DIATSA_LOCUS7560,2,2,2,5,9,9
DIATSA_LOCUS7561,75,122,128,81,156,163
DIATSA_LOCUS7562,9,12,14,10,17,16
DIATSA_LOCUS7563,50,96,98,41,77,84
DIATSA_LOCUS7564,0,0,0,0,0,0
DIATSA_LOCUS7565,5,8,8,2,2,2
DIATSA_LOCUS7566,0,0,0,0,0,0
DIATSA_LOCUS7567,0,0,0,1,2,2
DIATSA_LOCUS7568,25,49,49,18,49,51
DIATSA_LOCUS7569,17,26,30,25,30,31
DIATSA_LOCUS757,29,43,45,20,36,37
DIATSA_LOCUS7570,2,1,1,1,0,0
DIATSA_LOCUS7571,163,313,321,91,183,196
DIATSA_LOCUS7572,3,6,6,0,0,0
DIATSA_LOCUS7573,33,45,47,17,36,36
DIATSA_LOCUS7574,783,1264,1309,1033,1714,1775
DIATSA_LOCUS7575,286,527,555,233,424,443
DIATSA_LOCUS7576,567,1157,1193,455,885,907
DIATSA_LOCUS7577,283,490,512,216,425,436
DIATSA_LOCUS7578,46,86,89,22,55,56
DIATSA_LOCUS7579,0,0,0,0,0,0
DIATSA_LOCUS758,10,16,17,7,24,26
DIATSA_LOCUS7580,0,0,0,1,1,1
DIATSA_LOCUS7581,35,64,68,16,23,25
DIATSA_LOCUS7582,0,0,0,1,3,3
DIATSA_LOCUS7583,8,27,27,5,15,14
DIATSA_LOCUS7584,18,37,36,6,7,7
DIATSA_LOCUS7585,34,67,70,7,19,19
DIATSA_LOCUS7586,688,1168,1214,327,555,565
DIATSA_LOCUS7587,19,51,52,8,23,23
DIATSA_LOCUS7588,18,42,43,7,22,22
DIATSA_LOCUS7589,24,28,31,11,17,17
DIATSA_LOCUS759,0,0,0,0,0,0
DIATSA_LOCUS7590,72,118,126,22,43,43
DIATSA_LOCUS7591,48,80,83,61,95,98
DIATSA_LOCUS7592,152,264,280,191,380,392
DIATSA_LOCUS7593,196,360,366,140,236,251
DIATSA_LOCUS7594,29,57,59,9,19,21
DIATSA_LOCUS7595,1,1,1,1,4,4
DIATSA_LOCUS7596,29,51,53,32,69,71
DIATSA_LOCUS7597,6,10,10,5,8,8
DIATSA_LOCUS7598,5,8,8,5,9,9
DIATSA_LOCUS7599,266,494,516,154,347,362
DIATSA_LOCUS76,0,0,0,0,0,0
DIATSA_LOCUS760,1,1,1,0,0,0
DIATSA_LOCUS7600,136,264,273,182,321,342
DIATSA_LOCUS7601,417,806,831,435,774,804
DIATSA_LOCUS7602,213,396,411,211,433,447
DIATSA_LOCUS7603,263,434,441,174,359,379
DIATSA_LOCUS7604,1,1,1,0,0,0
DIATSA_LOCUS7605,99,173,174,42,82,90
DIATSA_LOCUS7606,14,35,34,24,41,43
DIATSA_LOCUS7607,3,3,3,6,5,5
DIATSA_LOCUS7608,7,15,17,2,2,2
DIATSA_LOCUS7609,11,26,26,22,28,29
DIATSA_LOCUS761,4,4,5,0,3,3
DIATSA_LOCUS7610,112,185,189,146,235,245
DIATSA_LOCUS7611,17,24,25,18,29,30
DIATSA_LOCUS7612,13,39,39,21,63,63
DIATSA_LOCUS7613,10,14,14,11,19,18
DIATSA_LOCUS7614,0,0,0,0,0,0
DIATSA_LOCUS7615,32,51,55,36,54,56
DIATSA_LOCUS7616,383,689,710,427,802,822
DIATSA_LOCUS7617,1,0,0,1,1,1
DIATSA_LOCUS7618,1263,2410,2474,447,855,883
DIATSA_LOCUS7619,0,0,1,0,0,0
DIATSA_LOCUS762,81,152,157,86,147,152
DIATSA_LOCUS7620,0,1,1,0,0,0
DIATSA_LOCUS7621,1,4,4,0,0,0
DIATSA_LOCUS7622,0,0,0,0,0,0
DIATSA_LOCUS7623,2,1,1,0,0,0
DIATSA_LOCUS7624,33,58,60,21,39,41
DIATSA_LOCUS7625,28,51,54,18,37,36
DIATSA_LOCUS7626,1,1,1,0,0,0
DIATSA_LOCUS7627,594,1116,1152,496,946,977
DIATSA_LOCUS7628,108,260,271,161,418,440
DIATSA_LOCUS7629,15,29,31,60,126,126
DIATSA_LOCUS763,2,4,4,2,2,3
DIATSA_LOCUS7630,2,4,3,12,25,25
DIATSA_LOCUS7631,128,189,193,99,165,170
DIATSA_LOCUS7632,124,251,256,101,190,192
DIATSA_LOCUS7633,58,99,101,19,33,33
DIATSA_LOCUS7634,16,37,36,24,46,49
DIATSA_LOCUS7635,20,60,60,45,106,110
DIATSA_LOCUS7636,9,20,21,14,30,32
DIATSA_LOCUS7637,128,185,188,38,66,72
DIATSA_LOCUS7638,78,162,168,29,63,66
DIATSA_LOCUS7639,0,0,0,1,1,1
DIATSA_LOCUS764,115,242,254,54,113,121
DIATSA_LOCUS7640,2,2,2,1,2,3
DIATSA_LOCUS7641,15,26,26,0,1,1
DIATSA_LOCUS7642,2,2,2,0,0,0
DIATSA_LOCUS7643,116,242,252,52,104,107
DIATSA_LOCUS7644,1,1,1,0,3,2
DIATSA_LOCUS7645,328,586,601,405,733,776
DIATSA_LOCUS7646,472,848,878,265,540,558
DIATSA_LOCUS7647,0,2,2,1,0,0
DIATSA_LOCUS7648,29,56,57,11,23,23
DIATSA_LOCUS7649,3,7,8,1,2,2
DIATSA_LOCUS765,34,81,83,12,39,39
DIATSA_LOCUS7650,0,0,1,1,2,2
DIATSA_LOCUS7651,0,0,0,0,0,0
DIATSA_LOCUS7652,8,13,13,10,15,17
DIATSA_LOCUS7653,0,0,0,0,0,0
DIATSA_LOCUS7654,38,78,81,47,85,91
DIATSA_LOCUS7655,3,4,3,7,14,13
DIATSA_LOCUS7656,1,2,2,1,2,4
DIATSA_LOCUS7657,1,6,5,7,10,11
DIATSA_LOCUS7658,0,0,0,0,0,0
DIATSA_LOCUS7659,108,238,246,70,130,134
DIATSA_LOCUS766,1,1,1,0,0,0
DIATSA_LOCUS7660,2763,5210,5393,1108,2181,2272
DIATSA_LOCUS7661,18,35,37,15,25,25
DIATSA_LOCUS7662,17,38,41,13,26,26
DIATSA_LOCUS7663,118,239,249,109,217,228
DIATSA_LOCUS7664,30,89,89,38,92,94
DIATSA_LOCUS7665,0,0,0,0,0,0
DIATSA_LOCUS7666,1488,2764,2830,465,829,846
DIATSA_LOCUS7667,2,9,9,8,16,17
DIATSA_LOCUS7668,3,8,8,2,4,3
DIATSA_LOCUS7669,1,5,5,3,3,3
DIATSA_LOCUS767,36,69,70,18,46,47
DIATSA_LOCUS7670,0,1,1,0,0,0
DIATSA_LOCUS7671,0,0,0,0,0,0
DIATSA_LOCUS7672,0,0,0,0,0,0
DIATSA_LOCUS7673,109,228,239,63,140,145
DIATSA_LOCUS7674,1055,1823,1899,1523,2507,2587
DIATSA_LOCUS7675,309,503,514,333,575,590
DIATSA_LOCUS7676,19,33,33,6,16,16
DIATSA_LOCUS7677,70,137,139,34,69,71
DIATSA_LOCUS7678,2,7,6,3,8,8
DIATSA_LOCUS7679,23,47,48,22,41,43
DIATSA_LOCUS768,78,142,149,23,38,41
DIATSA_LOCUS7680,22,27,27,9,22,24
DIATSA_LOCUS7681,3,2,2,0,0,0
DIATSA_LOCUS7682,5,6,6,2,4,4
DIATSA_LOCUS7683,76,200,209,30,105,108
DIATSA_LOCUS7684,163,299,317,84,165,174
DIATSA_LOCUS7685,4,14,14,4,7,7
DIATSA_LOCUS7686,0,0,0,0,0,0
DIATSA_LOCUS7687,20,44,47,15,23,24
DIATSA_LOCUS7688,5,7,9,8,14,15
DIATSA_LOCUS7689,35,83,91,38,106,114
DIATSA_LOCUS769,3,2,2,0,0,0
DIATSA_LOCUS7690,100,182,174,59,162,154
DIATSA_LOCUS7691,284,636,660,172,371,382
DIATSA_LOCUS7692,24,37,39,18,29,33
DIATSA_LOCUS7693,417,891,928,340,785,814
DIATSA_LOCUS7694,0,0,0,123,194,187
DIATSA_LOCUS7695,0,0,0,1,1,1
DIATSA_LOCUS7696,3,4,4,2,4,4
DIATSA_LOCUS7697,32,70,76,16,29,29
DIATSA_LOCUS7698,179,323,335,215,381,400
DIATSA_LOCUS7699,115,334,349,62,192,196
DIATSA_LOCUS77,135,251,257,35,74,82
DIATSA_LOCUS770,0,0,0,0,0,0
DIATSA_LOCUS7700,4,4,4,3,4,4
DIATSA_LOCUS7701,8,19,19,12,29,27
DIATSA_LOCUS7702,98,206,212,223,407,420
DIATSA_LOCUS7703,928,1816,1849,1027,2127,2187
DIATSA_LOCUS7704,0,0,0,0,0,0
DIATSA_LOCUS7705,17,21,22,13,20,22
DIATSA_LOCUS7706,0,0,0,0,0,1
DIATSA_LOCUS7707,5,8,8,9,13,14
DIATSA_LOCUS7708,63,149,154,33,68,70
DIATSA_LOCUS7709,28,68,70,26,71,74
DIATSA_LOCUS771,59,91,93,15,27,31
DIATSA_LOCUS7710,14,25,25,15,24,25
DIATSA_LOCUS7711,139,218,226,94,148,154
DIATSA_LOCUS7712,45,139,145,39,101,107
DIATSA_LOCUS7713,159,271,278,195,337,346
DIATSA_LOCUS7714,14,22,24,5,6,6
DIATSA_LOCUS7715,2,5,5,1,1,1
DIATSA_LOCUS7716,37,59,61,26,48,51
DIATSA_LOCUS7717,62,141,148,54,113,121
DIATSA_LOCUS7718,0,0,0,0,0,0
DIATSA_LOCUS7719,0,1,1,0,0,0
DIATSA_LOCUS772,24,42,45,13,30,31
DIATSA_LOCUS7720,0,1,1,0,1,1
DIATSA_LOCUS7721,6,11,13,9,20,24
DIATSA_LOCUS7722,2,2,2,2,7,7
DIATSA_LOCUS7723,53,112,116,14,29,31
DIATSA_LOCUS7724,11,23,24,1,5,6
DIATSA_LOCUS7725,15,28,28,12,17,17
DIATSA_LOCUS7726,127,206,211,111,246,253
DIATSA_LOCUS7727,5,8,8,9,16,20
DIATSA_LOCUS7728,3,16,17,6,15,15
DIATSA_LOCUS7729,61,112,112,35,91,94
DIATSA_LOCUS773,16,35,35,22,38,38
DIATSA_LOCUS7730,0,0,0,0,0,0
DIATSA_LOCUS7731,0,0,0,0,0,0
DIATSA_LOCUS7732,37,59,63,23,41,43
DIATSA_LOCUS7733,0,0,0,0,0,0
DIATSA_LOCUS7734,0,0,2,3,13,9
DIATSA_LOCUS7735,0,0,0,0,0,0
DIATSA_LOCUS7736,19,39,40,18,40,40
DIATSA_LOCUS7737,22,33,33,13,19,19
DIATSA_LOCUS7738,623,1105,1136,364,651,670
DIATSA_LOCUS7739,71,133,135,121,199,201
DIATSA_LOCUS774,35,71,75,6,14,15
DIATSA_LOCUS7740,44,72,73,34,64,67
DIATSA_LOCUS7741,22,34,34,11,25,26
DIATSA_LOCUS7742,0,0,0,0,0,0
DIATSA_LOCUS7743,62,124,127,49,97,100
DIATSA_LOCUS7744,44,58,63,15,24,25
DIATSA_LOCUS7745,2,4,4,1,2,2
DIATSA_LOCUS7746,30,64,66,26,59,62
DIATSA_LOCUS7747,0,1,1,1,2,2
DIATSA_LOCUS7748,1,1,1,0,0,0
DIATSA_LOCUS7749,53,114,116,53,111,117
DIATSA_LOCUS775,890,1842,1904,747,1531,1573
DIATSA_LOCUS7750,59,103,108,47,79,82
DIATSA_LOCUS7751,255,406,422,146,235,242
DIATSA_LOCUS7752,0,0,0,0,0,0
DIATSA_LOCUS7753,45,75,75,16,32,33
DIATSA_LOCUS7754,673,1386,1432,512,1073,1102
DIATSA_LOCUS7755,0,0,0,0,0,0
DIATSA_LOCUS7756,0,0,0,0,0,0
DIATSA_LOCUS7757,26,52,53,48,73,74
DIATSA_LOCUS7758,12,39,40,5,16,16
DIATSA_LOCUS7759,3,6,6,2,2,2
DIATSA_LOCUS776,11,16,16,6,13,13
DIATSA_LOCUS7760,9,19,20,1,2,4
DIATSA_LOCUS7761,137,302,309,96,201,209
DIATSA_LOCUS7762,16,22,22,24,48,51
DIATSA_LOCUS7763,264,443,455,373,606,621
DIATSA_LOCUS7764,267,558,569,151,301,308
DIATSA_LOCUS7765,108,206,218,129,251,262
DIATSA_LOCUS7766,35,50,49,33,51,51
DIATSA_LOCUS7767,86,215,231,100,243,264
DIATSA_LOCUS7768,0,0,0,0,0,0
DIATSA_LOCUS7769,197,392,405,250,405,422
DIATSA_LOCUS777,2,4,4,2,4,7
DIATSA_LOCUS7770,216,437,456,140,272,281
DIATSA_LOCUS7771,0,0,0,0,0,0
DIATSA_LOCUS7772,22,40,40,17,27,28
DIATSA_LOCUS7773,6,11,11,11,20,20
DIATSA_LOCUS7774,43,93,96,44,104,103
DIATSA_LOCUS7775,42,79,84,30,59,64
DIATSA_LOCUS7776,8,15,17,1,6,7
DIATSA_LOCUS7777,31,84,89,25,59,63
DIATSA_LOCUS7778,0,0,0,1,1,1
DIATSA_LOCUS7779,64,144,150,57,142,147
DIATSA_LOCUS778,1,3,3,0,0,0
DIATSA_LOCUS7780,2,4,5,1,4,4
DIATSA_LOCUS7781,79,150,156,65,135,140
DIATSA_LOCUS7782,8,30,29,22,52,53
DIATSA_LOCUS7783,616,1085,1136,573,1103,1159
DIATSA_LOCUS7784,79,156,159,87,189,194
DIATSA_LOCUS7785,0,0,0,0,0,0
DIATSA_LOCUS7786,35,58,60,25,47,49
DIATSA_LOCUS7787,0,0,0,0,0,0
DIATSA_LOCUS7788,0,0,1,0,1,1
DIATSA_LOCUS7789,0,0,0,0,0,0
DIATSA_LOCUS779,1,2,2,1,2,2
DIATSA_LOCUS7790,0,0,0,0,0,0
DIATSA_LOCUS7791,0,0,0,0,0,0
DIATSA_LOCUS7792,0,0,0,0,0,0
DIATSA_LOCUS7793,0,0,0,0,0,0
DIATSA_LOCUS7794,0,0,0,0,0,0
DIATSA_LOCUS7795,0,0,0,0,0,0
DIATSA_LOCUS7796,0,1,1,2,0,0
DIATSA_LOCUS7797,21,53,73,12,34,48
DIATSA_LOCUS7798,17,23,23,4,8,9
DIATSA_LOCUS7799,715,1374,1422,363,860,896
DIATSA_LOCUS78,0,1,1,0,0,0
DIATSA_LOCUS780,0,0,0,0,0,0
DIATSA_LOCUS7800,7,12,12,0,0,0
DIATSA_LOCUS7801,0,0,0,0,0,0
DIATSA_LOCUS7802,127,249,251,165,341,350
DIATSA_LOCUS7803,2,4,4,1,2,2
DIATSA_LOCUS7804,11,13,12,6,17,16
DIATSA_LOCUS7805,7,14,15,2,14,13
DIATSA_LOCUS7806,11,22,23,18,35,38
DIATSA_LOCUS7807,114,197,201,50,110,114
DIATSA_LOCUS7808,0,0,0,0,0,0
DIATSA_LOCUS7809,0,0,0,0,0,0
DIATSA_LOCUS781,0,0,0,0,0,0
DIATSA_LOCUS7810,0,0,0,0,0,0
DIATSA_LOCUS7811,0,0,0,0,0,0
DIATSA_LOCUS7812,83,167,176,47,100,101
DIATSA_LOCUS7813,278,561,580,208,421,440
DIATSA_LOCUS7814,0,2,2,1,1,2
DIATSA_LOCUS7815,0,1,2,0,0,0
DIATSA_LOCUS7816,0,0,0,0,0,0
DIATSA_LOCUS7817,138,245,253,88,149,151
DIATSA_LOCUS7818,9,15,15,9,11,13
DIATSA_LOCUS7819,5,6,6,5,6,6
DIATSA_LOCUS782,0,0,0,0,0,0
DIATSA_LOCUS7820,53,97,100,23,40,40
DIATSA_LOCUS7821,1,1,1,0,0,0
DIATSA_LOCUS7822,42,63,66,30,43,46
DIATSA_LOCUS7823,0,0,0,0,0,0
DIATSA_LOCUS7824,0,0,0,0,0,0
DIATSA_LOCUS7825,0,0,0,0,0,0
DIATSA_LOCUS7826,54,108,111,17,30,30
DIATSA_LOCUS7827,1,2,2,7,20,23
DIATSA_LOCUS7828,0,0,0,0,0,0
DIATSA_LOCUS7829,0,0,0,0,0,0
DIATSA_LOCUS783,0,0,0,0,0,0
DIATSA_LOCUS7830,27,40,40,17,27,28
DIATSA_LOCUS7831,67,161,161,35,84,81
DIATSA_LOCUS7832,47,79,83,42,60,60
DIATSA_LOCUS7833,21,54,61,20,43,45
DIATSA_LOCUS7834,20,51,53,25,78,83
DIATSA_LOCUS7835,230,414,425,277,541,554
DIATSA_LOCUS7836,110,241,249,128,266,276
DIATSA_LOCUS7837,312,563,587,95,211,220
DIATSA_LOCUS7838,19,51,52,10,31,32
DIATSA_LOCUS7839,6,10,10,7,10,11
DIATSA_LOCUS784,38,55,57,14,20,20
DIATSA_LOCUS7840,16,38,40,24,37,36
DIATSA_LOCUS7841,152,295,310,208,387,398
DIATSA_LOCUS7842,34,65,67,15,21,22
DIATSA_LOCUS7843,1101,1887,1946,644,1124,1172
DIATSA_LOCUS7844,10,23,22,12,28,27
DIATSA_LOCUS7845,59,114,119,14,36,39
DIATSA_LOCUS7846,10,32,32,4,22,21
DIATSA_LOCUS7847,6,17,17,4,4,4
DIATSA_LOCUS7848,72,131,133,19,38,38
DIATSA_LOCUS7849,0,1,1,0,0,0
DIATSA_LOCUS785,68,140,148,55,104,109
DIATSA_LOCUS7850,0,0,0,0,0,0
DIATSA_LOCUS7851,20,31,31,7,17,17
DIATSA_LOCUS7852,87,142,146,81,138,140
DIATSA_LOCUS7853,0,0,0,0,0,0
DIATSA_LOCUS7854,556,1128,1168,648,1421,1476
DIATSA_LOCUS7855,0,0,0,0,0,0
DIATSA_LOCUS7856,73,111,114,44,44,54
DIATSA_LOCUS7857,0,0,0,0,0,0
DIATSA_LOCUS7858,0,0,0,0,0,0
DIATSA_LOCUS7859,0,1,1,0,0,0
DIATSA_LOCUS786,886,1714,1798,565,1072,1118
DIATSA_LOCUS7860,0,0,0,0,0,0
DIATSA_LOCUS7861,5,9,10,0,1,1
DIATSA_LOCUS7862,5,12,12,9,17,17
DIATSA_LOCUS7863,66,136,143,44,143,144
DIATSA_LOCUS7864,48,107,112,17,29,30
DIATSA_LOCUS7865,3,7,7,4,4,6
DIATSA_LOCUS7866,78,153,155,114,170,178
DIATSA_LOCUS7867,11,19,19,30,54,55
DIATSA_LOCUS7868,0,0,0,0,0,0
DIATSA_LOCUS7869,0,0,0,0,0,0
DIATSA_LOCUS787,84,146,153,32,47,47
DIATSA_LOCUS7870,0,0,0,0,0,0
DIATSA_LOCUS7871,0,0,0,0,0,0
DIATSA_LOCUS7872,0,0,0,0,0,0
DIATSA_LOCUS7873,0,0,0,0,0,0
DIATSA_LOCUS7874,0,0,0,0,0,0
DIATSA_LOCUS7875,6,7,7,0,0,0
DIATSA_LOCUS7876,0,0,0,0,0,0
DIATSA_LOCUS7877,0,0,0,0,0,0
DIATSA_LOCUS7878,0,0,0,0,0,0
DIATSA_LOCUS7879,0,0,0,0,0,0
DIATSA_LOCUS788,56,119,125,21,55,61
DIATSA_LOCUS7880,0,0,0,0,0,0
DIATSA_LOCUS7881,0,0,0,0,0,0
DIATSA_LOCUS7882,0,0,0,0,0,0
DIATSA_LOCUS7883,0,0,0,0,0,0
DIATSA_LOCUS7884,0,0,0,0,0,0
DIATSA_LOCUS7885,48,99,109,24,46,48
DIATSA_LOCUS7886,0,0,0,2,2,2
DIATSA_LOCUS7887,1,1,1,0,0,0
DIATSA_LOCUS7888,0,0,0,0,0,0
DIATSA_LOCUS7889,0,0,0,0,0,0
DIATSA_LOCUS789,0,0,0,0,0,0
DIATSA_LOCUS7890,0,0,0,0,0,0
DIATSA_LOCUS7891,0,0,0,0,0,0
DIATSA_LOCUS7892,0,0,0,0,0,0
DIATSA_LOCUS7893,4,7,7,7,8,8
DIATSA_LOCUS7894,0,0,0,0,0,0
DIATSA_LOCUS7895,0,0,0,0,0,0
DIATSA_LOCUS7896,56,104,116,105,230,230
DIATSA_LOCUS7897,50,101,108,135,264,282
DIATSA_LOCUS7898,0,0,0,0,0,0
DIATSA_LOCUS7899,0,0,0,0,0,0
DIATSA_LOCUS79,0,0,0,0,0,0
DIATSA_LOCUS790,11,24,23,6,14,14
DIATSA_LOCUS7900,0,0,0,0,0,0
DIATSA_LOCUS7901,0,0,0,0,0,0
DIATSA_LOCUS7902,0,0,0,0,0,0
DIATSA_LOCUS7903,0,0,0,0,0,0
DIATSA_LOCUS7904,0,0,0,0,0,0
DIATSA_LOCUS7905,0,0,0,0,1,1
DIATSA_LOCUS7906,0,0,0,0,0,0
DIATSA_LOCUS7907,0,0,0,0,0,0
DIATSA_LOCUS7908,0,0,0,0,0,0
DIATSA_LOCUS7909,0,0,0,0,0,0
DIATSA_LOCUS791,29,77,81,24,51,52
DIATSA_LOCUS7910,0,0,0,0,0,0
DIATSA_LOCUS7911,0,0,0,0,0,0
DIATSA_LOCUS7912,0,0,0,0,0,0
DIATSA_LOCUS7913,0,0,0,0,0,0
DIATSA_LOCUS7914,0,1,0,0,0,0
DIATSA_LOCUS7915,0,0,0,0,0,0
DIATSA_LOCUS7916,0,0,0,0,0,0
DIATSA_LOCUS7917,0,0,0,0,0,0
DIATSA_LOCUS7918,0,0,0,0,0,0
DIATSA_LOCUS7919,0,0,0,0,0,0
DIATSA_LOCUS792,0,2,2,2,2,2
DIATSA_LOCUS7920,0,0,0,0,0,0
DIATSA_LOCUS7921,0,0,0,0,0,0
DIATSA_LOCUS7922,0,0,0,0,0,0
DIATSA_LOCUS7923,0,0,0,0,0,0
DIATSA_LOCUS7924,0,0,0,0,0,0
DIATSA_LOCUS7925,0,0,0,0,0,0
DIATSA_LOCUS7926,0,0,0,0,0,0
DIATSA_LOCUS7927,0,0,0,2,4,5
DIATSA_LOCUS7928,0,0,0,0,0,0
DIATSA_LOCUS7929,1,1,1,2,2,3
DIATSA_LOCUS793,8,23,23,2,4,4
DIATSA_LOCUS7930,0,0,0,0,0,0
DIATSA_LOCUS7931,0,0,0,0,0,0
DIATSA_LOCUS7932,0,0,0,0,0,0
DIATSA_LOCUS7933,0,0,0,0,0,0
DIATSA_LOCUS7934,0,0,0,0,0,0
DIATSA_LOCUS7935,0,0,0,0,0,0
DIATSA_LOCUS7936,0,0,0,0,0,0
DIATSA_LOCUS7937,0,0,0,0,0,0
DIATSA_LOCUS7938,0,0,0,0,0,0
DIATSA_LOCUS7939,0,0,0,0,0,0
DIATSA_LOCUS794,4,13,15,4,6,7
DIATSA_LOCUS7940,3,11,11,3,7,7
DIATSA_LOCUS7941,2,3,3,1,2,4
DIATSA_LOCUS7942,0,0,0,0,0,0
DIATSA_LOCUS7943,0,0,0,0,0,0
DIATSA_LOCUS7944,0,0,0,0,0,0
DIATSA_LOCUS7945,0,0,0,0,0,0
DIATSA_LOCUS7946,0,0,0,0,0,0
DIATSA_LOCUS7947,0,0,0,0,0,0
DIATSA_LOCUS7948,0,0,0,0,0,0
DIATSA_LOCUS7949,0,0,0,0,0,0
DIATSA_LOCUS795,0,0,0,0,0,0
DIATSA_LOCUS7950,0,0,0,0,0,0
DIATSA_LOCUS7951,0,0,0,0,0,0
DIATSA_LOCUS7952,0,0,0,0,0,0
DIATSA_LOCUS7953,0,0,0,0,0,0
DIATSA_LOCUS7954,0,0,0,0,0,0
DIATSA_LOCUS7955,0,0,0,0,0,0
DIATSA_LOCUS7956,0,0,0,0,0,0
DIATSA_LOCUS7957,0,1,1,0,0,0
DIATSA_LOCUS7958,0,0,0,0,0,0
DIATSA_LOCUS7959,0,0,0,0,0,0
DIATSA_LOCUS796,3,8,8,3,9,9
DIATSA_LOCUS7960,0,0,0,0,0,0
DIATSA_LOCUS7961,0,0,0,0,0,0
DIATSA_LOCUS7962,0,1,1,0,0,0
DIATSA_LOCUS7963,0,0,0,0,0,0
DIATSA_LOCUS7964,0,0,0,0,0,0
DIATSA_LOCUS7965,0,0,0,0,0,0
DIATSA_LOCUS7966,0,0,0,0,0,0
DIATSA_LOCUS7967,0,0,0,0,0,0
DIATSA_LOCUS7968,0,0,0,0,0,0
DIATSA_LOCUS7969,0,0,0,1,1,1
DIATSA_LOCUS797,0,0,0,0,0,0
DIATSA_LOCUS7970,0,0,0,0,0,0
DIATSA_LOCUS7971,0,0,0,0,0,0
DIATSA_LOCUS7972,0,0,0,0,0,0
DIATSA_LOCUS7973,0,0,0,0,0,0
DIATSA_LOCUS7974,0,0,0,0,0,0
DIATSA_LOCUS7975,2,2,2,0,0,0
DIATSA_LOCUS7976,0,0,0,0,0,0
DIATSA_LOCUS7977,0,0,0,0,0,0
DIATSA_LOCUS7978,0,0,0,0,0,0
DIATSA_LOCUS7979,6,9,9,4,14,15
DIATSA_LOCUS798,0,0,0,0,0,0
DIATSA_LOCUS7980,0,0,0,0,0,0
DIATSA_LOCUS7981,0,0,0,0,0,0
DIATSA_LOCUS7982,0,0,0,0,0,0
DIATSA_LOCUS7983,0,0,0,0,0,0
DIATSA_LOCUS7984,0,0,0,0,0,0
DIATSA_LOCUS7985,0,0,0,0,0,0
DIATSA_LOCUS7986,0,0,0,0,0,0
DIATSA_LOCUS7987,0,0,0,0,0,0
DIATSA_LOCUS7988,0,0,0,0,0,0
DIATSA_LOCUS7989,0,0,0,0,0,0
DIATSA_LOCUS799,0,0,0,0,0,0
DIATSA_LOCUS7990,0,0,0,0,0,0
DIATSA_LOCUS7991,0,0,0,0,0,0
DIATSA_LOCUS7992,7,6,6,0,1,1
DIATSA_LOCUS7993,0,0,0,0,0,0
DIATSA_LOCUS7994,0,0,0,0,0,0
DIATSA_LOCUS7995,0,0,0,0,0,0
DIATSA_LOCUS7996,0,0,0,1,1,1
DIATSA_LOCUS7997,0,0,0,0,0,0
DIATSA_LOCUS7998,0,0,0,0,0,0
DIATSA_LOCUS7999,0,0,0,0,0,0
DIATSA_LOCUS8,0,1,1,0,0,0
DIATSA_LOCUS80,10,26,27,1,3,3
DIATSA_LOCUS800,2,2,2,2,4,4
DIATSA_LOCUS8000,0,0,0,0,0,0
DIATSA_LOCUS8001,0,0,0,0,0,0
DIATSA_LOCUS8002,0,0,0,0,0,0
DIATSA_LOCUS8003,0,0,0,0,0,0
DIATSA_LOCUS8004,0,0,0,0,0,0
DIATSA_LOCUS8005,0,0,0,0,0,0
DIATSA_LOCUS8006,0,0,0,0,0,0
DIATSA_LOCUS8007,0,0,0,0,0,0
DIATSA_LOCUS8008,0,0,0,0,0,0
DIATSA_LOCUS8009,0,0,0,0,0,0
DIATSA_LOCUS801,0,0,0,1,1,1
DIATSA_LOCUS8010,0,0,0,0,0,0
DIATSA_LOCUS8011,0,0,0,0,0,0
DIATSA_LOCUS8012,0,0,0,0,0,0
DIATSA_LOCUS8013,0,0,0,0,0,0
DIATSA_LOCUS8014,0,0,0,0,0,0
DIATSA_LOCUS8015,0,0,0,0,0,0
DIATSA_LOCUS8016,0,0,0,0,0,0
DIATSA_LOCUS8017,0,0,0,0,0,0
DIATSA_LOCUS8018,0,0,0,0,0,0
DIATSA_LOCUS8019,0,0,0,0,0,0
DIATSA_LOCUS802,0,0,0,0,1,1
DIATSA_LOCUS8020,0,0,0,0,0,0
DIATSA_LOCUS8021,0,0,0,0,0,0
DIATSA_LOCUS8022,0,0,0,0,0,0
DIATSA_LOCUS8023,0,0,0,0,0,0
DIATSA_LOCUS8024,0,0,0,0,0,0
DIATSA_LOCUS8025,0,0,0,0,0,0
DIATSA_LOCUS8026,7,11,11,0,2,2
DIATSA_LOCUS8027,31,73,76,26,51,54
DIATSA_LOCUS8028,17,46,47,21,33,33
DIATSA_LOCUS8029,24,32,34,63,103,107
DIATSA_LOCUS803,0,2,2,2,7,6
DIATSA_LOCUS8030,0,0,0,0,0,0
DIATSA_LOCUS8031,0,0,0,0,0,0
DIATSA_LOCUS8032,6,11,11,15,20,25
DIATSA_LOCUS8033,0,0,0,0,0,0
DIATSA_LOCUS8034,0,0,1,2,2,3
DIATSA_LOCUS8035,0,0,0,0,0,0
DIATSA_LOCUS8036,0,0,0,0,0,0
DIATSA_LOCUS8037,0,0,0,0,0,0
DIATSA_LOCUS8038,0,0,0,0,0,0
DIATSA_LOCUS8039,0,0,0,0,0,0
DIATSA_LOCUS804,0,0,0,0,0,0
DIATSA_LOCUS8040,0,0,0,0,0,0
DIATSA_LOCUS8041,48,88,89,63,150,163
DIATSA_LOCUS8042,2,5,2,5,13,13
DIATSA_LOCUS8043,0,0,1,2,3,4
DIATSA_LOCUS8044,0,0,0,0,0,0
DIATSA_LOCUS8045,0,0,0,0,0,0
DIATSA_LOCUS8046,131,248,253,130,201,211
DIATSA_LOCUS8047,0,0,0,0,0,0
DIATSA_LOCUS8048,0,0,0,0,0,0
DIATSA_LOCUS8049,0,0,0,0,0,0
DIATSA_LOCUS805,69,126,136,45,82,82
DIATSA_LOCUS8050,0,0,0,0,0,0
DIATSA_LOCUS8051,0,0,0,0,0,0
DIATSA_LOCUS8052,0,0,0,0,0,0
DIATSA_LOCUS8053,0,0,0,0,0,0
DIATSA_LOCUS8054,0,0,0,0,0,0
DIATSA_LOCUS8055,0,0,0,0,0,0
DIATSA_LOCUS8056,0,0,0,0,0,0
DIATSA_LOCUS8057,2,7,7,0,10,0
DIATSA_LOCUS8058,0,0,0,0,0,0
DIATSA_LOCUS8059,0,0,0,0,0,0
DIATSA_LOCUS806,0,0,0,0,0,0
DIATSA_LOCUS8060,0,0,0,0,0,0
DIATSA_LOCUS8061,0,0,0,0,0,0
DIATSA_LOCUS8062,0,0,0,0,0,0
DIATSA_LOCUS8063,0,0,0,0,0,0
DIATSA_LOCUS8064,0,0,0,0,0,0
DIATSA_LOCUS8065,0,0,0,0,0,0
DIATSA_LOCUS8066,0,0,0,0,0,0
DIATSA_LOCUS8067,0,0,0,0,0,0
DIATSA_LOCUS8068,0,0,0,0,0,0
DIATSA_LOCUS8069,0,0,0,0,0,0
DIATSA_LOCUS807,3,5,5,11,21,21
DIATSA_LOCUS8070,0,0,0,0,0,0
DIATSA_LOCUS8071,0,0,0,0,0,0
DIATSA_LOCUS8072,0,0,0,0,0,0
DIATSA_LOCUS8073,0,0,0,0,0,0
DIATSA_LOCUS8074,0,0,0,0,0,0
DIATSA_LOCUS8075,0,0,0,0,0,0
DIATSA_LOCUS8076,0,0,0,0,0,0
DIATSA_LOCUS8077,0,0,0,0,0,0
DIATSA_LOCUS8078,0,0,0,0,0,0
DIATSA_LOCUS8079,0,0,0,0,0,0
DIATSA_LOCUS808,6,11,13,0,4,5
DIATSA_LOCUS8080,0,0,0,0,0,0
DIATSA_LOCUS8081,0,0,0,0,0,0
DIATSA_LOCUS8082,15,28,31,18,39,43
DIATSA_LOCUS8083,3356,6100,6352,5464,9717,10146
DIATSA_LOCUS8084,0,0,0,0,0,0
DIATSA_LOCUS8085,4,8,9,1,9,11
DIATSA_LOCUS8086,8,16,17,7,11,11
DIATSA_LOCUS8087,3666,7937,8263,3104,7523,7845
DIATSA_LOCUS8088,0,0,0,0,0,0
DIATSA_LOCUS8089,0,0,0,0,0,0
DIATSA_LOCUS809,266,530,562,210,421,440
DIATSA_LOCUS8090,0,0,0,0,0,0
DIATSA_LOCUS8091,0,0,0,0,0,0
DIATSA_LOCUS8092,0,0,0,0,0,0
DIATSA_LOCUS8093,0,0,0,0,0,0
DIATSA_LOCUS8094,12,20,20,13,15,16
DIATSA_LOCUS8095,3,23,24,4,7,8
DIATSA_LOCUS8096,39,72,73,10,22,22
DIATSA_LOCUS8097,13,25,25,7,19,20
DIATSA_LOCUS8098,27,62,62,41,73,75
DIATSA_LOCUS8099,0,0,0,0,0,0
DIATSA_LOCUS81,13,28,30,7,15,15
DIATSA_LOCUS810,60,126,131,51,98,101
DIATSA_LOCUS8100,0,0,0,0,0,0
DIATSA_LOCUS8101,1,3,2,0,0,0
DIATSA_LOCUS8102,0,0,0,0,0,0
DIATSA_LOCUS8103,10,22,22,7,22,22
DIATSA_LOCUS8104,0,0,0,0,0,0
DIATSA_LOCUS8105,2,3,2,1,4,4
DIATSA_LOCUS8106,9,17,17,10,27,27
DIATSA_LOCUS8107,9,21,22,20,40,37
DIATSA_LOCUS8108,21,41,41,7,15,15
DIATSA_LOCUS8109,0,6,6,4,8,8
DIATSA_LOCUS811,2,6,6,0,2,2
DIATSA_LOCUS8110,3,5,5,4,5,5
DIATSA_LOCUS8111,5,13,13,1,10,10
DIATSA_LOCUS8112,0,0,0,0,0,0
DIATSA_LOCUS8113,0,0,0,0,0,0
DIATSA_LOCUS8114,33,44,47,22,37,40
DIATSA_LOCUS8115,6,13,15,7,11,11
DIATSA_LOCUS8116,18,39,39,6,20,22
DIATSA_LOCUS8117,95,152,163,46,72,76
DIATSA_LOCUS8118,3,5,6,1,2,2
DIATSA_LOCUS8119,56,101,105,33,82,78
DIATSA_LOCUS812,0,0,0,0,0,0
DIATSA_LOCUS8120,0,0,0,0,0,0
DIATSA_LOCUS8121,2,3,2,0,2,2
DIATSA_LOCUS8122,0,1,1,0,0,0
DIATSA_LOCUS8123,5,7,7,3,3,3
DIATSA_LOCUS8124,0,2,4,1,1,1
DIATSA_LOCUS8125,12,26,28,12,24,25
DIATSA_LOCUS8126,0,0,0,0,0,0
DIATSA_LOCUS8127,0,0,0,0,0,0
DIATSA_LOCUS8128,0,0,0,0,0,0
DIATSA_LOCUS8129,0,0,0,0,0,0
DIATSA_LOCUS813,14,33,32,6,19,19
DIATSA_LOCUS8130,0,0,0,0,0,0
DIATSA_LOCUS8131,6,10,10,4,7,7
DIATSA_LOCUS8132,5,10,10,4,13,13
DIATSA_LOCUS8133,7,10,10,20,30,30
DIATSA_LOCUS8134,0,0,0,0,0,0
DIATSA_LOCUS8135,21,39,41,26,54,55
DIATSA_LOCUS8136,2,5,5,0,1,1
DIATSA_LOCUS8137,2,4,6,2,9,10
DIATSA_LOCUS8138,1,4,5,1,1,1
DIATSA_LOCUS8139,5,11,11,0,5,5
DIATSA_LOCUS814,16,28,28,4,11,11
DIATSA_LOCUS8140,397,721,753,254,552,574
DIATSA_LOCUS8141,153,332,339,204,419,431
DIATSA_LOCUS8142,48,174,182,47,193,199
DIATSA_LOCUS8143,9,10,10,12,21,21
DIATSA_LOCUS8144,86,221,230,93,195,202
DIATSA_LOCUS8145,0,0,0,3,3,3
DIATSA_LOCUS8146,0,0,0,0,0,0
DIATSA_LOCUS8147,24,40,39,18,29,29
DIATSA_LOCUS8148,17,60,61,2,3,3
DIATSA_LOCUS8149,1561,3088,3206,1345,2542,2651
DIATSA_LOCUS815,0,0,0,0,0,0
DIATSA_LOCUS8150,3,10,10,2,5,5
DIATSA_LOCUS8151,1,1,1,5,6,5
DIATSA_LOCUS8152,0,0,0,0,0,0
DIATSA_LOCUS8153,0,0,0,0,0,0
DIATSA_LOCUS8154,197,352,362,349,656,669
DIATSA_LOCUS8155,1,2,2,0,0,0
DIATSA_LOCUS8156,11,25,28,7,11,12
DIATSA_LOCUS8157,1,0,0,0,0,0
DIATSA_LOCUS8158,0,0,0,0,0,0
DIATSA_LOCUS8159,0,1,1,1,1,1
DIATSA_LOCUS816,0,0,0,0,0,0
DIATSA_LOCUS8160,0,0,0,1,0,0
DIATSA_LOCUS8161,12,18,18,6,6,6
DIATSA_LOCUS8162,37,70,77,24,49,54
DIATSA_LOCUS8163,0,0,1,1,1,1
DIATSA_LOCUS8164,0,0,0,0,0,0
DIATSA_LOCUS8165,11,18,19,10,14,14
DIATSA_LOCUS8166,11,33,32,9,19,19
DIATSA_LOCUS8167,4,7,8,3,4,4
DIATSA_LOCUS8168,0,0,0,0,0,0
DIATSA_LOCUS8169,9,12,12,10,17,17
DIATSA_LOCUS817,83,123,124,121,212,213
DIATSA_LOCUS8170,2,4,4,1,7,7
DIATSA_LOCUS8171,105,174,174,71,146,151
DIATSA_LOCUS8172,0,0,0,0,0,0
DIATSA_LOCUS8173,24,48,49,12,37,44
DIATSA_LOCUS8174,0,0,0,0,0,0
DIATSA_LOCUS8175,104,151,156,158,247,251
DIATSA_LOCUS8176,8,10,10,5,14,15
DIATSA_LOCUS8177,25,42,50,62,95,102
DIATSA_LOCUS8178,34,127,134,56,207,215
DIATSA_LOCUS8179,0,0,0,0,0,0
DIATSA_LOCUS818,16,28,30,9,17,18
DIATSA_LOCUS8180,52,92,99,50,107,115
DIATSA_LOCUS8181,4,6,8,0,1,1
DIATSA_LOCUS8182,0,0,0,0,0,0
DIATSA_LOCUS8183,2,7,7,1,2,2
DIATSA_LOCUS8184,0,0,0,0,0,0
DIATSA_LOCUS8185,36,67,70,33,61,62
DIATSA_LOCUS8186,47,75,77,72,107,110
DIATSA_LOCUS8187,5,16,14,6,17,17
DIATSA_LOCUS8188,30,75,79,31,83,87
DIATSA_LOCUS8189,9,14,14,8,13,14
DIATSA_LOCUS819,231,473,492,96,184,181
DIATSA_LOCUS8190,13,22,24,2,3,4
DIATSA_LOCUS8191,3,3,3,0,1,1
DIATSA_LOCUS8192,1,1,1,0,1,1
DIATSA_LOCUS8193,14,31,30,11,28,30
DIATSA_LOCUS8194,0,1,1,1,1,1
DIATSA_LOCUS8195,5,6,6,4,8,8
DIATSA_LOCUS8196,17,27,26,2,3,3
DIATSA_LOCUS8197,4,7,7,1,2,2
DIATSA_LOCUS8198,7,11,12,1,3,3
DIATSA_LOCUS8199,113,329,336,29,104,103
DIATSA_LOCUS82,1,1,1,0,0,0
DIATSA_LOCUS820,2,2,2,0,0,0
DIATSA_LOCUS8200,31,58,59,5,14,15
DIATSA_LOCUS8201,3,5,5,2,1,1
DIATSA_LOCUS8202,12,19,19,29,57,64
DIATSA_LOCUS8203,4,7,8,1,1,2
DIATSA_LOCUS8204,0,0,0,0,0,0
DIATSA_LOCUS8205,239,515,525,282,786,806
DIATSA_LOCUS8206,21,32,31,14,16,16
DIATSA_LOCUS8207,0,0,0,0,1,1
DIATSA_LOCUS8208,0,0,0,0,0,0
DIATSA_LOCUS8209,0,0,0,0,0,0
DIATSA_LOCUS821,11,26,30,3,6,6
DIATSA_LOCUS8210,8,12,12,2,3,3
DIATSA_LOCUS8211,4,6,6,4,6,6
DIATSA_LOCUS8212,0,0,1,0,0,0
DIATSA_LOCUS8213,3,1,1,3,11,12
DIATSA_LOCUS8214,4,4,5,12,19,18
DIATSA_LOCUS8215,0,0,0,0,0,0
DIATSA_LOCUS8216,30,70,84,32,80,79
DIATSA_LOCUS8217,5,9,9,10,19,20
DIATSA_LOCUS8218,1,1,1,0,0,0
DIATSA_LOCUS8219,7696,16014,16760,10966,20721,21777
DIATSA_LOCUS822,1,2,2,9,13,13
DIATSA_LOCUS8220,83,153,158,17,37,43
DIATSA_LOCUS8221,113,223,228,101,208,220
DIATSA_LOCUS8222,10,13,13,8,12,13
DIATSA_LOCUS8223,2,6,6,4,5,5
DIATSA_LOCUS8224,1,1,1,0,0,0
DIATSA_LOCUS8225,96,166,172,42,72,73
DIATSA_LOCUS8226,7,15,17,4,6,6
DIATSA_LOCUS8227,5,20,20,10,26,28
DIATSA_LOCUS8228,27,49,50,14,24,26
DIATSA_LOCUS8229,4,6,6,0,2,2
DIATSA_LOCUS823,1,6,6,5,7,7
DIATSA_LOCUS8230,0,0,0,0,0,0
DIATSA_LOCUS8231,0,0,0,0,0,0
DIATSA_LOCUS8232,0,0,0,0,0,0
DIATSA_LOCUS8233,0,0,0,0,0,0
DIATSA_LOCUS8234,0,0,0,0,0,0
DIATSA_LOCUS8235,1,91,299,3,27,53
DIATSA_LOCUS8236,0,1,1,0,0,1
DIATSA_LOCUS8237,12,22,23,8,11,11
DIATSA_LOCUS8238,0,0,0,0,0,0
DIATSA_LOCUS8239,3,7,8,7,24,25
DIATSA_LOCUS824,55,114,116,21,54,55
DIATSA_LOCUS8240,2,4,4,12,27,30
DIATSA_LOCUS8241,0,1,0,0,2,2
DIATSA_LOCUS8242,0,0,0,1,1,1
DIATSA_LOCUS8243,0,0,0,0,0,0
DIATSA_LOCUS8244,0,0,0,0,0,0
DIATSA_LOCUS8245,5,11,11,3,4,4
DIATSA_LOCUS8246,0,0,0,0,1,1
DIATSA_LOCUS8247,0,0,0,1,1,1
DIATSA_LOCUS8248,2,1,1,2,5,3
DIATSA_LOCUS8249,5,5,5,2,2,2
DIATSA_LOCUS825,20,25,27,25,26,28
DIATSA_LOCUS8250,42,94,97,44,92,96
DIATSA_LOCUS8251,18,39,42,9,22,23
DIATSA_LOCUS8252,21,32,33,23,48,48
DIATSA_LOCUS8253,0,0,0,0,0,0
DIATSA_LOCUS8254,0,0,0,0,0,0
DIATSA_LOCUS8255,0,0,0,0,0,0
DIATSA_LOCUS8256,0,0,0,0,0,0
DIATSA_LOCUS8257,4,7,7,11,17,16
DIATSA_LOCUS8258,83,136,138,46,96,99
DIATSA_LOCUS8259,18,28,28,6,14,14
DIATSA_LOCUS826,3,5,5,1,2,3
DIATSA_LOCUS8260,13,21,21,6,7,8
DIATSA_LOCUS8261,0,0,0,0,0,0
DIATSA_LOCUS8262,10,14,14,3,5,5
DIATSA_LOCUS8263,12,15,15,5,5,5
DIATSA_LOCUS8264,165,398,422,77,193,207
DIATSA_LOCUS8265,0,0,0,0,0,0
DIATSA_LOCUS8266,0,0,0,0,0,0
DIATSA_LOCUS8267,0,0,0,0,0,0
DIATSA_LOCUS8268,0,0,0,0,0,0
DIATSA_LOCUS8269,15,30,30,6,15,15
DIATSA_LOCUS827,0,0,0,0,0,0
DIATSA_LOCUS8270,2,5,5,1,2,2
DIATSA_LOCUS8271,1,2,2,1,6,6
DIATSA_LOCUS8272,0,0,0,0,0,0
DIATSA_LOCUS8273,12,27,25,13,34,28
DIATSA_LOCUS8274,2,6,6,1,5,5
DIATSA_LOCUS8275,9,18,18,5,14,13
DIATSA_LOCUS8276,0,0,0,0,0,0
DIATSA_LOCUS8277,13,20,20,34,50,51
DIATSA_LOCUS8278,63,119,126,86,181,182
DIATSA_LOCUS8279,7,14,14,6,18,20
DIATSA_LOCUS828,172,308,319,101,161,166
DIATSA_LOCUS8280,3,8,8,1,5,6
DIATSA_LOCUS8281,22,53,54,24,34,36
DIATSA_LOCUS8282,0,0,0,0,0,0
DIATSA_LOCUS8283,0,0,0,0,0,0
DIATSA_LOCUS8284,0,0,0,0,0,0
DIATSA_LOCUS8285,12,24,24,8,16,16
DIATSA_LOCUS8286,0,0,0,0,0,0
DIATSA_LOCUS8287,0,0,0,2,3,3
DIATSA_LOCUS8288,0,0,0,0,0,0
DIATSA_LOCUS8289,11,19,21,2,9,9
DIATSA_LOCUS829,0,1,1,0,0,0
DIATSA_LOCUS8290,48,67,69,82,140,147
DIATSA_LOCUS8291,2661,4675,4860,1447,2702,2851
DIATSA_LOCUS8292,0,1,1,2,6,6
DIATSA_LOCUS8293,0,1,1,0,1,1
DIATSA_LOCUS8294,1,0,0,0,1,1
DIATSA_LOCUS8295,0,0,0,0,0,0
DIATSA_LOCUS8296,0,3,1,3,4,4
DIATSA_LOCUS8297,0,1,1,1,2,2
DIATSA_LOCUS8298,0,0,0,0,0,0
DIATSA_LOCUS8299,2,2,2,1,1,1
DIATSA_LOCUS83,3,6,6,1,3,3
DIATSA_LOCUS830,37,67,72,17,40,42
DIATSA_LOCUS8300,3,5,5,3,2,2
DIATSA_LOCUS8301,0,0,0,0,0,0
DIATSA_LOCUS8302,25,56,54,28,52,54
DIATSA_LOCUS8303,0,0,0,1,1,1
DIATSA_LOCUS8304,10,23,20,13,21,20
DIATSA_LOCUS8305,0,1,2,0,1,1
DIATSA_LOCUS8306,0,1,2,0,0,0
DIATSA_LOCUS8307,2,2,2,0,0,0
DIATSA_LOCUS8308,3,7,8,2,3,4
DIATSA_LOCUS8309,0,0,0,0,0,0
DIATSA_LOCUS831,37,70,70,6,7,8
DIATSA_LOCUS8310,0,0,0,0,0,0
DIATSA_LOCUS8311,4,5,6,4,5,5
DIATSA_LOCUS8312,23,35,35,9,10,10
DIATSA_LOCUS8313,0,1,1,2,5,5
DIATSA_LOCUS8314,0,0,0,0,0,0
DIATSA_LOCUS8315,9,18,18,6,11,11
DIATSA_LOCUS8316,0,0,0,0,0,0
DIATSA_LOCUS8317,0,0,0,0,0,0
DIATSA_LOCUS8318,2,7,7,1,3,3
DIATSA_LOCUS8319,0,0,0,1,2,2
DIATSA_LOCUS832,2,4,4,0,0,0
DIATSA_LOCUS8320,215,369,388,194,343,350
DIATSA_LOCUS8321,0,5,5,4,9,9
DIATSA_LOCUS8322,6,14,13,1,2,2
DIATSA_LOCUS8323,0,0,0,0,0,0
DIATSA_LOCUS8324,15,23,24,15,22,26
DIATSA_LOCUS8325,22,32,34,11,19,20
DIATSA_LOCUS8326,38,90,95,25,49,49
DIATSA_LOCUS8327,0,0,0,2,2,2
DIATSA_LOCUS8328,0,0,0,0,0,0
DIATSA_LOCUS8329,0,0,0,0,0,0
DIATSA_LOCUS833,1,1,1,0,0,0
DIATSA_LOCUS8330,0,0,0,0,0,0
DIATSA_LOCUS8331,20,39,39,18,42,43
DIATSA_LOCUS8332,1,0,0,0,0,0
DIATSA_LOCUS8333,0,0,0,1,1,1
DIATSA_LOCUS8334,32,47,48,37,58,60
DIATSA_LOCUS8335,61,102,107,46,70,70
DIATSA_LOCUS8336,0,1,1,0,0,0
DIATSA_LOCUS8337,0,0,0,0,0,0
DIATSA_LOCUS8338,0,0,0,0,0,0
DIATSA_LOCUS8339,2,11,12,5,19,19
DIATSA_LOCUS834,1,1,1,0,0,0
DIATSA_LOCUS8340,0,0,0,0,0,0
DIATSA_LOCUS8341,1,1,2,0,1,1
DIATSA_LOCUS8342,0,0,0,0,0,0
DIATSA_LOCUS8343,0,0,0,1,0,0
DIATSA_LOCUS8344,5,7,7,2,5,5
DIATSA_LOCUS8345,1,1,1,2,3,3
DIATSA_LOCUS8346,0,0,0,0,0,0
DIATSA_LOCUS8347,1,1,1,0,1,1
DIATSA_LOCUS8348,0,0,0,0,0,0
DIATSA_LOCUS8349,7,11,9,5,9,9
DIATSA_LOCUS835,249,565,569,147,343,335
DIATSA_LOCUS8350,1,3,3,0,1,1
DIATSA_LOCUS8351,77,143,149,103,202,209
DIATSA_LOCUS8352,0,0,0,0,0,0
DIATSA_LOCUS8353,1,2,2,1,1,1
DIATSA_LOCUS8354,0,0,0,0,0,0
DIATSA_LOCUS8355,0,0,0,0,0,0
DIATSA_LOCUS8356,0,0,0,0,0,0
DIATSA_LOCUS8357,0,0,0,0,0,0
DIATSA_LOCUS8358,0,0,0,0,0,0
DIATSA_LOCUS8359,0,0,0,0,0,0
DIATSA_LOCUS836,10,23,23,0,7,7
DIATSA_LOCUS8360,0,0,0,0,0,0
DIATSA_LOCUS8361,1,3,4,1,2,2
DIATSA_LOCUS8362,0,0,0,0,0,0
DIATSA_LOCUS8363,0,0,0,0,0,0
DIATSA_LOCUS8364,0,0,0,0,0,0
DIATSA_LOCUS8365,0,0,0,0,0,0
DIATSA_LOCUS8366,0,0,0,0,0,0
DIATSA_LOCUS8367,0,0,1,0,0,0
DIATSA_LOCUS8368,0,0,0,0,0,0
DIATSA_LOCUS8369,0,0,0,0,0,0
DIATSA_LOCUS837,53,116,122,34,127,134
DIATSA_LOCUS8370,0,0,0,0,0,0
DIATSA_LOCUS8371,1,2,2,0,1,1
DIATSA_LOCUS8372,0,0,0,0,0,0
DIATSA_LOCUS8373,0,0,0,0,0,0
DIATSA_LOCUS8374,1,2,2,0,0,0
DIATSA_LOCUS8375,0,0,0,0,0,0
DIATSA_LOCUS8376,34,78,83,36,77,85
DIATSA_LOCUS8377,114,251,258,154,372,374
DIATSA_LOCUS8378,6,12,13,3,6,6
DIATSA_LOCUS8379,2,2,2,0,0,0
DIATSA_LOCUS838,124,254,259,178,332,334
DIATSA_LOCUS8380,8,17,18,11,13,13
DIATSA_LOCUS8381,12,18,19,10,13,13
DIATSA_LOCUS8382,1,1,2,0,1,1
DIATSA_LOCUS8383,0,0,0,0,0,0
DIATSA_LOCUS8384,0,0,0,0,0,0
DIATSA_LOCUS8385,0,0,0,0,0,0
DIATSA_LOCUS8386,0,0,0,0,0,0
DIATSA_LOCUS8387,0,0,0,1,1,1
DIATSA_LOCUS8388,95,215,218,166,331,338
DIATSA_LOCUS8389,27,54,54,17,31,31
DIATSA_LOCUS839,0,0,0,0,0,0
DIATSA_LOCUS8390,188,464,478,247,610,625
DIATSA_LOCUS8391,26,59,58,25,53,54
DIATSA_LOCUS8392,161,288,297,132,219,224
DIATSA_LOCUS8393,7,11,11,1,1,1
DIATSA_LOCUS8394,2,3,4,0,0,0
DIATSA_LOCUS8395,178,330,330,76,133,134
DIATSA_LOCUS8396,6,12,12,1,1,1
DIATSA_LOCUS8397,2,2,2,2,2,2
DIATSA_LOCUS8398,172,448,458,273,671,689
DIATSA_LOCUS8399,51,144,148,57,156,164
DIATSA_LOCUS84,3,15,15,1,3,4
DIATSA_LOCUS840,0,0,0,0,0,0
DIATSA_LOCUS8400,196,379,397,240,438,455
DIATSA_LOCUS8401,0,0,0,0,0,0
DIATSA_LOCUS8402,1,4,4,2,4,4
DIATSA_LOCUS8403,49,97,98,40,64,67
DIATSA_LOCUS8404,495,804,832,544,917,940
DIATSA_LOCUS8405,12,32,32,15,22,25
DIATSA_LOCUS8406,83,151,156,37,81,82
DIATSA_LOCUS8407,1,2,2,0,0,0
DIATSA_LOCUS8408,0,0,0,0,0,0
DIATSA_LOCUS8409,0,0,0,0,0,0
DIATSA_LOCUS841,0,0,0,0,0,0
DIATSA_LOCUS8410,0,0,0,0,0,0
DIATSA_LOCUS8411,0,0,0,0,0,0
DIATSA_LOCUS8412,23,46,49,23,49,50
DIATSA_LOCUS8413,210,415,431,127,279,282
DIATSA_LOCUS8414,5,8,8,1,2,2
DIATSA_LOCUS8415,6,15,17,0,2,2
DIATSA_LOCUS8416,0,0,0,0,0,0
DIATSA_LOCUS8417,0,1,1,0,0,0
DIATSA_LOCUS8418,5,11,12,8,20,20
DIATSA_LOCUS8419,26,64,64,8,15,16
DIATSA_LOCUS842,0,0,0,0,0,0
DIATSA_LOCUS8420,159,253,265,88,160,162
DIATSA_LOCUS8421,49,111,115,45,91,97
DIATSA_LOCUS8422,44,89,92,57,107,109
DIATSA_LOCUS8423,20,38,39,9,17,17
DIATSA_LOCUS8424,40,73,77,56,112,115
DIATSA_LOCUS8425,35,76,76,37,115,117
DIATSA_LOCUS8426,28,58,59,37,68,69
DIATSA_LOCUS8427,89,240,251,103,214,221
DIATSA_LOCUS8428,2,8,8,4,3,3
DIATSA_LOCUS8429,1,1,1,0,0,0
DIATSA_LOCUS843,0,0,0,0,0,0
DIATSA_LOCUS8430,20,39,40,9,14,15
DIATSA_LOCUS8431,18,37,39,21,43,46
DIATSA_LOCUS8432,50,105,109,63,149,150
DIATSA_LOCUS8433,7,15,16,4,9,9
DIATSA_LOCUS8434,93,152,154,36,55,60
DIATSA_LOCUS8435,38,86,91,63,118,119
DIATSA_LOCUS8436,0,10,11,3,47,56
DIATSA_LOCUS8437,0,0,0,0,3,3
DIATSA_LOCUS8438,1,2,2,1,2,1
DIATSA_LOCUS8439,1,1,1,0,0,0
DIATSA_LOCUS844,0,0,0,0,0,0
DIATSA_LOCUS8440,0,0,0,0,0,0
DIATSA_LOCUS8441,0,0,0,0,2,2
DIATSA_LOCUS8442,0,0,0,0,0,0
DIATSA_LOCUS8443,0,0,0,0,0,0
DIATSA_LOCUS8444,2,3,3,1,3,3
DIATSA_LOCUS8445,0,0,0,0,0,0
DIATSA_LOCUS8446,0,0,0,0,0,0
DIATSA_LOCUS8447,2,9,9,2,9,9
DIATSA_LOCUS8448,0,0,0,0,0,0
DIATSA_LOCUS8449,31,50,54,6,21,20
DIATSA_LOCUS845,0,0,0,0,0,0
DIATSA_LOCUS8450,24,52,54,24,51,55
DIATSA_LOCUS8451,17,20,20,11,18,20
DIATSA_LOCUS8452,320,592,613,247,494,515
DIATSA_LOCUS8453,7211,18035,18786,13687,32836,33976
DIATSA_LOCUS8454,13,22,22,10,16,16
DIATSA_LOCUS8455,49,77,78,20,34,35
DIATSA_LOCUS8456,55,101,105,28,57,57
DIATSA_LOCUS8457,19,50,52,17,37,41
DIATSA_LOCUS8458,0,0,0,0,0,0
DIATSA_LOCUS8459,0,0,0,0,0,0
DIATSA_LOCUS846,27,40,44,30,48,54
DIATSA_LOCUS8460,0,0,0,0,0,0
DIATSA_LOCUS8461,0,2,2,0,0,0
DIATSA_LOCUS8462,1,1,1,5,5,5
DIATSA_LOCUS8463,30,46,47,70,116,122
DIATSA_LOCUS8464,33,81,85,12,30,31
DIATSA_LOCUS8465,50,91,98,25,49,48
DIATSA_LOCUS8466,71,124,130,53,84,89
DIATSA_LOCUS8467,0,0,0,0,0,0
DIATSA_LOCUS8468,2560,4504,4653,4680,8255,8562
DIATSA_LOCUS8469,51,80,80,55,102,103
DIATSA_LOCUS847,7,8,8,14,23,25
DIATSA_LOCUS8470,552,930,962,834,1403,1457
DIATSA_LOCUS8471,51,116,126,12,30,32
DIATSA_LOCUS8472,27,49,50,27,43,44
DIATSA_LOCUS8473,650,1269,1310,997,1991,2070
DIATSA_LOCUS8474,15,25,26,14,32,33
DIATSA_LOCUS8475,3,7,7,2,7,7
DIATSA_LOCUS8476,62,98,102,28,51,54
DIATSA_LOCUS8477,14,20,21,7,8,8
DIATSA_LOCUS8478,3,6,7,0,1,1
DIATSA_LOCUS8479,2,5,5,0,1,1
DIATSA_LOCUS848,5,9,10,8,10,11
DIATSA_LOCUS8480,29645,59763,62041,42791,86696,90428
DIATSA_LOCUS8481,26704,56702,59519,42638,86854,91583
DIATSA_LOCUS8482,70,147,154,95,191,209
DIATSA_LOCUS8483,908,1713,1789,1113,2125,2202
DIATSA_LOCUS8484,99,193,202,44,93,95
DIATSA_LOCUS8485,0,0,0,0,1,1
DIATSA_LOCUS8486,6,11,11,5,8,8
DIATSA_LOCUS8487,17,32,33,20,42,43
DIATSA_LOCUS8488,183,341,353,142,278,286
DIATSA_LOCUS8489,19,30,30,9,26,26
DIATSA_LOCUS849,1,1,1,2,4,4
DIATSA_LOCUS8490,30,62,64,22,46,47
DIATSA_LOCUS8491,47,106,109,43,72,74
DIATSA_LOCUS8492,26,52,54,32,59,61
DIATSA_LOCUS8493,83,176,179,45,98,100
DIATSA_LOCUS8494,0,0,0,0,0,0
DIATSA_LOCUS8495,660,1303,1351,617,1186,1238
DIATSA_LOCUS8496,3,9,10,6,12,12
DIATSA_LOCUS8497,59,114,119,57,132,135
DIATSA_LOCUS8498,10,15,14,4,6,6
DIATSA_LOCUS8499,34,61,61,29,57,61
DIATSA_LOCUS85,8,28,28,22,35,36
DIATSA_LOCUS850,0,1,1,0,0,0
DIATSA_LOCUS8500,239,574,587,236,520,527
DIATSA_LOCUS8501,89,190,200,70,139,146
DIATSA_LOCUS8502,82,196,199,61,157,163
DIATSA_LOCUS8503,0,0,0,0,0,0
DIATSA_LOCUS8504,36,82,84,26,62,67
DIATSA_LOCUS8505,30,67,70,18,38,40
DIATSA_LOCUS8506,1,2,2,0,3,3
DIATSA_LOCUS8507,0,0,0,0,0,0
DIATSA_LOCUS8508,1,2,2,2,2,2
DIATSA_LOCUS8509,21,42,41,13,29,30
DIATSA_LOCUS851,1,1,1,0,0,0
DIATSA_LOCUS8510,44,76,79,12,28,29
DIATSA_LOCUS8511,1820,3715,3810,1236,2353,2438
DIATSA_LOCUS8512,114,224,237,62,150,159
DIATSA_LOCUS8513,271,490,506,82,153,163
DIATSA_LOCUS8514,408,818,854,330,668,698
DIATSA_LOCUS8515,2,6,6,6,11,11
DIATSA_LOCUS8516,131,263,274,87,168,174
DIATSA_LOCUS8517,20,43,46,9,17,17
DIATSA_LOCUS8518,21,38,38,11,24,25
DIATSA_LOCUS8519,312,692,717,406,782,823
DIATSA_LOCUS852,0,1,1,0,0,0
DIATSA_LOCUS8520,31,78,84,32,58,59
DIATSA_LOCUS8521,65,135,136,12,21,21
DIATSA_LOCUS8522,23,51,53,32,47,49
DIATSA_LOCUS8523,543,1112,1167,331,737,783
DIATSA_LOCUS8524,26,50,52,50,90,91
DIATSA_LOCUS8525,19,36,39,4,6,10
DIATSA_LOCUS8526,189,347,353,66,168,178
DIATSA_LOCUS8527,188,407,424,195,436,451
DIATSA_LOCUS8528,27,58,53,4,10,8
DIATSA_LOCUS8529,2,2,2,0,0,0
DIATSA_LOCUS853,0,1,1,0,0,0
DIATSA_LOCUS8530,0,0,0,0,0,0
DIATSA_LOCUS8531,823,1357,1396,379,668,695
DIATSA_LOCUS8532,38,73,74,46,94,98
DIATSA_LOCUS8533,6258,10503,10841,5502,8136,8455
DIATSA_LOCUS8534,17,53,55,33,81,86
DIATSA_LOCUS8535,79,157,168,48,97,105
DIATSA_LOCUS8536,4,10,10,3,4,4
DIATSA_LOCUS8537,46,100,104,45,86,89
DIATSA_LOCUS8538,457,845,877,409,800,829
DIATSA_LOCUS8539,31,81,86,34,74,75
DIATSA_LOCUS854,59,129,131,55,119,123
DIATSA_LOCUS8540,34,55,57,9,25,26
DIATSA_LOCUS8541,11,23,23,9,14,14
DIATSA_LOCUS8542,62,137,145,35,83,88
DIATSA_LOCUS8543,35,59,62,26,48,49
DIATSA_LOCUS8544,84,129,133,43,65,66
DIATSA_LOCUS8545,197,451,464,192,483,497
DIATSA_LOCUS8546,774,1577,1638,1178,2186,2255
DIATSA_LOCUS8547,227,462,484,269,586,597
DIATSA_LOCUS8548,67,144,153,45,130,142
DIATSA_LOCUS8549,0,0,0,0,0,0
DIATSA_LOCUS855,4,7,8,10,18,18
DIATSA_LOCUS8550,54,99,104,82,163,166
DIATSA_LOCUS8551,37,70,71,43,88,89
DIATSA_LOCUS8552,11,18,18,3,10,10
DIATSA_LOCUS8553,0,1,1,0,0,0
DIATSA_LOCUS8554,53,87,97,31,48,51
DIATSA_LOCUS8555,138,252,258,93,196,206
DIATSA_LOCUS8556,0,1,1,0,0,0
DIATSA_LOCUS8557,277,488,503,98,168,176
DIATSA_LOCUS8558,1,1,1,2,2,2
DIATSA_LOCUS8559,1,1,1,0,3,3
DIATSA_LOCUS856,0,0,0,0,0,0
DIATSA_LOCUS8560,179,412,420,179,384,399
DIATSA_LOCUS8561,107,216,225,75,162,163
DIATSA_LOCUS8562,97,191,203,51,103,105
DIATSA_LOCUS8563,3,7,7,3,5,5
DIATSA_LOCUS8564,0,0,0,0,0,0
DIATSA_LOCUS8565,20,39,39,6,7,8
DIATSA_LOCUS8566,1,2,2,1,2,2
DIATSA_LOCUS8567,0,3,3,3,4,4
DIATSA_LOCUS8568,2,2,2,2,3,3
DIATSA_LOCUS8569,85,157,158,78,150,157
DIATSA_LOCUS857,0,0,0,0,0,0
DIATSA_LOCUS8570,32,62,61,23,67,68
DIATSA_LOCUS8571,35,60,62,17,33,32
DIATSA_LOCUS8572,0,0,0,0,0,0
DIATSA_LOCUS8573,60,131,138,61,114,116
DIATSA_LOCUS8574,70,140,146,19,51,53
DIATSA_LOCUS8575,0,0,0,0,0,0
DIATSA_LOCUS8576,0,0,0,0,0,0
DIATSA_LOCUS8577,113,204,206,63,102,104
DIATSA_LOCUS8578,825,1637,1701,844,1505,1540
DIATSA_LOCUS8579,319,595,605,82,171,175
DIATSA_LOCUS858,184,320,328,114,210,212
DIATSA_LOCUS8580,26,50,52,30,55,57
DIATSA_LOCUS8581,32,71,73,26,73,75
DIATSA_LOCUS8582,6,10,11,4,4,4
DIATSA_LOCUS8583,4,4,4,1,1,1
DIATSA_LOCUS8584,10,28,29,12,28,28
DIATSA_LOCUS8585,3,4,4,1,2,2
DIATSA_LOCUS8586,14,17,17,4,7,7
DIATSA_LOCUS8587,41,65,65,4,7,8
DIATSA_LOCUS8588,85,169,172,84,206,217
DIATSA_LOCUS8589,101,225,230,109,237,241
DIATSA_LOCUS859,7,9,10,10,14,14
DIATSA_LOCUS8590,0,0,0,0,0,0
DIATSA_LOCUS8591,99,261,267,109,309,311
DIATSA_LOCUS8592,260,404,410,425,658,671
DIATSA_LOCUS8593,0,0,0,1,1,1
DIATSA_LOCUS8594,361,702,723,408,755,787
DIATSA_LOCUS8595,0,0,0,0,0,0
DIATSA_LOCUS8596,0,0,0,0,0,0
DIATSA_LOCUS8597,0,0,0,0,0,0
DIATSA_LOCUS8598,61,115,122,41,71,72
DIATSA_LOCUS8599,37,73,71,39,72,72
DIATSA_LOCUS86,67,118,122,47,90,91
DIATSA_LOCUS860,9,17,18,11,20,22
DIATSA_LOCUS8600,13909,25098,25960,21035,38064,39781
DIATSA_LOCUS8601,19,38,38,14,31,33
DIATSA_LOCUS8602,78,151,153,117,216,222
DIATSA_LOCUS8603,120,173,176,44,92,96
DIATSA_LOCUS8604,30,66,69,19,38,38
DIATSA_LOCUS8605,22,58,59,13,34,36
DIATSA_LOCUS8606,158,339,357,108,213,218
DIATSA_LOCUS8607,17674,31510,32697,12508,22811,23753
DIATSA_LOCUS8608,22,50,50,9,20,20
DIATSA_LOCUS8609,6,6,6,0,0,0
DIATSA_LOCUS861,1,1,1,1,1,1
DIATSA_LOCUS8610,19,40,42,26,56,56
DIATSA_LOCUS8611,9305,16663,17259,12628,22926,23761
DIATSA_LOCUS8612,104,197,203,78,154,159
DIATSA_LOCUS8613,101,191,201,73,147,151
DIATSA_LOCUS8614,0,0,0,0,0,0
DIATSA_LOCUS8615,60,124,128,71,128,133
DIATSA_LOCUS8616,30,51,53,34,60,61
DIATSA_LOCUS8617,78,132,139,43,73,74
DIATSA_LOCUS8618,84,157,165,104,196,200
DIATSA_LOCUS8619,106,233,243,113,241,248
DIATSA_LOCUS862,5,12,12,1,2,2
DIATSA_LOCUS8620,170,331,341,146,282,292
DIATSA_LOCUS8621,136,302,308,111,237,243
DIATSA_LOCUS8622,20,51,52,24,43,44
DIATSA_LOCUS8623,112,219,222,76,153,157
DIATSA_LOCUS8624,10,19,21,10,23,26
DIATSA_LOCUS8625,2,3,3,3,6,5
DIATSA_LOCUS8626,646,1161,1185,628,911,957
DIATSA_LOCUS8627,69,143,152,115,263,277
DIATSA_LOCUS8628,11,30,35,26,49,50
DIATSA_LOCUS8629,0,0,0,0,0,0
DIATSA_LOCUS863,11,23,25,12,27,25
DIATSA_LOCUS8630,0,0,0,0,0,0
DIATSA_LOCUS8631,0,0,0,0,0,0
DIATSA_LOCUS8632,0,0,0,0,0,0
DIATSA_LOCUS8633,0,0,0,0,0,0
DIATSA_LOCUS8634,0,0,0,0,0,0
DIATSA_LOCUS8635,0,0,0,0,0,0
DIATSA_LOCUS8636,0,0,0,0,0,0
DIATSA_LOCUS8637,0,0,0,0,0,0
DIATSA_LOCUS8638,105,160,165,152,231,237
DIATSA_LOCUS8639,104,251,266,88,208,208
DIATSA_LOCUS864,50,82,84,17,29,29
DIATSA_LOCUS8640,8028,14395,14813,12232,21313,22012
DIATSA_LOCUS8641,31,61,62,18,45,47
DIATSA_LOCUS8642,0,1,1,0,0,0
DIATSA_LOCUS8643,1,3,4,1,3,3
DIATSA_LOCUS8644,1,2,2,0,1,1
DIATSA_LOCUS8645,92,146,151,36,63,66
DIATSA_LOCUS8646,68,122,129,21,30,31
DIATSA_LOCUS8647,45,96,98,61,117,123
DIATSA_LOCUS8648,127,268,274,124,226,231
DIATSA_LOCUS8649,257,479,493,118,216,228
DIATSA_LOCUS865,16,26,26,10,18,18
DIATSA_LOCUS8650,244,430,444,89,148,153
DIATSA_LOCUS8651,34,62,65,17,46,47
DIATSA_LOCUS8652,0,0,0,0,0,0
DIATSA_LOCUS8653,2,5,6,1,1,1
DIATSA_LOCUS8654,0,0,0,0,0,0
DIATSA_LOCUS8655,1,1,1,1,1,1
DIATSA_LOCUS8656,0,0,0,0,0,0
DIATSA_LOCUS8657,5,10,10,3,4,5
DIATSA_LOCUS8658,49,102,103,32,65,70
DIATSA_LOCUS8659,8,17,16,8,18,20
DIATSA_LOCUS866,8,14,14,4,7,7
DIATSA_LOCUS8660,84,157,164,69,125,130
DIATSA_LOCUS8661,0,0,0,0,0,0
DIATSA_LOCUS8662,7829,14008,14459,13534,24589,25458
DIATSA_LOCUS8663,8,10,11,9,15,15
DIATSA_LOCUS8664,32,54,55,13,22,22
DIATSA_LOCUS8665,6,13,13,8,9,9
DIATSA_LOCUS8666,0,0,0,0,0,0
DIATSA_LOCUS8667,4,4,4,1,2,2
DIATSA_LOCUS8668,1,1,1,0,1,1
DIATSA_LOCUS8669,0,0,0,0,0,0
DIATSA_LOCUS867,184,317,330,228,397,418
DIATSA_LOCUS8670,0,2,2,2,2,2
DIATSA_LOCUS8671,0,0,0,0,2,2
DIATSA_LOCUS8672,0,0,0,0,0,0
DIATSA_LOCUS8673,0,0,0,0,0,0
DIATSA_LOCUS8674,8,12,12,11,14,14
DIATSA_LOCUS8675,0,0,0,3,3,3
DIATSA_LOCUS8676,0,1,1,0,0,0
DIATSA_LOCUS8677,6,8,8,6,6,7
DIATSA_LOCUS8678,0,0,0,0,0,0
DIATSA_LOCUS8679,0,0,0,0,0,0
DIATSA_LOCUS868,14,25,26,30,39,43
DIATSA_LOCUS8680,0,0,0,0,0,0
DIATSA_LOCUS8681,0,0,0,0,0,0
DIATSA_LOCUS8682,0,0,0,0,0,0
DIATSA_LOCUS8683,5,6,6,2,2,2
DIATSA_LOCUS8684,0,1,1,1,1,1
DIATSA_LOCUS8685,3,7,8,12,18,18
DIATSA_LOCUS8686,85,170,176,56,113,119
DIATSA_LOCUS8687,1,6,6,15,34,31
DIATSA_LOCUS8688,34,61,62,63,124,125
DIATSA_LOCUS8689,49,82,86,16,35,35
DIATSA_LOCUS869,25,61,60,16,48,56
DIATSA_LOCUS8690,0,1,1,3,5,5
DIATSA_LOCUS8691,0,0,0,0,0,0
DIATSA_LOCUS8692,347,595,620,218,346,365
DIATSA_LOCUS8693,1,1,1,0,0,0
DIATSA_LOCUS8694,20,45,45,14,24,27
DIATSA_LOCUS8695,31,51,54,19,37,39
DIATSA_LOCUS8696,1,2,2,1,5,5
DIATSA_LOCUS8697,4,6,6,0,2,2
DIATSA_LOCUS8698,5,10,11,8,16,16
DIATSA_LOCUS8699,13,21,22,30,39,38
DIATSA_LOCUS87,550,1024,1052,207,396,408
DIATSA_LOCUS870,0,0,0,0,0,0
DIATSA_LOCUS8700,258,528,552,305,601,613
DIATSA_LOCUS8701,23,40,43,14,20,21
DIATSA_LOCUS8702,46,75,81,27,47,49
DIATSA_LOCUS8703,4,14,15,2,3,3
DIATSA_LOCUS8704,0,0,0,0,0,0
DIATSA_LOCUS8705,38,85,90,46,100,102
DIATSA_LOCUS8706,0,0,0,0,0,0
DIATSA_LOCUS8707,33,49,50,16,39,42
DIATSA_LOCUS8708,71,143,151,64,150,160
DIATSA_LOCUS8709,4,7,8,0,2,2
DIATSA_LOCUS871,73,125,128,74,154,158
DIATSA_LOCUS8710,7,8,8,8,13,13
DIATSA_LOCUS8711,97,187,190,96,178,187
DIATSA_LOCUS8712,195,354,367,91,148,150
DIATSA_LOCUS8713,56,121,121,43,77,80
DIATSA_LOCUS8714,1,2,2,8,12,12
DIATSA_LOCUS8715,47,83,88,19,49,49
DIATSA_LOCUS8716,1,4,4,1,5,6
DIATSA_LOCUS8717,98,175,175,75,143,151
DIATSA_LOCUS8718,1,2,2,0,0,0
DIATSA_LOCUS8719,120,245,254,186,310,315
DIATSA_LOCUS872,135,213,224,163,280,294
DIATSA_LOCUS8720,8,14,14,6,6,6
DIATSA_LOCUS8721,11,16,17,6,12,12
DIATSA_LOCUS8722,18,29,30,12,14,14
DIATSA_LOCUS8723,30,40,42,16,25,26
DIATSA_LOCUS8724,0,0,0,0,0,0
DIATSA_LOCUS8725,5,7,7,4,5,5
DIATSA_LOCUS8726,12,18,18,5,10,10
DIATSA_LOCUS8727,0,3,4,3,5,5
DIATSA_LOCUS8728,824,1850,1931,1238,2788,2887
DIATSA_LOCUS8729,2,4,4,8,9,9
DIATSA_LOCUS873,32,42,47,55,73,74
DIATSA_LOCUS8730,8,13,13,4,7,7
DIATSA_LOCUS8731,1,4,4,2,2,3
DIATSA_LOCUS8732,5177,7967,8315,1572,2410,2495
DIATSA_LOCUS8733,36,71,72,15,24,24
DIATSA_LOCUS8734,39,76,81,9,20,21
DIATSA_LOCUS8735,13,21,22,12,13,13
DIATSA_LOCUS8736,404,687,716,337,560,585
DIATSA_LOCUS8737,13,27,28,12,30,31
DIATSA_LOCUS8738,4,7,7,11,19,19
DIATSA_LOCUS8739,270,444,468,76,138,140
DIATSA_LOCUS874,3,9,11,15,26,27
DIATSA_LOCUS8740,16,29,30,14,25,25
DIATSA_LOCUS8741,0,0,0,0,0,0
DIATSA_LOCUS8742,0,0,0,0,0,0
DIATSA_LOCUS8743,0,0,0,0,0,0
DIATSA_LOCUS8744,0,0,0,0,0,0
DIATSA_LOCUS8745,32,60,60,26,47,49
DIATSA_LOCUS8746,57,134,134,38,122,125
DIATSA_LOCUS8747,44,108,114,27,66,69
DIATSA_LOCUS8748,20,54,54,22,46,45
DIATSA_LOCUS8749,15,22,23,5,11,10
DIATSA_LOCUS875,1,2,2,0,0,0
DIATSA_LOCUS8750,0,0,0,0,0,0
DIATSA_LOCUS8751,49,71,72,33,57,62
DIATSA_LOCUS8752,0,0,0,0,0,0
DIATSA_LOCUS8753,3838,6367,6538,3006,9579,9849
DIATSA_LOCUS8754,102,177,184,149,256,265
DIATSA_LOCUS8755,0,0,0,1,1,1
DIATSA_LOCUS8756,0,7,7,3,6,7
DIATSA_LOCUS8757,0,1,1,0,0,0
DIATSA_LOCUS8758,0,0,0,0,0,0
DIATSA_LOCUS8759,2,4,4,1,1,2
DIATSA_LOCUS876,3,2,2,12,16,16
DIATSA_LOCUS8760,0,0,1,1,2,2
DIATSA_LOCUS8761,0,0,0,0,0,1
DIATSA_LOCUS8762,1,4,4,0,2,2
DIATSA_LOCUS8763,0,0,0,0,0,0
DIATSA_LOCUS8764,91,241,246,140,295,299
DIATSA_LOCUS8765,23,30,33,11,25,29
DIATSA_LOCUS8766,0,0,0,0,0,0
DIATSA_LOCUS8767,67,103,104,12,32,33
DIATSA_LOCUS8768,1,5,5,1,3,3
DIATSA_LOCUS8769,1,9,9,0,7,7
DIATSA_LOCUS877,0,0,0,0,0,0
DIATSA_LOCUS8770,0,0,0,0,0,0
DIATSA_LOCUS8771,0,0,0,1,1,1
DIATSA_LOCUS8772,0,0,0,0,0,0
DIATSA_LOCUS8773,34,54,55,24,56,56
DIATSA_LOCUS8774,205,410,425,158,357,366
DIATSA_LOCUS8775,1770,2905,3018,1899,3237,3341
DIATSA_LOCUS8776,410,701,724,146,239,241
DIATSA_LOCUS8777,11,12,12,3,5,5
DIATSA_LOCUS8778,5,9,9,2,2,2
DIATSA_LOCUS8779,10,26,27,3,12,13
DIATSA_LOCUS878,0,0,0,0,0,0
DIATSA_LOCUS8780,16,36,36,0,3,3
DIATSA_LOCUS8781,107,172,178,79,134,139
DIATSA_LOCUS8782,0,1,1,1,0,0
DIATSA_LOCUS8783,21,47,47,12,25,25
DIATSA_LOCUS8784,248,479,494,188,377,387
DIATSA_LOCUS8785,24,56,60,38,78,82
DIATSA_LOCUS8786,1,9,8,3,16,17
DIATSA_LOCUS8787,11,18,19,5,12,14
DIATSA_LOCUS8788,577,1315,1383,626,1426,1485
DIATSA_LOCUS8789,246,539,551,254,602,620
DIATSA_LOCUS879,0,0,0,0,0,0
DIATSA_LOCUS8790,27,53,53,27,54,56
DIATSA_LOCUS8791,27,37,38,3,11,11
DIATSA_LOCUS8792,38,68,72,35,66,70
DIATSA_LOCUS8793,53,104,109,52,107,109
DIATSA_LOCUS8794,77,188,201,96,232,242
DIATSA_LOCUS8795,74,139,150,22,37,38
DIATSA_LOCUS8796,0,0,0,0,0,0
DIATSA_LOCUS8797,5,7,8,0,1,1
DIATSA_LOCUS8798,125,250,263,104,242,248
DIATSA_LOCUS8799,5,10,10,2,3,3
DIATSA_LOCUS88,5,8,11,14,26,27
DIATSA_LOCUS880,0,0,0,0,0,0
DIATSA_LOCUS8800,3,6,6,1,5,5
DIATSA_LOCUS8801,79,122,125,48,87,94
DIATSA_LOCUS8802,4,6,6,4,4,4
DIATSA_LOCUS8803,81,116,120,86,132,139
DIATSA_LOCUS8804,0,0,0,0,0,0
DIATSA_LOCUS8805,27,46,47,14,19,19
DIATSA_LOCUS8806,66,177,186,110,252,261
DIATSA_LOCUS8807,29,57,59,4,11,11
DIATSA_LOCUS8808,5,8,8,0,3,3
DIATSA_LOCUS8809,10,21,22,2,5,5
DIATSA_LOCUS881,0,1,1,0,2,2
DIATSA_LOCUS8810,149,320,332,77,182,188
DIATSA_LOCUS8811,36,89,93,35,66,68
DIATSA_LOCUS8812,31,72,76,24,62,64
DIATSA_LOCUS8813,74,155,158,26,53,59
DIATSA_LOCUS8814,28,65,66,8,18,19
DIATSA_LOCUS8815,0,0,2,0,1,1
DIATSA_LOCUS8816,3,4,4,2,7,7
DIATSA_LOCUS8817,0,0,0,0,0,0
DIATSA_LOCUS8818,0,0,0,0,0,0
DIATSA_LOCUS8819,133,179,185,300,434,445
DIATSA_LOCUS882,188,426,452,164,323,343
DIATSA_LOCUS8820,2,3,3,1,3,3
DIATSA_LOCUS8821,9,17,17,9,9,9
DIATSA_LOCUS8822,1,2,2,0,0,0
DIATSA_LOCUS8823,0,0,0,0,0,0
DIATSA_LOCUS8824,34,66,70,63,109,107
DIATSA_LOCUS8825,0,0,0,0,0,0
DIATSA_LOCUS8826,2,3,3,1,6,6
DIATSA_LOCUS8827,0,0,0,0,0,0
DIATSA_LOCUS8828,0,0,0,0,0,0
DIATSA_LOCUS8829,6,9,9,1,4,4
DIATSA_LOCUS883,0,0,0,0,0,0
DIATSA_LOCUS8830,37,77,78,36,63,67
DIATSA_LOCUS8831,52,107,109,22,41,42
DIATSA_LOCUS8832,24,58,61,23,48,50
DIATSA_LOCUS8833,121,231,234,182,329,332
DIATSA_LOCUS8834,26,43,44,27,43,44
DIATSA_LOCUS8835,0,0,0,0,0,0
DIATSA_LOCUS8836,0,1,1,0,0,0
DIATSA_LOCUS8837,0,0,0,0,0,0
DIATSA_LOCUS8838,6,9,9,0,4,4
DIATSA_LOCUS8839,0,0,0,0,1,1
DIATSA_LOCUS884,42,87,93,68,138,140
DIATSA_LOCUS8840,508,897,928,227,428,437
DIATSA_LOCUS8841,0,0,0,0,0,0
DIATSA_LOCUS8842,0,0,0,0,0,0
DIATSA_LOCUS8843,38,48,49,19,29,30
DIATSA_LOCUS8844,0,0,0,0,0,0
DIATSA_LOCUS8845,2,1,1,0,3,3
DIATSA_LOCUS8846,408,602,621,500,758,786
DIATSA_LOCUS8847,0,1,1,3,6,7
DIATSA_LOCUS8848,5,15,15,0,4,5
DIATSA_LOCUS8849,50,109,109,48,113,114
DIATSA_LOCUS885,1,1,1,0,3,3
DIATSA_LOCUS8850,57,125,127,12,18,18
DIATSA_LOCUS8851,10,15,15,1,0,0
DIATSA_LOCUS8852,7,9,10,0,1,1
DIATSA_LOCUS8853,59,105,111,64,95,96
DIATSA_LOCUS8854,19,38,41,21,40,43
DIATSA_LOCUS8855,60,98,102,78,132,136
DIATSA_LOCUS8856,45,93,94,41,81,81
DIATSA_LOCUS8857,93,174,182,82,173,178
DIATSA_LOCUS8858,13,27,27,10,17,17
DIATSA_LOCUS8859,29,60,61,10,23,23
DIATSA_LOCUS886,7,14,14,3,8,8
DIATSA_LOCUS8860,61,105,110,50,93,97
DIATSA_LOCUS8861,26,67,70,7,17,17
DIATSA_LOCUS8862,5,5,4,6,9,9
DIATSA_LOCUS8863,6,9,9,10,15,15
DIATSA_LOCUS8864,0,0,0,0,0,0
DIATSA_LOCUS8865,378,774,809,320,654,693
DIATSA_LOCUS8866,45,102,104,15,44,45
DIATSA_LOCUS8867,1,0,0,0,0,0
DIATSA_LOCUS8868,29,62,67,7,16,17
DIATSA_LOCUS8869,0,0,0,0,0,0
DIATSA_LOCUS887,19,29,28,14,26,27
DIATSA_LOCUS8870,286,561,580,87,155,164
DIATSA_LOCUS8871,61,101,103,97,151,152
DIATSA_LOCUS8872,0,1,1,2,2,2
DIATSA_LOCUS8873,9,17,18,0,4,4
DIATSA_LOCUS8874,12,34,36,24,45,45
DIATSA_LOCUS8875,26,44,47,6,10,16
DIATSA_LOCUS8876,6,12,15,15,24,25
DIATSA_LOCUS8877,252,480,489,259,475,483
DIATSA_LOCUS8878,142,311,324,162,339,351
DIATSA_LOCUS8879,0,0,0,0,0,0
DIATSA_LOCUS888,45,91,94,20,40,41
DIATSA_LOCUS8880,0,0,0,0,0,0
DIATSA_LOCUS8881,3,3,3,1,2,2
DIATSA_LOCUS8882,20,49,53,38,62,66
DIATSA_LOCUS8883,0,0,0,0,0,0
DIATSA_LOCUS8884,0,0,0,0,0,0
DIATSA_LOCUS8885,64,109,113,69,96,99
DIATSA_LOCUS8886,61,132,135,62,110,114
DIATSA_LOCUS8887,364,515,525,445,654,675
DIATSA_LOCUS8888,4,8,8,2,4,4
DIATSA_LOCUS8889,3,11,11,2,8,8
DIATSA_LOCUS889,2,3,4,1,1,1
DIATSA_LOCUS8890,38,70,68,20,28,28
DIATSA_LOCUS8891,39,69,74,26,41,42
DIATSA_LOCUS8892,71,133,144,218,377,399
DIATSA_LOCUS8893,46,87,93,37,70,71
DIATSA_LOCUS8894,64,139,141,80,179,187
DIATSA_LOCUS8895,8,14,15,17,25,25
DIATSA_LOCUS8896,79,138,143,124,228,240
DIATSA_LOCUS8897,101,185,194,66,135,144
DIATSA_LOCUS8898,15,18,19,6,12,13
DIATSA_LOCUS8899,26,39,42,12,30,30
DIATSA_LOCUS89,0,0,0,1,2,2
DIATSA_LOCUS890,1,1,1,0,0,0
DIATSA_LOCUS8900,3269,7133,7416,3845,9540,9944
DIATSA_LOCUS8901,5,9,9,8,11,11
DIATSA_LOCUS8902,112,218,225,121,219,221
DIATSA_LOCUS8903,0,0,0,0,0,0
DIATSA_LOCUS8904,2,1,0,1,5,6
DIATSA_LOCUS8905,50,98,104,45,86,86
DIATSA_LOCUS8906,8,17,18,9,24,24
DIATSA_LOCUS8907,420,784,800,253,516,534
DIATSA_LOCUS8908,49,112,117,36,79,83
DIATSA_LOCUS8909,0,0,0,0,0,0
DIATSA_LOCUS891,1,3,3,1,1,1
DIATSA_LOCUS8910,8,12,12,4,7,8
DIATSA_LOCUS8911,24,34,35,28,48,53
DIATSA_LOCUS8912,6212,10188,10533,6264,10480,10815
DIATSA_LOCUS8913,2,3,3,3,4,4
DIATSA_LOCUS8914,0,1,1,0,2,2
DIATSA_LOCUS8915,0,0,0,0,0,0
DIATSA_LOCUS8916,0,0,0,0,0,0
DIATSA_LOCUS8917,75,136,138,50,93,99
DIATSA_LOCUS8918,16,43,46,25,52,52
DIATSA_LOCUS8919,277,572,595,293,641,661
DIATSA_LOCUS892,88,149,156,62,92,96
DIATSA_LOCUS8920,217,431,436,124,260,275
DIATSA_LOCUS8921,41,66,71,22,42,44
DIATSA_LOCUS8922,263,556,576,345,752,774
DIATSA_LOCUS8923,255,461,476,276,519,533
DIATSA_LOCUS8924,25,50,52,36,80,82
DIATSA_LOCUS8925,0,0,0,0,0,0
DIATSA_LOCUS8926,47,82,83,44,81,83
DIATSA_LOCUS8927,50,106,111,53,91,95
DIATSA_LOCUS8928,40,96,98,27,47,49
DIATSA_LOCUS8929,35,88,87,17,35,35
DIATSA_LOCUS893,7142,14325,14809,11171,22437,23244
DIATSA_LOCUS8930,57,114,119,13,28,29
DIATSA_LOCUS8931,48,93,94,42,67,68
DIATSA_LOCUS8932,0,3,3,0,0,0
DIATSA_LOCUS8933,0,0,0,0,0,0
DIATSA_LOCUS8934,1,1,1,0,0,0
DIATSA_LOCUS8935,3,3,3,1,3,3
DIATSA_LOCUS8936,0,0,0,0,0,0
DIATSA_LOCUS8937,0,0,0,1,0,0
DIATSA_LOCUS8938,0,0,0,0,0,0
DIATSA_LOCUS8939,0,0,0,0,0,0
DIATSA_LOCUS894,275,540,544,256,517,534
DIATSA_LOCUS8940,2,3,3,3,4,4
DIATSA_LOCUS8941,25,21,22,30,32,34
DIATSA_LOCUS8942,2,2,3,4,10,11
DIATSA_LOCUS8943,1,1,1,0,0,0
DIATSA_LOCUS8944,0,0,0,0,0,0
DIATSA_LOCUS8945,209,319,330,214,344,351
DIATSA_LOCUS8946,0,0,0,0,0,0
DIATSA_LOCUS8947,124,232,238,85,161,167
DIATSA_LOCUS8948,113,207,222,99,224,230
DIATSA_LOCUS8949,2,3,5,0,0,0
DIATSA_LOCUS895,0,0,0,0,0,0
DIATSA_LOCUS8950,0,0,0,0,0,0
DIATSA_LOCUS8951,0,0,0,0,0,0
DIATSA_LOCUS8952,73,143,149,35,76,78
DIATSA_LOCUS8953,934,1536,1587,492,843,886
DIATSA_LOCUS8954,71,114,115,68,121,122
DIATSA_LOCUS8955,25,45,45,11,20,21
DIATSA_LOCUS8956,33,81,84,20,45,46
DIATSA_LOCUS8957,32,71,74,34,68,71
DIATSA_LOCUS8958,0,0,0,0,0,0
DIATSA_LOCUS8959,3,5,5,2,4,4
DIATSA_LOCUS896,1248,2195,2261,1299,2359,2434
DIATSA_LOCUS8960,0,0,0,0,0,0
DIATSA_LOCUS8961,1,1,2,0,0,0
DIATSA_LOCUS8962,0,0,0,0,0,0
DIATSA_LOCUS8963,0,0,0,0,0,0
DIATSA_LOCUS8964,0,1,1,0,3,4
DIATSA_LOCUS8965,7,14,16,0,5,5
DIATSA_LOCUS8966,153,267,280,69,110,114
DIATSA_LOCUS8967,84,146,154,65,133,134
DIATSA_LOCUS8968,174,346,363,199,381,394
DIATSA_LOCUS8969,44,100,100,36,104,105
DIATSA_LOCUS897,0,0,0,0,0,0
DIATSA_LOCUS8970,20,41,43,9,15,15
DIATSA_LOCUS8971,11,38,37,15,60,60
DIATSA_LOCUS8972,152,299,317,107,199,211
DIATSA_LOCUS8973,522,922,950,287,512,528
DIATSA_LOCUS8974,56,98,100,29,50,52
DIATSA_LOCUS8975,31,46,47,13,15,16
DIATSA_LOCUS8976,534,930,956,446,805,823
DIATSA_LOCUS8977,1221,2376,2445,1312,2555,2650
DIATSA_LOCUS8978,305,597,625,194,407,427
DIATSA_LOCUS8979,0,0,0,0,0,0
DIATSA_LOCUS898,0,0,0,0,0,0
DIATSA_LOCUS8980,1987,3348,3457,1036,1713,1781
DIATSA_LOCUS8981,133,289,296,193,360,374
DIATSA_LOCUS8982,42,97,99,41,109,110
DIATSA_LOCUS8983,0,0,0,0,0,0
DIATSA_LOCUS8984,35,73,75,31,63,65
DIATSA_LOCUS8985,18,57,59,15,67,69
DIATSA_LOCUS8986,256,535,574,310,624,654
DIATSA_LOCUS8987,189,383,402,162,291,302
DIATSA_LOCUS8988,441,909,938,412,891,925
DIATSA_LOCUS8989,64,136,140,79,167,174
DIATSA_LOCUS899,0,0,0,0,0,0
DIATSA_LOCUS8990,0,0,0,0,0,0
DIATSA_LOCUS8991,2,8,8,4,5,5
DIATSA_LOCUS8992,6,14,16,3,6,6
DIATSA_LOCUS8993,48,78,81,65,104,103
DIATSA_LOCUS8994,19,57,57,20,29,29
DIATSA_LOCUS8995,18,37,39,9,19,21
DIATSA_LOCUS8996,13,18,19,5,13,13
DIATSA_LOCUS8997,145,306,319,183,379,392
DIATSA_LOCUS8998,728,1545,1583,527,1175,1210
DIATSA_LOCUS8999,71,134,136,76,144,145
DIATSA_LOCUS9,0,0,0,0,0,0
DIATSA_LOCUS90,0,0,0,0,0,0
DIATSA_LOCUS900,0,0,0,0,0,0
DIATSA_LOCUS9000,13,28,28,9,22,24
DIATSA_LOCUS9001,222,470,488,210,450,462
DIATSA_LOCUS9002,59,124,128,321,555,578
DIATSA_LOCUS9003,274,504,530,335,717,739
DIATSA_LOCUS9004,3,6,7,4,7,8
DIATSA_LOCUS9005,3,5,5,1,1,1
DIATSA_LOCUS9006,4,2,2,3,3,3
DIATSA_LOCUS9007,2,1,1,1,2,2
DIATSA_LOCUS9008,4,7,7,0,1,1
DIATSA_LOCUS9009,3,14,13,0,0,2
DIATSA_LOCUS901,0,1,1,0,0,0
DIATSA_LOCUS9010,56,114,120,7,20,20
DIATSA_LOCUS9011,7,13,14,5,10,10
DIATSA_LOCUS9012,0,0,1,1,1,1
DIATSA_LOCUS9013,45,84,85,39,68,75
DIATSA_LOCUS9014,8,13,13,5,7,7
DIATSA_LOCUS9015,52,117,124,27,72,76
DIATSA_LOCUS9016,31,58,67,45,98,102
DIATSA_LOCUS9017,0,0,0,0,0,0
DIATSA_LOCUS9018,49,90,93,19,28,29
DIATSA_LOCUS9019,16,38,40,18,30,29
DIATSA_LOCUS902,1,1,1,0,0,0
DIATSA_LOCUS9020,0,0,0,0,0,0
DIATSA_LOCUS9021,5,5,5,5,7,7
DIATSA_LOCUS9022,36,71,70,10,18,18
DIATSA_LOCUS9023,0,0,0,1,1,1
DIATSA_LOCUS9024,3,4,4,1,2,3
DIATSA_LOCUS9025,0,3,3,0,0,0
DIATSA_LOCUS9026,0,0,0,0,0,0
DIATSA_LOCUS9027,5,8,8,2,4,4
DIATSA_LOCUS9028,1,3,2,3,6,7
DIATSA_LOCUS9029,1,1,1,0,0,0
DIATSA_LOCUS903,0,1,1,0,0,0
DIATSA_LOCUS9030,8,18,19,8,8,11
DIATSA_LOCUS9031,0,0,0,0,0,0
DIATSA_LOCUS9032,8,22,22,12,16,16
DIATSA_LOCUS9033,146,308,319,96,189,196
DIATSA_LOCUS9034,465,992,1051,359,889,922
DIATSA_LOCUS9035,307,650,691,312,689,714
DIATSA_LOCUS9036,4,7,7,7,15,15
DIATSA_LOCUS9037,10,26,27,8,21,24
DIATSA_LOCUS9038,315,603,625,279,564,590
DIATSA_LOCUS9039,57,153,162,87,189,196
DIATSA_LOCUS904,43,92,95,37,72,72
DIATSA_LOCUS9040,8,9,10,9,14,15
DIATSA_LOCUS9041,10,13,15,4,7,7
DIATSA_LOCUS9042,0,0,0,0,1,1
DIATSA_LOCUS9043,44,87,91,28,55,55
DIATSA_LOCUS9044,276,603,620,310,742,772
DIATSA_LOCUS9045,26,51,50,57,98,103
DIATSA_LOCUS9046,0,5,5,4,4,4
DIATSA_LOCUS9047,16,24,23,2,5,4
DIATSA_LOCUS9048,93,201,200,81,164,171
DIATSA_LOCUS9049,369,649,668,577,910,936
DIATSA_LOCUS905,25,45,44,25,52,56
DIATSA_LOCUS9050,23,39,41,12,23,23
DIATSA_LOCUS9051,22,48,50,14,31,31
DIATSA_LOCUS9052,66,112,116,21,42,42
DIATSA_LOCUS9053,110,175,180,79,156,163
DIATSA_LOCUS9054,407,809,830,197,414,425
DIATSA_LOCUS9055,117,239,252,54,97,101
DIATSA_LOCUS9056,46,70,73,19,28,28
DIATSA_LOCUS9057,89,179,180,55,97,103
DIATSA_LOCUS9058,13,19,20,12,17,17
DIATSA_LOCUS9059,3,7,7,3,9,11
DIATSA_LOCUS906,3,3,3,1,1,1
DIATSA_LOCUS9060,0,0,0,2,4,4
DIATSA_LOCUS9061,0,0,0,0,0,0
DIATSA_LOCUS9062,8,9,9,12,14,15
DIATSA_LOCUS9063,0,0,0,0,0,0
DIATSA_LOCUS9064,0,0,0,0,0,0
DIATSA_LOCUS9065,0,0,0,0,0,0
DIATSA_LOCUS9066,0,0,0,0,0,0
DIATSA_LOCUS9067,0,0,0,0,0,0
DIATSA_LOCUS9068,1,2,2,0,0,0
DIATSA_LOCUS9069,0,0,0,0,0,0
DIATSA_LOCUS907,0,0,0,0,0,0
DIATSA_LOCUS9070,0,0,0,0,0,0
DIATSA_LOCUS9071,0,0,0,0,0,0
DIATSA_LOCUS9072,0,4,5,1,6,6
DIATSA_LOCUS9073,0,0,0,0,0,0
DIATSA_LOCUS9074,0,0,0,0,0,0
DIATSA_LOCUS9075,0,1,1,0,0,0
DIATSA_LOCUS9076,0,0,0,0,0,0
DIATSA_LOCUS9077,0,0,0,0,0,0
DIATSA_LOCUS9078,0,0,0,0,0,0
DIATSA_LOCUS9079,0,0,0,0,0,0
DIATSA_LOCUS908,0,0,0,0,0,0
DIATSA_LOCUS9080,0,0,0,0,0,0
DIATSA_LOCUS9081,0,0,0,0,0,0
DIATSA_LOCUS9082,59,113,120,36,68,67
DIATSA_LOCUS9083,1157,1926,1989,2008,3389,3471
DIATSA_LOCUS9084,702,1142,1180,986,1555,1612
DIATSA_LOCUS9085,160,288,293,179,340,359
DIATSA_LOCUS9086,64,122,125,57,104,107
DIATSA_LOCUS9087,0,0,0,0,0,0
DIATSA_LOCUS9088,446,974,998,380,897,934
DIATSA_LOCUS9089,58,88,93,69,109,115
DIATSA_LOCUS909,0,0,0,0,0,0
DIATSA_LOCUS9090,25,40,40,48,66,64
DIATSA_LOCUS9091,4,9,9,3,4,4
DIATSA_LOCUS9092,14,21,21,5,8,8
DIATSA_LOCUS9093,52,114,117,35,77,79
DIATSA_LOCUS9094,83,203,213,69,159,165
DIATSA_LOCUS9095,88,208,215,56,137,143
DIATSA_LOCUS9096,93,154,158,51,95,96
DIATSA_LOCUS9097,68,151,157,33,83,84
DIATSA_LOCUS9098,53,94,101,26,64,66
DIATSA_LOCUS9099,0,0,0,0,0,0
DIATSA_LOCUS91,0,0,0,0,0,0
DIATSA_LOCUS910,0,1,1,0,1,1
DIATSA_LOCUS9100,140,226,231,148,290,298
DIATSA_LOCUS9101,139,265,268,53,113,113
DIATSA_LOCUS9102,31,53,56,27,54,55
DIATSA_LOCUS9103,142,303,321,135,266,276
DIATSA_LOCUS9104,8,15,17,8,17,17
DIATSA_LOCUS9105,1,2,2,0,0,0
DIATSA_LOCUS9106,346,710,733,352,673,698
DIATSA_LOCUS9107,37,94,99,61,114,117
DIATSA_LOCUS9108,74,117,118,40,61,61
DIATSA_LOCUS9109,11,22,23,9,16,17
DIATSA_LOCUS911,4,5,5,2,2,2
DIATSA_LOCUS9110,770,1463,1511,281,689,719
DIATSA_LOCUS9111,7,30,31,2,8,8
DIATSA_LOCUS9112,5,9,9,3,3,3
DIATSA_LOCUS9113,39,93,96,30,70,71
DIATSA_LOCUS9114,94,154,157,104,187,191
DIATSA_LOCUS9115,32,56,63,8,18,21
DIATSA_LOCUS9116,10,22,22,6,16,16
DIATSA_LOCUS9117,153,283,289,97,164,170
DIATSA_LOCUS9118,69,120,125,20,43,45
DIATSA_LOCUS9119,0,9,9,0,0,0
DIATSA_LOCUS912,13,21,23,12,16,17
DIATSA_LOCUS9120,5,7,7,3,4,4
DIATSA_LOCUS9121,20,45,44,16,35,34
DIATSA_LOCUS9122,31,75,79,36,78,82
DIATSA_LOCUS9123,43,92,95,13,36,40
DIATSA_LOCUS9124,185,334,345,191,348,372
DIATSA_LOCUS9125,434,937,967,394,867,904
DIATSA_LOCUS9126,10,13,14,5,9,9
DIATSA_LOCUS9127,13,38,38,17,36,36
DIATSA_LOCUS9128,28,75,80,20,49,50
DIATSA_LOCUS9129,0,0,0,0,0,0
DIATSA_LOCUS913,7,9,8,4,6,6
DIATSA_LOCUS9130,0,0,0,0,0,0
DIATSA_LOCUS9131,2,7,7,9,11,11
DIATSA_LOCUS9132,5,5,5,6,5,6
DIATSA_LOCUS9133,10,20,21,26,48,48
DIATSA_LOCUS9134,1,4,4,2,7,9
DIATSA_LOCUS9135,11,15,16,2,10,10
DIATSA_LOCUS9136,1,2,2,0,3,3
DIATSA_LOCUS9137,0,0,0,0,0,0
DIATSA_LOCUS9138,16,29,28,47,80,82
DIATSA_LOCUS9139,37,73,76,40,69,72
DIATSA_LOCUS914,23,60,61,18,41,43
DIATSA_LOCUS9140,0,7,7,1,4,1
DIATSA_LOCUS9141,1,2,2,0,0,0
DIATSA_LOCUS9142,121,222,228,46,100,109
DIATSA_LOCUS9143,0,0,0,0,0,0
DIATSA_LOCUS9144,6,14,14,5,7,7
DIATSA_LOCUS9145,2,6,6,4,7,7
DIATSA_LOCUS9146,233,424,434,216,403,414
DIATSA_LOCUS9147,43,104,111,45,91,89
DIATSA_LOCUS9148,8,15,15,6,29,32
DIATSA_LOCUS9149,77,158,162,73,151,154
DIATSA_LOCUS915,5,9,9,6,10,10
DIATSA_LOCUS9150,1,3,3,1,1,1
DIATSA_LOCUS9151,48,66,74,74,138,142
DIATSA_LOCUS9152,6,9,9,3,6,6
DIATSA_LOCUS9153,0,0,0,0,1,1
DIATSA_LOCUS9154,10,29,29,11,22,24
DIATSA_LOCUS9155,0,0,0,0,0,0
DIATSA_LOCUS9156,0,0,0,0,0,0
DIATSA_LOCUS9157,237,570,607,233,665,687
DIATSA_LOCUS9158,127,173,180,90,146,149
DIATSA_LOCUS9159,27,65,65,18,50,51
DIATSA_LOCUS916,0,0,0,0,0,0
DIATSA_LOCUS9160,0,0,0,0,0,0
DIATSA_LOCUS9161,77,156,160,37,68,73
DIATSA_LOCUS9162,26,44,44,38,102,107
DIATSA_LOCUS9163,52,85,86,37,67,68
DIATSA_LOCUS9164,35,58,58,26,42,43
DIATSA_LOCUS9165,0,0,0,0,1,1
DIATSA_LOCUS9166,18,35,35,9,14,16
DIATSA_LOCUS9167,27,46,47,38,63,64
DIATSA_LOCUS9168,53,90,93,49,92,95
DIATSA_LOCUS9169,1085,2037,2127,412,852,880
DIATSA_LOCUS917,2,1,1,3,6,5
DIATSA_LOCUS9170,95,166,173,124,264,270
DIATSA_LOCUS9171,161,316,328,146,283,294
DIATSA_LOCUS9172,176,382,390,160,306,322
DIATSA_LOCUS9173,65,117,122,107,161,168
DIATSA_LOCUS9174,63,114,116,36,60,60
DIATSA_LOCUS9175,77,184,191,107,231,237
DIATSA_LOCUS9176,245,435,443,208,398,416
DIATSA_LOCUS9177,0,0,0,0,0,0
DIATSA_LOCUS9178,0,0,0,0,0,0
DIATSA_LOCUS9179,26,54,56,20,33,34
DIATSA_LOCUS918,942,1522,1577,1345,2329,2407
DIATSA_LOCUS9180,1,3,3,3,3,3
DIATSA_LOCUS9181,1,6,6,3,7,8
DIATSA_LOCUS9182,15,23,23,3,5,4
DIATSA_LOCUS9183,6,18,19,8,14,14
DIATSA_LOCUS9184,14,25,26,30,41,43
DIATSA_LOCUS9185,0,0,0,0,0,0
DIATSA_LOCUS9186,119,246,253,31,77,77
DIATSA_LOCUS9187,339,651,669,268,538,551
DIATSA_LOCUS9188,256,490,510,170,333,346
DIATSA_LOCUS9189,16,27,30,0,6,8
DIATSA_LOCUS919,2,4,5,0,1,1
DIATSA_LOCUS9190,8,15,12,4,5,5
DIATSA_LOCUS9191,97,161,164,75,151,154
DIATSA_LOCUS9192,0,0,0,0,0,0
DIATSA_LOCUS9193,235,439,448,427,677,698
DIATSA_LOCUS9194,6,12,13,6,5,6
DIATSA_LOCUS9195,245,395,404,231,405,411
DIATSA_LOCUS9196,59,94,93,26,51,53
DIATSA_LOCUS9197,0,0,0,0,0,0
DIATSA_LOCUS9198,0,0,0,0,0,0
DIATSA_LOCUS9199,29,61,64,14,32,32
DIATSA_LOCUS92,0,0,0,0,0,0
DIATSA_LOCUS920,36,82,82,15,36,39
DIATSA_LOCUS9200,12,34,34,10,18,18
DIATSA_LOCUS9201,8,17,18,13,25,25
DIATSA_LOCUS9202,4,11,12,6,21,20
DIATSA_LOCUS9203,2,8,9,0,1,1
DIATSA_LOCUS9204,0,0,0,0,0,0
DIATSA_LOCUS9205,0,0,0,0,0,0
DIATSA_LOCUS9206,1,0,0,1,3,3
DIATSA_LOCUS9207,170,294,309,70,121,125
DIATSA_LOCUS9208,58,89,92,26,47,49
DIATSA_LOCUS9209,233,418,433,96,178,188
DIATSA_LOCUS921,75,111,114,56,107,109
DIATSA_LOCUS9210,12,18,19,7,9,10
DIATSA_LOCUS9211,16,34,35,26,66,69
DIATSA_LOCUS9212,1,0,0,1,2,2
DIATSA_LOCUS9213,91,156,159,74,143,148
DIATSA_LOCUS9214,1,5,5,3,10,10
DIATSA_LOCUS9215,0,0,0,0,0,0
DIATSA_LOCUS9216,27,47,51,22,44,46
DIATSA_LOCUS9217,1,1,1,0,0,0
DIATSA_LOCUS9218,0,1,1,0,1,1
DIATSA_LOCUS9219,266,448,458,259,489,505
DIATSA_LOCUS922,22,40,42,8,14,14
DIATSA_LOCUS9220,408,775,812,498,963,997
DIATSA_LOCUS9221,8,7,7,22,34,36
DIATSA_LOCUS9222,10,34,35,6,18,17
DIATSA_LOCUS9223,1,0,0,0,1,1
DIATSA_LOCUS9224,3,8,8,5,11,11
DIATSA_LOCUS9225,0,0,0,0,0,0
DIATSA_LOCUS9226,0,0,0,0,0,0
DIATSA_LOCUS9227,0,1,1,0,0,0
DIATSA_LOCUS9228,0,0,0,0,0,0
DIATSA_LOCUS9229,0,0,0,0,0,0
DIATSA_LOCUS923,1336,2427,2510,1946,3835,3969
DIATSA_LOCUS9230,62,101,108,31,65,72
DIATSA_LOCUS9231,6,11,12,16,21,21
DIATSA_LOCUS9232,281,529,551,235,506,526
DIATSA_LOCUS9233,22,45,48,7,14,14
DIATSA_LOCUS9234,2,3,3,1,1,1
DIATSA_LOCUS9235,50,125,132,60,148,154
DIATSA_LOCUS9236,4,9,9,0,5,6
DIATSA_LOCUS9237,34,65,68,24,51,52
DIATSA_LOCUS9238,0,0,0,0,0,0
DIATSA_LOCUS9239,3,8,8,3,2,2
DIATSA_LOCUS924,0,0,0,0,0,0
DIATSA_LOCUS9240,0,0,0,0,0,0
DIATSA_LOCUS9241,173,371,389,113,275,287
DIATSA_LOCUS9242,11,23,25,2,4,4
DIATSA_LOCUS9243,1,0,0,0,0,0
DIATSA_LOCUS9244,70,194,203,138,283,293
DIATSA_LOCUS9245,16,39,40,31,64,65
DIATSA_LOCUS9246,1049,2392,2486,754,1706,1802
DIATSA_LOCUS9247,41,82,89,36,78,86
DIATSA_LOCUS9248,144,281,287,71,119,125
DIATSA_LOCUS9249,1,1,1,0,0,0
DIATSA_LOCUS925,21,53,55,20,59,61
DIATSA_LOCUS9250,10,17,16,10,21,21
DIATSA_LOCUS9251,479,972,999,280,574,583
DIATSA_LOCUS9252,26,41,42,14,34,38
DIATSA_LOCUS9253,329,625,648,389,806,827
DIATSA_LOCUS9254,22,30,33,8,15,17
DIATSA_LOCUS9255,0,0,0,0,0,0
DIATSA_LOCUS9256,157,266,275,158,324,344
DIATSA_LOCUS9257,0,0,0,0,0,0
DIATSA_LOCUS9258,178,366,373,128,237,249
DIATSA_LOCUS9259,14,23,25,16,28,27
DIATSA_LOCUS926,144,309,319,141,329,335
DIATSA_LOCUS9260,35,65,68,41,79,84
DIATSA_LOCUS9261,12,18,18,9,15,14
DIATSA_LOCUS9262,3903,7743,8095,4620,9158,9567
DIATSA_LOCUS9263,6,16,16,9,12,12
DIATSA_LOCUS9264,20,21,23,3,5,5
DIATSA_LOCUS9265,8,15,15,1,1,1
DIATSA_LOCUS9266,53,83,90,8,17,17
DIATSA_LOCUS9267,5,5,6,5,7,7
DIATSA_LOCUS9268,0,0,0,0,0,0
DIATSA_LOCUS9269,16,22,23,6,12,12
DIATSA_LOCUS927,23,39,41,12,21,24
DIATSA_LOCUS9270,0,0,0,0,0,0
DIATSA_LOCUS9271,2,5,6,1,2,2
DIATSA_LOCUS9272,35,75,76,22,71,76
DIATSA_LOCUS9273,207,293,309,184,346,355
DIATSA_LOCUS9274,3,3,3,2,4,4
DIATSA_LOCUS9275,2,6,6,2,2,2
DIATSA_LOCUS9276,0,0,0,0,3,3
DIATSA_LOCUS9277,0,0,0,2,3,3
DIATSA_LOCUS9278,0,1,1,2,2,2
DIATSA_LOCUS9279,22,34,34,15,24,25
DIATSA_LOCUS928,127,292,307,94,169,175
DIATSA_LOCUS9280,97,161,167,102,162,171
DIATSA_LOCUS9281,0,0,0,0,0,0
DIATSA_LOCUS9282,2,10,10,5,16,16
DIATSA_LOCUS9283,25,50,51,5,13,13
DIATSA_LOCUS9284,185,273,277,307,498,505
DIATSA_LOCUS9285,0,0,0,0,1,2
DIATSA_LOCUS9286,0,4,2,0,5,5
DIATSA_LOCUS9287,71,114,116,10,23,26
DIATSA_LOCUS9288,7,9,9,2,7,7
DIATSA_LOCUS9289,0,0,0,0,0,0
DIATSA_LOCUS929,19,42,40,8,27,28
DIATSA_LOCUS9290,2319,3991,4132,3609,5962,6150
DIATSA_LOCUS9291,11,20,22,18,23,23
DIATSA_LOCUS9292,191,351,367,238,414,433
DIATSA_LOCUS9293,0,0,0,0,0,0
DIATSA_LOCUS9294,15,35,36,25,57,59
DIATSA_LOCUS9295,2,4,4,3,4,4
DIATSA_LOCUS9296,0,0,0,0,0,0
DIATSA_LOCUS9297,138,236,242,121,198,207
DIATSA_LOCUS9298,18,33,33,12,26,27
DIATSA_LOCUS9299,27,47,48,15,28,32
DIATSA_LOCUS93,0,0,0,0,0,0
DIATSA_LOCUS930,230,513,534,258,653,679
DIATSA_LOCUS9300,8,15,15,10,16,19
DIATSA_LOCUS9301,1,2,2,1,2,2
DIATSA_LOCUS9302,9,21,22,8,21,20
DIATSA_LOCUS9303,68,134,141,25,54,58
DIATSA_LOCUS9304,1,1,1,0,0,0
DIATSA_LOCUS9305,0,0,0,1,1,1
DIATSA_LOCUS9306,0,0,0,0,0,0
DIATSA_LOCUS9307,3,3,3,0,0,0
DIATSA_LOCUS9308,0,0,0,0,0,0
DIATSA_LOCUS9309,1,4,4,1,2,3
DIATSA_LOCUS931,1,1,1,3,6,6
DIATSA_LOCUS9310,14,18,18,22,46,46
DIATSA_LOCUS9311,10,23,22,5,11,12
DIATSA_LOCUS9312,35570,76286,80906,48406,102244,108686
DIATSA_LOCUS9313,27,35,38,5,11,11
DIATSA_LOCUS9314,0,0,0,0,0,0
DIATSA_LOCUS9315,0,0,0,0,0,0
DIATSA_LOCUS9316,100,205,210,127,263,271
DIATSA_LOCUS9317,11,19,21,3,10,10
DIATSA_LOCUS9318,7,12,14,5,5,6
DIATSA_LOCUS9319,86,173,176,43,83,85
DIATSA_LOCUS932,20,47,51,21,29,33
DIATSA_LOCUS9320,18,22,23,15,21,21
DIATSA_LOCUS9321,117,196,212,356,563,580
DIATSA_LOCUS9322,356,628,655,444,742,767
DIATSA_LOCUS9323,16,28,29,6,7,6
DIATSA_LOCUS9324,12,25,27,6,13,12
DIATSA_LOCUS9325,4,7,7,9,12,12
DIATSA_LOCUS9326,0,0,0,0,0,0
DIATSA_LOCUS9327,0,0,0,0,0,0
DIATSA_LOCUS9328,0,0,0,0,0,0
DIATSA_LOCUS9329,0,0,0,0,0,0
DIATSA_LOCUS933,13,40,45,11,26,28
DIATSA_LOCUS9330,4,9,9,4,5,5
DIATSA_LOCUS9331,0,0,0,0,0,0
DIATSA_LOCUS9332,0,0,0,0,0,0
DIATSA_LOCUS9333,1,2,2,0,0,0
DIATSA_LOCUS9334,0,0,0,0,0,0
DIATSA_LOCUS9335,0,0,0,1,2,2
DIATSA_LOCUS9336,11,21,21,7,18,19
DIATSA_LOCUS9337,32,59,60,14,36,37
DIATSA_LOCUS9338,47,71,74,33,68,67
DIATSA_LOCUS9339,10,18,20,9,15,16
DIATSA_LOCUS934,20,49,50,18,40,38
DIATSA_LOCUS9340,0,0,0,0,0,0
DIATSA_LOCUS9341,1,1,1,0,0,0
DIATSA_LOCUS9342,35,79,84,36,64,67
DIATSA_LOCUS9343,111,232,231,134,276,282
DIATSA_LOCUS9344,12027,22036,22981,13608,25033,26079
DIATSA_LOCUS9345,49,96,97,66,123,127
DIATSA_LOCUS9346,47,77,80,44,86,85
DIATSA_LOCUS9347,0,0,1,0,1,1
DIATSA_LOCUS9348,91,185,189,94,150,155
DIATSA_LOCUS9349,105,208,213,70,142,144
DIATSA_LOCUS935,12022,21551,22340,15307,27374,28432
DIATSA_LOCUS9350,0,0,0,0,0,0
DIATSA_LOCUS9351,0,1,1,0,0,0
DIATSA_LOCUS9352,1,2,2,1,1,1
DIATSA_LOCUS9353,39,82,86,34,74,75
DIATSA_LOCUS9354,0,0,0,0,0,0
DIATSA_LOCUS9355,20,48,48,9,19,21
DIATSA_LOCUS9356,41,60,60,61,102,101
DIATSA_LOCUS9357,0,0,0,0,0,0
DIATSA_LOCUS9358,0,0,0,0,0,0
DIATSA_LOCUS9359,7,17,18,2,4,5
DIATSA_LOCUS936,11,26,26,4,10,10
DIATSA_LOCUS9360,12,14,15,6,15,17
DIATSA_LOCUS9361,149,290,298,111,226,240
DIATSA_LOCUS9362,26,68,70,5,13,13
DIATSA_LOCUS9363,16,35,35,7,11,12
DIATSA_LOCUS9364,30,55,54,8,17,18
DIATSA_LOCUS9365,64,104,106,20,33,35
DIATSA_LOCUS9366,40,79,81,28,76,79
DIATSA_LOCUS9367,129,227,230,67,143,149
DIATSA_LOCUS9368,14,26,27,10,14,16
DIATSA_LOCUS9369,49,115,120,51,109,112
DIATSA_LOCUS937,44,66,70,28,47,51
DIATSA_LOCUS9370,27,54,57,8,22,24
DIATSA_LOCUS9371,149,357,359,161,346,349
DIATSA_LOCUS9372,694,1368,1430,525,1035,1072
DIATSA_LOCUS9373,112,203,208,49,92,96
DIATSA_LOCUS9374,252,444,458,152,270,282
DIATSA_LOCUS9375,7,18,19,8,14,15
DIATSA_LOCUS9376,33,44,47,6,11,11
DIATSA_LOCUS9377,7,17,15,0,2,2
DIATSA_LOCUS9378,35,79,83,19,40,41
DIATSA_LOCUS9379,4,7,8,2,2,2
DIATSA_LOCUS938,72,176,182,28,63,64
DIATSA_LOCUS9380,173,316,325,104,193,199
DIATSA_LOCUS9381,188,380,401,185,390,399
DIATSA_LOCUS9382,40,61,61,20,35,36
DIATSA_LOCUS9383,1,2,2,2,2,2
DIATSA_LOCUS9384,0,0,0,0,3,3
DIATSA_LOCUS9385,0,0,0,0,0,0
DIATSA_LOCUS9386,100,195,192,114,250,247
DIATSA_LOCUS9387,3,7,7,4,11,13
DIATSA_LOCUS9388,24,44,45,28,41,41
DIATSA_LOCUS9389,28,62,64,38,60,61
DIATSA_LOCUS939,32,58,62,10,18,18
DIATSA_LOCUS9390,0,8,8,7,23,24
DIATSA_LOCUS9391,0,0,0,0,0,0
DIATSA_LOCUS9392,1,1,1,0,8,8
DIATSA_LOCUS9393,87,143,151,104,158,167
DIATSA_LOCUS9394,122,281,279,182,387,382
DIATSA_LOCUS9395,69,138,142,48,100,103
DIATSA_LOCUS9396,72,144,151,58,106,113
DIATSA_LOCUS9397,101,188,195,89,184,192
DIATSA_LOCUS9398,83,174,185,120,222,233
DIATSA_LOCUS9399,27,58,60,38,85,84
DIATSA_LOCUS94,0,0,0,0,0,0
DIATSA_LOCUS940,18,27,27,6,13,14
DIATSA_LOCUS9400,73,156,160,80,153,165
DIATSA_LOCUS9401,110,197,202,148,279,293
DIATSA_LOCUS9402,109,205,207,110,224,229
DIATSA_LOCUS9403,10086,16245,16648,14573,23479,24199
DIATSA_LOCUS9404,11,86,100,26,145,162
DIATSA_LOCUS9405,3,5,6,13,18,18
DIATSA_LOCUS9406,0,3,3,2,4,4
DIATSA_LOCUS9407,0,0,0,1,1,1
DIATSA_LOCUS9408,0,0,0,0,0,0
DIATSA_LOCUS9409,60,111,110,31,64,66
DIATSA_LOCUS941,554,1028,1063,559,1053,1083
DIATSA_LOCUS9410,0,0,0,0,0,0
DIATSA_LOCUS9411,0,0,0,0,0,0
DIATSA_LOCUS9412,0,0,0,0,0,0
DIATSA_LOCUS9413,825,1447,1486,635,1268,1295
DIATSA_LOCUS9414,108,221,228,147,344,354
DIATSA_LOCUS9415,44,108,109,60,131,137
DIATSA_LOCUS9416,3,3,2,4,20,21
DIATSA_LOCUS9417,0,0,0,0,0,0
DIATSA_LOCUS9418,1,3,4,0,1,1
DIATSA_LOCUS9419,172,299,305,85,134,140
DIATSA_LOCUS942,267,615,632,194,420,431
DIATSA_LOCUS9420,20,33,34,22,41,43
DIATSA_LOCUS9421,2,7,8,1,4,4
DIATSA_LOCUS9422,44,81,82,49,96,97
DIATSA_LOCUS9423,42,78,78,15,33,33
DIATSA_LOCUS9424,84,151,159,36,73,74
DIATSA_LOCUS9425,67,118,124,95,166,171
DIATSA_LOCUS9426,63,147,150,81,166,169
DIATSA_LOCUS9427,6,11,11,2,2,2
DIATSA_LOCUS9428,251,479,493,100,234,250
DIATSA_LOCUS9429,15,27,27,21,30,32
DIATSA_LOCUS943,16,31,32,15,33,35
DIATSA_LOCUS9430,277,554,565,243,469,477
DIATSA_LOCUS9431,12,20,22,1,3,3
DIATSA_LOCUS9432,168,312,333,206,416,445
DIATSA_LOCUS9433,468,1009,1039,504,1062,1105
DIATSA_LOCUS9434,103,188,192,72,146,150
DIATSA_LOCUS9435,13,23,22,10,36,36
DIATSA_LOCUS9436,56,116,120,61,116,120
DIATSA_LOCUS9437,214,438,448,264,512,530
DIATSA_LOCUS9438,103,168,176,179,272,279
DIATSA_LOCUS9439,30,81,84,31,76,80
DIATSA_LOCUS944,0,0,0,0,0,0
DIATSA_LOCUS9440,88,125,129,39,64,67
DIATSA_LOCUS9441,113,156,158,226,306,319
DIATSA_LOCUS9442,0,1,1,0,3,3
DIATSA_LOCUS9443,57,60,61,30,44,46
DIATSA_LOCUS9444,23,38,42,14,23,23
DIATSA_LOCUS9445,13,28,30,4,12,13
DIATSA_LOCUS9446,0,0,0,0,0,0
DIATSA_LOCUS9447,435,842,874,218,414,427
DIATSA_LOCUS9448,0,4,4,3,4,4
DIATSA_LOCUS9449,31,80,83,8,23,25
DIATSA_LOCUS945,8,11,11,10,19,20
DIATSA_LOCUS9450,78,119,125,87,130,138
DIATSA_LOCUS9451,33,56,57,17,41,42
DIATSA_LOCUS9452,10,25,25,8,11,12
DIATSA_LOCUS9453,80,164,167,40,76,79
DIATSA_LOCUS9454,0,0,0,0,0,0
DIATSA_LOCUS9455,0,0,0,0,0,0
DIATSA_LOCUS9456,64,119,124,17,37,37
DIATSA_LOCUS9457,0,0,0,0,0,0
DIATSA_LOCUS9458,23,65,70,20,40,47
DIATSA_LOCUS9459,0,0,0,0,0,0
DIATSA_LOCUS946,342,602,630,111,205,217
DIATSA_LOCUS9460,362,683,703,169,299,304
DIATSA_LOCUS9461,521,1100,1125,652,1292,1342
DIATSA_LOCUS9462,574,1053,1084,293,556,570
DIATSA_LOCUS9463,67,123,126,21,49,52
DIATSA_LOCUS9464,56,111,116,77,119,122
DIATSA_LOCUS9465,46,140,148,89,204,209
DIATSA_LOCUS9466,41,96,98,37,84,88
DIATSA_LOCUS9467,25,49,51,35,68,71
DIATSA_LOCUS9468,108,163,170,32,51,49
DIATSA_LOCUS9469,4,6,6,1,2,2
DIATSA_LOCUS947,88,169,175,24,52,52
DIATSA_LOCUS9470,29,59,60,17,35,36
DIATSA_LOCUS9471,747,1367,1409,927,1643,1700
DIATSA_LOCUS9472,4926,7799,8054,9178,14250,14727
DIATSA_LOCUS9473,206,396,405,314,571,587
DIATSA_LOCUS9474,9,21,20,4,9,9
DIATSA_LOCUS9475,32,71,72,21,48,49
DIATSA_LOCUS9476,417,848,869,365,906,930
DIATSA_LOCUS9477,101,201,207,68,143,151
DIATSA_LOCUS9478,9,14,14,7,14,14
DIATSA_LOCUS9479,38,103,106,49,117,125
DIATSA_LOCUS948,2,7,7,7,10,10
DIATSA_LOCUS9480,328,667,703,283,612,630
DIATSA_LOCUS9481,0,0,0,0,0,0
DIATSA_LOCUS9482,129,274,282,79,188,195
DIATSA_LOCUS9483,250,484,506,162,324,337
DIATSA_LOCUS9484,20,26,25,18,23,23
DIATSA_LOCUS9485,238,470,481,192,385,398
DIATSA_LOCUS9486,83,145,146,89,162,170
DIATSA_LOCUS9487,718,1486,1536,302,581,601
DIATSA_LOCUS9488,0,1,1,0,0,0
DIATSA_LOCUS9489,1,2,2,1,2,2
DIATSA_LOCUS949,110,197,208,51,85,86
DIATSA_LOCUS9490,11,18,18,11,14,16
DIATSA_LOCUS9491,13,26,29,13,23,23
DIATSA_LOCUS9492,0,0,0,0,0,0
DIATSA_LOCUS9493,1,1,1,0,1,1
DIATSA_LOCUS9494,18,45,47,0,5,5
DIATSA_LOCUS9495,343,714,736,298,692,720
DIATSA_LOCUS9496,15,23,23,8,14,16
DIATSA_LOCUS9497,56,99,101,93,170,175
DIATSA_LOCUS9498,19,45,47,8,24,24
DIATSA_LOCUS9499,610,1065,1103,725,1407,1461
DIATSA_LOCUS95,97,184,188,90,184,185
DIATSA_LOCUS950,48,98,99,15,36,35
DIATSA_LOCUS9500,87,170,174,100,185,191
DIATSA_LOCUS9501,80,148,155,76,138,147
DIATSA_LOCUS9502,189,363,372,144,322,335
DIATSA_LOCUS9503,4,7,8,6,11,12
DIATSA_LOCUS9504,23,49,51,15,39,39
DIATSA_LOCUS9505,3,6,6,2,4,5
DIATSA_LOCUS9506,4,5,4,1,9,9
DIATSA_LOCUS9507,1,2,2,0,0,0
DIATSA_LOCUS9508,1,2,2,1,1,1
DIATSA_LOCUS9509,19,36,37,16,37,38
DIATSA_LOCUS951,18,37,38,15,39,47
DIATSA_LOCUS9510,98,207,212,115,263,270
DIATSA_LOCUS9511,393,843,885,489,990,1031
DIATSA_LOCUS9512,80,211,222,88,229,239
DIATSA_LOCUS9513,43,77,70,19,39,41
DIATSA_LOCUS9514,111,240,240,156,345,356
DIATSA_LOCUS9515,66,127,132,27,65,67
DIATSA_LOCUS9516,112,402,409,135,493,518
DIATSA_LOCUS9517,117,227,231,121,247,252
DIATSA_LOCUS9518,51,118,122,58,150,154
DIATSA_LOCUS9519,0,0,0,0,0,0
DIATSA_LOCUS952,72,127,154,83,158,172
DIATSA_LOCUS9520,2209,4404,4540,1506,2978,3077
DIATSA_LOCUS9521,970,1731,1793,673,1255,1289
DIATSA_LOCUS9522,0,0,0,0,0,0
DIATSA_LOCUS9523,0,2,2,0,0,0
DIATSA_LOCUS9524,20,57,60,7,27,27
DIATSA_LOCUS9525,12,42,41,13,21,21
DIATSA_LOCUS9526,110,217,219,132,247,250
DIATSA_LOCUS9527,20,34,37,16,30,32
DIATSA_LOCUS9528,329,774,803,218,515,524
DIATSA_LOCUS9529,96,205,208,87,167,175
DIATSA_LOCUS953,44,104,107,49,97,101
DIATSA_LOCUS9530,29,60,62,21,44,45
DIATSA_LOCUS9531,94,163,171,57,105,111
DIATSA_LOCUS9532,0,1,1,0,0,0
DIATSA_LOCUS9533,5,9,11,7,16,17
DIATSA_LOCUS9534,20,33,33,18,29,31
DIATSA_LOCUS9535,3,6,5,1,5,4
DIATSA_LOCUS9536,64,140,142,60,125,129
DIATSA_LOCUS9537,26,42,47,48,90,99
DIATSA_LOCUS9538,0,0,0,0,0,0
DIATSA_LOCUS9539,0,0,0,1,1,1
DIATSA_LOCUS954,3,5,5,5,16,17
DIATSA_LOCUS9540,1,3,3,2,6,6
DIATSA_LOCUS9541,97,152,158,87,119,122
DIATSA_LOCUS9542,62,107,109,54,101,101
DIATSA_LOCUS9543,127,252,258,105,212,218
DIATSA_LOCUS9544,11,16,16,4,13,13
DIATSA_LOCUS9545,189,363,379,237,415,423
DIATSA_LOCUS9546,269,455,471,355,584,599
DIATSA_LOCUS9547,83,176,178,92,151,156
DIATSA_LOCUS9548,48,99,99,49,91,96
DIATSA_LOCUS9549,8,25,26,10,24,24
DIATSA_LOCUS955,126,337,350,97,231,238
DIATSA_LOCUS9550,24,68,72,27,68,69
DIATSA_LOCUS9551,10,17,19,5,15,14
DIATSA_LOCUS9552,0,1,1,1,2,2
DIATSA_LOCUS9553,1,2,2,0,2,2
DIATSA_LOCUS9554,51,116,116,19,43,44
DIATSA_LOCUS9555,0,0,0,0,0,0
DIATSA_LOCUS9556,732,1284,1318,622,1184,1228
DIATSA_LOCUS9557,366,899,933,382,959,985
DIATSA_LOCUS9558,8691,16297,16959,9537,18432,19165
DIATSA_LOCUS9559,32,61,63,52,96,97
DIATSA_LOCUS956,74,169,176,71,154,164
DIATSA_LOCUS9560,0,0,0,0,0,0
DIATSA_LOCUS9561,82,151,158,68,118,123
DIATSA_LOCUS9562,0,0,0,0,0,0
DIATSA_LOCUS9563,38,80,82,16,42,44
DIATSA_LOCUS9564,38867,63430,65789,58774,95275,98877
DIATSA_LOCUS9565,183,359,365,268,508,520
DIATSA_LOCUS9566,19814,38985,40337,23374,44242,45721
DIATSA_LOCUS9567,0,0,0,0,0,0
DIATSA_LOCUS9568,2,3,3,0,2,2
DIATSA_LOCUS9569,13,46,45,13,43,45
DIATSA_LOCUS957,14,31,33,3,10,10
DIATSA_LOCUS9570,168,312,325,174,335,351
DIATSA_LOCUS9571,0,1,1,0,1,1
DIATSA_LOCUS9572,1,3,3,0,1,1
DIATSA_LOCUS9573,48,107,108,44,122,125
DIATSA_LOCUS9574,407,912,945,365,785,824
DIATSA_LOCUS9575,43,70,72,24,46,48
DIATSA_LOCUS9576,13,28,30,5,9,9
DIATSA_LOCUS9577,160,381,394,137,312,328
DIATSA_LOCUS9578,120,212,221,140,257,272
DIATSA_LOCUS9579,50,104,110,40,84,85
DIATSA_LOCUS958,368,628,645,415,748,774
DIATSA_LOCUS9580,852,4181,4122,797,4244,4168
DIATSA_LOCUS9581,221,452,473,257,471,480
DIATSA_LOCUS9582,91,189,193,37,74,77
DIATSA_LOCUS9583,588,963,993,528,926,960
DIATSA_LOCUS9584,0,0,0,0,0,0
DIATSA_LOCUS9585,302,602,634,286,580,589
DIATSA_LOCUS9586,83,142,145,85,156,158
DIATSA_LOCUS9587,38,76,80,16,42,45
DIATSA_LOCUS9588,195,346,355,105,220,232
DIATSA_LOCUS9589,51,102,104,88,162,166
DIATSA_LOCUS959,13,29,29,6,10,10
DIATSA_LOCUS9590,5800,14100,14604,9210,19725,20408
DIATSA_LOCUS9591,0,0,0,0,0,0
DIATSA_LOCUS9592,0,0,0,0,0,0
DIATSA_LOCUS9593,0,0,0,1,1,1
DIATSA_LOCUS9594,0,0,0,0,0,0
DIATSA_LOCUS9595,64,96,103,15,25,25
DIATSA_LOCUS9596,289,566,579,174,300,304
DIATSA_LOCUS9597,9,23,26,3,6,7
DIATSA_LOCUS9598,54,117,124,66,144,148
DIATSA_LOCUS9599,74,149,152,19,29,32
DIATSA_LOCUS96,21,26,25,1,3,3
DIATSA_LOCUS960,16,54,63,31,94,101
DIATSA_LOCUS9600,115,222,228,86,198,206
DIATSA_LOCUS9601,0,4,4,1,1,1
DIATSA_LOCUS9602,276,493,515,165,307,325
DIATSA_LOCUS9603,2764,5148,5335,2146,3820,3929
DIATSA_LOCUS9604,5,12,13,6,8,8
DIATSA_LOCUS9605,293,586,602,441,821,848
DIATSA_LOCUS9606,37,65,70,59,104,101
DIATSA_LOCUS9607,71,145,154,64,126,134
DIATSA_LOCUS9608,258,610,622,217,461,473
DIATSA_LOCUS9609,70,146,149,63,115,122
DIATSA_LOCUS961,1,2,2,2,3,3
DIATSA_LOCUS9610,27,65,67,12,19,20
DIATSA_LOCUS9611,35,65,65,29,57,57
DIATSA_LOCUS9612,1235,1879,1917,1103,1796,1853
DIATSA_LOCUS9613,2,2,2,0,0,0
DIATSA_LOCUS9614,61,136,142,20,43,52
DIATSA_LOCUS9615,80,154,160,25,63,63
DIATSA_LOCUS9616,120,231,234,56,111,115
DIATSA_LOCUS9617,345,664,688,249,487,500
DIATSA_LOCUS9618,750,1546,1619,543,1179,1221
DIATSA_LOCUS9619,29,86,89,38,116,118
DIATSA_LOCUS962,2,5,5,1,1,1
DIATSA_LOCUS9620,560,1004,1060,386,735,779
DIATSA_LOCUS9621,1,3,4,0,0,0
DIATSA_LOCUS9622,38,80,81,27,45,45
DIATSA_LOCUS9623,265,557,575,191,421,430
DIATSA_LOCUS9624,4,7,7,7,10,11
DIATSA_LOCUS9625,118,195,198,46,82,88
DIATSA_LOCUS9626,33,64,66,36,79,84
DIATSA_LOCUS9627,142,267,278,92,195,208
DIATSA_LOCUS9628,96,173,175,15,46,47
DIATSA_LOCUS9629,59,121,122,49,106,112
DIATSA_LOCUS963,1,1,1,0,0,0
DIATSA_LOCUS9630,4,9,10,2,2,2
DIATSA_LOCUS9631,7289,15081,15671,7687,15993,16630
DIATSA_LOCUS9632,5,12,13,5,15,14
DIATSA_LOCUS9633,142,281,300,59,119,127
DIATSA_LOCUS9634,2,5,7,0,4,8
DIATSA_LOCUS9635,0,0,0,0,0,0
DIATSA_LOCUS9636,99,176,186,44,79,85
DIATSA_LOCUS9637,0,0,0,1,1,1
DIATSA_LOCUS9638,8,9,11,14,21,21
DIATSA_LOCUS9639,0,1,2,1,3,3
DIATSA_LOCUS964,278,576,594,156,334,348
DIATSA_LOCUS9640,0,0,0,0,0,0
DIATSA_LOCUS9641,181,379,394,101,228,234
DIATSA_LOCUS9642,68,118,122,31,62,69
DIATSA_LOCUS9643,246,578,592,195,443,457
DIATSA_LOCUS9644,11,22,22,1,3,4
DIATSA_LOCUS9645,9,31,31,12,31,34
DIATSA_LOCUS9646,0,0,0,0,0,0
DIATSA_LOCUS9647,0,0,0,0,0,0
DIATSA_LOCUS9648,13,23,23,12,26,26
DIATSA_LOCUS9649,9,20,22,5,9,10
DIATSA_LOCUS965,0,0,0,0,0,0
DIATSA_LOCUS9650,6,13,15,17,36,36
DIATSA_LOCUS9651,22,56,57,23,57,62
DIATSA_LOCUS9652,20,42,46,18,34,34
DIATSA_LOCUS9653,237,460,476,195,406,420
DIATSA_LOCUS9654,76,154,158,70,165,174
DIATSA_LOCUS9655,9,25,25,4,11,13
DIATSA_LOCUS9656,6,9,9,12,20,20
DIATSA_LOCUS9657,8,12,12,4,9,9
DIATSA_LOCUS9658,0,0,0,0,0,0
DIATSA_LOCUS9659,380,669,680,315,591,616
DIATSA_LOCUS966,3,6,5,5,10,10
DIATSA_LOCUS9660,0,0,0,0,0,0
DIATSA_LOCUS9661,269,458,473,244,482,506
DIATSA_LOCUS9662,37,62,64,38,74,74
DIATSA_LOCUS9663,0,0,1,1,2,2
DIATSA_LOCUS9664,39,64,64,24,48,52
DIATSA_LOCUS9665,114,209,222,105,194,203
DIATSA_LOCUS9666,0,0,0,0,0,0
DIATSA_LOCUS9667,0,0,0,0,0,0
DIATSA_LOCUS9668,10,13,13,10,14,14
DIATSA_LOCUS9669,1,1,1,0,0,0
DIATSA_LOCUS967,22,35,36,32,51,52
DIATSA_LOCUS9670,24,70,72,32,67,66
DIATSA_LOCUS9671,320,697,713,362,853,872
DIATSA_LOCUS9672,6,9,9,3,5,7
DIATSA_LOCUS9673,75,141,148,17,49,49
DIATSA_LOCUS9674,123,230,238,62,128,134
DIATSA_LOCUS9675,279,542,563,237,445,455
DIATSA_LOCUS9676,3,4,4,3,3,3
DIATSA_LOCUS9677,4,5,6,2,2,2
DIATSA_LOCUS9678,22,34,34,13,31,32
DIATSA_LOCUS9679,9,15,16,17,27,30
DIATSA_LOCUS968,71,127,128,86,154,159
DIATSA_LOCUS9680,21,43,41,25,49,51
DIATSA_LOCUS9681,255,455,465,267,488,505
DIATSA_LOCUS9682,2,5,5,2,5,5
DIATSA_LOCUS9683,19,32,33,34,55,55
DIATSA_LOCUS9684,91,187,193,57,116,115
DIATSA_LOCUS9685,16,30,31,18,38,38
DIATSA_LOCUS9686,40,89,92,52,88,92
DIATSA_LOCUS9687,269,539,555,403,758,781
DIATSA_LOCUS9688,120,271,279,80,186,193
DIATSA_LOCUS9689,81,141,143,52,89,96
DIATSA_LOCUS969,0,0,0,0,0,0
DIATSA_LOCUS9690,16,26,27,17,30,31
DIATSA_LOCUS9691,41,93,94,62,131,137
DIATSA_LOCUS9692,30,76,79,16,37,42
DIATSA_LOCUS9693,0,0,0,0,0,0
DIATSA_LOCUS9694,175,353,363,112,247,258
DIATSA_LOCUS9695,24,59,61,10,19,19
DIATSA_LOCUS9696,55,84,86,23,42,44
DIATSA_LOCUS9697,48,84,85,30,50,51
DIATSA_LOCUS9698,0,0,0,0,0,0
DIATSA_LOCUS9699,59,113,116,19,35,36
DIATSA_LOCUS97,31,65,65,8,18,20
DIATSA_LOCUS970,0,0,0,2,3,3
DIATSA_LOCUS9700,22,45,45,9,28,28
DIATSA_LOCUS9701,6,14,14,4,5,5
DIATSA_LOCUS9702,74,162,166,25,62,64
DIATSA_LOCUS9703,262,543,565,264,517,531
DIATSA_LOCUS9704,274,500,510,353,619,640
DIATSA_LOCUS9705,168,340,347,70,146,152
DIATSA_LOCUS9706,0,0,0,0,0,0
DIATSA_LOCUS9707,372,690,722,371,881,914
DIATSA_LOCUS9708,49,93,101,29,51,51
DIATSA_LOCUS9709,1,1,1,2,2,2
DIATSA_LOCUS971,0,0,0,0,0,0
DIATSA_LOCUS9710,129,228,240,69,128,133
DIATSA_LOCUS9711,71,172,175,69,140,142
DIATSA_LOCUS9712,64,160,168,76,164,166
DIATSA_LOCUS9713,10,16,16,5,11,12
DIATSA_LOCUS9714,195,396,420,198,370,387
DIATSA_LOCUS9715,75,221,226,78,218,238
DIATSA_LOCUS9716,13,17,17,2,4,4
DIATSA_LOCUS9717,419,820,844,345,687,715
DIATSA_LOCUS9718,20409,46373,48603,27235,63900,67087
DIATSA_LOCUS9719,8,13,13,1,2,2
DIATSA_LOCUS972,0,0,0,0,0,0
DIATSA_LOCUS9720,0,0,0,0,0,0
DIATSA_LOCUS9721,89,165,171,38,60,61
DIATSA_LOCUS9722,354,784,810,424,857,898
DIATSA_LOCUS9723,6,12,13,5,11,12
DIATSA_LOCUS9724,0,0,0,0,0,0
DIATSA_LOCUS9725,270,514,536,263,529,552
DIATSA_LOCUS9726,91,203,210,49,101,105
DIATSA_LOCUS9727,1,2,2,2,8,9
DIATSA_LOCUS9728,52,129,137,57,115,119
DIATSA_LOCUS9729,110,208,213,138,269,282
DIATSA_LOCUS973,0,1,1,0,1,2
DIATSA_LOCUS9730,120,232,237,110,229,234
DIATSA_LOCUS9731,398,801,823,301,623,650
DIATSA_LOCUS9732,176,347,357,172,305,318
DIATSA_LOCUS9733,17,53,53,15,34,34
DIATSA_LOCUS9734,150,301,313,62,140,143
DIATSA_LOCUS9735,69,140,149,58,128,135
DIATSA_LOCUS9736,8,24,24,12,26,27
DIATSA_LOCUS9737,9,9,9,12,17,19
DIATSA_LOCUS9738,37,67,69,13,24,24
DIATSA_LOCUS9739,0,0,0,0,0,0
DIATSA_LOCUS974,0,0,0,0,0,0
DIATSA_LOCUS9740,37,80,84,32,74,74
DIATSA_LOCUS9741,2081,3824,3960,1625,3082,3197
DIATSA_LOCUS9742,79,146,150,20,40,42
DIATSA_LOCUS9743,73,147,153,33,87,92
DIATSA_LOCUS9744,75,161,169,44,94,95
DIATSA_LOCUS9745,52,87,92,64,116,121
DIATSA_LOCUS9746,72,177,178,117,203,207
DIATSA_LOCUS9747,100,161,163,92,163,165
DIATSA_LOCUS9748,0,0,0,0,1,1
DIATSA_LOCUS9749,0,0,0,0,0,0
DIATSA_LOCUS975,9,16,17,14,34,34
DIATSA_LOCUS9750,70,146,151,58,102,102
DIATSA_LOCUS9751,73,113,114,38,87,87
DIATSA_LOCUS9752,22,31,31,20,31,31
DIATSA_LOCUS9753,75,147,152,86,187,190
DIATSA_LOCUS9754,486,1194,1244,629,1414,1457
DIATSA_LOCUS9755,60,118,119,72,127,133
DIATSA_LOCUS9756,77,157,162,89,212,220
DIATSA_LOCUS9757,140,271,283,150,286,290
DIATSA_LOCUS9758,335,674,693,154,281,289
DIATSA_LOCUS9759,42,105,106,18,50,53
DIATSA_LOCUS976,21,38,38,17,27,27
DIATSA_LOCUS9760,10910,20121,20812,14629,28464,29478
DIATSA_LOCUS9761,87,232,238,143,293,299
DIATSA_LOCUS9762,33,69,69,19,36,36
DIATSA_LOCUS9763,6144,15579,16174,10947,26441,27426
DIATSA_LOCUS9764,137,259,263,116,234,249
DIATSA_LOCUS9765,279,599,629,140,268,283
DIATSA_LOCUS9766,468,938,965,114,229,231
DIATSA_LOCUS9767,338,605,627,135,219,223
DIATSA_LOCUS9768,0,0,0,0,0,0
DIATSA_LOCUS9769,0,0,0,0,0,0
DIATSA_LOCUS977,17,26,28,3,5,5
DIATSA_LOCUS9770,0,0,0,0,0,0
DIATSA_LOCUS9771,0,0,0,0,0,0
DIATSA_LOCUS9772,0,0,0,0,0,0
DIATSA_LOCUS9773,0,0,0,0,0,0
DIATSA_LOCUS9774,0,1,0,0,0,0
DIATSA_LOCUS9775,13,22,22,8,16,16
DIATSA_LOCUS9776,0,0,0,0,0,0
DIATSA_LOCUS9777,0,0,0,0,0,0
DIATSA_LOCUS9778,96,160,160,83,144,147
DIATSA_LOCUS9779,313,530,555,226,432,450
DIATSA_LOCUS978,387,720,748,482,986,1028
DIATSA_LOCUS9780,0,0,0,0,2,2
DIATSA_LOCUS9781,0,0,0,0,0,0
DIATSA_LOCUS9782,0,0,0,0,0,0
DIATSA_LOCUS9783,74,118,126,18,32,33
DIATSA_LOCUS9784,0,0,0,0,0,0
DIATSA_LOCUS9785,48,71,73,47,63,67
DIATSA_LOCUS9786,46,97,100,21,45,48
DIATSA_LOCUS9787,643,1302,1347,257,526,547
DIATSA_LOCUS9788,13,22,23,1,2,3
DIATSA_LOCUS9789,0,0,0,0,0,0
DIATSA_LOCUS979,179,352,361,118,229,236
DIATSA_LOCUS9790,0,0,0,0,0,0
DIATSA_LOCUS9791,0,0,0,0,0,0
DIATSA_LOCUS9792,65,141,148,81,171,179
DIATSA_LOCUS9793,41,65,65,17,31,31
DIATSA_LOCUS9794,11,16,16,38,60,60
DIATSA_LOCUS9795,66,162,164,55,149,152
DIATSA_LOCUS9796,1,2,2,4,4,4
DIATSA_LOCUS9797,80,127,130,52,96,104
DIATSA_LOCUS9798,95,172,183,68,125,130
DIATSA_LOCUS9799,161,291,305,76,137,137
DIATSA_LOCUS98,0,0,0,0,0,0
DIATSA_LOCUS980,0,0,0,0,0,0
DIATSA_LOCUS9800,390,822,849,299,593,607
DIATSA_LOCUS9801,510,759,781,444,751,767
DIATSA_LOCUS9802,0,1,1,0,2,2
DIATSA_LOCUS9803,3,9,9,6,8,8
DIATSA_LOCUS9804,27,48,50,40,84,86
DIATSA_LOCUS9805,13,21,22,8,15,15
DIATSA_LOCUS9806,0,0,0,0,0,0
DIATSA_LOCUS9807,0,1,1,0,0,0
DIATSA_LOCUS9808,0,1,1,0,0,0
DIATSA_LOCUS9809,17,34,35,9,30,31
DIATSA_LOCUS981,76,156,162,82,179,191
DIATSA_LOCUS9810,48,104,105,23,47,49
DIATSA_LOCUS9811,54,90,91,13,24,25
DIATSA_LOCUS9812,15,18,19,6,9,9
DIATSA_LOCUS9813,53,69,76,23,27,27
DIATSA_LOCUS9814,167,316,328,78,137,141
DIATSA_LOCUS9815,788,1498,1577,945,1884,1951
DIATSA_LOCUS9816,11,20,22,10,25,27
DIATSA_LOCUS9817,933,1541,1609,1295,2254,2337
DIATSA_LOCUS9818,38,65,70,24,34,34
DIATSA_LOCUS9819,177,342,363,233,503,513
DIATSA_LOCUS982,10761,18126,18879,18872,32969,34241
DIATSA_LOCUS9820,1,1,1,0,1,1
DIATSA_LOCUS9821,24,45,43,18,44,47
DIATSA_LOCUS9822,3,2,3,1,1,1
DIATSA_LOCUS9823,2,2,2,1,1,1
DIATSA_LOCUS9824,7,6,6,7,8,8
DIATSA_LOCUS9825,0,0,0,2,1,1
DIATSA_LOCUS9826,1,5,5,1,2,3
DIATSA_LOCUS9827,48,78,81,30,53,54
DIATSA_LOCUS9828,66,99,105,1038,1841,1897
DIATSA_LOCUS9829,0,0,0,0,1,1
DIATSA_LOCUS983,80,175,180,54,157,170
DIATSA_LOCUS9830,6,8,8,2,4,4
DIATSA_LOCUS9831,223,392,421,112,213,219
DIATSA_LOCUS9832,57,99,104,66,131,133
DIATSA_LOCUS9833,0,1,1,0,0,0
DIATSA_LOCUS9834,2,2,3,0,0,0
DIATSA_LOCUS9835,0,0,0,1,2,2
DIATSA_LOCUS9836,247,504,514,221,409,420
DIATSA_LOCUS9837,0,0,0,0,0,0
DIATSA_LOCUS9838,13,28,31,6,13,14
DIATSA_LOCUS9839,4,8,8,3,4,4
DIATSA_LOCUS984,46,82,83,40,74,80
DIATSA_LOCUS9840,995,1840,1897,675,1336,1385
DIATSA_LOCUS9841,37,65,66,23,52,54
DIATSA_LOCUS9842,125,244,249,139,292,299
DIATSA_LOCUS9843,0,0,0,1,4,4
DIATSA_LOCUS9844,1,1,1,0,0,0
DIATSA_LOCUS9845,0,1,1,0,0,0
DIATSA_LOCUS9846,20,29,30,14,29,32
DIATSA_LOCUS9847,38,73,78,8,19,20
DIATSA_LOCUS9848,160,283,293,85,144,149
DIATSA_LOCUS9849,11,24,24,1,8,8
DIATSA_LOCUS985,12111,21384,22050,19139,33079,34144
DIATSA_LOCUS9850,1,1,1,0,0,0
DIATSA_LOCUS9851,44,82,84,22,33,32
DIATSA_LOCUS9852,3490,6163,6391,5671,9638,9992
DIATSA_LOCUS9853,97,222,229,118,244,253
DIATSA_LOCUS9854,206,459,479,128,260,268
DIATSA_LOCUS9855,79,154,157,30,55,56
DIATSA_LOCUS9856,98,179,183,56,100,103
DIATSA_LOCUS9857,1,2,2,2,3,3
DIATSA_LOCUS9858,53,100,103,55,122,124
DIATSA_LOCUS9859,32,59,58,27,65,69
DIATSA_LOCUS986,3,8,8,7,11,11
DIATSA_LOCUS9860,0,0,0,0,0,0
DIATSA_LOCUS9861,0,0,0,0,0,0
DIATSA_LOCUS9862,9,21,21,9,28,29
DIATSA_LOCUS9863,5,5,5,0,1,1
DIATSA_LOCUS9864,2,4,4,0,0,0
DIATSA_LOCUS9865,23,34,32,31,55,59
DIATSA_LOCUS9866,3,7,9,6,20,19
DIATSA_LOCUS9867,41,78,78,40,65,66
DIATSA_LOCUS9868,0,0,0,0,0,0
DIATSA_LOCUS9869,0,0,0,0,0,0
DIATSA_LOCUS987,97,151,155,87,147,151
DIATSA_LOCUS9870,0,0,0,0,0,0
DIATSA_LOCUS9871,0,0,0,0,0,0
DIATSA_LOCUS9872,1,1,1,1,1,1
DIATSA_LOCUS9873,1,2,2,2,2,2
DIATSA_LOCUS9874,166,273,281,60,120,127
DIATSA_LOCUS9875,2,3,3,0,2,2
DIATSA_LOCUS9876,40,76,76,33,65,68
DIATSA_LOCUS9877,0,1,1,0,0,0
DIATSA_LOCUS9878,582,1099,1132,553,1053,1085
DIATSA_LOCUS9879,142,292,303,133,258,260
DIATSA_LOCUS988,49,119,122,31,96,99
DIATSA_LOCUS9880,1,1,1,0,0,0
DIATSA_LOCUS9881,28,57,59,10,22,23
DIATSA_LOCUS9882,8,15,16,78,160,164
DIATSA_LOCUS9883,86,175,176,111,239,254
DIATSA_LOCUS9884,111,242,248,90,170,175
DIATSA_LOCUS9885,83,180,184,42,91,93
DIATSA_LOCUS9886,10,15,16,9,17,19
DIATSA_LOCUS9887,178,306,309,137,262,269
DIATSA_LOCUS9888,0,0,0,0,0,0
DIATSA_LOCUS9889,1,2,2,4,5,5
DIATSA_LOCUS989,73,123,129,35,60,63
DIATSA_LOCUS9890,0,0,0,0,0,0
DIATSA_LOCUS9891,35,70,69,32,69,69
DIATSA_LOCUS9892,27,78,77,7,19,18
DIATSA_LOCUS9893,20,46,48,8,24,24
DIATSA_LOCUS9894,0,0,0,0,0,0
DIATSA_LOCUS9895,1,0,0,0,0,0
DIATSA_LOCUS9896,5,9,9,9,14,14
DIATSA_LOCUS9897,0,0,0,0,0,0
DIATSA_LOCUS9898,0,1,1,1,2,3
DIATSA_LOCUS9899,251,493,511,241,517,542
DIATSA_LOCUS99,0,0,0,0,0,0
DIATSA_LOCUS990,14,27,29,8,20,21
DIATSA_LOCUS9900,294,533,545,395,744,763
DIATSA_LOCUS9901,103,217,214,23,62,64
DIATSA_LOCUS9902,22,59,59,36,67,68
DIATSA_LOCUS9903,0,0,0,0,0,0
DIATSA_LOCUS9904,0,0,0,0,0,0
DIATSA_LOCUS9905,1,1,1,1,1,1
DIATSA_LOCUS9906,454,762,739,435,727,713
DIATSA_LOCUS9907,33,54,56,11,28,31
DIATSA_LOCUS9908,3,3,3,0,3,3
DIATSA_LOCUS9909,501,907,929,225,401,412
DIATSA_LOCUS991,351,706,741,224,463,471
DIATSA_LOCUS9910,36,67,68,50,79,82
DIATSA_LOCUS9911,73,112,119,57,89,92
DIATSA_LOCUS9912,182,319,334,164,313,319
DIATSA_LOCUS9913,522,1007,1046,437,808,828
DIATSA_LOCUS9914,0,0,0,0,0,0
DIATSA_LOCUS9915,25,44,44,27,46,47
DIATSA_LOCUS9916,148,268,278,82,159,161
DIATSA_LOCUS9917,432,845,883,520,1001,1037
DIATSA_LOCUS9918,269,551,566,227,473,497
DIATSA_LOCUS9919,4,5,5,1,5,5
DIATSA_LOCUS992,564,883,911,489,716,742
DIATSA_LOCUS9920,0,0,0,0,0,0
DIATSA_LOCUS9921,0,0,0,0,0,0
DIATSA_LOCUS9922,0,0,0,0,0,0
DIATSA_LOCUS9923,0,0,0,0,0,0
DIATSA_LOCUS9924,5,9,9,7,12,12
DIATSA_LOCUS9925,15,29,30,19,37,35
DIATSA_LOCUS9926,14,24,25,18,48,49
DIATSA_LOCUS9927,105,187,196,128,236,247
DIATSA_LOCUS9928,5,20,20,10,23,23
DIATSA_LOCUS9929,0,0,0,0,0,0
DIATSA_LOCUS993,0,1,2,0,1,2
DIATSA_LOCUS9930,173,355,372,381,683,724
DIATSA_LOCUS9931,669,1326,1364,883,1842,1899
DIATSA_LOCUS9932,221,481,499,206,501,506
DIATSA_LOCUS9933,1249,2301,2362,1839,3606,3713
DIATSA_LOCUS9934,2,11,11,2,3,3
DIATSA_LOCUS9935,2,4,4,2,3,3
DIATSA_LOCUS9936,1,3,3,3,4,4
DIATSA_LOCUS9937,0,0,0,0,0,0
DIATSA_LOCUS9938,0,0,0,0,0,0
DIATSA_LOCUS9939,0,0,0,0,0,0
DIATSA_LOCUS994,37,87,91,14,31,32
DIATSA_LOCUS9940,0,0,0,0,0,0
DIATSA_LOCUS9941,2,4,3,2,5,5
DIATSA_LOCUS9942,72,194,194,68,158,176
DIATSA_LOCUS9943,17,28,29,17,37,37
DIATSA_LOCUS9944,100,185,190,34,73,78
DIATSA_LOCUS9945,32,49,51,248,389,399
DIATSA_LOCUS9946,538,838,857,584,946,992
DIATSA_LOCUS9947,131,228,238,142,253,261
DIATSA_LOCUS9948,7,15,15,92,138,143
DIATSA_LOCUS9949,22,31,32,164,242,251
DIATSA_LOCUS995,0,0,0,0,0,0
DIATSA_LOCUS9950,12,11,11,73,110,115
DIATSA_LOCUS9951,2,6,6,70,95,101
DIATSA_LOCUS9952,2,3,4,0,1,1
DIATSA_LOCUS9953,0,0,0,0,0,0
DIATSA_LOCUS9954,4,8,10,1,6,6
DIATSA_LOCUS9955,0,0,0,0,0,0
DIATSA_LOCUS9956,5,4,4,3,8,8
DIATSA_LOCUS9957,0,0,1,14,27,28
DIATSA_LOCUS9958,0,3,5,37,63,67
DIATSA_LOCUS9959,5,7,6,7,27,27
DIATSA_LOCUS996,0,0,0,0,0,0
DIATSA_LOCUS9960,5,17,20,7,11,11
DIATSA_LOCUS9961,3,6,6,1,4,4
DIATSA_LOCUS9962,0,0,0,0,0,0
DIATSA_LOCUS9963,329,639,659,289,542,561
DIATSA_LOCUS9964,14,29,29,11,19,22
DIATSA_LOCUS9965,45,109,112,51,128,134
DIATSA_LOCUS9966,39,44,46,26,50,51
DIATSA_LOCUS9967,1,1,1,0,0,0
DIATSA_LOCUS9968,0,1,1,0,0,0
DIATSA_LOCUS9969,1,1,1,0,1,1
DIATSA_LOCUS997,564,975,989,399,743,761
DIATSA_LOCUS9970,16,25,26,47,29,30
DIATSA_LOCUS9971,3,4,4,3,6,6
DIATSA_LOCUS9972,7,16,15,9,26,28
DIATSA_LOCUS9973,52,89,91,46,69,70
DIATSA_LOCUS9974,10,17,19,20,53,56
DIATSA_LOCUS9975,1,1,1,2,4,4
DIATSA_LOCUS9976,97,188,197,50,112,119
DIATSA_LOCUS9977,75,137,140,91,160,163
DIATSA_LOCUS9978,8,20,22,3,4,4
DIATSA_LOCUS9979,1,3,3,0,0,0
DIATSA_LOCUS998,0,0,0,3,0,0
DIATSA_LOCUS9980,97,229,237,252,512,534
DIATSA_LOCUS9981,12,20,20,6,19,19
DIATSA_LOCUS9982,6,11,11,2,3,3
DIATSA_LOCUS9983,0,0,0,2,6,6
DIATSA_LOCUS9984,10,18,17,33,53,54
DIATSA_LOCUS9985,59,110,111,171,356,368
DIATSA_LOCUS9986,6,15,15,3,7,7
DIATSA_LOCUS9987,138,278,289,186,385,405
DIATSA_LOCUS9988,0,0,0,2,3,3
DIATSA_LOCUS9989,7,11,11,2,4,4
DIATSA_LOCUS999,48,83,87,59,95,98
DIATSA_LOCUS9990,0,0,0,0,0,0
DIATSA_LOCUS9991,0,0,0,0,0,0
DIATSA_LOCUS9992,1,6,6,2,3,3
DIATSA_LOCUS9993,0,0,0,0,0,0
DIATSA_LOCUS9994,19,24,25,4,5,5
DIATSA_LOCUS9995,3,6,10,17,32,36
DIATSA_LOCUS9996,0,0,0,0,2,2
DIATSA_LOCUS9997,7,14,13,43,61,62
DIATSA_LOCUS9998,475,1076,1094,1084,2232,2293
DIATSA_LOCUS9999,27,67,68,26,79,78
