control_rep1,control_rep2,control_rep3,infected_rep1,infected_rep2,infected_rep3
DIATSA_LOCUS1,10364,21828,22600,4585,9137,9455
DIATSA_LOCUS10,23,65,66,8,12,13
DIATSA_LOCUS100,0,0,0,0,0,0
DIATSA_LOCUS1000,11,20,21,4,12,12
DIATSA_LOCUS10000,53,153,162,39,67,71
DIATSA_LOCUS10001,115,245,254,126,222,232
DIATSA_LOCUS10002,9,17,17,5,7,7
DIATSA_LOCUS10003,36,60,61,29,54,56
DIATSA_LOCUS10004,11,26,29,5,13,13
DIATSA_LOCUS10005,38,73,79,9,19,19
DIATSA_LOCUS10006,39,83,84,17,38,38
DIATSA_LOCUS10007,446,770,793,598,996,1036
DIATSA_LOCUS10008,35,59,62,54,75,79
DIATSA_LOCUS10009,14,27,27,10,21,20
DIATSA_LOCUS1001,58,92,95,19,37,38
DIATSA_LOCUS10010,0,0,0,0,0,0
DIATSA_LOCUS10011,0,0,0,0,0,0
DIATSA_LOCUS10012,25,60,60,8,14,14
DIATSA_LOCUS10013,1231,1957,2027,834,1558,1619
DIATSA_LOCUS10014,154,302,310,159,316,326
DIATSA_LOCUS10015,163,341,362,102,236,243
DIATSA_LOCUS10016,20,33,36,6,12,12
DIATSA_LOCUS10017,241,464,492,200,383,402
DIATSA_LOCUS10018,7,19,21,7,17,19
DIATSA_LOCUS10019,4,13,13,10,20,20
DIATSA_LOCUS1002,14,20,20,4,5,6
DIATSA_LOCUS10020,29,72,74,27,63,65
DIATSA_LOCUS10021,40,100,105,41,135,140
DIATSA_LOCUS10022,90,244,250,209,486,505
DIATSA_LOCUS10023,1504,2941,3033,2952,5891,6098
DIATSA_LOCUS10024,13,21,22,22,31,32
DIATSA_LOCUS10025,105,217,230,74,176,185
DIATSA_LOCUS10026,0,0,0,0,0,0
DIATSA_LOCUS10027,91,155,158,72,113,117
DIATSA_LOCUS10028,21,38,39,13,29,32
DIATSA_LOCUS10029,126,289,305,116,234,245
DIATSA_LOCUS1003,190,364,379,264,514,523
DIATSA_LOCUS10030,2850,7166,7572,2475,6103,6425
DIATSA_LOCUS10031,5,14,14,6,9,9
DIATSA_LOCUS10032,5,9,9,5,8,10
DIATSA_LOCUS10033,0,0,0,0,0,0
DIATSA_LOCUS10034,3,5,5,2,5,5
DIATSA_LOCUS10035,6,9,9,3,8,9
DIATSA_LOCUS10036,21,37,38,8,22,22
DIATSA_LOCUS10037,1,0,0,0,0,0
DIATSA_LOCUS10038,0,0,0,0,1,1
DIATSA_LOCUS10039,3,4,5,0,0,0
DIATSA_LOCUS1004,0,0,0,0,0,0
DIATSA_LOCUS10040,2,3,3,0,0,0
DIATSA_LOCUS10041,284,514,536,494,931,968
DIATSA_LOCUS10042,136,263,272,138,304,308
DIATSA_LOCUS10043,79,142,144,26,68,68
DIATSA_LOCUS10044,2,2,2,0,0,0
DIATSA_LOCUS10045,8,17,17,11,14,16
DIATSA_LOCUS10046,178695,298865,312318,236956,399469,417912
DIATSA_LOCUS10047,0,0,0,0,0,0
DIATSA_LOCUS10048,1,1,1,0,0,1
DIATSA_LOCUS10049,52,105,107,36,69,70
DIATSA_LOCUS1005,105,170,178,71,208,216
DIATSA_LOCUS10050,27,55,57,11,17,17
DIATSA_LOCUS10051,61,118,120,14,25,27
DIATSA_LOCUS10052,21,56,58,7,27,28
DIATSA_LOCUS10053,12,21,23,8,12,13
DIATSA_LOCUS10054,191,372,392,471,910,947
DIATSA_LOCUS10055,3,4,4,3,7,7
DIATSA_LOCUS10056,92,196,204,105,207,210
DIATSA_LOCUS10057,10,28,31,4,13,13
DIATSA_LOCUS10058,239,481,499,82,136,142
DIATSA_LOCUS10059,7,8,8,15,18,20
DIATSA_LOCUS1006,29,57,57,34,80,90
DIATSA_LOCUS10060,0,0,0,0,0,0
DIATSA_LOCUS10061,77,193,199,63,126,127
DIATSA_LOCUS10062,515,1016,1053,414,858,900
DIATSA_LOCUS10063,251,503,514,215,434,446
DIATSA_LOCUS10064,23,41,41,6,13,13
DIATSA_LOCUS10065,26,42,44,13,24,28
DIATSA_LOCUS10066,692,1350,1397,578,1128,1173
DIATSA_LOCUS10067,1026,1767,1835,1644,2784,2893
DIATSA_LOCUS10068,1072,2241,2315,1162,2218,2291
DIATSA_LOCUS10069,0,0,0,0,0,0
DIATSA_LOCUS1007,407,845,884,228,436,458
DIATSA_LOCUS10070,77,123,131,153,258,277
DIATSA_LOCUS10071,0,1,1,1,1,1
DIATSA_LOCUS10072,0,0,0,0,0,0
DIATSA_LOCUS10073,0,2,2,1,1,1
DIATSA_LOCUS10074,642,1389,1441,516,1203,1228
DIATSA_LOCUS10075,247,514,532,282,567,591
DIATSA_LOCUS10076,2663,4886,5064,2862,5383,5601
DIATSA_LOCUS10077,2265,3486,3609,2561,3825,3963
DIATSA_LOCUS10078,9,16,18,13,21,21
DIATSA_LOCUS10079,8,22,22,2,5,5
DIATSA_LOCUS1008,3,10,10,2,8,9
DIATSA_LOCUS10080,1,4,4,0,1,2
DIATSA_LOCUS10081,6,12,12,4,6,8
DIATSA_LOCUS10082,24,46,51,27,49,52
DIATSA_LOCUS10083,0,0,0,0,0,0
DIATSA_LOCUS10084,38,88,93,29,63,65
DIATSA_LOCUS10085,1,3,3,0,1,1
DIATSA_LOCUS10086,0,1,1,0,2,2
DIATSA_LOCUS10087,0,0,0,0,0,0
DIATSA_LOCUS10088,0,0,0,0,0,0
DIATSA_LOCUS10089,68,140,147,78,148,155
DIATSA_LOCUS1009,112,235,244,129,271,283
DIATSA_LOCUS10090,2,3,3,1,3,3
DIATSA_LOCUS10091,20,38,38,28,60,63
DIATSA_LOCUS10092,203,438,453,58,136,140
DIATSA_LOCUS10093,11,23,26,15,25,26
DIATSA_LOCUS10094,647,1104,1193,583,1070,1127
DIATSA_LOCUS10095,0,0,0,0,0,0
DIATSA_LOCUS10096,134,269,278,142,260,265
DIATSA_LOCUS10097,427,821,868,213,418,448
DIATSA_LOCUS10098,7,20,25,8,13,15
DIATSA_LOCUS10099,0,3,3,3,4,4
DIATSA_LOCUS101,325,572,587,139,243,251
DIATSA_LOCUS1010,15088,32980,34174,23822,47316,49057
DIATSA_LOCUS10100,2,4,4,2,5,5
DIATSA_LOCUS10101,4,10,10,2,3,3
DIATSA_LOCUS10102,2,2,2,0,0,0
DIATSA_LOCUS10103,61,109,111,81,183,187
DIATSA_LOCUS10104,268,475,522,117,198,216
DIATSA_LOCUS10105,0,0,0,0,0,0
DIATSA_LOCUS10106,1,2,4,0,1,3
DIATSA_LOCUS10107,1,10,11,1,8,9
DIATSA_LOCUS10108,77,152,159,71,171,177
DIATSA_LOCUS10109,56,106,111,59,126,132
DIATSA_LOCUS1011,9,22,24,8,19,22
DIATSA_LOCUS10110,14,29,34,12,26,27
DIATSA_LOCUS10111,53,115,117,97,164,170
DIATSA_LOCUS10112,16,26,25,4,12,11
DIATSA_LOCUS10113,20,31,31,17,26,30
DIATSA_LOCUS10114,80,133,141,53,80,85
DIATSA_LOCUS10115,1,3,3,1,5,5
DIATSA_LOCUS10116,93,172,183,77,151,157
DIATSA_LOCUS10117,5,7,7,2,5,5
DIATSA_LOCUS10118,3,4,4,1,2,2
DIATSA_LOCUS10119,8,13,14,33,46,52
DIATSA_LOCUS1012,338,586,617,198,381,401
DIATSA_LOCUS10120,0,1,1,0,0,0
DIATSA_LOCUS10121,1,1,1,0,0,0
DIATSA_LOCUS10122,0,0,0,0,0,0
DIATSA_LOCUS10123,0,0,0,0,1,1
DIATSA_LOCUS10124,959,2396,2511,1439,3589,3766
DIATSA_LOCUS10125,18,38,40,12,33,33
DIATSA_LOCUS10126,2381,4075,4195,2830,5147,5314
DIATSA_LOCUS10127,697,1314,1370,584,1061,1108
DIATSA_LOCUS10128,193,322,339,99,176,190
DIATSA_LOCUS10129,1,2,2,1,7,7
DIATSA_LOCUS1013,52,92,94,17,37,41
DIATSA_LOCUS10130,9,15,15,2,2,2
DIATSA_LOCUS10131,0,1,0,4,5,6
DIATSA_LOCUS10132,32,64,65,27,68,72
DIATSA_LOCUS10133,26,37,39,8,18,18
DIATSA_LOCUS10134,0,0,0,0,0,0
DIATSA_LOCUS10135,3,6,6,6,7,8
DIATSA_LOCUS10136,583,1062,1131,346,705,743
DIATSA_LOCUS10137,573,1197,1257,337,709,734
DIATSA_LOCUS10138,14,21,22,4,9,10
DIATSA_LOCUS10139,46,97,96,51,103,106
DIATSA_LOCUS1014,77,167,179,63,113,117
DIATSA_LOCUS10140,11,15,16,14,30,30
DIATSA_LOCUS10141,8,13,13,5,16,16
DIATSA_LOCUS10142,0,3,3,0,1,1
DIATSA_LOCUS10143,4,5,6,2,5,6
DIATSA_LOCUS10144,16,34,38,11,16,16
DIATSA_LOCUS10145,1,1,1,0,0,0
DIATSA_LOCUS10146,1,2,2,1,3,3
DIATSA_LOCUS10147,40,92,99,28,63,65
DIATSA_LOCUS10148,2,3,3,1,2,4
DIATSA_LOCUS10149,285,538,554,358,603,625
DIATSA_LOCUS1015,175,332,354,101,189,196
DIATSA_LOCUS10150,174,377,390,207,473,494
DIATSA_LOCUS10151,163,309,327,51,90,98
DIATSA_LOCUS10152,1,3,3,1,3,3
DIATSA_LOCUS10153,0,0,1,0,0,0
DIATSA_LOCUS10154,189,380,391,72,167,184
DIATSA_LOCUS10155,100,185,189,56,112,119
DIATSA_LOCUS10156,110,216,230,67,165,160
DIATSA_LOCUS10157,13511,24811,25734,16957,29808,31099
DIATSA_LOCUS10158,102,161,167,40,73,74
DIATSA_LOCUS10159,38,73,75,11,22,23
DIATSA_LOCUS1016,179,398,411,201,402,412
DIATSA_LOCUS10160,27,57,61,7,14,14
DIATSA_LOCUS10161,44,84,87,18,32,34
DIATSA_LOCUS10162,172,432,445,135,284,295
DIATSA_LOCUS10163,40,76,78,7,13,14
DIATSA_LOCUS10164,184,275,281,127,210,215
DIATSA_LOCUS10165,0,0,0,0,1,1
DIATSA_LOCUS10166,23,48,50,24,48,49
DIATSA_LOCUS10167,0,1,1,0,0,1
DIATSA_LOCUS10168,162,438,486,124,272,279
DIATSA_LOCUS10169,1,1,1,0,1,2
DIATSA_LOCUS1017,25,51,51,18,30,32
DIATSA_LOCUS10170,84,216,229,73,179,187
DIATSA_LOCUS10171,69,141,144,28,65,68
DIATSA_LOCUS10172,48,73,78,35,50,50
DIATSA_LOCUS10173,68,158,167,37,61,62
DIATSA_LOCUS10174,0,1,1,3,4,5
DIATSA_LOCUS10175,1,2,2,0,0,0
DIATSA_LOCUS10176,0,0,0,0,0,1
DIATSA_LOCUS10177,0,0,0,0,1,2
DIATSA_LOCUS10178,87,208,214,91,215,225
DIATSA_LOCUS10179,147,252,264,131,211,222
DIATSA_LOCUS1018,0,0,0,0,0,2
DIATSA_LOCUS10180,0,0,0,0,0,0
DIATSA_LOCUS10181,0,0,0,0,0,0
DIATSA_LOCUS10182,1,1,1,0,0,0
DIATSA_LOCUS10183,0,0,0,0,0,1
DIATSA_LOCUS10184,3,4,4,0,1,1
DIATSA_LOCUS10185,0,1,1,0,0,0
DIATSA_LOCUS10186,0,0,0,0,0,0
DIATSA_LOCUS10187,0,0,0,0,0,0
DIATSA_LOCUS10188,0,0,0,0,0,0
DIATSA_LOCUS10189,0,0,0,0,0,0
DIATSA_LOCUS1019,363,674,700,380,683,704
DIATSA_LOCUS10190,0,1,1,0,0,0
DIATSA_LOCUS10191,17,22,22,2,7,7
DIATSA_LOCUS10192,0,0,0,0,0,0
DIATSA_LOCUS10193,0,0,0,0,0,0
DIATSA_LOCUS10194,0,0,0,0,0,0
DIATSA_LOCUS10195,0,0,0,0,0,0
DIATSA_LOCUS10196,0,0,0,0,0,0
DIATSA_LOCUS10197,3,5,5,1,3,3
DIATSA_LOCUS10198,0,1,1,0,0,0
DIATSA_LOCUS10199,0,0,0,0,0,0
DIATSA_LOCUS102,8,19,20,7,16,18
DIATSA_LOCUS1020,129,306,319,132,278,289
DIATSA_LOCUS10200,1,1,1,2,2,2
DIATSA_LOCUS10201,0,0,0,0,0,0
DIATSA_LOCUS10202,0,0,0,0,0,0
DIATSA_LOCUS10203,1,4,4,0,0,0
DIATSA_LOCUS10204,2,5,6,4,6,6
DIATSA_LOCUS10205,0,1,1,0,0,0
DIATSA_LOCUS10206,0,0,0,0,0,0
DIATSA_LOCUS10207,0,0,0,0,0,0
DIATSA_LOCUS10208,0,0,0,0,0,0
DIATSA_LOCUS10209,0,0,0,0,0,0
DIATSA_LOCUS1021,28,78,80,34,55,56
DIATSA_LOCUS10210,0,0,0,0,0,0
DIATSA_LOCUS10211,0,0,1,0,0,0
DIATSA_LOCUS10212,3,3,3,1,1,1
DIATSA_LOCUS10213,1,4,5,3,8,8
DIATSA_LOCUS10214,1,1,1,0,5,6
DIATSA_LOCUS10215,0,0,0,0,0,0
DIATSA_LOCUS10216,0,0,0,1,1,1
DIATSA_LOCUS10217,0,0,0,1,2,2
DIATSA_LOCUS10218,0,0,0,0,0,0
DIATSA_LOCUS10219,0,0,0,0,0,0
DIATSA_LOCUS1022,45,133,135,28,88,91
DIATSA_LOCUS10220,0,0,0,0,3,3
DIATSA_LOCUS10221,0,0,0,0,0,0
DIATSA_LOCUS10222,33,65,66,61,0,88
DIATSA_LOCUS10223,7,23,23,14,19,19
DIATSA_LOCUS10224,35,96,97,60,142,149
DIATSA_LOCUS10225,0,0,0,0,0,0
DIATSA_LOCUS10226,161,361,374,122,200,209
DIATSA_LOCUS10227,2,2,2,0,0,0
DIATSA_LOCUS10228,0,0,0,0,0,0
DIATSA_LOCUS10229,0,0,0,0,0,0
DIATSA_LOCUS1023,135,282,296,69,161,169
DIATSA_LOCUS10230,0,0,0,0,0,0
DIATSA_LOCUS10231,0,0,0,0,0,0
DIATSA_LOCUS10232,4,3,3,2,4,4
DIATSA_LOCUS10233,11,23,23,8,10,11
DIATSA_LOCUS10234,20,49,53,15,38,44
DIATSA_LOCUS10235,0,0,0,0,0,0
DIATSA_LOCUS10236,4,10,9,1,8,10
DIATSA_LOCUS10237,0,0,0,0,0,0
DIATSA_LOCUS10238,0,0,0,0,0,0
DIATSA_LOCUS10239,0,0,0,0,0,0
DIATSA_LOCUS1024,0,0,0,1,2,2
DIATSA_LOCUS10240,1,1,1,0,2,2
DIATSA_LOCUS10241,0,0,0,0,0,0
DIATSA_LOCUS10242,0,0,0,0,0,1
DIATSA_LOCUS10243,89,169,177,70,150,158
DIATSA_LOCUS10244,7,7,7,4,1,2
DIATSA_LOCUS10245,7661,13219,13664,12781,22387,23182
DIATSA_LOCUS10246,24,53,56,29,72,77
DIATSA_LOCUS10247,14092,28546,29623,20271,41274,42821
DIATSA_LOCUS10248,36,63,66,31,74,75
DIATSA_LOCUS10249,2,4,6,2,2,3
DIATSA_LOCUS1025,0,0,0,0,0,0
DIATSA_LOCUS10250,0,0,0,0,0,0
DIATSA_LOCUS10251,768,1481,1531,986,1906,1976
DIATSA_LOCUS10252,71,146,153,70,133,135
DIATSA_LOCUS10253,371,670,696,293,539,556
DIATSA_LOCUS10254,0,0,0,0,0,0
DIATSA_LOCUS10255,470,859,886,608,1217,1262
DIATSA_LOCUS10256,67,116,120,22,52,56
DIATSA_LOCUS10257,303,563,587,173,314,325
DIATSA_LOCUS10258,23,57,57,34,51,51
DIATSA_LOCUS10259,0,0,0,0,1,1
DIATSA_LOCUS1026,0,0,0,0,0,0
DIATSA_LOCUS10260,11,20,20,21,31,33
DIATSA_LOCUS10261,7,18,19,6,10,11
DIATSA_LOCUS10262,60,126,134,39,77,80
DIATSA_LOCUS10263,1,10,14,1,3,4
DIATSA_LOCUS10264,41,85,86,21,47,47
DIATSA_LOCUS10265,68,140,142,57,113,117
DIATSA_LOCUS10266,34,70,74,19,43,45
DIATSA_LOCUS10267,81,190,195,87,172,177
DIATSA_LOCUS10268,15,32,32,7,15,17
DIATSA_LOCUS10269,45,69,70,32,67,70
DIATSA_LOCUS1027,179,318,326,149,290,304
DIATSA_LOCUS10270,0,0,0,0,0,0
DIATSA_LOCUS10271,0,0,0,0,0,0
DIATSA_LOCUS10272,0,5,5,2,6,7
DIATSA_LOCUS10273,324,659,681,331,682,712
DIATSA_LOCUS10274,1,1,1,0,1,1
DIATSA_LOCUS10275,1,7,7,1,1,1
DIATSA_LOCUS10276,15,27,30,12,27,30
DIATSA_LOCUS10277,6,13,13,1,2,2
DIATSA_LOCUS10278,37,82,87,22,49,51
DIATSA_LOCUS10279,5,16,17,4,12,12
DIATSA_LOCUS1028,121,257,266,101,216,224
DIATSA_LOCUS10280,74,121,127,66,116,119
DIATSA_LOCUS10281,80,147,153,39,80,86
DIATSA_LOCUS10282,106,211,216,184,386,400
DIATSA_LOCUS10283,8,11,12,7,14,15
DIATSA_LOCUS10284,0,0,0,0,0,0
DIATSA_LOCUS10285,29,72,72,29,51,52
DIATSA_LOCUS10286,216,385,398,104,180,183
DIATSA_LOCUS10287,180,320,328,187,339,358
DIATSA_LOCUS10288,14,27,26,1,4,4
DIATSA_LOCUS10289,941,1536,1611,1245,2093,2194
DIATSA_LOCUS1029,89,182,188,116,199,205
DIATSA_LOCUS10290,8,13,15,1,3,3
DIATSA_LOCUS10291,18,40,43,6,6,7
DIATSA_LOCUS10292,5375,9886,10271,2592,4727,4934
DIATSA_LOCUS10293,107,204,213,82,165,176
DIATSA_LOCUS10294,122,257,265,147,339,358
DIATSA_LOCUS10295,14,22,22,13,24,25
DIATSA_LOCUS10296,130,244,251,145,312,330
DIATSA_LOCUS10297,56,104,107,10,22,23
DIATSA_LOCUS10298,32,87,88,23,58,60
DIATSA_LOCUS10299,39,71,72,7,12,13
DIATSA_LOCUS103,256,460,488,197,370,382
DIATSA_LOCUS1030,0,0,0,0,0,0
DIATSA_LOCUS10300,47,143,145,56,150,157
DIATSA_LOCUS10301,178,393,409,79,176,185
DIATSA_LOCUS10302,83,162,174,64,124,131
DIATSA_LOCUS10303,229,425,439,223,397,413
DIATSA_LOCUS10304,773,1138,1187,443,670,712
DIATSA_LOCUS10305,30,67,70,29,57,58
DIATSA_LOCUS10306,106,226,252,64,107,117
DIATSA_LOCUS10307,40,70,75,118,217,221
DIATSA_LOCUS10308,14,27,27,17,35,39
DIATSA_LOCUS10309,0,0,0,0,0,0
DIATSA_LOCUS1031,6780,11871,12293,5884,10329,10707
DIATSA_LOCUS10310,0,0,0,0,0,0
DIATSA_LOCUS10311,1,1,1,2,3,3
DIATSA_LOCUS10312,102,181,188,135,256,268
DIATSA_LOCUS10313,25,54,59,19,40,40
DIATSA_LOCUS10314,2,5,5,1,1,1
DIATSA_LOCUS10315,6,17,17,8,15,15
DIATSA_LOCUS10316,9,23,23,7,17,20
DIATSA_LOCUS10317,53,99,100,29,50,50
DIATSA_LOCUS10318,11,25,27,12,20,21
DIATSA_LOCUS10319,0,1,1,1,2,2
DIATSA_LOCUS1032,675,1274,1336,840,1554,1620
DIATSA_LOCUS10320,82,179,180,54,139,146
DIATSA_LOCUS10321,19,50,50,6,19,20
DIATSA_LOCUS10322,64,112,119,11,23,25
DIATSA_LOCUS10323,70,133,136,52,122,131
DIATSA_LOCUS10324,21,32,32,13,33,34
DIATSA_LOCUS10325,199,370,388,148,289,294
DIATSA_LOCUS10326,21,52,52,18,46,49
DIATSA_LOCUS10327,26,53,54,31,56,56
DIATSA_LOCUS10328,42,71,77,62,114,119
DIATSA_LOCUS10329,64,117,123,50,116,122
DIATSA_LOCUS1033,155,307,324,121,239,247
DIATSA_LOCUS10330,4,5,5,3,9,9
DIATSA_LOCUS10331,2,2,2,1,3,3
DIATSA_LOCUS10332,1,3,3,0,0,0
DIATSA_LOCUS10333,84,150,158,26,78,84
DIATSA_LOCUS10334,9,16,16,10,21,23
DIATSA_LOCUS10335,0,0,0,2,4,4
DIATSA_LOCUS10336,8,7,8,2,5,4
DIATSA_LOCUS10337,4,10,11,7,10,11
DIATSA_LOCUS10338,70,104,106,60,113,117
DIATSA_LOCUS10339,230,513,539,180,446,465
DIATSA_LOCUS1034,26,51,52,18,38,39
DIATSA_LOCUS10340,168,342,361,122,209,224
DIATSA_LOCUS10341,1,2,2,0,0,0
DIATSA_LOCUS10342,3,3,3,2,3,3
DIATSA_LOCUS10343,33,55,61,12,27,30
DIATSA_LOCUS10344,0,0,0,1,1,2
DIATSA_LOCUS10345,57,114,118,13,29,32
DIATSA_LOCUS10346,221,483,504,242,615,639
DIATSA_LOCUS10347,1111,2454,2564,539,1117,1154
DIATSA_LOCUS10348,104,201,206,55,108,108
DIATSA_LOCUS10349,10,26,26,4,10,10
DIATSA_LOCUS1035,48,100,105,34,72,74
DIATSA_LOCUS10350,19,24,26,2,5,4
DIATSA_LOCUS10351,0,0,0,0,0,0
DIATSA_LOCUS10352,12,34,34,4,7,7
DIATSA_LOCUS10353,112,225,233,112,245,252
DIATSA_LOCUS10354,74,151,157,52,113,117
DIATSA_LOCUS10355,302,637,651,380,766,793
DIATSA_LOCUS10356,40,70,71,53,82,87
DIATSA_LOCUS10357,22,29,30,14,27,29
DIATSA_LOCUS10358,49,80,87,67,107,108
DIATSA_LOCUS10359,66,97,102,89,141,146
DIATSA_LOCUS1036,93,178,188,29,67,70
DIATSA_LOCUS10360,161,281,296,335,557,577
DIATSA_LOCUS10361,0,0,0,1,1,1
DIATSA_LOCUS10362,36,86,91,37,71,73
DIATSA_LOCUS10363,97,203,210,126,245,257
DIATSA_LOCUS10364,143,265,272,165,311,319
DIATSA_LOCUS10365,409,817,849,185,431,453
DIATSA_LOCUS10366,16,37,39,12,21,22
DIATSA_LOCUS10367,15,18,18,12,23,23
DIATSA_LOCUS10368,138,335,343,131,322,344
DIATSA_LOCUS10369,6,10,10,2,7,7
DIATSA_LOCUS1037,67,130,138,67,127,130
DIATSA_LOCUS10370,26,51,51,26,45,46
DIATSA_LOCUS10371,87,164,169,56,105,108
DIATSA_LOCUS10372,63,120,121,48,96,99
DIATSA_LOCUS10373,122,224,232,94,161,164
DIATSA_LOCUS10374,60,150,155,35,75,81
DIATSA_LOCUS10375,93,177,181,101,194,201
DIATSA_LOCUS10376,296,516,537,166,303,318
DIATSA_LOCUS10377,168,384,408,170,417,440
DIATSA_LOCUS10378,21,38,41,10,20,20
DIATSA_LOCUS10379,10,15,17,6,9,11
DIATSA_LOCUS1038,92,191,196,82,174,177
DIATSA_LOCUS10380,1,3,3,0,0,0
DIATSA_LOCUS10381,366,784,813,350,687,706
DIATSA_LOCUS10382,710,1413,1468,565,1076,1109
DIATSA_LOCUS10383,178,384,393,215,394,406
DIATSA_LOCUS10384,9,17,19,2,3,3
DIATSA_LOCUS10385,12,25,27,1,4,5
DIATSA_LOCUS10386,113,237,249,50,114,113
DIATSA_LOCUS10387,185,374,388,160,368,402
DIATSA_LOCUS10388,31,60,66,9,16,16
DIATSA_LOCUS10389,14,24,24,4,7,7
DIATSA_LOCUS1039,291,508,524,152,302,367
DIATSA_LOCUS10390,455,739,775,442,686,719
DIATSA_LOCUS10391,0,1,1,0,0,0
DIATSA_LOCUS10392,0,0,0,2,2,2
DIATSA_LOCUS10393,1,1,1,0,0,0
DIATSA_LOCUS10394,1,3,5,2,4,6
DIATSA_LOCUS10395,784,1495,1555,914,1641,1700
DIATSA_LOCUS10396,30,47,48,1,5,5
DIATSA_LOCUS10397,2,10,10,4,12,13
DIATSA_LOCUS10398,3,3,3,2,3,3
DIATSA_LOCUS10399,303,1102,1152,338,1286,1347
DIATSA_LOCUS104,660,1203,1241,270,478,491
DIATSA_LOCUS1040,76,149,150,70,145,153
DIATSA_LOCUS10400,133,274,293,57,112,119
DIATSA_LOCUS10401,14,38,40,12,31,34
DIATSA_LOCUS10402,28,80,84,30,65,66
DIATSA_LOCUS10403,1941,3317,3456,2862,4729,4889
DIATSA_LOCUS10404,9,14,14,13,18,19
DIATSA_LOCUS10405,244,437,465,113,194,199
DIATSA_LOCUS10406,5,14,15,5,7,8
DIATSA_LOCUS10407,657,1212,1255,919,1639,1700
DIATSA_LOCUS10408,277,513,529,473,931,966
DIATSA_LOCUS10409,5,22,22,1,6,8
DIATSA_LOCUS1041,440,740,764,336,622,648
DIATSA_LOCUS10410,392,834,861,498,938,972
DIATSA_LOCUS10411,128,233,239,41,73,80
DIATSA_LOCUS10412,73,122,126,63,97,98
DIATSA_LOCUS10413,11,21,26,19,45,51
DIATSA_LOCUS10414,3,5,5,3,5,6
DIATSA_LOCUS10415,1176,2017,2098,678,1172,1219
DIATSA_LOCUS10416,16,43,46,35,61,63
DIATSA_LOCUS10417,39,75,77,19,44,45
DIATSA_LOCUS10418,8,11,11,8,13,14
DIATSA_LOCUS10419,3,5,6,2,2,2
DIATSA_LOCUS1042,87,198,204,40,123,125
DIATSA_LOCUS10420,153,368,400,207,387,406
DIATSA_LOCUS10421,0,3,3,5,5,5
DIATSA_LOCUS10422,25,40,41,6,9,9
DIATSA_LOCUS10423,0,0,0,0,0,0
DIATSA_LOCUS10424,0,0,0,0,0,0
DIATSA_LOCUS10425,1,1,1,0,0,0
DIATSA_LOCUS10426,0,0,0,0,0,0
DIATSA_LOCUS10427,222,413,431,153,279,287
DIATSA_LOCUS10428,43,74,81,54,90,94
DIATSA_LOCUS10429,1094,1860,1924,1430,2396,2472
DIATSA_LOCUS1043,17,34,36,7,18,19
DIATSA_LOCUS10430,967,1745,1824,1092,1983,2083
DIATSA_LOCUS10431,61,147,149,26,58,59
DIATSA_LOCUS10432,0,0,0,0,0,0
DIATSA_LOCUS10433,0,0,0,0,0,0
DIATSA_LOCUS10434,0,0,0,0,0,0
DIATSA_LOCUS10435,0,0,0,0,1,1
DIATSA_LOCUS10436,0,0,0,0,0,0
DIATSA_LOCUS10437,2,2,2,1,1,1
DIATSA_LOCUS10438,0,0,0,0,0,0
DIATSA_LOCUS10439,4,6,6,0,1,2
DIATSA_LOCUS1044,2,6,6,3,6,6
DIATSA_LOCUS10440,1,1,1,0,0,0
DIATSA_LOCUS10441,0,0,0,0,1,1
DIATSA_LOCUS10442,0,0,0,0,0,0
DIATSA_LOCUS10443,0,0,1,0,1,1
DIATSA_LOCUS10444,0,0,0,0,0,0
DIATSA_LOCUS10445,0,0,0,0,0,0
DIATSA_LOCUS10446,0,0,0,0,0,0
DIATSA_LOCUS10447,0,0,0,0,0,0
DIATSA_LOCUS10448,0,0,0,0,0,0
DIATSA_LOCUS10449,0,0,0,0,0,0
DIATSA_LOCUS1045,9,18,19,11,20,20
DIATSA_LOCUS10450,0,0,0,0,0,0
DIATSA_LOCUS10451,0,0,0,0,0,0
DIATSA_LOCUS10452,0,0,0,0,0,0
DIATSA_LOCUS10453,0,0,0,0,0,0
DIATSA_LOCUS10454,443,984,1023,573,1158,1191
DIATSA_LOCUS10455,866,1488,1536,1190,1842,1923
DIATSA_LOCUS10456,0,0,0,0,0,0
DIATSA_LOCUS10457,849,1743,1823,933,1779,1856
DIATSA_LOCUS10458,156,307,320,53,110,114
DIATSA_LOCUS10459,0,0,0,0,0,0
DIATSA_LOCUS1046,0,0,0,1,1,1
DIATSA_LOCUS10460,0,7,7,7,14,14
DIATSA_LOCUS10461,5,9,9,5,10,11
DIATSA_LOCUS10462,38,107,116,47,115,116
DIATSA_LOCUS10463,64,112,118,69,135,139
DIATSA_LOCUS10464,51,94,106,14,38,39
DIATSA_LOCUS10465,88,222,228,160,370,381
DIATSA_LOCUS10466,30,53,55,10,23,23
DIATSA_LOCUS10467,72,111,114,20,39,37
DIATSA_LOCUS10468,8,29,30,2,5,5
DIATSA_LOCUS10469,95,187,195,21,44,47
DIATSA_LOCUS1047,1,3,3,0,1,2
DIATSA_LOCUS10470,38,82,85,16,31,32
DIATSA_LOCUS10471,389,753,785,454,785,807
DIATSA_LOCUS10472,17,40,43,19,43,44
DIATSA_LOCUS10473,1303,2429,2510,1951,3727,3880
DIATSA_LOCUS10474,62,122,126,33,50,56
DIATSA_LOCUS10475,24,58,59,10,18,18
DIATSA_LOCUS10476,468,1063,1119,816,1723,1798
DIATSA_LOCUS10477,19,41,42,39,67,70
DIATSA_LOCUS10478,12,25,25,15,29,30
DIATSA_LOCUS10479,500,1032,1068,228,537,552
DIATSA_LOCUS1048,6,15,15,6,13,14
DIATSA_LOCUS10480,0,0,0,1,1,1
DIATSA_LOCUS10481,0,0,0,0,1,1
DIATSA_LOCUS10482,0,0,0,1,1,1
DIATSA_LOCUS10483,40,93,94,42,107,109
DIATSA_LOCUS10484,74,139,145,18,39,43
DIATSA_LOCUS10485,15,28,27,3,10,8
DIATSA_LOCUS10486,500,974,1008,194,383,405
DIATSA_LOCUS10487,15,30,32,8,16,18
DIATSA_LOCUS10488,15,34,34,10,15,15
DIATSA_LOCUS10489,63,124,125,23,39,39
DIATSA_LOCUS1049,41,57,61,12,22,23
DIATSA_LOCUS10490,135,327,341,122,273,279
DIATSA_LOCUS10491,22,52,54,11,23,22
DIATSA_LOCUS10492,108,205,213,73,164,168
DIATSA_LOCUS10493,41,107,114,47,107,108
DIATSA_LOCUS10494,213,386,399,131,265,276
DIATSA_LOCUS10495,5,16,16,4,9,9
DIATSA_LOCUS10496,62,112,116,16,32,34
DIATSA_LOCUS10497,202,405,432,168,291,301
DIATSA_LOCUS10498,2123,3930,4138,1653,3081,3247
DIATSA_LOCUS10499,36,94,98,53,121,127
DIATSA_LOCUS105,24,42,43,9,15,15
DIATSA_LOCUS1050,0,0,0,0,1,1
DIATSA_LOCUS10500,41,69,70,18,37,41
DIATSA_LOCUS10501,105,189,199,42,74,74
DIATSA_LOCUS10502,0,0,0,0,0,0
DIATSA_LOCUS10503,0,0,0,0,0,0
DIATSA_LOCUS10504,0,0,0,0,0,0
DIATSA_LOCUS10505,0,0,0,0,0,0
DIATSA_LOCUS10506,0,0,0,0,0,0
DIATSA_LOCUS10507,0,0,0,0,0,0
DIATSA_LOCUS10508,0,0,0,0,1,1
DIATSA_LOCUS10509,1,3,3,1,2,4
DIATSA_LOCUS1051,0,0,0,0,0,0
DIATSA_LOCUS10510,0,0,0,0,0,0
DIATSA_LOCUS10511,0,1,1,0,0,0
DIATSA_LOCUS10512,0,0,0,0,0,0
DIATSA_LOCUS10513,0,0,0,0,0,0
DIATSA_LOCUS10514,0,0,0,0,0,0
DIATSA_LOCUS10515,0,0,0,0,0,0
DIATSA_LOCUS10516,0,0,0,0,0,0
DIATSA_LOCUS10517,0,0,0,0,0,0
DIATSA_LOCUS10518,0,0,0,0,0,0
DIATSA_LOCUS10519,0,0,0,0,0,0
DIATSA_LOCUS1052,2,2,4,0,0,0
DIATSA_LOCUS10520,0,0,0,0,0,0
DIATSA_LOCUS10521,0,0,0,0,0,0
DIATSA_LOCUS10522,0,0,0,0,0,0
DIATSA_LOCUS10523,0,0,0,0,0,0
DIATSA_LOCUS10524,0,0,0,0,4,4
DIATSA_LOCUS10525,0,0,0,0,0,0
DIATSA_LOCUS10526,4,6,6,3,4,4
DIATSA_LOCUS10527,0,0,0,1,3,3
DIATSA_LOCUS10528,0,0,0,0,0,0
DIATSA_LOCUS10529,8,18,18,22,50,53
DIATSA_LOCUS1053,0,0,0,0,0,1
DIATSA_LOCUS10530,0,0,0,0,0,0
DIATSA_LOCUS10531,0,0,0,0,0,0
DIATSA_LOCUS10532,0,0,0,0,0,0
DIATSA_LOCUS10533,64,125,129,34,62,63
DIATSA_LOCUS10534,8,13,13,6,14,14
DIATSA_LOCUS10535,0,1,1,3,4,4
DIATSA_LOCUS10536,1179,2120,2185,797,1374,1435
DIATSA_LOCUS10537,76,158,169,79,157,166
DIATSA_LOCUS10538,4,10,10,9,17,17
DIATSA_LOCUS10539,3,6,6,3,4,5
DIATSA_LOCUS1054,0,0,0,0,0,0
DIATSA_LOCUS10540,107,180,184,24,41,42
DIATSA_LOCUS10541,231,500,529,159,299,312
DIATSA_LOCUS10542,386,956,997,498,1203,1256
DIATSA_LOCUS10543,37,75,77,30,75,80
DIATSA_LOCUS10544,0,0,0,0,0,0
DIATSA_LOCUS10545,0,1,1,1,1,1
DIATSA_LOCUS10546,8,16,16,3,4,4
DIATSA_LOCUS10547,0,0,0,0,0,0
DIATSA_LOCUS10548,0,0,0,0,0,0
DIATSA_LOCUS10549,0,0,0,0,0,0
DIATSA_LOCUS1055,63,129,134,19,36,36
DIATSA_LOCUS10550,0,0,0,0,0,0
DIATSA_LOCUS10551,0,0,0,0,0,0
DIATSA_LOCUS10552,0,0,0,0,0,0
DIATSA_LOCUS10553,0,0,0,0,0,0
DIATSA_LOCUS10554,0,0,0,0,0,0
DIATSA_LOCUS10555,0,0,0,0,0,0
DIATSA_LOCUS10556,0,0,0,0,0,0
DIATSA_LOCUS10557,8,12,12,6,11,12
DIATSA_LOCUS10558,0,0,0,0,0,0
DIATSA_LOCUS10559,0,0,0,0,1,1
DIATSA_LOCUS1056,234,408,428,65,129,136
DIATSA_LOCUS10560,0,0,0,0,0,0
DIATSA_LOCUS10561,0,8,7,5,5,7
DIATSA_LOCUS10562,8,8,8,0,2,2
DIATSA_LOCUS10563,0,0,0,0,0,0
DIATSA_LOCUS10564,0,0,0,0,0,0
DIATSA_LOCUS10565,0,0,0,0,1,1
DIATSA_LOCUS10566,0,0,0,0,0,0
DIATSA_LOCUS10567,16,34,37,29,52,54
DIATSA_LOCUS10568,11,21,21,13,15,16
DIATSA_LOCUS10569,21,35,34,14,25,27
DIATSA_LOCUS1057,15,33,33,8,13,14
DIATSA_LOCUS10570,39,64,66,30,61,62
DIATSA_LOCUS10571,26,43,45,16,30,30
DIATSA_LOCUS10572,1552,2300,2382,1754,2687,2802
DIATSA_LOCUS10573,73,147,151,86,182,190
DIATSA_LOCUS10574,8563,13052,13539,8119,13105,13590
DIATSA_LOCUS10575,8778,14314,14882,8696,14391,14944
DIATSA_LOCUS10576,6709,10054,10423,9857,15132,15686
DIATSA_LOCUS10577,41,73,75,44,80,82
DIATSA_LOCUS10578,2,7,8,1,3,3
DIATSA_LOCUS10579,212,439,456,288,571,592
DIATSA_LOCUS1058,16,25,28,9,23,24
DIATSA_LOCUS10580,112,192,198,65,108,111
DIATSA_LOCUS10581,39,79,83,39,69,71
DIATSA_LOCUS10582,50,102,106,33,80,81
DIATSA_LOCUS10583,0,0,0,1,1,1
DIATSA_LOCUS10584,1,1,1,0,0,0
DIATSA_LOCUS10585,56,117,121,56,131,134
DIATSA_LOCUS10586,11,13,13,7,11,11
DIATSA_LOCUS10587,24,45,48,22,32,33
DIATSA_LOCUS10588,1,1,1,2,3,3
DIATSA_LOCUS10589,1448,2827,2931,420,847,901
DIATSA_LOCUS1059,54,161,163,73,172,179
DIATSA_LOCUS10590,128,340,361,164,422,445
DIATSA_LOCUS10591,0,0,0,3,10,10
DIATSA_LOCUS10592,5,16,18,6,18,20
DIATSA_LOCUS10593,8,16,17,6,6,7
DIATSA_LOCUS10594,48,84,90,30,56,57
DIATSA_LOCUS10595,4,13,13,0,1,1
DIATSA_LOCUS10596,114,287,304,127,358,378
DIATSA_LOCUS10597,84,206,212,98,236,250
DIATSA_LOCUS10598,2,2,2,3,5,5
DIATSA_LOCUS10599,0,2,3,0,0,0
DIATSA_LOCUS106,10,15,16,3,5,5
DIATSA_LOCUS1060,512,1041,1090,390,812,860
DIATSA_LOCUS10600,1,2,2,2,2,2
DIATSA_LOCUS10601,71,122,128,24,40,44
DIATSA_LOCUS10602,0,0,0,0,0,1
DIATSA_LOCUS10603,1,2,2,0,0,0
DIATSA_LOCUS10604,160,320,333,118,232,239
DIATSA_LOCUS10605,8,18,18,2,3,3
DIATSA_LOCUS10606,10,15,15,10,18,18
DIATSA_LOCUS10607,73,160,164,60,127,132
DIATSA_LOCUS10608,3,7,7,0,1,1
DIATSA_LOCUS10609,9,18,18,9,15,16
DIATSA_LOCUS1061,38,75,76,15,32,35
DIATSA_LOCUS10610,5,11,11,5,9,10
DIATSA_LOCUS10611,29,44,46,33,66,70
DIATSA_LOCUS10612,36,70,77,50,98,102
DIATSA_LOCUS10613,24,44,45,10,32,35
DIATSA_LOCUS10614,12,22,23,7,8,8
DIATSA_LOCUS10615,2,5,7,1,1,1
DIATSA_LOCUS10616,65,101,103,20,31,32
DIATSA_LOCUS10617,13,21,22,8,9,9
DIATSA_LOCUS10618,180,499,518,291,604,628
DIATSA_LOCUS10619,101,191,199,208,311,324
DIATSA_LOCUS1062,419,798,849,303,575,597
DIATSA_LOCUS10620,14,33,35,10,23,24
DIATSA_LOCUS10621,261,437,456,98,154,158
DIATSA_LOCUS10622,124,233,238,114,226,233
DIATSA_LOCUS10623,7,23,24,7,10,11
DIATSA_LOCUS10624,0,0,0,0,0,0
DIATSA_LOCUS10625,1,1,1,0,0,0
DIATSA_LOCUS10626,31,43,44,8,13,13
DIATSA_LOCUS10627,14,23,22,4,7,7
DIATSA_LOCUS10628,214,391,417,80,144,150
DIATSA_LOCUS10629,1,1,1,0,0,0
DIATSA_LOCUS1063,0,0,0,0,0,0
DIATSA_LOCUS10630,3,3,3,1,2,2
DIATSA_LOCUS10631,1,1,1,0,2,2
DIATSA_LOCUS10632,0,0,0,0,0,0
DIATSA_LOCUS10633,53,88,88,27,44,44
DIATSA_LOCUS10634,6,22,22,3,12,12
DIATSA_LOCUS10635,36,98,101,33,85,89
DIATSA_LOCUS10636,2,2,2,1,1,2
DIATSA_LOCUS10637,399,778,814,241,443,461
DIATSA_LOCUS10638,1,1,1,0,0,1
DIATSA_LOCUS10639,156,312,328,36,80,80
DIATSA_LOCUS1064,77,141,146,47,84,86
DIATSA_LOCUS10640,19,65,68,17,46,48
DIATSA_LOCUS10641,19,38,39,14,33,35
DIATSA_LOCUS10642,0,0,0,0,0,0
DIATSA_LOCUS10643,37,43,44,28,27,28
DIATSA_LOCUS10644,5,14,15,6,8,8
DIATSA_LOCUS10645,0,0,0,0,0,0
DIATSA_LOCUS10646,106,204,213,62,123,126
DIATSA_LOCUS10647,0,1,1,1,2,2
DIATSA_LOCUS10648,0,0,0,0,0,0
DIATSA_LOCUS10649,102,197,206,42,91,99
DIATSA_LOCUS1065,209,459,477,170,383,396
DIATSA_LOCUS10650,6,13,15,6,28,28
DIATSA_LOCUS10651,2,4,4,1,1,2
DIATSA_LOCUS10652,7,15,15,6,16,16
DIATSA_LOCUS10653,13,18,18,6,5,5
DIATSA_LOCUS10654,39,75,78,22,45,46
DIATSA_LOCUS10655,0,2,3,0,2,2
DIATSA_LOCUS10656,22,43,47,6,24,24
DIATSA_LOCUS10657,0,1,1,0,0,0
DIATSA_LOCUS10658,1,4,4,0,0,0
DIATSA_LOCUS10659,270,474,494,221,410,424
DIATSA_LOCUS1066,364,695,729,248,433,457
DIATSA_LOCUS10660,480,888,922,433,840,881
DIATSA_LOCUS10661,23,40,43,13,20,20
DIATSA_LOCUS10662,2520,4460,4608,2203,4253,4415
DIATSA_LOCUS10663,45,95,96,74,121,130
DIATSA_LOCUS10664,1658,3163,3247,2776,4816,4991
DIATSA_LOCUS10665,34,87,91,7,39,44
DIATSA_LOCUS10666,71,151,154,57,155,164
DIATSA_LOCUS10667,3,8,8,0,1,1
DIATSA_LOCUS10668,14,26,27,8,16,18
DIATSA_LOCUS10669,6,14,14,2,7,8
DIATSA_LOCUS1067,203,457,474,188,375,387
DIATSA_LOCUS10670,158,312,319,136,262,270
DIATSA_LOCUS10671,122,259,271,89,161,164
DIATSA_LOCUS10672,48,94,102,72,144,149
DIATSA_LOCUS10673,142,284,299,176,369,384
DIATSA_LOCUS10674,3,14,14,4,5,5
DIATSA_LOCUS10675,11,40,42,16,38,41
DIATSA_LOCUS10676,22,44,45,16,38,41
DIATSA_LOCUS10677,93,169,177,109,200,208
DIATSA_LOCUS10678,117,220,228,73,113,115
DIATSA_LOCUS10679,153,328,338,181,374,391
DIATSA_LOCUS1068,96,198,207,91,179,185
DIATSA_LOCUS10680,3548,6633,7134,5340,9793,10485
DIATSA_LOCUS10681,28,49,49,21,52,55
DIATSA_LOCUS10682,0,0,0,1,1,1
DIATSA_LOCUS10683,0,0,0,0,0,0
DIATSA_LOCUS10684,12,18,18,8,7,6
DIATSA_LOCUS10685,9,20,20,3,9,11
DIATSA_LOCUS10686,35,64,64,29,44,45
DIATSA_LOCUS10687,135,280,291,205,393,409
DIATSA_LOCUS10688,480,1001,1037,967,1849,1930
DIATSA_LOCUS10689,26,67,72,27,44,46
DIATSA_LOCUS1069,3,9,9,3,7,8
DIATSA_LOCUS10690,267,504,524,110,223,234
DIATSA_LOCUS10691,0,0,1,0,0,0
DIATSA_LOCUS10692,38,82,84,22,34,35
DIATSA_LOCUS10693,2,3,3,2,6,6
DIATSA_LOCUS10694,95,192,198,83,166,171
DIATSA_LOCUS10695,0,1,1,0,1,1
DIATSA_LOCUS10696,2,2,2,2,2,2
DIATSA_LOCUS10697,0,0,1,0,0,0
DIATSA_LOCUS10698,0,0,0,0,0,0
DIATSA_LOCUS10699,0,0,0,0,0,0
DIATSA_LOCUS107,103,200,202,146,282,285
DIATSA_LOCUS1070,14,31,33,10,25,27
DIATSA_LOCUS10700,0,0,0,0,0,0
DIATSA_LOCUS10701,0,0,0,0,0,0
DIATSA_LOCUS10702,0,0,0,0,0,0
DIATSA_LOCUS10703,0,0,0,0,0,0
DIATSA_LOCUS10704,0,0,0,0,0,0
DIATSA_LOCUS10705,0,0,0,0,0,0
DIATSA_LOCUS10706,0,0,0,0,0,0
DIATSA_LOCUS10707,0,0,0,0,0,1
DIATSA_LOCUS10708,3,4,4,1,4,4
DIATSA_LOCUS10709,0,0,0,0,0,0
DIATSA_LOCUS1071,4,8,7,1,2,2
DIATSA_LOCUS10710,0,0,0,0,0,0
DIATSA_LOCUS10711,0,2,2,1,1,1
DIATSA_LOCUS10712,0,0,0,0,0,0
DIATSA_LOCUS10713,0,0,0,0,0,0
DIATSA_LOCUS10714,2,3,3,0,0,0
DIATSA_LOCUS10715,0,0,0,0,0,0
DIATSA_LOCUS10716,0,0,0,0,0,0
DIATSA_LOCUS10717,0,0,0,0,1,1
DIATSA_LOCUS10718,99,173,178,87,144,150
DIATSA_LOCUS10719,4998,9745,10203,4911,9298,9699
DIATSA_LOCUS1072,5,11,14,2,2,2
DIATSA_LOCUS10720,186,380,399,207,435,454
DIATSA_LOCUS10721,458,801,839,643,1140,1211
DIATSA_LOCUS10722,24,54,54,11,29,29
DIATSA_LOCUS10723,18,45,48,7,20,20
DIATSA_LOCUS10724,24,38,38,8,18,19
DIATSA_LOCUS10725,115,195,204,46,64,66
DIATSA_LOCUS10726,129,338,348,200,416,432
DIATSA_LOCUS10727,39,79,83,29,59,66
DIATSA_LOCUS10728,52,115,122,310,581,609
DIATSA_LOCUS10729,1,2,2,1,2,3
DIATSA_LOCUS1073,34,117,121,33,84,91
DIATSA_LOCUS10730,0,0,0,0,0,0
DIATSA_LOCUS10731,14,17,18,4,11,11
DIATSA_LOCUS10732,0,0,0,0,0,0
DIATSA_LOCUS10733,0,3,3,0,0,0
DIATSA_LOCUS10734,0,1,1,0,0,0
DIATSA_LOCUS10735,1,1,1,0,0,0
DIATSA_LOCUS10736,535,1146,1196,441,915,945
DIATSA_LOCUS10737,322,595,618,393,794,842
DIATSA_LOCUS10738,3794,6612,6961,4208,7181,7548
DIATSA_LOCUS10739,8,15,15,5,6,6
DIATSA_LOCUS1074,14,22,24,10,14,14
DIATSA_LOCUS10740,3,6,7,1,3,3
DIATSA_LOCUS10741,11,43,48,1,17,17
DIATSA_LOCUS10742,95,146,155,112,171,186
DIATSA_LOCUS10743,229,414,435,137,268,272
DIATSA_LOCUS10744,26,45,48,48,85,89
DIATSA_LOCUS10745,3,5,5,0,0,1
DIATSA_LOCUS10746,7,9,10,7,14,14
DIATSA_LOCUS10747,53,90,96,54,99,103
DIATSA_LOCUS10748,14,36,39,20,41,42
DIATSA_LOCUS10749,4206,8060,8358,6052,11201,11623
DIATSA_LOCUS1075,238,526,562,105,218,236
DIATSA_LOCUS10750,4394,7557,7824,4858,8570,8885
DIATSA_LOCUS10751,11,24,24,15,28,30
DIATSA_LOCUS10752,359,544,561,206,328,341
DIATSA_LOCUS10753,0,0,0,0,0,0
DIATSA_LOCUS10754,0,0,0,0,0,0
DIATSA_LOCUS10755,1,2,3,0,1,2
DIATSA_LOCUS10756,49,87,95,39,75,78
DIATSA_LOCUS10757,0,0,1,0,0,1
DIATSA_LOCUS10758,78,172,178,32,71,73
DIATSA_LOCUS10759,480,895,937,452,868,898
DIATSA_LOCUS1076,169,364,385,201,472,489
DIATSA_LOCUS10760,24,44,48,30,43,43
DIATSA_LOCUS10761,8,15,15,3,3,4
DIATSA_LOCUS10762,0,0,0,0,0,0
DIATSA_LOCUS10763,94,178,188,86,158,165
DIATSA_LOCUS10764,3,5,6,1,1,1
DIATSA_LOCUS10765,1996,3481,3614,2215,3740,3912
DIATSA_LOCUS10766,92,214,227,70,151,163
DIATSA_LOCUS10767,197,399,408,118,282,289
DIATSA_LOCUS10768,32,58,63,6,12,13
DIATSA_LOCUS10769,177,342,354,114,223,233
DIATSA_LOCUS1077,69,132,136,22,40,43
DIATSA_LOCUS10770,238,476,495,207,412,424
DIATSA_LOCUS10771,110,186,195,88,130,135
DIATSA_LOCUS10772,36,66,67,39,51,56
DIATSA_LOCUS10773,77,170,175,69,151,160
DIATSA_LOCUS10774,0,0,0,0,0,0
DIATSA_LOCUS10775,200,355,368,202,359,369
DIATSA_LOCUS10776,164,278,298,55,98,101
DIATSA_LOCUS10777,21,57,60,33,71,79
DIATSA_LOCUS10778,1097,2449,2550,767,1569,1636
DIATSA_LOCUS10779,3840,8202,8525,2380,4931,5119
DIATSA_LOCUS1078,28,41,44,1,3,3
DIATSA_LOCUS10780,5679,10492,10909,2134,3876,4030
DIATSA_LOCUS10781,32,58,59,9,20,20
DIATSA_LOCUS10782,21,49,49,7,14,15
DIATSA_LOCUS10783,26,49,51,2,4,6
DIATSA_LOCUS10784,6,14,14,3,4,4
DIATSA_LOCUS10785,0,0,0,0,0,0
DIATSA_LOCUS10786,257,493,521,150,342,354
DIATSA_LOCUS10787,390,720,765,358,657,709
DIATSA_LOCUS10788,3,7,6,0,5,3
DIATSA_LOCUS10789,22,59,68,41,73,82
DIATSA_LOCUS1079,25,51,51,8,15,15
DIATSA_LOCUS10790,21,61,61,9,37,36
DIATSA_LOCUS10791,49,106,109,25,45,47
DIATSA_LOCUS10792,916,1572,1630,875,1387,1430
DIATSA_LOCUS10793,33,65,68,28,47,48
DIATSA_LOCUS10794,120,223,236,114,208,215
DIATSA_LOCUS10795,625,1100,1150,165,302,322
DIATSA_LOCUS10796,11,27,27,16,42,45
DIATSA_LOCUS10797,203,429,448,225,488,515
DIATSA_LOCUS10798,9,21,24,17,35,37
DIATSA_LOCUS10799,13,27,28,3,8,9
DIATSA_LOCUS108,63,134,139,16,46,47
DIATSA_LOCUS1080,73,132,141,18,28,33
DIATSA_LOCUS10800,336,666,692,178,353,356
DIATSA_LOCUS10801,6,17,22,10,21,22
DIATSA_LOCUS10802,357,743,763,405,830,866
DIATSA_LOCUS10803,82,156,161,73,136,132
DIATSA_LOCUS10804,125,256,268,141,247,250
DIATSA_LOCUS10805,112,251,260,121,225,230
DIATSA_LOCUS10806,191,347,357,163,347,361
DIATSA_LOCUS10807,108,224,239,117,208,215
DIATSA_LOCUS10808,19,33,38,12,31,33
DIATSA_LOCUS10809,14,24,25,13,25,25
DIATSA_LOCUS1081,303,515,541,164,272,285
DIATSA_LOCUS10810,0,1,1,2,3,3
DIATSA_LOCUS10811,1,1,1,0,0,0
DIATSA_LOCUS10812,0,0,0,0,0,0
DIATSA_LOCUS10813,24,46,50,17,41,41
DIATSA_LOCUS10814,177,331,348,48,93,96
DIATSA_LOCUS10815,11,21,21,1,3,3
DIATSA_LOCUS10816,0,0,0,0,0,0
DIATSA_LOCUS10817,107,213,215,123,221,233
DIATSA_LOCUS10818,14,24,24,7,20,20
DIATSA_LOCUS10819,142,294,297,170,363,369
DIATSA_LOCUS1082,26,60,62,16,37,39
DIATSA_LOCUS10820,175,344,360,123,224,235
DIATSA_LOCUS10821,59,136,149,72,131,141
DIATSA_LOCUS10822,394,694,722,201,379,392
DIATSA_LOCUS10823,432,773,785,326,582,601
DIATSA_LOCUS10824,367,748,754,210,336,342
DIATSA_LOCUS10825,70,156,163,60,107,111
DIATSA_LOCUS10826,91,196,204,84,179,182
DIATSA_LOCUS10827,19,27,28,15,18,19
DIATSA_LOCUS10828,45,105,109,40,65,67
DIATSA_LOCUS10829,203,552,573,140,391,417
DIATSA_LOCUS1083,103,211,215,69,134,138
DIATSA_LOCUS10830,169,289,299,159,286,292
DIATSA_LOCUS10831,82,140,144,28,69,73
DIATSA_LOCUS10832,162,326,341,45,102,109
DIATSA_LOCUS10833,12,18,19,3,7,7
DIATSA_LOCUS10834,150,244,255,22,42,45
DIATSA_LOCUS10835,15,47,49,0,4,4
DIATSA_LOCUS10836,0,0,0,0,0,0
DIATSA_LOCUS10837,4,9,11,1,3,3
DIATSA_LOCUS10838,139,316,330,82,159,163
DIATSA_LOCUS10839,48,74,77,23,46,46
DIATSA_LOCUS1084,66,145,151,123,239,248
DIATSA_LOCUS10840,28,57,59,16,41,44
DIATSA_LOCUS10841,67,120,127,28,53,56
DIATSA_LOCUS10842,104,201,212,79,143,148
DIATSA_LOCUS10843,434,781,810,496,961,989
DIATSA_LOCUS10844,11,19,19,8,10,11
DIATSA_LOCUS10845,2,6,6,4,7,8
DIATSA_LOCUS10846,98,188,191,74,159,168
DIATSA_LOCUS10847,9973,20601,21332,14076,29323,30437
DIATSA_LOCUS10848,102,218,223,127,263,272
DIATSA_LOCUS10849,210,403,413,126,257,269
DIATSA_LOCUS1085,256,602,629,222,611,640
DIATSA_LOCUS10850,21,51,58,45,61,64
DIATSA_LOCUS10851,40,82,86,52,92,96
DIATSA_LOCUS10852,87,160,167,67,161,166
DIATSA_LOCUS10853,193,397,416,97,210,215
DIATSA_LOCUS10854,50,108,109,23,37,37
DIATSA_LOCUS10855,31,50,52,24,34,37
DIATSA_LOCUS10856,10,25,26,10,23,23
DIATSA_LOCUS10857,9,11,11,10,17,17
DIATSA_LOCUS10858,2334,3283,3403,1400,1958,2064
DIATSA_LOCUS10859,1867,2906,3049,795,1247,1311
DIATSA_LOCUS1086,29,63,71,19,44,54
DIATSA_LOCUS10860,1461,2360,2453,41,64,69
DIATSA_LOCUS10861,29,58,60,57,96,101
DIATSA_LOCUS10862,2612,3541,3695,1657,2225,2320
DIATSA_LOCUS10863,9,14,14,2,2,2
DIATSA_LOCUS10864,924,1393,1458,14,21,21
DIATSA_LOCUS10865,37,71,76,27,65,68
DIATSA_LOCUS10866,60,107,109,33,57,60
DIATSA_LOCUS10867,127,334,346,118,258,270
DIATSA_LOCUS10868,40,108,114,67,132,142
DIATSA_LOCUS10869,233,529,552,334,806,830
DIATSA_LOCUS1087,131,265,276,61,116,118
DIATSA_LOCUS10870,25,56,56,16,38,43
DIATSA_LOCUS10871,9,15,15,5,14,15
DIATSA_LOCUS10872,190,331,349,97,197,207
DIATSA_LOCUS10873,387,780,831,346,709,747
DIATSA_LOCUS10874,70,178,186,68,146,150
DIATSA_LOCUS10875,66,117,124,25,49,49
DIATSA_LOCUS10876,550,1210,1253,684,1324,1371
DIATSA_LOCUS10877,192,363,371,262,470,491
DIATSA_LOCUS10878,22,40,41,13,22,22
DIATSA_LOCUS10879,656,1323,1369,589,1247,1292
DIATSA_LOCUS1088,14903,31924,33309,16910,35277,36833
DIATSA_LOCUS10880,37,87,89,22,39,39
DIATSA_LOCUS10881,75,142,144,53,113,115
DIATSA_LOCUS10882,108,231,239,106,227,236
DIATSA_LOCUS10883,743,1473,1542,286,586,612
DIATSA_LOCUS10884,8,19,20,13,28,29
DIATSA_LOCUS10885,156,344,361,130,277,293
DIATSA_LOCUS10886,68,112,118,49,101,105
DIATSA_LOCUS10887,350,628,658,270,557,584
DIATSA_LOCUS10888,49,91,94,47,98,106
DIATSA_LOCUS10889,13,23,24,5,14,13
DIATSA_LOCUS1089,140,314,321,164,309,322
DIATSA_LOCUS10890,16,26,28,12,24,25
DIATSA_LOCUS10891,125,223,234,57,115,121
DIATSA_LOCUS10892,42,101,109,46,115,116
DIATSA_LOCUS10893,188,312,324,51,103,104
DIATSA_LOCUS10894,290,595,618,111,231,244
DIATSA_LOCUS10895,119,233,243,95,184,194
DIATSA_LOCUS10896,125,239,246,31,52,54
DIATSA_LOCUS10897,65,105,109,39,93,97
DIATSA_LOCUS10898,376,669,700,336,650,682
DIATSA_LOCUS10899,49,84,88,23,35,41
DIATSA_LOCUS109,105,207,208,119,210,224
DIATSA_LOCUS1090,1610,3003,3147,848,1610,1682
DIATSA_LOCUS10900,282,586,612,130,237,245
DIATSA_LOCUS10901,22,33,34,12,20,20
DIATSA_LOCUS10902,327,664,705,399,882,907
DIATSA_LOCUS10903,108,158,162,73,130,132
DIATSA_LOCUS10904,510,1032,1064,571,1144,1179
DIATSA_LOCUS10905,53,109,112,51,101,102
DIATSA_LOCUS10906,28,54,55,46,73,75
DIATSA_LOCUS10907,275,428,443,308,466,486
DIATSA_LOCUS10908,190,413,432,139,302,316
DIATSA_LOCUS10909,504,942,975,347,715,757
DIATSA_LOCUS1091,38,97,101,38,84,87
DIATSA_LOCUS10910,4,10,10,9,11,11
DIATSA_LOCUS10911,4,4,4,0,1,1
DIATSA_LOCUS10912,111,198,206,150,296,306
DIATSA_LOCUS10913,0,0,0,0,0,0
DIATSA_LOCUS10914,8,11,11,6,9,10
DIATSA_LOCUS10915,1,1,1,0,0,0
DIATSA_LOCUS10916,0,0,0,0,0,0
DIATSA_LOCUS10917,0,0,0,0,0,0
DIATSA_LOCUS10918,0,1,1,0,0,0
DIATSA_LOCUS10919,0,0,0,0,0,0
DIATSA_LOCUS1092,41,83,85,37,94,98
DIATSA_LOCUS10920,0,0,0,0,0,0
DIATSA_LOCUS10921,147,289,295,119,235,238
DIATSA_LOCUS10922,8,18,18,4,7,7
DIATSA_LOCUS10923,36,74,76,46,83,85
DIATSA_LOCUS10924,224,401,416,97,175,180
DIATSA_LOCUS10925,317,529,556,372,644,667
DIATSA_LOCUS10926,7,13,13,10,25,25
DIATSA_LOCUS10927,1088,2452,2545,1039,2235,2314
DIATSA_LOCUS10928,189,431,453,233,518,540
DIATSA_LOCUS10929,84,190,188,71,177,181
DIATSA_LOCUS1093,103,201,207,74,135,140
DIATSA_LOCUS10930,818,1522,1569,929,1651,1709
DIATSA_LOCUS10931,441,915,967,727,1461,1526
DIATSA_LOCUS10932,274,522,534,341,662,688
DIATSA_LOCUS10933,0,0,0,0,0,0
DIATSA_LOCUS10934,182,360,370,276,548,563
DIATSA_LOCUS10935,22,37,37,20,34,34
DIATSA_LOCUS10936,134,222,234,163,284,298
DIATSA_LOCUS10937,0,0,0,0,0,0
DIATSA_LOCUS10938,52,95,97,32,55,58
DIATSA_LOCUS10939,18,27,29,5,14,16
DIATSA_LOCUS1094,1114,1956,2042,603,1069,1121
DIATSA_LOCUS10940,150,327,342,62,132,133
DIATSA_LOCUS10941,246,472,497,167,293,310
DIATSA_LOCUS10942,78,143,147,63,109,115
DIATSA_LOCUS10943,352,678,715,381,727,763
DIATSA_LOCUS10944,846,1623,1662,479,992,1028
DIATSA_LOCUS10945,49,69,73,59,98,104
DIATSA_LOCUS10946,34,68,71,16,27,29
DIATSA_LOCUS10947,17,26,29,3,5,5
DIATSA_LOCUS10948,25,36,39,35,59,61
DIATSA_LOCUS10949,377,805,836,260,552,570
DIATSA_LOCUS1095,132,304,315,187,371,373
DIATSA_LOCUS10950,6790,11626,12018,4624,8145,8441
DIATSA_LOCUS10951,0,0,0,0,0,0
DIATSA_LOCUS10952,0,0,0,0,1,1
DIATSA_LOCUS10953,0,0,0,0,0,0
DIATSA_LOCUS10954,2,19,20,1,6,6
DIATSA_LOCUS10955,86,149,160,96,177,190
DIATSA_LOCUS10956,64,127,132,41,77,77
DIATSA_LOCUS10957,19,39,43,31,61,61
DIATSA_LOCUS10958,786,1449,1512,1091,2046,2126
DIATSA_LOCUS10959,11,16,16,1,4,4
DIATSA_LOCUS1096,64,110,117,66,131,132
DIATSA_LOCUS10960,238,536,559,311,664,697
DIATSA_LOCUS10961,66,126,131,12,26,28
DIATSA_LOCUS10962,3,9,9,7,12,12
DIATSA_LOCUS10963,1,2,2,0,1,1
DIATSA_LOCUS10964,1,5,5,1,3,3
DIATSA_LOCUS10965,0,1,1,0,0,0
DIATSA_LOCUS10966,20,45,49,28,51,52
DIATSA_LOCUS10967,624,1252,1297,351,671,696
DIATSA_LOCUS10968,0,0,0,0,0,0
DIATSA_LOCUS10969,0,0,0,0,1,1
DIATSA_LOCUS1097,653,1350,1397,690,1237,1296
DIATSA_LOCUS10970,288,632,653,240,547,567
DIATSA_LOCUS10971,0,0,0,0,0,0
DIATSA_LOCUS10972,315,741,911,320,758,921
DIATSA_LOCUS10973,3,3,3,0,0,0
DIATSA_LOCUS10974,40,87,111,39,51,75
DIATSA_LOCUS10975,106,183,202,92,192,194
DIATSA_LOCUS10976,0,0,0,0,0,0
DIATSA_LOCUS10977,4161,6845,7105,5641,8785,9120
DIATSA_LOCUS10978,603,1175,1223,699,1398,1455
DIATSA_LOCUS10979,0,1,1,3,6,6
DIATSA_LOCUS1098,188,336,351,133,252,273
DIATSA_LOCUS10980,3,5,5,1,1,1
DIATSA_LOCUS10981,88,230,236,65,175,179
DIATSA_LOCUS10982,459,899,948,163,332,352
DIATSA_LOCUS10983,296,553,571,199,350,364
DIATSA_LOCUS10984,0,2,2,1,2,2
DIATSA_LOCUS10985,140,272,278,75,146,153
DIATSA_LOCUS10986,98,169,170,24,47,47
DIATSA_LOCUS10987,3,5,5,6,11,13
DIATSA_LOCUS10988,1,8,8,9,15,17
DIATSA_LOCUS10989,27,45,44,31,61,65
DIATSA_LOCUS1099,58,112,118,21,49,52
DIATSA_LOCUS10990,60,126,133,24,50,53
DIATSA_LOCUS10991,91,186,189,71,125,131
DIATSA_LOCUS10992,11,32,33,10,31,37
DIATSA_LOCUS10993,68,126,128,59,113,118
DIATSA_LOCUS10994,0,0,0,0,0,0
DIATSA_LOCUS10995,23,32,34,13,16,17
DIATSA_LOCUS10996,303,651,668,115,242,259
DIATSA_LOCUS10997,83,126,151,21,52,54
DIATSA_LOCUS10998,63,127,134,93,184,193
DIATSA_LOCUS10999,88,226,238,34,70,70
DIATSA_LOCUS11,61,111,114,26,59,61
DIATSA_LOCUS110,0,0,0,0,3,3
DIATSA_LOCUS1100,151,325,343,52,116,121
DIATSA_LOCUS11000,2,5,5,0,0,0
DIATSA_LOCUS11001,0,0,0,0,0,0
DIATSA_LOCUS11002,284,561,576,277,562,578
DIATSA_LOCUS11003,2,3,4,1,2,2
DIATSA_LOCUS11004,3,4,5,0,0,0
DIATSA_LOCUS11005,11,17,18,7,16,16
DIATSA_LOCUS11006,17,37,38,10,17,19
DIATSA_LOCUS11007,0,0,0,0,0,0
DIATSA_LOCUS11008,11,35,35,36,69,72
DIATSA_LOCUS11009,4,12,13,2,3,3
DIATSA_LOCUS1101,30,54,56,34,64,67
DIATSA_LOCUS11010,0,0,0,0,0,0
DIATSA_LOCUS11011,0,0,0,0,0,0
DIATSA_LOCUS11012,0,0,0,0,0,0
DIATSA_LOCUS11013,0,0,0,0,0,0
DIATSA_LOCUS11014,0,0,0,0,0,0
DIATSA_LOCUS11015,0,0,0,0,0,0
DIATSA_LOCUS11016,0,0,0,0,0,0
DIATSA_LOCUS11017,0,0,0,1,1,1
DIATSA_LOCUS11018,20,32,33,10,27,29
DIATSA_LOCUS11019,416,1034,1098,457,1075,1135
DIATSA_LOCUS1102,219,422,437,117,226,236
DIATSA_LOCUS11020,149,307,325,80,183,189
DIATSA_LOCUS11021,15,29,29,2,3,4
DIATSA_LOCUS11022,5,20,21,5,11,14
DIATSA_LOCUS11023,117,220,232,81,150,160
DIATSA_LOCUS11024,334,622,653,312,545,563
DIATSA_LOCUS11025,54,77,79,11,21,22
DIATSA_LOCUS11026,7,11,11,0,0,0
DIATSA_LOCUS11027,0,0,0,0,1,1
DIATSA_LOCUS11028,12,23,25,13,21,23
DIATSA_LOCUS11029,150,340,349,82,158,169
DIATSA_LOCUS1103,1,2,2,0,0,0
DIATSA_LOCUS11030,33,60,59,20,33,35
DIATSA_LOCUS11031,1,1,1,1,1,1
DIATSA_LOCUS11032,44,61,67,69,113,118
DIATSA_LOCUS11033,25,55,56,18,33,33
DIATSA_LOCUS11034,222,432,443,340,638,662
DIATSA_LOCUS11035,0,0,0,0,0,0
DIATSA_LOCUS11036,25,44,47,41,67,84
DIATSA_LOCUS11037,25702,40958,42962,15951,25928,27248
DIATSA_LOCUS11038,0,0,0,0,0,0
DIATSA_LOCUS11039,923,1483,1569,547,818,860
DIATSA_LOCUS1104,1,3,2,2,2,2
DIATSA_LOCUS11040,46,71,77,10,17,17
DIATSA_LOCUS11041,0,0,0,0,0,0
DIATSA_LOCUS11042,0,0,0,0,0,0
DIATSA_LOCUS11043,8,12,12,3,4,4
DIATSA_LOCUS11044,607,939,983,781,1435,1494
DIATSA_LOCUS11045,60,102,105,103,175,179
DIATSA_LOCUS11046,440,889,927,297,642,661
DIATSA_LOCUS11047,352,544,566,208,324,340
DIATSA_LOCUS11048,0,0,0,0,0,0
DIATSA_LOCUS11049,0,1,1,49,78,78
DIATSA_LOCUS1105,316,741,764,157,372,388
DIATSA_LOCUS11050,167,304,314,225,419,440
DIATSA_LOCUS11051,0,0,0,0,0,0
DIATSA_LOCUS11052,849,1656,1763,640,1279,1366
DIATSA_LOCUS11053,0,0,0,0,0,0
DIATSA_LOCUS11054,0,0,0,0,0,0
DIATSA_LOCUS11055,426,888,934,444,842,885
DIATSA_LOCUS11056,62,124,126,65,120,120
DIATSA_LOCUS11057,85,143,148,123,219,230
DIATSA_LOCUS11058,121,220,229,143,220,226
DIATSA_LOCUS11059,53,117,126,64,146,150
DIATSA_LOCUS1106,0,1,1,1,1,1
DIATSA_LOCUS11060,87,213,220,81,199,210
DIATSA_LOCUS11061,265,584,612,268,581,613
DIATSA_LOCUS11062,451,719,747,605,972,1022
DIATSA_LOCUS11063,27,44,45,31,67,73
DIATSA_LOCUS11064,47,78,82,53,112,115
DIATSA_LOCUS11065,1394,2472,2541,1388,2511,2580
DIATSA_LOCUS11066,915,1919,1991,627,1301,1348
DIATSA_LOCUS11067,191,431,445,227,511,529
DIATSA_LOCUS11068,34,69,72,21,45,50
DIATSA_LOCUS11069,5,20,25,9,16,21
DIATSA_LOCUS1107,17,35,36,6,27,27
DIATSA_LOCUS11070,9,31,32,3,7,10
DIATSA_LOCUS11071,11,23,24,6,12,13
DIATSA_LOCUS11072,78,138,145,192,322,336
DIATSA_LOCUS11073,0,2,2,0,2,2
DIATSA_LOCUS11074,2,5,5,1,2,2
DIATSA_LOCUS11075,124,266,277,68,152,165
DIATSA_LOCUS11076,1012,1907,1989,1646,3144,3258
DIATSA_LOCUS11077,72,134,139,84,204,209
DIATSA_LOCUS11078,0,0,0,0,0,0
DIATSA_LOCUS11079,25,61,62,17,33,35
DIATSA_LOCUS1108,14,44,45,12,31,34
DIATSA_LOCUS11080,133,277,291,113,271,281
DIATSA_LOCUS11081,239,517,551,167,300,316
DIATSA_LOCUS11082,66,111,117,25,45,45
DIATSA_LOCUS11083,19,39,39,24,47,50
DIATSA_LOCUS11084,64,113,119,31,54,54
DIATSA_LOCUS11085,37,79,82,43,73,74
DIATSA_LOCUS11086,575,1193,1238,868,1719,1781
DIATSA_LOCUS11087,2,5,5,2,5,5
DIATSA_LOCUS11088,7,15,16,3,9,9
DIATSA_LOCUS11089,403,930,956,298,653,686
DIATSA_LOCUS1109,101,202,206,39,73,79
DIATSA_LOCUS11090,0,0,0,0,0,0
DIATSA_LOCUS11091,0,0,0,0,0,0
DIATSA_LOCUS11092,0,1,2,0,1,1
DIATSA_LOCUS11093,224,422,436,114,196,196
DIATSA_LOCUS11094,95,191,192,78,172,177
DIATSA_LOCUS11095,99,218,224,30,100,102
DIATSA_LOCUS11096,128,243,251,144,320,329
DIATSA_LOCUS11097,416,773,790,506,928,959
DIATSA_LOCUS11098,152,367,372,108,274,286
DIATSA_LOCUS11099,121,270,280,154,331,343
DIATSA_LOCUS111,53,107,111,67,100,104
DIATSA_LOCUS1110,63,127,129,51,115,120
DIATSA_LOCUS11100,0,0,0,0,0,0
DIATSA_LOCUS11101,29,57,59,23,41,41
DIATSA_LOCUS11102,84,135,142,58,105,107
DIATSA_LOCUS11103,396,749,781,317,678,711
DIATSA_LOCUS11104,13,23,23,4,12,12
DIATSA_LOCUS11105,255,594,616,209,509,521
DIATSA_LOCUS11106,0,0,0,0,0,0
DIATSA_LOCUS11107,54,103,108,33,78,81
DIATSA_LOCUS11108,151,330,340,145,302,311
DIATSA_LOCUS11109,16,28,28,22,34,36
DIATSA_LOCUS1111,67,139,142,31,80,82
DIATSA_LOCUS11110,122,271,282,84,166,172
DIATSA_LOCUS11111,76,173,177,36,69,70
DIATSA_LOCUS11112,0,1,1,0,1,1
DIATSA_LOCUS11113,73,161,167,47,105,106
DIATSA_LOCUS11114,101,183,190,96,172,181
DIATSA_LOCUS11115,132,268,283,130,220,226
DIATSA_LOCUS11116,148,317,323,157,341,357
DIATSA_LOCUS11117,143,266,278,130,249,256
DIATSA_LOCUS11118,8,15,15,14,24,25
DIATSA_LOCUS11119,2,6,7,1,3,5
DIATSA_LOCUS1112,82,154,159,73,133,135
DIATSA_LOCUS11120,4,8,8,0,0,0
DIATSA_LOCUS11121,246,512,534,135,272,285
DIATSA_LOCUS11122,19,37,38,13,31,33
DIATSA_LOCUS11123,0,0,0,2,2,2
DIATSA_LOCUS11124,116,236,244,124,271,288
DIATSA_LOCUS11125,57,102,105,16,35,36
DIATSA_LOCUS11126,14,29,29,11,16,17
DIATSA_LOCUS11127,19,39,40,9,22,21
DIATSA_LOCUS11128,82,187,193,29,63,64
DIATSA_LOCUS11129,0,0,0,1,2,2
DIATSA_LOCUS1113,9,21,23,10,17,18
DIATSA_LOCUS11130,350,690,708,204,391,400
DIATSA_LOCUS11131,148,280,296,121,247,257
DIATSA_LOCUS11132,277,492,506,228,387,398
DIATSA_LOCUS11133,3,6,6,1,9,10
DIATSA_LOCUS11134,109,164,168,44,74,75
DIATSA_LOCUS11135,0,0,0,0,0,0
DIATSA_LOCUS11136,0,0,0,0,0,0
DIATSA_LOCUS11137,72,159,164,60,103,105
DIATSA_LOCUS11138,109,217,229,35,73,74
DIATSA_LOCUS11139,40,82,87,24,54,55
DIATSA_LOCUS1114,17,29,29,23,44,47
DIATSA_LOCUS11140,104,177,180,88,143,147
DIATSA_LOCUS11141,146,275,291,82,152,154
DIATSA_LOCUS11142,69,165,169,66,149,156
DIATSA_LOCUS11143,0,0,1,1,1,1
DIATSA_LOCUS11144,39,85,86,40,57,58
DIATSA_LOCUS11145,178,379,391,81,167,174
DIATSA_LOCUS11146,36,71,78,18,35,34
DIATSA_LOCUS11147,0,0,0,1,2,2
DIATSA_LOCUS11148,0,0,0,0,0,0
DIATSA_LOCUS11149,0,3,3,0,1,2
DIATSA_LOCUS1115,181,350,368,103,252,260
DIATSA_LOCUS11150,0,0,0,0,0,0
DIATSA_LOCUS11151,0,1,1,1,1,1
DIATSA_LOCUS11152,5,8,8,4,11,11
DIATSA_LOCUS11153,99,197,209,80,148,158
DIATSA_LOCUS11154,11,18,20,5,6,6
DIATSA_LOCUS11155,17,51,53,20,53,55
DIATSA_LOCUS11156,507,912,947,326,599,613
DIATSA_LOCUS11157,109,279,292,112,270,280
DIATSA_LOCUS11158,93,187,191,33,77,83
DIATSA_LOCUS11159,0,0,0,0,0,0
DIATSA_LOCUS1116,110,208,217,48,115,122
DIATSA_LOCUS11160,72,119,126,108,182,188
DIATSA_LOCUS11161,117,254,265,117,259,269
DIATSA_LOCUS11162,67,131,132,40,76,79
DIATSA_LOCUS11163,48,93,94,55,94,102
DIATSA_LOCUS11164,62,127,131,64,122,126
DIATSA_LOCUS11165,82,203,208,103,239,244
DIATSA_LOCUS11166,107,253,268,76,195,198
DIATSA_LOCUS11167,305,645,682,339,692,725
DIATSA_LOCUS11168,332,781,816,265,653,675
DIATSA_LOCUS11169,0,0,0,0,0,0
DIATSA_LOCUS1117,158,330,336,101,193,202
DIATSA_LOCUS11170,1932,3995,4131,1973,3967,4144
DIATSA_LOCUS11171,537,1351,1392,403,1031,1067
DIATSA_LOCUS11172,569,1384,1448,790,1779,1866
DIATSA_LOCUS11173,34,95,98,31,93,97
DIATSA_LOCUS11174,921,1803,1888,1047,2076,2162
DIATSA_LOCUS11175,111,207,211,84,185,190
DIATSA_LOCUS11176,229,439,450,236,429,442
DIATSA_LOCUS11177,74,141,145,68,155,161
DIATSA_LOCUS11178,12,21,22,5,8,9
DIATSA_LOCUS11179,593,995,1036,503,816,850
DIATSA_LOCUS1118,130,271,283,83,177,189
DIATSA_LOCUS11180,37,63,66,59,91,92
DIATSA_LOCUS11181,364,746,782,260,537,578
DIATSA_LOCUS11182,275,460,481,480,839,871
DIATSA_LOCUS11183,121,221,228,128,209,216
DIATSA_LOCUS11184,27,41,44,6,9,9
DIATSA_LOCUS11185,46,93,97,29,71,72
DIATSA_LOCUS11186,0,0,0,0,0,0
DIATSA_LOCUS11187,11,18,19,7,16,20
DIATSA_LOCUS11188,426,906,958,167,345,356
DIATSA_LOCUS11189,18,44,44,15,33,33
DIATSA_LOCUS1119,19,73,81,32,108,114
DIATSA_LOCUS11190,53,105,108,45,98,99
DIATSA_LOCUS11191,482,893,929,741,1390,1446
DIATSA_LOCUS11192,0,0,0,0,0,0
DIATSA_LOCUS11193,44,107,112,61,133,136
DIATSA_LOCUS11194,293,637,667,364,898,949
DIATSA_LOCUS11195,2,2,2,0,1,1
DIATSA_LOCUS11196,0,0,0,0,0,0
DIATSA_LOCUS11197,582,1189,1225,486,971,1008
DIATSA_LOCUS11198,0,0,0,0,2,2
DIATSA_LOCUS11199,27,62,63,32,55,58
DIATSA_LOCUS112,2,6,6,4,9,9
DIATSA_LOCUS1120,44,93,102,21,50,54
DIATSA_LOCUS11200,1,1,2,1,2,3
DIATSA_LOCUS11201,402,778,803,493,954,992
DIATSA_LOCUS11202,0,0,0,0,0,0
DIATSA_LOCUS11203,15335,31390,32654,17391,36849,38338
DIATSA_LOCUS11204,266,629,649,197,418,435
DIATSA_LOCUS11205,166,367,381,78,153,160
DIATSA_LOCUS11206,71,163,169,93,188,193
DIATSA_LOCUS11207,114,234,239,144,270,276
DIATSA_LOCUS11208,57,147,151,55,128,134
DIATSA_LOCUS11209,83,165,170,46,111,118
DIATSA_LOCUS1121,805,1750,1828,1429,3121,3278
DIATSA_LOCUS11210,21,64,66,28,61,61
DIATSA_LOCUS11211,22,39,41,25,57,58
DIATSA_LOCUS11212,8421,21276,22362,15364,36613,38214
DIATSA_LOCUS11213,0,0,0,0,0,0
DIATSA_LOCUS11214,20,32,31,9,8,9
DIATSA_LOCUS11215,1,6,7,0,2,2
DIATSA_LOCUS11216,300,600,618,190,360,381
DIATSA_LOCUS11217,5,8,9,7,12,12
DIATSA_LOCUS11218,11720,22453,23272,11185,21313,22100
DIATSA_LOCUS11219,0,0,0,0,1,1
DIATSA_LOCUS1122,172,381,403,146,307,315
DIATSA_LOCUS11220,35,70,70,29,63,67
DIATSA_LOCUS11221,1,1,1,1,2,2
DIATSA_LOCUS11222,1,3,5,0,3,3
DIATSA_LOCUS11223,116,208,213,107,188,198
DIATSA_LOCUS11224,43,79,81,41,83,85
DIATSA_LOCUS11225,62,113,119,26,48,50
DIATSA_LOCUS11226,5197,10702,11108,5101,11077,11513
DIATSA_LOCUS11227,500,988,1029,491,1016,1060
DIATSA_LOCUS11228,149,312,325,149,349,361
DIATSA_LOCUS11229,1,1,1,2,3,3
DIATSA_LOCUS1123,2158,3815,3952,1168,2132,2224
DIATSA_LOCUS11230,82,165,174,23,46,50
DIATSA_LOCUS11231,358,627,652,641,1210,1257
DIATSA_LOCUS11232,1003,1538,1587,1230,1841,1932
DIATSA_LOCUS11233,2660,3886,4092,3150,4628,4838
DIATSA_LOCUS11234,848,1889,1957,612,1289,1336
DIATSA_LOCUS11235,20,29,30,30,44,46
DIATSA_LOCUS11236,61,103,106,128,202,209
DIATSA_LOCUS11237,9,14,14,53,90,93
DIATSA_LOCUS11238,18,23,24,52,76,78
DIATSA_LOCUS11239,10,19,19,29,51,51
DIATSA_LOCUS1124,48,96,100,34,96,102
DIATSA_LOCUS11240,1,4,4,7,15,16
DIATSA_LOCUS11241,5,9,9,8,20,22
DIATSA_LOCUS11242,406,603,638,1338,2017,2097
DIATSA_LOCUS11243,58,89,88,90,148,158
DIATSA_LOCUS11244,23,34,36,2,2,2
DIATSA_LOCUS11245,1,2,3,0,0,0
DIATSA_LOCUS11246,13,43,44,0,0,1
DIATSA_LOCUS11247,275,363,371,44,59,63
DIATSA_LOCUS11248,1706,2422,2493,1429,2024,2087
DIATSA_LOCUS11249,0,0,0,0,0,0
DIATSA_LOCUS1125,461,859,879,446,809,837
DIATSA_LOCUS11250,29,38,38,19,34,36
DIATSA_LOCUS11251,179,352,365,270,551,570
DIATSA_LOCUS11252,448,957,1002,392,780,818
DIATSA_LOCUS11253,40,92,92,43,98,101
DIATSA_LOCUS11254,156,377,386,161,325,335
DIATSA_LOCUS11255,2399,3982,4137,2602,4315,4492
DIATSA_LOCUS11256,28,62,64,17,28,30
DIATSA_LOCUS11257,25,54,55,41,77,78
DIATSA_LOCUS11258,1,1,1,0,0,0
DIATSA_LOCUS11259,1,2,2,3,4,5
DIATSA_LOCUS1126,1324,2734,2840,773,1636,1703
DIATSA_LOCUS11260,738,1488,1540,571,1160,1203
DIATSA_LOCUS11261,103,179,188,128,209,214
DIATSA_LOCUS11262,32,74,76,36,73,76
DIATSA_LOCUS11263,205,380,395,219,399,414
DIATSA_LOCUS11264,1715,3178,3336,1919,3878,4070
DIATSA_LOCUS11265,8,18,18,11,16,16
DIATSA_LOCUS11266,16,22,25,11,17,19
DIATSA_LOCUS11267,3,6,7,0,1,1
DIATSA_LOCUS11268,21,56,62,48,112,122
DIATSA_LOCUS11269,3000,5486,5755,2952,5108,5379
DIATSA_LOCUS1127,139,321,336,141,270,280
DIATSA_LOCUS11270,21,39,41,88,145,150
DIATSA_LOCUS11271,0,0,0,0,0,0
DIATSA_LOCUS11272,229,395,409,241,439,449
DIATSA_LOCUS11273,61,133,147,24,47,48
DIATSA_LOCUS11274,119,235,247,86,211,218
DIATSA_LOCUS11275,4,0,0,0,0,0
DIATSA_LOCUS11276,14,26,29,12,26,27
DIATSA_LOCUS11277,423,830,861,431,824,849
DIATSA_LOCUS11278,40,97,99,42,87,91
DIATSA_LOCUS11279,2,4,4,1,1,1
DIATSA_LOCUS1128,135,329,344,65,144,148
DIATSA_LOCUS11280,533,1001,1029,653,1154,1192
DIATSA_LOCUS11281,78,186,199,91,212,222
DIATSA_LOCUS11282,94,165,170,90,182,189
DIATSA_LOCUS11283,836,1682,1732,1103,2252,2332
DIATSA_LOCUS11284,2048,3936,4088,2244,4283,4434
DIATSA_LOCUS11285,499,1116,1162,223,493,508
DIATSA_LOCUS11286,111,226,233,156,326,335
DIATSA_LOCUS11287,449,901,946,485,1022,1053
DIATSA_LOCUS11288,133,285,295,73,176,180
DIATSA_LOCUS11289,74,165,166,71,153,158
DIATSA_LOCUS1129,91,209,217,64,138,143
DIATSA_LOCUS11290,22,59,60,7,21,21
DIATSA_LOCUS11291,62,108,111,32,62,65
DIATSA_LOCUS11292,174,417,423,178,405,430
DIATSA_LOCUS11293,18,33,32,14,21,22
DIATSA_LOCUS11294,14,27,28,9,14,16
DIATSA_LOCUS11295,0,0,0,0,0,0
DIATSA_LOCUS11296,130,248,253,111,232,240
DIATSA_LOCUS11297,229,452,471,184,377,383
DIATSA_LOCUS11298,97,225,228,89,231,234
DIATSA_LOCUS11299,169,383,397,121,225,226
DIATSA_LOCUS113,23,40,42,9,24,24
DIATSA_LOCUS1130,167,408,429,165,344,361
DIATSA_LOCUS11300,90,173,183,38,89,99
DIATSA_LOCUS11301,61,139,149,70,138,145
DIATSA_LOCUS11302,958,1956,2040,621,1312,1364
DIATSA_LOCUS11303,50,131,135,53,137,138
DIATSA_LOCUS11304,0,1,1,2,3,3
DIATSA_LOCUS11305,43,80,82,31,50,50
DIATSA_LOCUS11306,1,5,5,7,10,12
DIATSA_LOCUS11307,0,0,0,0,0,0
DIATSA_LOCUS11308,0,0,0,0,0,0
DIATSA_LOCUS11309,8,17,18,19,27,30
DIATSA_LOCUS1131,1,1,1,4,7,7
DIATSA_LOCUS11310,152,288,305,148,289,302
DIATSA_LOCUS11311,263,466,477,139,280,289
DIATSA_LOCUS11312,74,140,143,14,46,47
DIATSA_LOCUS11313,148,281,292,132,249,257
DIATSA_LOCUS11314,1,2,2,2,5,5
DIATSA_LOCUS11315,0,0,0,0,0,0
DIATSA_LOCUS11316,8,12,14,0,3,3
DIATSA_LOCUS11317,391,838,878,259,545,566
DIATSA_LOCUS11318,270,586,603,289,579,605
DIATSA_LOCUS11319,1,5,7,0,4,5
DIATSA_LOCUS1132,6,14,15,6,8,9
DIATSA_LOCUS11320,51,97,102,21,40,41
DIATSA_LOCUS11321,28,68,74,27,75,75
DIATSA_LOCUS11322,130,283,292,85,167,171
DIATSA_LOCUS11323,20,46,48,3,18,18
DIATSA_LOCUS11324,160,316,327,171,301,313
DIATSA_LOCUS11325,22,45,45,6,11,11
DIATSA_LOCUS11326,628,1224,1281,468,901,933
DIATSA_LOCUS11327,124,270,278,94,211,223
DIATSA_LOCUS11328,63,122,125,38,92,92
DIATSA_LOCUS11329,54,114,123,26,65,71
DIATSA_LOCUS1133,2,1,1,1,2,2
DIATSA_LOCUS11330,644,1186,1214,562,1059,1110
DIATSA_LOCUS11331,83,154,166,18,46,46
DIATSA_LOCUS11332,63,122,128,23,49,52
DIATSA_LOCUS11333,187,397,409,219,460,486
DIATSA_LOCUS11334,81,164,172,55,97,102
DIATSA_LOCUS11335,10,17,18,5,5,6
DIATSA_LOCUS11336,85,203,205,77,158,165
DIATSA_LOCUS11337,2,3,3,0,0,0
DIATSA_LOCUS11338,149,277,284,57,125,128
DIATSA_LOCUS11339,1,0,0,0,0,0
DIATSA_LOCUS1134,22,42,42,22,42,45
DIATSA_LOCUS11340,0,0,0,1,3,4
DIATSA_LOCUS11341,77,188,198,72,156,161
DIATSA_LOCUS11342,236,450,464,130,260,263
DIATSA_LOCUS11343,11,28,31,15,38,37
DIATSA_LOCUS11344,150,305,313,69,141,148
DIATSA_LOCUS11345,381,702,729,166,313,334
DIATSA_LOCUS11346,256,483,499,153,329,340
DIATSA_LOCUS11347,2,2,2,2,2,2
DIATSA_LOCUS11348,1242,2387,2480,1051,2172,2245
DIATSA_LOCUS11349,402,782,816,343,745,777
DIATSA_LOCUS1135,577,1213,1249,263,502,520
DIATSA_LOCUS11350,46,89,90,38,82,83
DIATSA_LOCUS11351,117,212,220,134,269,274
DIATSA_LOCUS11352,534,1270,1306,784,1707,1772
DIATSA_LOCUS11353,370,702,720,371,764,798
DIATSA_LOCUS11354,57,95,100,33,56,58
DIATSA_LOCUS11355,72,147,148,33,83,87
DIATSA_LOCUS11356,16,31,35,25,44,47
DIATSA_LOCUS11357,112,212,223,129,250,254
DIATSA_LOCUS11358,156,326,338,158,361,374
DIATSA_LOCUS11359,288,521,541,179,361,379
DIATSA_LOCUS1136,214,378,395,161,267,281
DIATSA_LOCUS11360,334,739,762,364,855,902
DIATSA_LOCUS11361,74,135,139,58,105,109
DIATSA_LOCUS11362,123,235,245,137,261,273
DIATSA_LOCUS11363,8,21,22,12,28,28
DIATSA_LOCUS11364,0,0,0,0,0,0
DIATSA_LOCUS11365,162,346,361,87,165,173
DIATSA_LOCUS11366,242,442,461,270,541,561
DIATSA_LOCUS11367,17,26,29,8,19,21
DIATSA_LOCUS11368,0,2,2,0,0,0
DIATSA_LOCUS11369,308,481,499,128,237,246
DIATSA_LOCUS1137,1,8,11,2,3,3
DIATSA_LOCUS11370,251,501,520,188,360,373
DIATSA_LOCUS11371,95,166,167,51,91,94
DIATSA_LOCUS11372,52,128,132,44,110,114
DIATSA_LOCUS11373,1,1,2,3,4,5
DIATSA_LOCUS11374,15,27,27,9,14,14
DIATSA_LOCUS11375,35,109,118,35,91,94
DIATSA_LOCUS11376,1,2,2,1,1,1
DIATSA_LOCUS11377,70,157,157,16,34,35
DIATSA_LOCUS11378,165,347,350,95,183,189
DIATSA_LOCUS11379,247,547,567,262,612,632
DIATSA_LOCUS1138,513,993,1038,205,410,417
DIATSA_LOCUS11380,51,78,82,20,30,32
DIATSA_LOCUS11381,12,19,21,3,11,11
DIATSA_LOCUS11382,2,2,2,0,0,0
DIATSA_LOCUS11383,1,1,1,0,0,0
DIATSA_LOCUS11384,137,282,301,153,284,293
DIATSA_LOCUS11385,83,171,173,25,74,76
DIATSA_LOCUS11386,13,22,24,7,14,15
DIATSA_LOCUS11387,423,770,796,368,717,741
DIATSA_LOCUS11388,5,9,10,4,10,10
DIATSA_LOCUS11389,588,1087,1126,686,1219,1259
DIATSA_LOCUS1139,334,645,675,302,600,628
DIATSA_LOCUS11390,34,73,75,28,57,59
DIATSA_LOCUS11391,0,1,0,0,0,0
DIATSA_LOCUS11392,87,170,176,40,65,65
DIATSA_LOCUS11393,24,51,58,34,60,65
DIATSA_LOCUS11394,21,39,39,31,60,61
DIATSA_LOCUS11395,8179,13838,14344,7855,13342,13826
DIATSA_LOCUS11396,231,439,457,91,188,196
DIATSA_LOCUS11397,8,14,16,13,15,16
DIATSA_LOCUS11398,168,375,386,140,300,314
DIATSA_LOCUS11399,87,177,183,108,247,261
DIATSA_LOCUS114,164,288,293,213,415,422
DIATSA_LOCUS1140,151,380,386,157,379,395
DIATSA_LOCUS11400,73,140,152,34,63,69
DIATSA_LOCUS11401,35,76,76,25,44,47
DIATSA_LOCUS11402,0,0,0,0,0,0
DIATSA_LOCUS11403,177,389,405,46,92,96
DIATSA_LOCUS11404,51,148,163,15,36,36
DIATSA_LOCUS11405,5,9,9,6,13,13
DIATSA_LOCUS11406,59,188,192,95,204,211
DIATSA_LOCUS11407,0,0,0,0,0,0
DIATSA_LOCUS11408,4,9,11,8,12,14
DIATSA_LOCUS11409,0,0,0,0,0,0
DIATSA_LOCUS1141,304,643,679,227,422,436
DIATSA_LOCUS11410,0,0,0,0,0,0
DIATSA_LOCUS11411,0,1,1,0,0,0
DIATSA_LOCUS11412,0,1,1,0,0,0
DIATSA_LOCUS11413,0,0,0,0,0,0
DIATSA_LOCUS11414,0,0,0,0,0,0
DIATSA_LOCUS11415,210,486,506,150,314,325
DIATSA_LOCUS11416,1,1,1,1,3,4
DIATSA_LOCUS11417,1155,2103,2191,984,1887,1949
DIATSA_LOCUS11418,931,1757,1823,664,1227,1280
DIATSA_LOCUS11419,238,512,529,70,159,167
DIATSA_LOCUS1142,0,1,1,0,0,0
DIATSA_LOCUS11420,382,835,879,160,362,382
DIATSA_LOCUS11421,3,22,22,3,7,7
DIATSA_LOCUS11422,0,0,0,0,0,0
DIATSA_LOCUS11423,360,733,773,184,335,350
DIATSA_LOCUS11424,119,218,226,61,102,105
DIATSA_LOCUS11425,30,74,77,24,47,47
DIATSA_LOCUS11426,102,189,191,20,47,50
DIATSA_LOCUS11427,56,96,102,32,49,51
DIATSA_LOCUS11428,94,155,161,55,112,118
DIATSA_LOCUS11429,153,288,297,89,188,195
DIATSA_LOCUS1143,252,446,463,129,241,248
DIATSA_LOCUS11430,38,72,73,42,81,81
DIATSA_LOCUS11431,58,120,122,50,98,102
DIATSA_LOCUS11432,381,805,840,206,417,440
DIATSA_LOCUS11433,10,29,33,14,28,31
DIATSA_LOCUS11434,13,27,29,12,22,24
DIATSA_LOCUS11435,774,1470,1519,674,1336,1394
DIATSA_LOCUS11436,16,36,36,8,14,14
DIATSA_LOCUS11437,7,13,15,3,11,11
DIATSA_LOCUS11438,8154,19231,19909,13169,27488,28474
DIATSA_LOCUS11439,75,138,147,93,176,185
DIATSA_LOCUS1144,117,223,234,65,134,133
DIATSA_LOCUS11440,2945,6264,6540,3666,7947,8290
DIATSA_LOCUS11441,113,214,225,85,205,216
DIATSA_LOCUS11442,0,0,0,0,0,0
DIATSA_LOCUS11443,62,147,154,64,129,137
DIATSA_LOCUS11444,0,0,0,0,0,0
DIATSA_LOCUS11445,0,0,0,0,0,0
DIATSA_LOCUS11446,346,664,687,310,559,575
DIATSA_LOCUS11447,592,1314,1365,987,2192,2268
DIATSA_LOCUS11448,0,0,0,0,0,0
DIATSA_LOCUS11449,627,1221,1266,575,1034,1072
DIATSA_LOCUS1145,187,395,408,222,494,518
DIATSA_LOCUS11450,25,62,66,30,68,72
DIATSA_LOCUS11451,58,102,105,32,67,68
DIATSA_LOCUS11452,83,147,150,55,102,110
DIATSA_LOCUS11453,13,20,20,10,14,14
DIATSA_LOCUS11454,38,84,85,16,24,31
DIATSA_LOCUS11455,80,210,221,75,152,158
DIATSA_LOCUS11456,79,162,167,89,167,173
DIATSA_LOCUS11457,87,169,172,98,189,198
DIATSA_LOCUS11458,1012,2135,2224,1013,2387,2485
DIATSA_LOCUS11459,10574,18818,19423,13441,23038,23847
DIATSA_LOCUS1146,0,2,2,0,1,1
DIATSA_LOCUS11460,1,1,1,0,0,0
DIATSA_LOCUS11461,1,1,1,0,1,1
DIATSA_LOCUS11462,83,171,178,74,151,155
DIATSA_LOCUS11463,37,91,93,27,73,75
DIATSA_LOCUS11464,9,19,19,0,5,5
DIATSA_LOCUS11465,8,19,21,1,9,10
DIATSA_LOCUS11466,0,0,0,2,2,2
DIATSA_LOCUS11467,0,0,0,0,0,0
DIATSA_LOCUS11468,1,1,1,0,0,0
DIATSA_LOCUS11469,0,0,0,0,0,0
DIATSA_LOCUS1147,548,943,984,898,1618,1684
DIATSA_LOCUS11470,38,95,100,38,79,83
DIATSA_LOCUS11471,46,98,100,25,54,54
DIATSA_LOCUS11472,0,0,0,1,1,1
DIATSA_LOCUS11473,0,0,0,0,0,0
DIATSA_LOCUS11474,0,0,0,0,0,0
DIATSA_LOCUS11475,1,1,2,0,0,0
DIATSA_LOCUS11476,1,1,1,0,0,0
DIATSA_LOCUS11477,1,3,3,0,1,1
DIATSA_LOCUS11478,12,31,29,10,18,20
DIATSA_LOCUS11479,107,196,205,68,127,136
DIATSA_LOCUS1148,266,574,597,341,822,864
DIATSA_LOCUS11480,58,96,100,40,71,74
DIATSA_LOCUS11481,40,74,74,20,33,35
DIATSA_LOCUS11482,4,7,7,4,5,5
DIATSA_LOCUS11483,317,561,589,185,369,391
DIATSA_LOCUS11484,1211,2099,2167,1361,2358,2449
DIATSA_LOCUS11485,24,46,47,23,37,37
DIATSA_LOCUS11486,135,254,261,148,300,314
DIATSA_LOCUS11487,19,36,37,4,13,14
DIATSA_LOCUS11488,0,1,1,1,1,1
DIATSA_LOCUS11489,37,77,80,31,66,66
DIATSA_LOCUS1149,159,280,292,61,120,119
DIATSA_LOCUS11490,0,0,0,2,6,8
DIATSA_LOCUS11491,1,2,2,4,5,6
DIATSA_LOCUS11492,22,34,35,12,25,25
DIATSA_LOCUS11493,6,9,10,3,5,5
DIATSA_LOCUS11494,15,27,28,5,6,7
DIATSA_LOCUS11495,747,1749,1814,644,1604,1696
DIATSA_LOCUS11496,11,23,24,18,35,36
DIATSA_LOCUS11497,106,203,215,83,140,145
DIATSA_LOCUS11498,1173,2529,2626,1456,3082,3195
DIATSA_LOCUS11499,124,238,246,146,266,274
DIATSA_LOCUS115,251,530,555,122,266,274
DIATSA_LOCUS1150,63,121,127,69,133,135
DIATSA_LOCUS11500,49,87,92,59,116,119
DIATSA_LOCUS11501,231,474,485,237,523,538
DIATSA_LOCUS11502,150,300,305,139,288,306
DIATSA_LOCUS11503,163,313,323,185,372,383
DIATSA_LOCUS11504,71,129,137,55,96,100
DIATSA_LOCUS11505,58,106,105,55,137,139
DIATSA_LOCUS11506,29,52,54,33,58,60
DIATSA_LOCUS11507,0,0,0,0,2,2
DIATSA_LOCUS11508,110,225,234,36,79,84
DIATSA_LOCUS11509,20,39,41,18,32,33
DIATSA_LOCUS1151,212,519,539,165,386,401
DIATSA_LOCUS11510,126,258,272,36,76,79
DIATSA_LOCUS11511,25,50,50,10,23,24
DIATSA_LOCUS11512,0,0,0,1,0,1
DIATSA_LOCUS11513,340,675,699,351,735,770
DIATSA_LOCUS11514,0,0,0,0,0,0
DIATSA_LOCUS11515,0,1,7,0,0,2
DIATSA_LOCUS11516,21,34,34,24,49,53
DIATSA_LOCUS11517,257,455,480,130,228,246
DIATSA_LOCUS11518,13,16,16,142,205,211
DIATSA_LOCUS11519,0,0,0,0,0,0
DIATSA_LOCUS1152,250,515,533,263,472,494
DIATSA_LOCUS11520,0,0,0,0,0,0
DIATSA_LOCUS11521,43,97,107,59,141,147
DIATSA_LOCUS11522,6176,10488,10609,6986,12270,12546
DIATSA_LOCUS11523,0,0,0,0,0,2
DIATSA_LOCUS11524,2,5,5,2,9,10
DIATSA_LOCUS11525,2,3,3,1,1,2
DIATSA_LOCUS11526,2,7,8,0,0,1
DIATSA_LOCUS11527,1,1,1,1,4,4
DIATSA_LOCUS11528,72,104,104,15,34,33
DIATSA_LOCUS11529,38,77,80,39,78,78
DIATSA_LOCUS1153,3,11,11,5,11,12
DIATSA_LOCUS11530,124,250,260,49,101,106
DIATSA_LOCUS11531,20,39,40,23,41,40
DIATSA_LOCUS11532,274,606,629,217,485,517
DIATSA_LOCUS11533,5112,9326,9689,5967,10772,11184
DIATSA_LOCUS11534,94,178,182,44,71,74
DIATSA_LOCUS11535,543,1149,1194,491,975,1022
DIATSA_LOCUS11536,103,196,205,100,182,195
DIATSA_LOCUS11537,148,251,264,47,106,107
DIATSA_LOCUS11538,516,976,1015,457,922,978
DIATSA_LOCUS11539,2,7,8,4,10,10
DIATSA_LOCUS1154,114,200,203,107,211,220
DIATSA_LOCUS11540,200,343,354,109,179,185
DIATSA_LOCUS11541,1025,2239,2340,393,842,869
DIATSA_LOCUS11542,0,0,0,0,0,0
DIATSA_LOCUS11543,254,464,479,275,536,555
DIATSA_LOCUS11544,93,177,178,67,133,135
DIATSA_LOCUS11545,27,61,63,29,65,68
DIATSA_LOCUS11546,0,3,3,2,3,5
DIATSA_LOCUS11547,79,128,132,32,59,62
DIATSA_LOCUS11548,90,183,190,33,58,61
DIATSA_LOCUS11549,472,895,936,255,557,571
DIATSA_LOCUS1155,159,384,394,194,441,461
DIATSA_LOCUS11550,166,265,277,88,135,142
DIATSA_LOCUS11551,281,420,427,202,334,352
DIATSA_LOCUS11552,3,6,6,4,7,7
DIATSA_LOCUS11553,8,22,22,1,7,8
DIATSA_LOCUS11554,202,382,403,72,138,146
DIATSA_LOCUS11555,0,0,0,0,0,0
DIATSA_LOCUS11556,2,3,4,1,2,2
DIATSA_LOCUS11557,281,565,572,277,522,532
DIATSA_LOCUS11558,0,1,1,1,2,3
DIATSA_LOCUS11559,165,399,425,109,304,326
DIATSA_LOCUS1156,605,1313,1369,534,1109,1138
DIATSA_LOCUS11560,0,0,0,0,0,0
DIATSA_LOCUS11561,109,204,216,95,169,173
DIATSA_LOCUS11562,270,530,557,179,343,348
DIATSA_LOCUS11563,51,116,119,71,161,170
DIATSA_LOCUS11564,29,91,93,27,94,98
DIATSA_LOCUS11565,299,501,517,411,668,699
DIATSA_LOCUS11566,0,0,0,0,0,0
DIATSA_LOCUS11567,0,0,0,0,0,0
DIATSA_LOCUS11568,2,6,6,8,10,10
DIATSA_LOCUS11569,21,41,42,7,18,18
DIATSA_LOCUS1157,1174,2068,2119,687,1230,1270
DIATSA_LOCUS11570,81,146,162,50,103,128
DIATSA_LOCUS11571,125,192,200,68,118,123
DIATSA_LOCUS11572,3,5,5,3,6,6
DIATSA_LOCUS11573,3,5,5,4,4,4
DIATSA_LOCUS11574,0,0,0,0,0,0
DIATSA_LOCUS11575,0,1,1,0,0,0
DIATSA_LOCUS11576,0,0,0,0,0,0
DIATSA_LOCUS11577,0,0,1,0,0,0
DIATSA_LOCUS11578,0,0,0,0,0,0
DIATSA_LOCUS11579,6,11,13,7,20,21
DIATSA_LOCUS1158,557,1216,1263,539,1087,1124
DIATSA_LOCUS11580,0,0,0,0,0,0
DIATSA_LOCUS11581,0,0,0,0,0,0
DIATSA_LOCUS11582,0,0,0,0,0,0
DIATSA_LOCUS11583,72,125,131,66,115,122
DIATSA_LOCUS11584,0,0,0,0,0,0
DIATSA_LOCUS11585,1,5,5,1,2,2
DIATSA_LOCUS11586,0,0,0,0,0,0
DIATSA_LOCUS11587,0,0,0,0,0,0
DIATSA_LOCUS11588,0,0,0,0,0,0
DIATSA_LOCUS11589,0,0,0,0,0,0
DIATSA_LOCUS1159,56,110,114,74,147,152
DIATSA_LOCUS11590,0,0,0,0,0,0
DIATSA_LOCUS11591,1,1,1,0,0,0
DIATSA_LOCUS11592,0,0,1,0,0,2
DIATSA_LOCUS11593,0,0,0,0,0,0
DIATSA_LOCUS11594,0,0,0,0,0,0
DIATSA_LOCUS11595,0,0,0,1,1,1
DIATSA_LOCUS11596,0,0,0,0,0,0
DIATSA_LOCUS11597,0,0,0,0,3,3
DIATSA_LOCUS11598,0,0,0,0,1,1
DIATSA_LOCUS11599,0,1,1,0,0,0
DIATSA_LOCUS116,59,116,114,39,87,90
DIATSA_LOCUS1160,633,1132,1176,635,1103,1152
DIATSA_LOCUS11600,0,0,0,0,0,0
DIATSA_LOCUS11601,0,0,0,1,0,0
DIATSA_LOCUS11602,0,0,0,0,0,0
DIATSA_LOCUS11603,1,1,1,0,0,0
DIATSA_LOCUS11604,137,289,300,67,131,135
DIATSA_LOCUS11605,65,93,96,53,111,116
DIATSA_LOCUS11606,0,0,0,0,1,2
DIATSA_LOCUS11607,1,1,1,1,2,2
DIATSA_LOCUS11608,0,0,0,0,0,0
DIATSA_LOCUS11609,2,3,3,1,2,2
DIATSA_LOCUS1161,3,5,5,3,3,3
DIATSA_LOCUS11610,3,4,4,0,2,2
DIATSA_LOCUS11611,74,99,101,65,102,109
DIATSA_LOCUS11612,2,4,4,0,0,0
DIATSA_LOCUS11613,38,59,61,20,30,33
DIATSA_LOCUS11614,1,4,4,1,1,1
DIATSA_LOCUS11615,1,2,2,0,1,1
DIATSA_LOCUS11616,3,5,5,4,7,8
DIATSA_LOCUS11617,27,77,78,32,79,83
DIATSA_LOCUS11618,43,70,75,14,21,22
DIATSA_LOCUS11619,11,16,16,3,7,7
DIATSA_LOCUS1162,3,8,8,3,3,3
DIATSA_LOCUS11620,472,1063,1092,565,1164,1205
DIATSA_LOCUS11621,48,96,98,36,86,89
DIATSA_LOCUS11622,0,0,0,0,0,0
DIATSA_LOCUS11623,9,18,18,2,5,5
DIATSA_LOCUS11624,448,783,815,485,871,914
DIATSA_LOCUS11625,76,147,151,59,136,138
DIATSA_LOCUS11626,20,56,58,9,20,20
DIATSA_LOCUS11627,3121,5785,5995,3036,5823,6010
DIATSA_LOCUS11628,24,58,61,19,62,62
DIATSA_LOCUS11629,13,32,34,2,2,2
DIATSA_LOCUS1163,11,17,17,2,6,6
DIATSA_LOCUS11630,0,0,0,1,1,1
DIATSA_LOCUS11631,1,8,7,7,7,9
DIATSA_LOCUS11632,0,0,0,0,1,1
DIATSA_LOCUS11633,156,270,280,61,128,132
DIATSA_LOCUS11634,8,19,20,6,10,10
DIATSA_LOCUS11635,0,0,0,0,0,0
DIATSA_LOCUS11636,126,304,311,110,256,270
DIATSA_LOCUS11637,0,0,0,1,2,3
DIATSA_LOCUS11638,0,0,0,0,0,0
DIATSA_LOCUS11639,77,125,126,28,75,74
DIATSA_LOCUS1164,100,200,207,53,108,108
DIATSA_LOCUS11640,1,1,1,0,0,0
DIATSA_LOCUS11641,12,21,22,3,4,4
DIATSA_LOCUS11642,130,202,207,61,110,113
DIATSA_LOCUS11643,1,1,2,0,3,3
DIATSA_LOCUS11644,34,85,87,53,105,109
DIATSA_LOCUS11645,194,372,385,265,474,492
DIATSA_LOCUS11646,5335,9243,9638,4593,8312,8677
DIATSA_LOCUS11647,0,0,0,0,2,2
DIATSA_LOCUS11648,9,13,14,5,8,8
DIATSA_LOCUS11649,69,124,128,92,155,165
DIATSA_LOCUS1165,23,55,53,17,39,38
DIATSA_LOCUS11650,3,9,10,4,7,7
DIATSA_LOCUS11651,33,69,68,5,13,14
DIATSA_LOCUS11652,30,50,52,5,24,24
DIATSA_LOCUS11653,177,384,401,173,382,393
DIATSA_LOCUS11654,5,5,6,1,2,2
DIATSA_LOCUS11655,58,122,128,33,87,87
DIATSA_LOCUS11656,41,93,99,29,74,78
DIATSA_LOCUS11657,5,13,14,8,8,9
DIATSA_LOCUS11658,15,34,35,8,25,26
DIATSA_LOCUS11659,146,247,264,53,102,103
DIATSA_LOCUS1166,0,0,0,0,0,0
DIATSA_LOCUS11660,3565,7462,7726,3448,6794,7064
DIATSA_LOCUS11661,39,73,77,11,23,23
DIATSA_LOCUS11662,3,11,12,5,7,7
DIATSA_LOCUS11663,3,4,6,6,14,14
DIATSA_LOCUS11664,218,421,437,165,345,356
DIATSA_LOCUS11665,93,200,210,63,138,140
DIATSA_LOCUS11666,29,62,62,4,7,8
DIATSA_LOCUS11667,2,14,15,0,9,9
DIATSA_LOCUS11668,10,16,16,0,3,3
DIATSA_LOCUS11669,19,31,34,6,10,10
DIATSA_LOCUS1167,0,0,0,0,0,0
DIATSA_LOCUS11670,2,3,3,2,6,6
DIATSA_LOCUS11671,1,5,5,0,0,0
DIATSA_LOCUS11672,1,7,9,3,6,6
DIATSA_LOCUS11673,2078,3794,3928,716,1341,1393
DIATSA_LOCUS11674,12,23,24,12,18,18
DIATSA_LOCUS11675,0,0,0,1,3,3
DIATSA_LOCUS11676,0,0,0,0,0,0
DIATSA_LOCUS11677,113,187,188,89,153,156
DIATSA_LOCUS11678,12,29,31,16,25,28
DIATSA_LOCUS11679,5,7,7,7,15,15
DIATSA_LOCUS1168,4,4,4,2,2,2
DIATSA_LOCUS11680,767,1581,1658,890,1860,1938
DIATSA_LOCUS11681,20,38,37,19,39,39
DIATSA_LOCUS11682,513,1090,1144,382,824,860
DIATSA_LOCUS11683,3,8,8,0,0,0
DIATSA_LOCUS11684,0,0,0,0,0,0
DIATSA_LOCUS11685,0,2,2,0,1,1
DIATSA_LOCUS11686,100,195,205,83,156,158
DIATSA_LOCUS11687,65,107,111,37,72,74
DIATSA_LOCUS11688,3021,5727,5918,4691,9113,9444
DIATSA_LOCUS11689,2925,5054,5377,5492,9851,10315
DIATSA_LOCUS1169,311,566,586,79,158,171
DIATSA_LOCUS11690,199,379,396,275,560,574
DIATSA_LOCUS11691,5,6,6,1,6,6
DIATSA_LOCUS11692,7,8,7,3,5,5
DIATSA_LOCUS11693,0,1,1,0,0,0
DIATSA_LOCUS11694,1047,1925,1999,1051,1950,2035
DIATSA_LOCUS11695,39,73,73,43,84,86
DIATSA_LOCUS11696,27,60,63,22,41,41
DIATSA_LOCUS11697,2,4,4,0,0,0
DIATSA_LOCUS11698,697,1269,1327,631,1118,1167
DIATSA_LOCUS11699,68,151,159,40,87,88
DIATSA_LOCUS117,7,11,12,4,7,8
DIATSA_LOCUS1170,1,6,6,2,6,7
DIATSA_LOCUS11700,57,123,129,28,52,56
DIATSA_LOCUS11701,237,427,441,202,394,411
DIATSA_LOCUS11702,49,104,117,41,85,89
DIATSA_LOCUS11703,12,25,25,11,22,22
DIATSA_LOCUS11704,79,171,181,69,154,155
DIATSA_LOCUS11705,9466,21615,22401,14066,31169,32709
DIATSA_LOCUS11706,1269,2094,2181,1964,3338,3447
DIATSA_LOCUS11707,37,70,74,33,63,66
DIATSA_LOCUS11708,151,316,325,180,419,428
DIATSA_LOCUS11709,0,0,0,0,0,0
DIATSA_LOCUS1171,580,1032,1085,344,607,646
DIATSA_LOCUS11710,180,327,339,157,339,344
DIATSA_LOCUS11711,79,137,140,57,98,104
DIATSA_LOCUS11712,45,111,116,24,45,46
DIATSA_LOCUS11713,1,4,4,0,0,0
DIATSA_LOCUS11714,7,13,13,5,5,5
DIATSA_LOCUS11715,4,12,12,5,8,10
DIATSA_LOCUS11716,28,41,44,14,30,30
DIATSA_LOCUS11717,14,33,35,5,8,9
DIATSA_LOCUS11718,7,10,10,2,2,3
DIATSA_LOCUS11719,89,187,200,87,166,170
DIATSA_LOCUS1172,5,8,8,3,8,8
DIATSA_LOCUS11720,2,3,3,3,5,5
DIATSA_LOCUS11721,0,0,0,0,0,0
DIATSA_LOCUS11722,0,0,0,0,0,0
DIATSA_LOCUS11723,10,26,27,12,22,24
DIATSA_LOCUS11724,147,363,374,169,423,441
DIATSA_LOCUS11725,1,5,9,1,2,2
DIATSA_LOCUS11726,77,217,224,103,243,250
DIATSA_LOCUS11727,45,76,80,25,53,53
DIATSA_LOCUS11728,0,0,0,0,0,0
DIATSA_LOCUS11729,43,81,83,11,32,32
DIATSA_LOCUS1173,0,1,1,0,0,0
DIATSA_LOCUS11730,138,278,296,75,142,146
DIATSA_LOCUS11731,1491,2617,2712,1565,2904,2999
DIATSA_LOCUS11732,18,35,38,27,59,61
DIATSA_LOCUS11733,1103,1765,1814,1076,1746,1810
DIATSA_LOCUS11734,155,332,345,170,361,374
DIATSA_LOCUS11735,618,1210,1259,667,1411,1461
DIATSA_LOCUS11736,687,1644,1709,690,1564,1623
DIATSA_LOCUS11737,0,0,0,1,1,1
DIATSA_LOCUS11738,3,3,3,1,5,6
DIATSA_LOCUS11739,121,226,237,78,142,146
DIATSA_LOCUS1174,1603,3312,3445,1691,3318,3435
DIATSA_LOCUS11740,0,0,0,0,0,0
DIATSA_LOCUS11741,72,153,159,43,109,111
DIATSA_LOCUS11742,66,101,107,42,76,78
DIATSA_LOCUS11743,212,412,430,56,104,106
DIATSA_LOCUS11744,77,140,142,43,76,79
DIATSA_LOCUS11745,95,172,181,14,31,33
DIATSA_LOCUS11746,65,130,136,35,78,80
DIATSA_LOCUS11747,57,111,116,25,58,61
DIATSA_LOCUS11748,0,2,2,1,2,2
DIATSA_LOCUS11749,6,11,12,3,9,9
DIATSA_LOCUS1175,468,836,866,224,397,412
DIATSA_LOCUS11750,108,197,206,50,78,79
DIATSA_LOCUS11751,1,4,4,0,1,1
DIATSA_LOCUS11752,34,65,67,8,19,19
DIATSA_LOCUS11753,4,12,12,4,9,9
DIATSA_LOCUS11754,0,1,1,3,7,7
DIATSA_LOCUS11755,53,113,117,56,121,126
DIATSA_LOCUS11756,1028,1949,2027,608,1257,1311
DIATSA_LOCUS11757,25,57,57,23,41,43
DIATSA_LOCUS11758,3,27,27,1,4,4
DIATSA_LOCUS11759,47,102,104,21,47,49
DIATSA_LOCUS1176,27,41,42,14,26,26
DIATSA_LOCUS11760,40,85,85,28,65,68
DIATSA_LOCUS11761,32,57,59,14,20,21
DIATSA_LOCUS11762,199,444,455,108,246,258
DIATSA_LOCUS11763,227,665,685,189,554,576
DIATSA_LOCUS11764,1,1,1,4,5,5
DIATSA_LOCUS11765,200,414,428,69,161,166
DIATSA_LOCUS11766,27,58,59,10,22,22
DIATSA_LOCUS11767,0,0,0,0,0,0
DIATSA_LOCUS11768,25,41,41,14,20,21
DIATSA_LOCUS11769,24,50,50,16,37,41
DIATSA_LOCUS1177,87,166,176,81,155,160
DIATSA_LOCUS11770,0,0,0,0,0,0
DIATSA_LOCUS11771,45,84,84,31,69,74
DIATSA_LOCUS11772,1,1,1,1,4,4
DIATSA_LOCUS11773,2,3,3,0,0,0
DIATSA_LOCUS11774,99,237,241,51,118,125
DIATSA_LOCUS11775,390,839,872,219,524,541
DIATSA_LOCUS11776,258,489,509,382,758,783
DIATSA_LOCUS11777,42,60,63,23,48,48
DIATSA_LOCUS11778,15,39,40,8,17,17
DIATSA_LOCUS11779,207,359,379,41,99,100
DIATSA_LOCUS1178,150,327,335,174,309,326
DIATSA_LOCUS11780,0,0,0,0,0,0
DIATSA_LOCUS11781,134,278,292,148,279,291
DIATSA_LOCUS11782,975,1945,2026,996,1951,2009
DIATSA_LOCUS11783,126,236,254,117,231,239
DIATSA_LOCUS11784,50,95,100,63,127,135
DIATSA_LOCUS11785,13,23,24,1,3,3
DIATSA_LOCUS11786,9,12,12,2,7,7
DIATSA_LOCUS11787,1,3,3,1,2,2
DIATSA_LOCUS11788,11,24,24,3,4,4
DIATSA_LOCUS11789,46,75,77,21,27,31
DIATSA_LOCUS1179,163,327,343,140,347,370
DIATSA_LOCUS11790,0,0,0,0,0,0
DIATSA_LOCUS11791,2100,3955,4124,1744,3268,3445
DIATSA_LOCUS11792,6,13,14,1,3,3
DIATSA_LOCUS11793,17,32,33,8,19,20
DIATSA_LOCUS11794,104,208,209,86,186,194
DIATSA_LOCUS11795,185,373,398,62,130,145
DIATSA_LOCUS11796,371,777,821,419,948,989
DIATSA_LOCUS11797,52,96,101,84,171,174
DIATSA_LOCUS11798,41,86,90,62,136,140
DIATSA_LOCUS11799,90,161,170,38,77,76
DIATSA_LOCUS118,1,2,2,0,1,1
DIATSA_LOCUS1180,29,77,80,15,56,56
DIATSA_LOCUS11800,8,11,12,0,4,4
DIATSA_LOCUS11801,0,1,1,0,0,0
DIATSA_LOCUS11802,0,1,1,0,1,1
DIATSA_LOCUS11803,0,0,0,0,0,0
DIATSA_LOCUS11804,0,0,0,0,0,0
DIATSA_LOCUS11805,261,514,535,281,521,543
DIATSA_LOCUS11806,2,6,6,2,4,4
DIATSA_LOCUS11807,330,657,678,198,418,430
DIATSA_LOCUS11808,72,161,167,95,228,234
DIATSA_LOCUS11809,167,298,312,132,232,243
DIATSA_LOCUS1181,143,280,292,59,107,114
DIATSA_LOCUS11810,25,51,57,8,21,25
DIATSA_LOCUS11811,164,320,334,42,82,84
DIATSA_LOCUS11812,0,0,0,0,0,0
DIATSA_LOCUS11813,0,1,1,0,3,3
DIATSA_LOCUS11814,22,39,40,10,28,27
DIATSA_LOCUS11815,216,427,442,89,183,189
DIATSA_LOCUS11816,370,661,675,159,298,311
DIATSA_LOCUS11817,199,463,476,297,574,601
DIATSA_LOCUS11818,5,13,13,2,17,18
DIATSA_LOCUS11819,2,6,6,3,13,14
DIATSA_LOCUS1182,93,170,178,84,136,146
DIATSA_LOCUS11820,1,3,3,1,5,5
DIATSA_LOCUS11821,8,26,26,11,37,40
DIATSA_LOCUS11822,9,23,25,1,7,7
DIATSA_LOCUS11823,0,0,0,0,0,0
DIATSA_LOCUS11824,22,41,44,35,71,75
DIATSA_LOCUS11825,2037,3160,3342,2727,4713,4977
DIATSA_LOCUS11826,1038,1672,1764,2100,3270,3434
DIATSA_LOCUS11827,116,171,174,105,166,172
DIATSA_LOCUS11828,150,281,294,207,402,418
DIATSA_LOCUS11829,12,14,14,17,21,22
DIATSA_LOCUS1183,0,0,0,0,0,0
DIATSA_LOCUS11830,0,0,0,0,0,0
DIATSA_LOCUS11831,433,943,964,565,1173,1152
DIATSA_LOCUS11832,0,0,0,1,1,1
DIATSA_LOCUS11833,295,591,614,181,344,363
DIATSA_LOCUS11834,107,238,244,88,172,174
DIATSA_LOCUS11835,2,2,3,1,2,2
DIATSA_LOCUS11836,0,0,0,0,0,0
DIATSA_LOCUS11837,84,190,195,50,111,112
DIATSA_LOCUS11838,32,64,66,16,41,42
DIATSA_LOCUS11839,23,54,56,25,67,69
DIATSA_LOCUS1184,1,1,1,1,4,5
DIATSA_LOCUS11840,1624,3328,3467,1312,2693,2794
DIATSA_LOCUS11841,122,365,375,85,230,245
DIATSA_LOCUS11842,0,0,0,0,0,0
DIATSA_LOCUS11843,328,744,791,134,297,318
DIATSA_LOCUS11844,144,258,271,83,153,164
DIATSA_LOCUS11845,135,266,280,72,129,132
DIATSA_LOCUS11846,376,751,787,212,464,488
DIATSA_LOCUS11847,0,0,0,0,0,0
DIATSA_LOCUS11848,266,502,522,184,328,340
DIATSA_LOCUS11849,47,99,106,21,38,41
DIATSA_LOCUS1185,2,2,2,5,8,9
DIATSA_LOCUS11850,357,594,628,157,272,279
DIATSA_LOCUS11851,534,1055,1101,828,1582,1638
DIATSA_LOCUS11852,1334,2273,2361,1662,2845,2952
DIATSA_LOCUS11853,17,34,34,20,42,45
DIATSA_LOCUS11854,233,422,436,122,243,251
DIATSA_LOCUS11855,59,123,127,41,85,89
DIATSA_LOCUS11856,27,73,75,34,61,64
DIATSA_LOCUS11857,3,5,5,1,1,1
DIATSA_LOCUS11858,207,386,404,93,186,193
DIATSA_LOCUS11859,25119,48389,50040,39691,73942,76454
DIATSA_LOCUS1186,0,0,0,0,0,0
DIATSA_LOCUS11860,152,293,301,82,155,162
DIATSA_LOCUS11861,7,15,15,3,7,7
DIATSA_LOCUS11862,165,330,342,43,115,120
DIATSA_LOCUS11863,224,500,536,106,261,282
DIATSA_LOCUS11864,1,1,1,0,0,0
DIATSA_LOCUS11865,0,0,0,0,0,0
DIATSA_LOCUS11866,6,10,11,3,7,8
DIATSA_LOCUS11867,682,1292,1348,609,1216,1256
DIATSA_LOCUS11868,43,76,81,37,66,67
DIATSA_LOCUS11869,73,178,186,44,89,96
DIATSA_LOCUS1187,387,687,713,395,713,736
DIATSA_LOCUS11870,900,1719,1781,717,1384,1429
DIATSA_LOCUS11871,81,157,162,61,123,127
DIATSA_LOCUS11872,345,687,719,242,545,568
DIATSA_LOCUS11873,46,90,93,47,93,95
DIATSA_LOCUS11874,217,397,408,115,214,221
DIATSA_LOCUS11875,21,49,50,16,37,37
DIATSA_LOCUS11876,3,6,6,1,6,6
DIATSA_LOCUS11877,24,54,54,5,9,10
DIATSA_LOCUS11878,188,364,371,59,129,135
DIATSA_LOCUS11879,3,5,5,2,5,5
DIATSA_LOCUS1188,62,135,149,52,105,108
DIATSA_LOCUS11880,115,273,284,100,231,240
DIATSA_LOCUS11881,124,256,262,131,303,315
DIATSA_LOCUS11882,3,8,10,2,2,2
DIATSA_LOCUS11883,11,16,19,1,9,9
DIATSA_LOCUS11884,755,1639,1709,750,1683,1757
DIATSA_LOCUS11885,0,0,0,1,1,1
DIATSA_LOCUS11886,201,391,408,114,231,247
DIATSA_LOCUS11887,312,549,570,175,340,346
DIATSA_LOCUS11888,290,588,618,71,167,171
DIATSA_LOCUS11889,1,3,3,8,12,12
DIATSA_LOCUS1189,25,57,57,9,28,28
DIATSA_LOCUS11890,294,507,520,65,121,127
DIATSA_LOCUS11891,95,211,222,111,239,245
DIATSA_LOCUS11892,0,0,0,0,0,0
DIATSA_LOCUS11893,20,36,40,27,54,55
DIATSA_LOCUS11894,95,154,157,103,178,182
DIATSA_LOCUS11895,15,26,28,3,11,11
DIATSA_LOCUS11896,0,0,0,0,0,0
DIATSA_LOCUS11897,0,1,1,1,3,3
DIATSA_LOCUS11898,0,0,0,0,0,0
DIATSA_LOCUS11899,2,2,2,3,3,3
DIATSA_LOCUS119,248,427,448,177,309,323
DIATSA_LOCUS1190,22,41,45,25,41,43
DIATSA_LOCUS11900,81,154,162,40,72,73
DIATSA_LOCUS11901,0,0,0,0,0,0
DIATSA_LOCUS11902,0,0,0,0,0,0
DIATSA_LOCUS11903,11,12,13,1,5,5
DIATSA_LOCUS11904,150,278,300,53,117,119
DIATSA_LOCUS11905,0,0,0,2,2,2
DIATSA_LOCUS11906,0,0,0,0,0,0
DIATSA_LOCUS11907,253,501,526,128,298,308
DIATSA_LOCUS11908,0,1,1,2,5,5
DIATSA_LOCUS11909,8,24,26,7,20,24
DIATSA_LOCUS1191,70,139,144,61,123,125
DIATSA_LOCUS11910,588,1238,1272,476,962,985
DIATSA_LOCUS11911,19,40,42,13,37,38
DIATSA_LOCUS11912,84,176,180,101,195,206
DIATSA_LOCUS11913,11,29,29,3,7,7
DIATSA_LOCUS11914,5,9,9,3,6,8
DIATSA_LOCUS11915,206,414,438,156,278,294
DIATSA_LOCUS11916,469,1007,1036,579,1205,1263
DIATSA_LOCUS11917,8,16,17,2,8,9
DIATSA_LOCUS11918,204,339,349,97,177,178
DIATSA_LOCUS11919,151,317,328,117,274,281
DIATSA_LOCUS1192,33,76,81,21,49,51
DIATSA_LOCUS11920,4,6,6,9,16,17
DIATSA_LOCUS11921,190,362,372,151,285,295
DIATSA_LOCUS11922,13,26,26,20,36,39
DIATSA_LOCUS11923,286,556,577,170,330,344
DIATSA_LOCUS11924,50,105,106,40,90,93
DIATSA_LOCUS11925,764,1532,1599,544,1157,1197
DIATSA_LOCUS11926,12,31,32,7,13,14
DIATSA_LOCUS11927,122,238,248,49,107,109
DIATSA_LOCUS11928,10,12,12,2,5,5
DIATSA_LOCUS11929,0,0,0,0,0,0
DIATSA_LOCUS1193,113,236,250,49,107,112
DIATSA_LOCUS11930,4317,8293,8661,1483,2844,2976
DIATSA_LOCUS11931,4,8,10,0,0,0
DIATSA_LOCUS11932,3,3,3,2,5,8
DIATSA_LOCUS11933,9,17,17,10,11,11
DIATSA_LOCUS11934,0,0,0,0,0,0
DIATSA_LOCUS11935,158,293,304,145,258,264
DIATSA_LOCUS11936,1,3,3,5,5,5
DIATSA_LOCUS11937,294,596,627,141,275,288
DIATSA_LOCUS11938,17,43,47,13,25,25
DIATSA_LOCUS11939,60,154,164,37,106,108
DIATSA_LOCUS1194,35,74,75,28,65,69
DIATSA_LOCUS11940,11,20,21,6,10,10
DIATSA_LOCUS11941,12,28,30,6,10,10
DIATSA_LOCUS11942,17,24,26,11,16,16
DIATSA_LOCUS11943,206,354,374,186,284,297
DIATSA_LOCUS11944,76,157,165,33,81,81
DIATSA_LOCUS11945,0,0,0,0,0,0
DIATSA_LOCUS11946,382,845,875,383,753,786
DIATSA_LOCUS11947,82,179,183,31,72,78
DIATSA_LOCUS11948,0,0,0,0,1,1
DIATSA_LOCUS11949,98,230,246,51,119,127
DIATSA_LOCUS1195,58,110,115,25,51,53
DIATSA_LOCUS11950,0,0,0,0,0,0
DIATSA_LOCUS11951,42,63,67,20,31,33
DIATSA_LOCUS11952,39,84,87,48,92,95
DIATSA_LOCUS11953,10,18,20,2,6,8
DIATSA_LOCUS11954,210,423,445,163,305,318
DIATSA_LOCUS11955,493,1023,1055,638,1374,1423
DIATSA_LOCUS11956,42,87,93,48,103,105
DIATSA_LOCUS11957,14,26,26,5,10,12
DIATSA_LOCUS11958,63,148,157,24,66,69
DIATSA_LOCUS11959,132,279,287,112,202,209
DIATSA_LOCUS1196,235,418,437,199,340,354
DIATSA_LOCUS11960,6505,11852,12335,4380,8196,8508
DIATSA_LOCUS11961,323,609,633,205,398,411
DIATSA_LOCUS11962,65,121,125,50,109,117
DIATSA_LOCUS11963,101,164,166,54,83,86
DIATSA_LOCUS11964,17,31,34,5,9,7
DIATSA_LOCUS11965,167,291,299,166,316,325
DIATSA_LOCUS11966,47,98,101,26,77,81
DIATSA_LOCUS11967,16,23,24,2,6,6
DIATSA_LOCUS11968,38,64,69,14,29,33
DIATSA_LOCUS11969,8,20,19,5,9,11
DIATSA_LOCUS1197,117,278,287,71,159,165
DIATSA_LOCUS11970,5,16,20,13,20,21
DIATSA_LOCUS11971,26,66,68,8,14,14
DIATSA_LOCUS11972,301,690,731,54,126,131
DIATSA_LOCUS11973,451,734,764,577,1119,1193
DIATSA_LOCUS11974,61,117,120,22,52,54
DIATSA_LOCUS11975,11,21,23,6,7,8
DIATSA_LOCUS11976,37,90,91,34,79,81
DIATSA_LOCUS11977,37,66,69,21,37,37
DIATSA_LOCUS11978,0,2,2,1,3,3
DIATSA_LOCUS11979,12,15,15,13,23,23
DIATSA_LOCUS1198,174,394,400,213,469,477
DIATSA_LOCUS11980,137,251,269,176,330,348
DIATSA_LOCUS11981,52,76,76,28,55,59
DIATSA_LOCUS11982,0,1,1,0,0,0
DIATSA_LOCUS11983,29,46,47,64,123,135
DIATSA_LOCUS11984,4,5,5,9,10,11
DIATSA_LOCUS11985,17,37,40,21,25,26
DIATSA_LOCUS11986,5,5,6,2,4,4
DIATSA_LOCUS11987,43,69,71,22,41,42
DIATSA_LOCUS11988,348,681,712,165,313,323
DIATSA_LOCUS11989,1,2,2,1,2,2
DIATSA_LOCUS1199,154,308,313,106,206,212
DIATSA_LOCUS11990,291,640,664,114,230,231
DIATSA_LOCUS11991,0,1,1,0,0,0
DIATSA_LOCUS11992,0,0,0,0,0,0
DIATSA_LOCUS11993,3,3,3,0,1,1
DIATSA_LOCUS11994,1,7,7,1,4,4
DIATSA_LOCUS11995,28,50,52,6,13,13
DIATSA_LOCUS11996,3,4,3,1,3,3
DIATSA_LOCUS11997,53,118,121,56,110,114
DIATSA_LOCUS11998,56,134,143,16,48,46
DIATSA_LOCUS11999,26,49,49,19,37,39
DIATSA_LOCUS12,38,65,65,32,59,62
DIATSA_LOCUS120,39,91,95,27,48,51
DIATSA_LOCUS1200,190,344,357,124,272,287
DIATSA_LOCUS12000,16,21,21,10,17,18
DIATSA_LOCUS12001,0,1,1,1,1,1
DIATSA_LOCUS12002,138,250,263,133,233,240
DIATSA_LOCUS12003,865,1493,1588,325,537,563
DIATSA_LOCUS12004,57,130,138,58,119,125
DIATSA_LOCUS12005,78,181,186,35,78,82
DIATSA_LOCUS12006,114,308,320,157,337,344
DIATSA_LOCUS12007,648,1184,1237,374,738,776
DIATSA_LOCUS12008,61,159,166,85,202,210
DIATSA_LOCUS12009,43,92,94,50,106,112
DIATSA_LOCUS1201,17,39,40,5,19,19
DIATSA_LOCUS12010,709,1255,1318,627,1140,1194
DIATSA_LOCUS12011,38,93,103,9,24,26
DIATSA_LOCUS12012,40,71,73,39,75,77
DIATSA_LOCUS12013,8,11,12,11,21,22
DIATSA_LOCUS12014,20,45,46,24,44,50
DIATSA_LOCUS12015,110,235,241,90,180,189
DIATSA_LOCUS12016,222,574,615,93,239,256
DIATSA_LOCUS12017,68,125,130,94,130,132
DIATSA_LOCUS12018,742,1511,1570,648,1258,1306
DIATSA_LOCUS12019,0,0,0,0,0,0
DIATSA_LOCUS1202,37,66,66,44,81,82
DIATSA_LOCUS12020,0,0,0,0,0,0
DIATSA_LOCUS12021,2,2,2,0,0,0
DIATSA_LOCUS12022,1,2,2,0,2,2
DIATSA_LOCUS12023,1,3,3,1,0,0
DIATSA_LOCUS12024,0,0,0,1,0,0
DIATSA_LOCUS12025,475,983,1021,715,1474,1540
DIATSA_LOCUS12026,91,215,223,72,143,148
DIATSA_LOCUS12027,2225,5325,5533,2162,5097,5318
DIATSA_LOCUS12028,4,5,5,3,5,5
DIATSA_LOCUS12029,5,5,6,1,1,1
DIATSA_LOCUS1203,180,386,405,148,335,354
DIATSA_LOCUS12030,15,58,60,12,27,28
DIATSA_LOCUS12031,20,38,39,2,14,15
DIATSA_LOCUS12032,72,194,207,77,146,151
DIATSA_LOCUS12033,16,34,36,0,1,2
DIATSA_LOCUS12034,24,58,64,16,37,39
DIATSA_LOCUS12035,47,82,89,14,32,32
DIATSA_LOCUS12036,57,127,130,75,139,141
DIATSA_LOCUS12037,158,339,351,241,452,470
DIATSA_LOCUS12038,27,51,56,9,16,17
DIATSA_LOCUS12039,6,11,11,5,7,7
DIATSA_LOCUS1204,11,26,26,19,42,44
DIATSA_LOCUS12040,36,71,72,45,96,100
DIATSA_LOCUS12041,253,418,432,112,191,205
DIATSA_LOCUS12042,16,27,28,8,14,14
DIATSA_LOCUS12043,76,142,149,49,96,100
DIATSA_LOCUS12044,970,1557,1654,502,792,852
DIATSA_LOCUS12045,19,32,33,21,33,34
DIATSA_LOCUS12046,281,479,494,103,206,217
DIATSA_LOCUS12047,293,555,581,191,366,375
DIATSA_LOCUS12048,432,831,879,472,929,963
DIATSA_LOCUS12049,25,56,56,20,35,37
DIATSA_LOCUS1205,545,1376,1441,746,2036,2126
DIATSA_LOCUS12050,130,231,239,116,221,229
DIATSA_LOCUS12051,39,86,89,65,133,134
DIATSA_LOCUS12052,4,5,5,7,9,8
DIATSA_LOCUS12053,47,88,92,18,29,30
DIATSA_LOCUS12054,0,0,0,0,0,0
DIATSA_LOCUS12055,85,208,211,106,196,199
DIATSA_LOCUS12056,21,40,42,4,7,10
DIATSA_LOCUS12057,15,29,29,15,28,29
DIATSA_LOCUS12058,5,15,14,3,3,3
DIATSA_LOCUS12059,15,24,25,7,20,21
DIATSA_LOCUS1206,24,49,51,13,26,28
DIATSA_LOCUS12060,30,62,64,9,17,17
DIATSA_LOCUS12061,6,15,15,0,6,6
DIATSA_LOCUS12062,110,277,292,109,290,304
DIATSA_LOCUS12063,3,4,4,12,17,17
DIATSA_LOCUS12064,0,0,1,7,16,16
DIATSA_LOCUS12065,5,17,17,3,9,9
DIATSA_LOCUS12066,1,2,2,2,4,5
DIATSA_LOCUS12067,4,13,14,7,11,12
DIATSA_LOCUS12068,2,2,2,0,0,0
DIATSA_LOCUS12069,60,115,118,80,159,165
DIATSA_LOCUS1207,17,42,44,24,49,49
DIATSA_LOCUS12070,0,1,1,1,0,0
DIATSA_LOCUS12071,148,301,311,190,354,375
DIATSA_LOCUS12072,42,89,91,20,51,52
DIATSA_LOCUS12073,8,19,20,9,13,13
DIATSA_LOCUS12074,165,327,339,34,92,97
DIATSA_LOCUS12075,60,121,123,46,107,108
DIATSA_LOCUS12076,48,75,79,25,41,47
DIATSA_LOCUS12077,72,152,161,34,69,73
DIATSA_LOCUS12078,6,9,9,6,10,10
DIATSA_LOCUS12079,156,391,410,224,525,545
DIATSA_LOCUS1208,42,108,115,32,55,57
DIATSA_LOCUS12080,218,404,418,91,201,203
DIATSA_LOCUS12081,7,10,10,2,8,9
DIATSA_LOCUS12082,734,1456,1531,437,811,850
DIATSA_LOCUS12083,79,166,173,101,194,210
DIATSA_LOCUS12084,160,311,323,225,427,442
DIATSA_LOCUS12085,78,165,168,113,187,190
DIATSA_LOCUS12086,1221,2325,2424,978,1905,1989
DIATSA_LOCUS12087,19,38,39,23,38,40
DIATSA_LOCUS12088,7,11,11,0,1,2
DIATSA_LOCUS12089,75,120,125,99,165,169
DIATSA_LOCUS1209,33,57,57,8,28,31
DIATSA_LOCUS12090,199,479,498,180,392,415
DIATSA_LOCUS12091,44,94,96,26,49,51
DIATSA_LOCUS12092,14,52,52,38,81,83
DIATSA_LOCUS12093,304,548,567,167,269,279
DIATSA_LOCUS12094,2,8,9,2,4,4
DIATSA_LOCUS12095,4,10,10,5,5,5
DIATSA_LOCUS12096,32,72,77,42,107,111
DIATSA_LOCUS12097,18,33,36,10,17,17
DIATSA_LOCUS12098,70,179,185,62,140,146
DIATSA_LOCUS12099,44,91,96,42,75,79
DIATSA_LOCUS121,0,0,0,0,0,0
DIATSA_LOCUS1210,85,168,176,70,129,132
DIATSA_LOCUS12100,0,0,0,0,0,0
DIATSA_LOCUS12101,149,276,284,53,102,107
DIATSA_LOCUS12102,316,519,531,473,766,785
DIATSA_LOCUS12103,213,407,423,205,401,420
DIATSA_LOCUS12104,6,11,13,2,14,15
DIATSA_LOCUS12105,93,209,214,55,109,112
DIATSA_LOCUS12106,50,87,93,38,82,82
DIATSA_LOCUS12107,198,345,361,249,456,466
DIATSA_LOCUS12108,4,10,10,6,13,14
DIATSA_LOCUS12109,0,0,1,0,0,0
DIATSA_LOCUS1211,40,81,86,37,81,86
DIATSA_LOCUS12110,1,5,5,1,1,1
DIATSA_LOCUS12111,3,6,8,3,6,6
DIATSA_LOCUS12112,0,0,0,0,0,0
DIATSA_LOCUS12113,443,888,918,460,928,965
DIATSA_LOCUS12114,522,1031,1072,285,590,615
DIATSA_LOCUS12115,0,0,0,0,1,1
DIATSA_LOCUS12116,10,15,15,2,8,8
DIATSA_LOCUS12117,8,21,25,2,4,4
DIATSA_LOCUS12118,182,336,356,130,241,251
DIATSA_LOCUS12119,65,121,123,39,72,77
DIATSA_LOCUS1212,743,1387,1440,568,1103,1141
DIATSA_LOCUS12120,17,33,35,14,33,36
DIATSA_LOCUS12121,8,15,15,9,19,19
DIATSA_LOCUS12122,35,74,79,44,85,89
DIATSA_LOCUS12123,17,28,30,17,34,35
DIATSA_LOCUS12124,22,44,45,23,39,41
DIATSA_LOCUS12125,1,3,4,3,4,4
DIATSA_LOCUS12126,2,3,3,1,1,1
DIATSA_LOCUS12127,106,188,195,107,193,201
DIATSA_LOCUS12128,61,108,114,56,103,110
DIATSA_LOCUS12129,100,182,187,65,117,119
DIATSA_LOCUS1213,162,301,304,105,193,203
DIATSA_LOCUS12130,621,1053,1091,356,629,649
DIATSA_LOCUS12131,34,95,98,54,134,141
DIATSA_LOCUS12132,962,1835,1906,1159,2241,2327
DIATSA_LOCUS12133,232,413,420,184,347,357
DIATSA_LOCUS12134,37,99,100,19,50,52
DIATSA_LOCUS12135,103,209,216,91,180,187
DIATSA_LOCUS12136,0,0,0,0,0,0
DIATSA_LOCUS12137,54,107,114,32,68,68
DIATSA_LOCUS12138,131,266,276,141,258,274
DIATSA_LOCUS12139,22,51,53,25,73,76
DIATSA_LOCUS1214,1,3,3,2,3,3
DIATSA_LOCUS12140,61,120,123,58,127,129
DIATSA_LOCUS12141,10,18,18,2,8,8
DIATSA_LOCUS12142,187,299,307,95,166,175
DIATSA_LOCUS12143,665,1480,1515,659,1381,1423
DIATSA_LOCUS12144,617,1351,1397,597,1213,1255
DIATSA_LOCUS12145,6,11,13,1,5,5
DIATSA_LOCUS12146,24,62,66,16,25,26
DIATSA_LOCUS12147,0,0,0,0,0,0
DIATSA_LOCUS12148,0,0,0,0,0,0
DIATSA_LOCUS12149,177,359,370,209,430,441
DIATSA_LOCUS1215,107,239,248,165,307,322
DIATSA_LOCUS12150,507,1023,1075,366,795,832
DIATSA_LOCUS12151,0,0,0,0,1,1
DIATSA_LOCUS12152,0,0,0,0,0,0
DIATSA_LOCUS12153,1,1,1,1,3,3
DIATSA_LOCUS12154,210,400,423,90,176,184
DIATSA_LOCUS12155,14,34,36,26,61,61
DIATSA_LOCUS12156,1,3,3,0,0,0
DIATSA_LOCUS12157,0,0,0,0,1,1
DIATSA_LOCUS12158,2,2,2,0,0,0
DIATSA_LOCUS12159,0,0,0,0,0,0
DIATSA_LOCUS1216,77,168,173,57,136,140
DIATSA_LOCUS12160,219,483,501,261,579,596
DIATSA_LOCUS12161,0,0,0,1,1,1
DIATSA_LOCUS12162,43,77,80,15,34,36
DIATSA_LOCUS12163,137,283,291,68,143,148
DIATSA_LOCUS12164,61,132,136,61,118,128
DIATSA_LOCUS12165,119,223,232,107,176,181
DIATSA_LOCUS12166,340,662,695,275,527,554
DIATSA_LOCUS12167,230,445,453,275,563,577
DIATSA_LOCUS12168,510,1101,1149,364,798,833
DIATSA_LOCUS12169,5,8,8,4,12,12
DIATSA_LOCUS1217,461,913,939,169,299,311
DIATSA_LOCUS12170,3,10,11,5,15,17
DIATSA_LOCUS12171,0,0,0,0,0,0
DIATSA_LOCUS12172,0,0,0,0,0,0
DIATSA_LOCUS12173,266,530,559,253,488,518
DIATSA_LOCUS12174,189,367,384,67,143,147
DIATSA_LOCUS12175,119,223,231,86,165,178
DIATSA_LOCUS12176,30,59,63,27,48,48
DIATSA_LOCUS12177,0,0,0,0,0,0
DIATSA_LOCUS12178,0,0,1,0,1,1
DIATSA_LOCUS12179,1,1,1,1,1,1
DIATSA_LOCUS1218,0,0,0,0,1,1
DIATSA_LOCUS12180,113,228,242,41,92,100
DIATSA_LOCUS12181,24,48,52,22,47,49
DIATSA_LOCUS12182,3,3,4,13,21,22
DIATSA_LOCUS12183,17,37,37,24,60,61
DIATSA_LOCUS12184,0,1,1,0,0,0
DIATSA_LOCUS12185,37,61,65,70,110,113
DIATSA_LOCUS12186,1256,2584,2676,1024,2246,2340
DIATSA_LOCUS12187,8838,14404,14962,8437,13935,14463
DIATSA_LOCUS12188,1517,2846,2947,819,1604,1663
DIATSA_LOCUS12189,48,97,99,32,47,48
DIATSA_LOCUS1219,10843,19667,20331,15884,28740,29801
DIATSA_LOCUS12190,0,2,2,3,5,5
DIATSA_LOCUS12191,0,0,0,0,0,0
DIATSA_LOCUS12192,22,37,37,38,62,64
DIATSA_LOCUS12193,7,9,9,7,12,12
DIATSA_LOCUS12194,24,45,48,26,46,46
DIATSA_LOCUS12195,6,10,9,0,1,1
DIATSA_LOCUS12196,4,11,11,1,2,3
DIATSA_LOCUS12197,1,3,3,1,3,3
DIATSA_LOCUS12198,40,81,84,13,23,23
DIATSA_LOCUS12199,373,780,819,358,738,755
DIATSA_LOCUS122,2893,5554,5743,1535,2998,3105
DIATSA_LOCUS1220,169,318,331,114,221,231
DIATSA_LOCUS12200,154,292,302,119,233,242
DIATSA_LOCUS12201,1,0,1,0,1,1
DIATSA_LOCUS12202,81,161,170,60,115,117
DIATSA_LOCUS12203,140,224,232,105,166,175
DIATSA_LOCUS12204,2416,4821,4997,2120,4366,4571
DIATSA_LOCUS12205,1,6,6,1,12,13
DIATSA_LOCUS12206,74,137,139,26,45,48
DIATSA_LOCUS12207,94,228,234,89,185,192
DIATSA_LOCUS12208,47,105,109,26,53,56
DIATSA_LOCUS12209,22,74,98,26,42,46
DIATSA_LOCUS1221,37,73,75,26,62,63
DIATSA_LOCUS12210,33,58,60,50,76,76
DIATSA_LOCUS12211,77,148,151,46,87,88
DIATSA_LOCUS12212,156,242,249,272,458,469
DIATSA_LOCUS12213,0,0,0,0,0,0
DIATSA_LOCUS12214,6,12,12,4,9,11
DIATSA_LOCUS12215,170,396,414,189,429,442
DIATSA_LOCUS12216,13,29,29,12,29,30
DIATSA_LOCUS12217,304,535,558,224,373,379
DIATSA_LOCUS12218,0,0,0,1,2,2
DIATSA_LOCUS12219,0,0,0,0,0,0
DIATSA_LOCUS1222,24,44,47,32,63,63
DIATSA_LOCUS12220,0,0,0,0,0,0
DIATSA_LOCUS12221,8,12,13,3,5,5
DIATSA_LOCUS12222,10,24,26,17,41,41
DIATSA_LOCUS12223,21,35,35,62,111,111
DIATSA_LOCUS12224,182,311,320,289,441,454
DIATSA_LOCUS12225,66,150,153,56,116,119
DIATSA_LOCUS12226,1,1,1,0,0,0
DIATSA_LOCUS12227,0,0,0,1,1,1
DIATSA_LOCUS12228,1,1,1,2,2,2
DIATSA_LOCUS12229,0,0,0,0,2,2
DIATSA_LOCUS1223,58,115,127,40,123,125
DIATSA_LOCUS12230,0,0,0,0,0,0
DIATSA_LOCUS12231,7,8,8,1,2,3
DIATSA_LOCUS12232,14,26,30,7,19,20
DIATSA_LOCUS12233,2,2,2,9,13,13
DIATSA_LOCUS12234,11,14,14,2,2,3
DIATSA_LOCUS12235,3,4,4,1,3,3
DIATSA_LOCUS12236,12,23,23,4,9,8
DIATSA_LOCUS12237,0,0,0,0,0,0
DIATSA_LOCUS12238,0,1,1,0,0,0
DIATSA_LOCUS12239,0,1,1,1,1,1
DIATSA_LOCUS1224,57,111,116,20,42,44
DIATSA_LOCUS12240,0,0,0,0,1,1
DIATSA_LOCUS12241,0,1,1,1,1,1
DIATSA_LOCUS12242,2,3,3,0,1,1
DIATSA_LOCUS12243,0,1,1,0,0,0
DIATSA_LOCUS12244,28,54,59,11,18,22
DIATSA_LOCUS12245,0,0,0,0,0,0
DIATSA_LOCUS12246,0,0,0,0,0,0
DIATSA_LOCUS12247,0,1,1,1,1,2
DIATSA_LOCUS12248,51,125,132,21,40,41
DIATSA_LOCUS12249,71,114,115,12,31,30
DIATSA_LOCUS1225,89,216,216,40,95,95
DIATSA_LOCUS12250,54,132,138,44,90,93
DIATSA_LOCUS12251,29,56,55,19,50,53
DIATSA_LOCUS12252,182,311,327,66,109,111
DIATSA_LOCUS12253,0,1,1,0,0,0
DIATSA_LOCUS12254,4,9,9,3,4,5
DIATSA_LOCUS12255,0,0,0,0,0,0
DIATSA_LOCUS12256,190,367,382,110,219,226
DIATSA_LOCUS12257,4,7,8,0,1,3
DIATSA_LOCUS12258,374,786,824,240,515,533
DIATSA_LOCUS12259,85,174,184,40,61,62
DIATSA_LOCUS1226,2338,4739,5158,2648,5817,6509
DIATSA_LOCUS12260,15,23,25,6,11,15
DIATSA_LOCUS12261,468,739,763,483,798,833
DIATSA_LOCUS12262,45,104,106,39,67,69
DIATSA_LOCUS12263,1,1,1,1,1,1
DIATSA_LOCUS12264,193,395,400,146,276,290
DIATSA_LOCUS12265,48519,85747,90612,77111,131468,138453
DIATSA_LOCUS12266,50,94,99,24,43,43
DIATSA_LOCUS12267,364,768,789,154,328,343
DIATSA_LOCUS12268,0,0,0,0,0,0
DIATSA_LOCUS12269,2,2,2,0,0,0
DIATSA_LOCUS1227,344,684,715,155,308,314
DIATSA_LOCUS12270,47,115,117,34,90,97
DIATSA_LOCUS12271,1901,3913,4097,1730,3785,3978
DIATSA_LOCUS12272,133,221,228,57,88,92
DIATSA_LOCUS12273,310,507,533,127,200,210
DIATSA_LOCUS12274,241,381,393,200,269,279
DIATSA_LOCUS12275,1,1,1,2,3,3
DIATSA_LOCUS12276,296,483,501,187,276,300
DIATSA_LOCUS12277,0,0,0,0,0,0
DIATSA_LOCUS12278,2,3,3,1,2,2
DIATSA_LOCUS12279,36,68,71,41,71,70
DIATSA_LOCUS1228,44,93,96,21,40,40
DIATSA_LOCUS12280,33,70,75,37,70,74
DIATSA_LOCUS12281,162,300,310,106,208,217
DIATSA_LOCUS12282,210,370,383,188,382,386
DIATSA_LOCUS12283,0,0,0,0,0,0
DIATSA_LOCUS12284,0,1,1,0,0,0
DIATSA_LOCUS12285,706,1341,1379,830,1489,1539
DIATSA_LOCUS12286,28,40,40,24,43,44
DIATSA_LOCUS12287,0,0,0,2,5,5
DIATSA_LOCUS12288,0,0,0,0,0,0
DIATSA_LOCUS12289,136,244,250,85,171,176
DIATSA_LOCUS1229,215,386,402,122,224,235
DIATSA_LOCUS12290,645,1047,1085,663,1180,1218
DIATSA_LOCUS12291,5,8,9,7,13,14
DIATSA_LOCUS12292,16,33,33,17,33,34
DIATSA_LOCUS12293,60,160,167,46,155,162
DIATSA_LOCUS12294,3,10,14,6,10,10
DIATSA_LOCUS12295,10,13,14,8,12,12
DIATSA_LOCUS12296,1783,3596,3709,1637,3336,3463
DIATSA_LOCUS12297,424,712,738,195,368,384
DIATSA_LOCUS12298,0,0,0,0,0,0
DIATSA_LOCUS12299,32,52,53,19,45,49
DIATSA_LOCUS123,58,108,117,14,23,25
DIATSA_LOCUS1230,0,0,0,0,0,0
DIATSA_LOCUS12300,256,505,519,277,557,574
DIATSA_LOCUS12301,56,126,130,57,116,127
DIATSA_LOCUS12302,147,332,347,100,216,224
DIATSA_LOCUS12303,33,69,71,47,72,75
DIATSA_LOCUS12304,2600,5281,5492,2002,4274,4469
DIATSA_LOCUS12305,1113,2304,2403,648,1374,1413
DIATSA_LOCUS12306,2487,4781,4975,3145,6119,6353
DIATSA_LOCUS12307,5,11,11,3,8,8
DIATSA_LOCUS12308,62,104,110,32,62,67
DIATSA_LOCUS12309,312,632,655,280,549,573
DIATSA_LOCUS1231,590,1200,1253,540,1025,1078
DIATSA_LOCUS12310,165,346,355,79,139,142
DIATSA_LOCUS12311,6,17,18,8,18,20
DIATSA_LOCUS12312,29,63,66,35,55,58
DIATSA_LOCUS12313,201,441,464,88,201,209
DIATSA_LOCUS12314,42,79,86,26,39,44
DIATSA_LOCUS12315,5703,11197,11627,3824,7584,7893
DIATSA_LOCUS12316,970,1922,2002,773,1455,1504
DIATSA_LOCUS12317,9477,18674,19376,7280,14596,15142
DIATSA_LOCUS12318,7254,12326,12796,3995,7008,7280
DIATSA_LOCUS12319,812,1474,1520,697,1231,1277
DIATSA_LOCUS1232,3,6,7,1,3,3
DIATSA_LOCUS12320,1296,2498,2593,1060,1967,2041
DIATSA_LOCUS12321,983,1881,1976,489,907,943
DIATSA_LOCUS12322,398,749,776,214,428,441
DIATSA_LOCUS12323,490,965,996,247,433,450
DIATSA_LOCUS12324,0,0,0,2,3,3
DIATSA_LOCUS12325,4426,8230,8554,3043,5878,6100
DIATSA_LOCUS12326,116,239,249,93,161,165
DIATSA_LOCUS12327,437,818,853,138,299,313
DIATSA_LOCUS12328,0,0,0,0,0,0
DIATSA_LOCUS12329,20,33,34,20,33,33
DIATSA_LOCUS1233,293,528,542,363,673,701
DIATSA_LOCUS12330,360,637,673,535,879,919
DIATSA_LOCUS12331,43,85,92,34,61,66
DIATSA_LOCUS12332,165,276,288,157,280,289
DIATSA_LOCUS12333,295,691,714,149,278,292
DIATSA_LOCUS12334,11,21,21,5,13,13
DIATSA_LOCUS12335,160,285,296,121,242,249
DIATSA_LOCUS12336,1452,3063,3188,1675,3567,3695
DIATSA_LOCUS12337,372,761,791,499,1012,1048
DIATSA_LOCUS12338,532,1037,1076,677,1190,1229
DIATSA_LOCUS12339,98,180,189,119,212,218
DIATSA_LOCUS1234,32,59,62,33,64,65
DIATSA_LOCUS12340,481,987,1032,314,661,684
DIATSA_LOCUS12341,5,14,15,4,11,12
DIATSA_LOCUS12342,264,525,555,105,229,235
DIATSA_LOCUS12343,0,0,0,0,0,0
DIATSA_LOCUS12344,530,999,1044,575,1098,1152
DIATSA_LOCUS12345,546,1090,1140,321,693,724
DIATSA_LOCUS12346,16,28,30,3,9,9
DIATSA_LOCUS12347,484,952,992,236,498,520
DIATSA_LOCUS12348,52,106,112,37,69,73
DIATSA_LOCUS12349,10,22,22,10,18,18
DIATSA_LOCUS1235,121,334,342,96,314,326
DIATSA_LOCUS12350,57,103,108,28,68,69
DIATSA_LOCUS12351,304,630,662,281,578,601
DIATSA_LOCUS12352,0,0,0,0,2,2
DIATSA_LOCUS12353,343,626,641,416,694,719
DIATSA_LOCUS12354,495,925,962,447,802,829
DIATSA_LOCUS12355,5,11,11,2,3,3
DIATSA_LOCUS12356,9,20,22,2,4,4
DIATSA_LOCUS12357,88,154,157,108,214,232
DIATSA_LOCUS12358,3210,5796,6016,3437,6353,6583
DIATSA_LOCUS12359,6522,13538,13981,12978,25109,26023
DIATSA_LOCUS1236,49,93,94,58,111,116
DIATSA_LOCUS12360,46,97,98,58,115,120
DIATSA_LOCUS12361,115,244,254,121,261,272
DIATSA_LOCUS12362,410,702,731,418,740,770
DIATSA_LOCUS12363,0,0,0,0,0,0
DIATSA_LOCUS12364,199,404,414,166,359,372
DIATSA_LOCUS12365,2,4,4,3,3,3
DIATSA_LOCUS12366,119,255,269,117,252,262
DIATSA_LOCUS12367,216,467,492,212,423,433
DIATSA_LOCUS12368,1172,2539,2650,479,994,1046
DIATSA_LOCUS12369,80,157,173,77,144,144
DIATSA_LOCUS1237,73,168,175,95,170,185
DIATSA_LOCUS12370,526,1020,1059,309,657,685
DIATSA_LOCUS12371,32,62,64,39,78,79
DIATSA_LOCUS12372,9,19,19,8,14,15
DIATSA_LOCUS12373,4,4,5,0,0,0
DIATSA_LOCUS12374,276,510,530,113,254,276
DIATSA_LOCUS12375,117,247,252,167,300,311
DIATSA_LOCUS12376,62,154,162,78,194,200
DIATSA_LOCUS12377,165,318,342,147,282,293
DIATSA_LOCUS12378,0,1,1,0,0,0
DIATSA_LOCUS12379,204,394,411,87,176,184
DIATSA_LOCUS1238,2872,6618,6873,4142,9775,10158
DIATSA_LOCUS12380,48,129,137,73,162,171
DIATSA_LOCUS12381,4,7,7,0,0,0
DIATSA_LOCUS12382,80,137,144,27,42,47
DIATSA_LOCUS12383,190,419,442,141,295,299
DIATSA_LOCUS12384,17,37,37,16,26,27
DIATSA_LOCUS12385,19,29,30,15,35,36
DIATSA_LOCUS12386,68,130,135,66,131,142
DIATSA_LOCUS12387,238,449,461,286,557,580
DIATSA_LOCUS12388,27,62,66,28,57,57
DIATSA_LOCUS12389,23,59,60,35,59,63
DIATSA_LOCUS1239,0,0,0,0,0,0
DIATSA_LOCUS12390,325,580,591,147,322,337
DIATSA_LOCUS12391,34,105,108,34,103,105
DIATSA_LOCUS12392,203,337,353,268,484,498
DIATSA_LOCUS12393,3,6,6,0,1,1
DIATSA_LOCUS12394,143,316,329,106,260,277
DIATSA_LOCUS12395,222,463,479,170,360,373
DIATSA_LOCUS12396,1,1,1,0,0,0
DIATSA_LOCUS12397,286,621,665,399,822,874
DIATSA_LOCUS12398,69,135,141,21,31,32
DIATSA_LOCUS12399,374,727,760,199,391,402
DIATSA_LOCUS124,0,3,3,1,3,3
DIATSA_LOCUS1240,694,1164,1211,654,1112,1154
DIATSA_LOCUS12400,5659,10749,11151,4073,7524,7800
DIATSA_LOCUS12401,12,22,22,12,21,22
DIATSA_LOCUS12402,47,96,96,31,69,70
DIATSA_LOCUS12403,1291,2559,2663,511,987,1025
DIATSA_LOCUS12404,64,137,144,31,47,47
DIATSA_LOCUS12405,142,271,293,230,438,466
DIATSA_LOCUS12406,264,556,582,217,439,457
DIATSA_LOCUS12407,1062,1949,2038,1670,3129,3244
DIATSA_LOCUS12408,176,384,401,176,378,390
DIATSA_LOCUS12409,84,127,130,58,111,119
DIATSA_LOCUS1241,21,66,68,11,38,38
DIATSA_LOCUS12410,0,0,0,0,0,0
DIATSA_LOCUS12411,0,0,0,0,0,0
DIATSA_LOCUS12412,19,29,29,29,45,44
DIATSA_LOCUS12413,5,10,10,14,25,25
DIATSA_LOCUS12414,2,3,3,1,2,2
DIATSA_LOCUS12415,67,155,163,57,130,133
DIATSA_LOCUS12416,195,437,458,188,374,387
DIATSA_LOCUS12417,488,967,1011,426,870,903
DIATSA_LOCUS12418,13,29,30,9,15,16
DIATSA_LOCUS12419,0,0,0,0,0,0
DIATSA_LOCUS1242,1375,2749,2867,944,1937,2017
DIATSA_LOCUS12420,829,1633,1721,957,2044,2150
DIATSA_LOCUS12421,10,15,15,3,9,9
DIATSA_LOCUS12422,529,1145,1195,758,1613,1657
DIATSA_LOCUS12423,282,545,564,290,565,583
DIATSA_LOCUS12424,62,120,127,44,91,92
DIATSA_LOCUS12425,83,185,191,76,195,212
DIATSA_LOCUS12426,10897,20068,20882,12414,23357,24320
DIATSA_LOCUS12427,119,237,244,47,103,104
DIATSA_LOCUS12428,450,983,1025,568,1140,1193
DIATSA_LOCUS12429,0,1,1,0,0,0
DIATSA_LOCUS1243,99,192,199,138,250,254
DIATSA_LOCUS12430,281,503,525,181,372,387
DIATSA_LOCUS12431,263,544,568,233,456,467
DIATSA_LOCUS12432,11024,23434,24373,10708,22480,23427
DIATSA_LOCUS12433,1,5,5,2,5,6
DIATSA_LOCUS12434,38,61,63,40,72,76
DIATSA_LOCUS12435,211,394,411,148,275,286
DIATSA_LOCUS12436,13,24,26,26,49,50
DIATSA_LOCUS12437,4,6,7,1,7,10
DIATSA_LOCUS12438,4198,8378,8738,3541,7073,7414
DIATSA_LOCUS12439,112,225,230,73,149,163
DIATSA_LOCUS1244,1037,2126,2187,1073,2017,2071
DIATSA_LOCUS12440,0,0,0,0,0,0
DIATSA_LOCUS12441,55,140,150,42,101,105
DIATSA_LOCUS12442,2479,4694,4902,2043,4188,4386
DIATSA_LOCUS12443,0,0,0,0,0,0
DIATSA_LOCUS12444,0,0,0,0,0,0
DIATSA_LOCUS12445,475,857,884,416,764,790
DIATSA_LOCUS12446,141,232,238,42,74,78
DIATSA_LOCUS12447,355,724,753,239,456,472
DIATSA_LOCUS12448,352,657,690,241,402,418
DIATSA_LOCUS12449,271,483,500,259,436,450
DIATSA_LOCUS1245,7,18,19,12,20,21
DIATSA_LOCUS12450,95,213,224,48,97,103
DIATSA_LOCUS12451,192,333,349,186,360,369
DIATSA_LOCUS12452,0,0,0,0,0,0
DIATSA_LOCUS12453,3,11,11,0,8,8
DIATSA_LOCUS12454,247,492,515,269,523,551
DIATSA_LOCUS12455,276,532,551,176,341,351
DIATSA_LOCUS12456,191,418,432,250,559,581
DIATSA_LOCUS12457,169,351,366,163,352,360
DIATSA_LOCUS12458,1,4,4,0,1,1
DIATSA_LOCUS12459,2,3,3,1,4,4
DIATSA_LOCUS1246,189,349,361,109,196,198
DIATSA_LOCUS12460,0,0,0,1,2,3
DIATSA_LOCUS12461,1,2,2,1,4,5
DIATSA_LOCUS12462,0,0,0,0,0,0
DIATSA_LOCUS12463,0,0,0,0,0,0
DIATSA_LOCUS12464,304,600,624,191,391,409
DIATSA_LOCUS12465,15,24,24,11,29,31
DIATSA_LOCUS12466,42,80,83,32,76,81
DIATSA_LOCUS12467,688,1314,1373,712,1499,1550
DIATSA_LOCUS12468,173,344,351,94,213,218
DIATSA_LOCUS12469,394,696,724,494,894,917
DIATSA_LOCUS1247,693,1173,1239,646,1127,1191
DIATSA_LOCUS12470,40,88,91,36,83,88
DIATSA_LOCUS12471,29,52,53,31,68,71
DIATSA_LOCUS12472,12,21,22,25,61,62
DIATSA_LOCUS12473,54,106,112,37,106,110
DIATSA_LOCUS12474,2,2,2,0,1,1
DIATSA_LOCUS12475,22,45,47,14,26,25
DIATSA_LOCUS12476,21,44,46,16,28,29
DIATSA_LOCUS12477,0,2,2,0,0,0
DIATSA_LOCUS12478,974,1954,2052,601,1130,1193
DIATSA_LOCUS12479,8,29,31,14,26,27
DIATSA_LOCUS1248,61,147,152,32,61,65
DIATSA_LOCUS12480,130,203,212,30,54,55
DIATSA_LOCUS12481,5,5,5,1,1,1
DIATSA_LOCUS12482,26,38,39,11,25,25
DIATSA_LOCUS12483,457,1009,1053,554,1459,1520
DIATSA_LOCUS12484,84,203,211,58,123,129
DIATSA_LOCUS12485,234,473,490,213,441,455
DIATSA_LOCUS12486,0,1,1,0,0,0
DIATSA_LOCUS12487,0,0,0,0,0,0
DIATSA_LOCUS12488,4,7,7,0,1,1
DIATSA_LOCUS12489,0,3,5,3,5,5
DIATSA_LOCUS1249,83,144,153,91,189,196
DIATSA_LOCUS12490,0,2,2,0,0,0
DIATSA_LOCUS12491,3,5,5,3,12,12
DIATSA_LOCUS12492,909,1844,1931,730,1555,1624
DIATSA_LOCUS12493,61,110,112,43,95,99
DIATSA_LOCUS12494,291,620,653,174,398,417
DIATSA_LOCUS12495,208,370,379,306,558,573
DIATSA_LOCUS12496,126,263,278,83,183,189
DIATSA_LOCUS12497,0,2,2,0,1,1
DIATSA_LOCUS12498,1,1,1,1,1,1
DIATSA_LOCUS12499,1082,2103,2203,805,1635,1720
DIATSA_LOCUS125,12,24,25,22,39,41
DIATSA_LOCUS1250,43,100,107,46,76,81
DIATSA_LOCUS12500,20,34,36,15,30,30
DIATSA_LOCUS12501,6,14,15,6,19,21
DIATSA_LOCUS12502,14,37,41,19,48,51
DIATSA_LOCUS12503,190,342,351,204,340,351
DIATSA_LOCUS12504,345,688,708,165,359,383
DIATSA_LOCUS12505,50,144,150,42,121,124
DIATSA_LOCUS12506,856,1619,1669,532,935,973
DIATSA_LOCUS12507,11,15,15,9,15,15
DIATSA_LOCUS12508,291,532,542,185,340,359
DIATSA_LOCUS12509,372,723,751,390,753,781
DIATSA_LOCUS1251,32,61,65,29,41,41
DIATSA_LOCUS12510,349,651,692,159,295,307
DIATSA_LOCUS12511,201,458,478,99,230,238
DIATSA_LOCUS12512,1783,3305,3421,1459,2676,2765
DIATSA_LOCUS12513,297,595,617,381,766,797
DIATSA_LOCUS12514,0,0,0,0,0,0
DIATSA_LOCUS12515,987,2138,2214,898,1960,2030
DIATSA_LOCUS12516,415,734,750,339,594,608
DIATSA_LOCUS12517,102,203,207,139,238,245
DIATSA_LOCUS12518,1,2,2,0,1,1
DIATSA_LOCUS12519,0,0,0,0,0,0
DIATSA_LOCUS1252,57,141,140,45,111,119
DIATSA_LOCUS12520,0,0,0,0,0,0
DIATSA_LOCUS12521,8,11,11,4,7,8
DIATSA_LOCUS12522,49,99,102,27,58,59
DIATSA_LOCUS12523,25,50,52,1,5,5
DIATSA_LOCUS12524,128,224,235,48,84,88
DIATSA_LOCUS12525,4,5,5,1,2,2
DIATSA_LOCUS12526,1,2,2,0,1,1
DIATSA_LOCUS12527,37,74,78,27,60,60
DIATSA_LOCUS12528,147,306,316,95,183,193
DIATSA_LOCUS12529,181,345,357,136,230,239
DIATSA_LOCUS1253,489,926,971,1051,1909,2000
DIATSA_LOCUS12530,27,73,76,38,80,85
DIATSA_LOCUS12531,0,0,0,0,92,0
DIATSA_LOCUS12532,33,60,66,25,59,61
DIATSA_LOCUS12533,0,1,1,0,0,0
DIATSA_LOCUS12534,129,276,285,128,260,273
DIATSA_LOCUS12535,79,229,243,160,343,354
DIATSA_LOCUS12536,812,1707,1795,305,657,677
DIATSA_LOCUS12537,136,212,221,84,127,129
DIATSA_LOCUS12538,44,87,92,87,245,250
DIATSA_LOCUS12539,125,221,227,86,183,191
DIATSA_LOCUS1254,0,0,1,0,0,1
DIATSA_LOCUS12540,534,1118,1168,838,1651,1697
DIATSA_LOCUS12541,0,0,0,0,1,1
DIATSA_LOCUS12542,0,0,0,0,0,0
DIATSA_LOCUS12543,25,31,32,12,20,23
DIATSA_LOCUS12544,168,322,348,129,337,352
DIATSA_LOCUS12545,110,221,230,94,173,178
DIATSA_LOCUS12546,53,96,97,25,49,49
DIATSA_LOCUS12547,135,319,328,73,189,196
DIATSA_LOCUS12548,228,356,370,444,632,649
DIATSA_LOCUS12549,160,313,324,92,156,163
DIATSA_LOCUS1255,0,0,0,0,1,1
DIATSA_LOCUS12550,86,140,142,34,62,64
DIATSA_LOCUS12551,209,463,479,169,348,359
DIATSA_LOCUS12552,115,214,221,46,97,102
DIATSA_LOCUS12553,288,538,567,160,316,334
DIATSA_LOCUS12554,17390,32034,33288,20709,39995,41698
DIATSA_LOCUS12555,101,187,194,79,155,158
DIATSA_LOCUS12556,0,0,0,0,0,0
DIATSA_LOCUS12557,24,57,55,63,166,174
DIATSA_LOCUS12558,168,373,386,159,365,376
DIATSA_LOCUS12559,1,7,8,9,19,20
DIATSA_LOCUS1256,119,233,245,73,147,154
DIATSA_LOCUS12560,0,0,1,10,17,19
DIATSA_LOCUS12561,83,190,198,67,138,143
DIATSA_LOCUS12562,62,109,112,42,92,97
DIATSA_LOCUS12563,236,456,475,90,184,189
DIATSA_LOCUS12564,25,57,58,5,12,14
DIATSA_LOCUS12565,2,2,2,6,5,5
DIATSA_LOCUS12566,1,4,4,4,4,5
DIATSA_LOCUS12567,4,5,5,4,5,5
DIATSA_LOCUS12568,163,343,364,57,116,122
DIATSA_LOCUS12569,164,314,329,61,126,132
DIATSA_LOCUS1257,18,33,35,12,27,29
DIATSA_LOCUS12570,292,533,545,277,505,520
DIATSA_LOCUS12571,65,134,138,39,82,86
DIATSA_LOCUS12572,35,65,66,23,40,41
DIATSA_LOCUS12573,83,151,161,72,135,141
DIATSA_LOCUS12574,0,0,0,0,0,0
DIATSA_LOCUS12575,301,614,650,143,276,288
DIATSA_LOCUS12576,125,221,233,56,109,108
DIATSA_LOCUS12577,1,5,5,7,12,13
DIATSA_LOCUS12578,31,65,70,13,30,31
DIATSA_LOCUS12579,2,4,4,0,0,0
DIATSA_LOCUS1258,308,622,639,258,515,533
DIATSA_LOCUS12580,99,184,195,78,149,154
DIATSA_LOCUS12581,480,1023,1066,594,1220,1270
DIATSA_LOCUS12582,70,140,138,31,59,61
DIATSA_LOCUS12583,45,111,112,51,123,129
DIATSA_LOCUS12584,97,177,185,93,171,180
DIATSA_LOCUS12585,0,0,0,0,0,0
DIATSA_LOCUS12586,2,4,4,2,3,4
DIATSA_LOCUS12587,1,2,2,0,0,0
DIATSA_LOCUS12588,42,79,83,17,53,54
DIATSA_LOCUS12589,108,233,241,141,232,240
DIATSA_LOCUS1259,409,584,595,361,540,565
DIATSA_LOCUS12590,2057,4169,4303,2040,4193,4359
DIATSA_LOCUS12591,199,361,371,176,340,357
DIATSA_LOCUS12592,22,63,66,59,104,106
DIATSA_LOCUS12593,26,35,36,25,55,60
DIATSA_LOCUS12594,39,77,78,10,20,21
DIATSA_LOCUS12595,148,298,317,137,267,278
DIATSA_LOCUS12596,10,17,17,15,27,27
DIATSA_LOCUS12597,47,90,94,62,120,122
DIATSA_LOCUS12598,12,18,18,7,19,19
DIATSA_LOCUS12599,124,256,266,36,89,98
DIATSA_LOCUS126,0,8,11,0,0,1
DIATSA_LOCUS1260,21,51,51,9,19,21
DIATSA_LOCUS12600,50,80,80,50,103,110
DIATSA_LOCUS12601,161,314,319,63,133,138
DIATSA_LOCUS12602,488,960,994,227,459,473
DIATSA_LOCUS12603,184,368,393,94,156,164
DIATSA_LOCUS12604,72,146,149,84,165,169
DIATSA_LOCUS12605,200,407,426,244,561,579
DIATSA_LOCUS12606,296,521,537,315,536,555
DIATSA_LOCUS12607,1,4,4,2,3,3
DIATSA_LOCUS12608,24,43,43,0,1,1
DIATSA_LOCUS12609,17,42,44,5,8,9
DIATSA_LOCUS1261,3,6,6,3,4,4
DIATSA_LOCUS12610,4,13,13,0,1,1
DIATSA_LOCUS12611,7,13,14,1,2,3
DIATSA_LOCUS12612,12,18,21,1,7,9
DIATSA_LOCUS12613,844,1715,1782,373,798,828
DIATSA_LOCUS12614,605,1180,1237,419,776,803
DIATSA_LOCUS12615,8853,14386,14911,16227,25493,26492
DIATSA_LOCUS12616,184,345,358,106,184,189
DIATSA_LOCUS12617,289,591,618,198,444,467
DIATSA_LOCUS12618,0,0,0,0,0,1
DIATSA_LOCUS12619,0,2,2,0,0,0
DIATSA_LOCUS1262,251,524,536,268,532,550
DIATSA_LOCUS12620,20,52,55,10,26,26
DIATSA_LOCUS12621,119,206,219,79,147,154
DIATSA_LOCUS12622,3672,6538,6744,4437,7370,7651
DIATSA_LOCUS12623,3,8,8,4,5,5
DIATSA_LOCUS12624,550,1144,1201,306,659,696
DIATSA_LOCUS12625,16,26,29,14,21,22
DIATSA_LOCUS12626,105,198,203,40,96,99
DIATSA_LOCUS12627,20,31,32,11,27,29
DIATSA_LOCUS12628,375,669,699,201,365,392
DIATSA_LOCUS12629,78,134,136,87,148,151
DIATSA_LOCUS1263,793,1332,1366,889,1425,1476
DIATSA_LOCUS12630,35,80,82,21,44,45
DIATSA_LOCUS12631,11,13,14,4,10,10
DIATSA_LOCUS12632,3670,7975,8380,4162,9434,10024
DIATSA_LOCUS12633,27,38,38,19,26,28
DIATSA_LOCUS12634,683,1069,1108,512,866,892
DIATSA_LOCUS12635,4,4,4,3,5,5
DIATSA_LOCUS12636,12,23,24,4,8,8
DIATSA_LOCUS12637,104,174,187,81,174,184
DIATSA_LOCUS12638,75,154,159,55,124,130
DIATSA_LOCUS12639,0,0,0,2,2,3
DIATSA_LOCUS1264,113,222,225,96,199,200
DIATSA_LOCUS12640,2087,3523,3667,1878,3529,3663
DIATSA_LOCUS12641,38,86,90,25,46,48
DIATSA_LOCUS12642,131459,259816,271591,142639,291786,305677
DIATSA_LOCUS12643,2,3,3,0,1,1
DIATSA_LOCUS12644,7,14,16,1,2,2
DIATSA_LOCUS12645,140,299,310,96,197,217
DIATSA_LOCUS12646,4011,7329,7575,3494,6162,6248
DIATSA_LOCUS12647,20,52,58,19,35,35
DIATSA_LOCUS12648,159,331,341,107,194,207
DIATSA_LOCUS12649,2323,4312,4558,1161,2234,2333
DIATSA_LOCUS1265,205,399,410,181,339,350
DIATSA_LOCUS12650,869,1401,1475,246,418,432
DIATSA_LOCUS12651,14,27,29,15,37,37
DIATSA_LOCUS12652,751,1351,1394,585,1094,1131
DIATSA_LOCUS12653,1062,1927,1990,887,1587,1642
DIATSA_LOCUS12654,76,162,171,41,90,94
DIATSA_LOCUS12655,8,19,19,2,12,12
DIATSA_LOCUS12656,118,215,220,50,89,96
DIATSA_LOCUS12657,0,0,0,0,0,0
DIATSA_LOCUS12658,9,15,15,3,5,5
DIATSA_LOCUS12659,15,51,53,10,57,58
DIATSA_LOCUS1266,281,508,530,128,233,246
DIATSA_LOCUS12660,15,31,33,19,35,35
DIATSA_LOCUS12661,474,881,917,244,438,454
DIATSA_LOCUS12662,74,161,162,54,97,105
DIATSA_LOCUS12663,0,0,0,0,0,0
DIATSA_LOCUS12664,201,290,307,48,74,78
DIATSA_LOCUS12665,28,44,44,10,14,15
DIATSA_LOCUS12666,81,175,185,10,25,28
DIATSA_LOCUS12667,174,327,335,71,143,146
DIATSA_LOCUS12668,1,4,4,1,1,1
DIATSA_LOCUS12669,0,0,0,1,4,4
DIATSA_LOCUS1267,142,296,307,89,199,211
DIATSA_LOCUS12670,59,152,159,104,272,286
DIATSA_LOCUS12671,3,4,6,9,15,15
DIATSA_LOCUS12672,172,360,377,77,200,206
DIATSA_LOCUS12673,0,0,0,0,0,0
DIATSA_LOCUS12674,0,0,0,1,2,2
DIATSA_LOCUS12675,32,96,97,55,121,124
DIATSA_LOCUS12676,522,944,993,555,960,997
DIATSA_LOCUS12677,51,104,111,39,88,87
DIATSA_LOCUS12678,6,9,10,0,1,1
DIATSA_LOCUS12679,17718,31352,32714,10560,19314,20205
DIATSA_LOCUS1268,733,1540,1585,664,1418,1480
DIATSA_LOCUS12680,6886,14540,15101,8004,12553,13090
DIATSA_LOCUS12681,4975,10877,11274,2200,5822,5983
DIATSA_LOCUS12682,0,0,0,0,0,0
DIATSA_LOCUS12683,15,28,31,34,54,56
DIATSA_LOCUS12684,0,0,0,0,0,0
DIATSA_LOCUS12685,141,207,222,159,243,256
DIATSA_LOCUS12686,193,369,378,46,105,111
DIATSA_LOCUS12687,180,321,334,94,177,186
DIATSA_LOCUS12688,25,29,31,16,30,29
DIATSA_LOCUS12689,1,2,2,0,2,2
DIATSA_LOCUS1269,111,237,245,129,254,257
DIATSA_LOCUS12690,133,229,235,150,256,264
DIATSA_LOCUS12691,0,2,2,1,2,2
DIATSA_LOCUS12692,1,2,2,1,2,2
DIATSA_LOCUS12693,30,58,60,60,98,103
DIATSA_LOCUS12694,0,0,2,0,0,0
DIATSA_LOCUS12695,0,0,0,0,0,0
DIATSA_LOCUS12696,0,0,0,0,0,0
DIATSA_LOCUS12697,36,74,75,34,78,83
DIATSA_LOCUS12698,8,15,19,15,25,28
DIATSA_LOCUS12699,11,22,23,1,5,4
DIATSA_LOCUS127,9,21,22,19,26,27
DIATSA_LOCUS1270,261,499,518,245,496,511
DIATSA_LOCUS12700,7,18,18,28,45,46
DIATSA_LOCUS12701,36,57,62,19,30,29
DIATSA_LOCUS12702,872,1720,1788,954,1878,1955
DIATSA_LOCUS12703,278,484,503,354,645,683
DIATSA_LOCUS12704,35,77,81,21,48,49
DIATSA_LOCUS12705,11,16,16,36,41,41
DIATSA_LOCUS12706,4,7,11,4,8,10
DIATSA_LOCUS12707,21,44,46,23,52,54
DIATSA_LOCUS12708,9,12,12,3,4,4
DIATSA_LOCUS12709,23,35,37,18,27,27
DIATSA_LOCUS1271,121,196,203,119,194,201
DIATSA_LOCUS12710,99,228,244,60,124,132
DIATSA_LOCUS12711,356,687,710,350,669,694
DIATSA_LOCUS12712,91,182,188,160,323,336
DIATSA_LOCUS12713,69,113,120,21,48,49
DIATSA_LOCUS12714,0,0,0,0,0,0
DIATSA_LOCUS12715,1,8,9,6,8,9
DIATSA_LOCUS12716,188,328,338,223,353,363
DIATSA_LOCUS12717,192,425,437,141,319,331
DIATSA_LOCUS12718,407,824,874,464,1007,1078
DIATSA_LOCUS12719,2,4,6,2,4,5
DIATSA_LOCUS1272,12,22,22,31,54,58
DIATSA_LOCUS12720,1,3,3,6,13,13
DIATSA_LOCUS12721,379,711,736,347,691,718
DIATSA_LOCUS12722,1,1,1,0,0,0
DIATSA_LOCUS12723,67,134,143,25,41,43
DIATSA_LOCUS12724,4,6,7,1,4,5
DIATSA_LOCUS12725,89,168,180,59,137,144
DIATSA_LOCUS12726,109,253,263,76,188,198
DIATSA_LOCUS12727,0,0,0,0,0,0
DIATSA_LOCUS12728,10,17,18,6,10,10
DIATSA_LOCUS12729,32,55,54,35,65,66
DIATSA_LOCUS1273,10,27,28,34,51,52
DIATSA_LOCUS12730,90,162,166,101,192,202
DIATSA_LOCUS12731,2,7,7,1,4,4
DIATSA_LOCUS12732,61,111,112,30,57,58
DIATSA_LOCUS12733,620,1102,1129,813,1472,1536
DIATSA_LOCUS12734,243,571,596,98,257,271
DIATSA_LOCUS12735,0,0,0,0,0,0
DIATSA_LOCUS12736,51,113,121,71,141,151
DIATSA_LOCUS12737,85,178,186,58,127,132
DIATSA_LOCUS12738,126,265,275,124,231,240
DIATSA_LOCUS12739,161,292,303,84,173,177
DIATSA_LOCUS1274,40,80,84,20,44,46
DIATSA_LOCUS12740,0,0,0,0,0,0
DIATSA_LOCUS12741,31,70,77,17,37,40
DIATSA_LOCUS12742,1,2,2,1,1,2
DIATSA_LOCUS12743,9,12,16,2,6,6
DIATSA_LOCUS12744,48,82,85,39,82,85
DIATSA_LOCUS12745,1495,2985,3102,1282,2525,2623
DIATSA_LOCUS12746,48,60,60,10,21,24
DIATSA_LOCUS12747,1,2,2,3,3,3
DIATSA_LOCUS12748,0,5,5,2,1,1
DIATSA_LOCUS12749,451,890,913,543,1034,1076
DIATSA_LOCUS1275,148,280,292,54,99,103
DIATSA_LOCUS12750,159,273,280,51,84,85
DIATSA_LOCUS12751,3854,8870,9263,5906,12458,13009
DIATSA_LOCUS12752,49,118,120,65,129,136
DIATSA_LOCUS12753,1674,3063,3192,1814,3339,3475
DIATSA_LOCUS12754,71045,120891,125936,63609,113488,118528
DIATSA_LOCUS12755,186,329,345,158,267,273
DIATSA_LOCUS12756,0,2,2,0,0,0
DIATSA_LOCUS12757,2,5,5,1,2,2
DIATSA_LOCUS12758,3,3,4,0,1,1
DIATSA_LOCUS12759,22,34,35,7,10,10
DIATSA_LOCUS1276,228,392,407,119,196,205
DIATSA_LOCUS12760,0,0,0,0,0,0
DIATSA_LOCUS12761,3,4,4,1,6,7
DIATSA_LOCUS12762,21,42,44,12,20,20
DIATSA_LOCUS12763,4,8,9,5,8,8
DIATSA_LOCUS12764,76,166,180,88,180,194
DIATSA_LOCUS12765,20,33,36,17,27,27
DIATSA_LOCUS12766,21,42,44,6,12,12
DIATSA_LOCUS12767,46,85,87,7,13,13
DIATSA_LOCUS12768,3,9,9,3,6,7
DIATSA_LOCUS12769,231,482,511,164,356,379
DIATSA_LOCUS1277,39,105,114,47,104,108
DIATSA_LOCUS12770,0,1,1,1,1,1
DIATSA_LOCUS12771,0,1,1,1,2,2
DIATSA_LOCUS12772,141,332,345,28,58,62
DIATSA_LOCUS12773,912,1916,2023,887,1973,2080
DIATSA_LOCUS12774,5,7,7,2,6,7
DIATSA_LOCUS12775,1,1,1,0,1,1
DIATSA_LOCUS12776,296,606,633,110,236,239
DIATSA_LOCUS12777,0,0,0,0,0,0
DIATSA_LOCUS12778,103,191,202,111,202,210
DIATSA_LOCUS12779,3,7,8,3,8,9
DIATSA_LOCUS1278,65,129,134,61,111,114
DIATSA_LOCUS12780,8,22,22,2,6,6
DIATSA_LOCUS12781,0,0,0,0,0,0
DIATSA_LOCUS12782,0,0,0,0,0,0
DIATSA_LOCUS12783,70,139,144,39,83,86
DIATSA_LOCUS12784,10,24,26,15,26,27
DIATSA_LOCUS12785,40,84,90,22,35,36
DIATSA_LOCUS12786,51,84,89,25,45,48
DIATSA_LOCUS12787,17,27,27,7,14,14
DIATSA_LOCUS12788,5,9,11,0,0,0
DIATSA_LOCUS12789,170,312,328,169,331,352
DIATSA_LOCUS1279,167,326,335,153,297,312
DIATSA_LOCUS12790,99,173,180,31,71,73
DIATSA_LOCUS12791,23,41,43,12,21,21
DIATSA_LOCUS12792,899,1723,1803,1062,1909,1976
DIATSA_LOCUS12793,0,0,0,0,0,0
DIATSA_LOCUS12794,1,2,2,1,1,1
DIATSA_LOCUS12795,0,1,1,0,3,3
DIATSA_LOCUS12796,8,16,16,1,1,1
DIATSA_LOCUS12797,153,327,338,259,508,525
DIATSA_LOCUS12798,304,585,603,423,797,826
DIATSA_LOCUS12799,1,8,8,3,7,8
DIATSA_LOCUS128,15,25,25,12,23,25
DIATSA_LOCUS1280,253,435,452,319,561,586
DIATSA_LOCUS12800,119,226,235,27,51,53
DIATSA_LOCUS12801,367,694,719,551,1048,1090
DIATSA_LOCUS12802,252,499,521,230,462,475
DIATSA_LOCUS12803,5955,13788,14317,8965,19511,20219
DIATSA_LOCUS12804,88,153,161,42,81,86
DIATSA_LOCUS12805,27,43,46,36,64,70
DIATSA_LOCUS12806,23,40,47,4,15,15
DIATSA_LOCUS12807,1,2,2,0,1,2
DIATSA_LOCUS12808,1,3,4,1,1,1
DIATSA_LOCUS12809,0,0,0,0,0,0
DIATSA_LOCUS1281,548,1152,1187,331,682,704
DIATSA_LOCUS12810,1,1,1,0,0,0
DIATSA_LOCUS12811,2807,5470,5674,2806,5628,5874
DIATSA_LOCUS12812,67,125,130,59,132,138
DIATSA_LOCUS12813,1,2,3,0,0,0
DIATSA_LOCUS12814,743,1346,1406,1028,1869,1957
DIATSA_LOCUS12815,294,488,519,139,247,252
DIATSA_LOCUS12816,44,86,88,56,109,111
DIATSA_LOCUS12817,460,875,924,361,744,777
DIATSA_LOCUS12818,178,325,337,67,119,122
DIATSA_LOCUS12819,0,1,1,0,0,0
DIATSA_LOCUS1282,43,78,80,6,17,17
DIATSA_LOCUS12820,61,138,150,71,135,142
DIATSA_LOCUS12821,66,135,141,52,124,128
DIATSA_LOCUS12822,2,6,7,0,2,2
DIATSA_LOCUS12823,39,83,88,44,85,89
DIATSA_LOCUS12824,0,0,0,0,0,0
DIATSA_LOCUS12825,45,93,97,40,83,84
DIATSA_LOCUS12826,13,39,43,13,22,22
DIATSA_LOCUS12827,16,33,33,16,31,31
DIATSA_LOCUS12828,506,889,923,489,907,951
DIATSA_LOCUS12829,0,0,0,0,0,0
DIATSA_LOCUS1283,10,15,16,11,20,21
DIATSA_LOCUS12830,65,125,128,36,71,75
DIATSA_LOCUS12831,30,58,57,9,27,28
DIATSA_LOCUS12832,515,828,847,308,498,516
DIATSA_LOCUS12833,170,414,431,103,265,277
DIATSA_LOCUS12834,3995,5875,6082,3938,6358,6568
DIATSA_LOCUS12835,18420,29155,30952,14670,24382,25244
DIATSA_LOCUS12836,65,156,163,79,215,221
DIATSA_LOCUS12837,211,446,461,147,315,328
DIATSA_LOCUS12838,319,694,713,385,842,883
DIATSA_LOCUS12839,3,6,8,0,4,4
DIATSA_LOCUS1284,240,449,464,103,173,179
DIATSA_LOCUS12840,6,8,10,2,3,3
DIATSA_LOCUS12841,12460,19418,20357,10364,18925,19908
DIATSA_LOCUS12842,1193,2162,2271,1391,2552,2679
DIATSA_LOCUS12843,104,204,219,317,664,689
DIATSA_LOCUS12844,2132,3841,4004,1778,3516,3643
DIATSA_LOCUS12845,122,222,232,138,273,291
DIATSA_LOCUS12846,100,200,214,38,89,91
DIATSA_LOCUS12847,9503,16233,16852,9649,15045,15580
DIATSA_LOCUS12848,160,324,339,202,373,397
DIATSA_LOCUS12849,31,53,56,13,23,24
DIATSA_LOCUS1285,282,569,588,209,420,440
DIATSA_LOCUS12850,33,60,68,12,30,32
DIATSA_LOCUS12851,672,1133,1179,382,676,698
DIATSA_LOCUS12852,56,141,144,42,109,112
DIATSA_LOCUS12853,3,8,8,3,7,7
DIATSA_LOCUS12854,434,962,1015,274,595,620
DIATSA_LOCUS12855,32,64,68,24,50,52
DIATSA_LOCUS12856,124,245,256,154,325,327
DIATSA_LOCUS12857,111,226,236,110,236,246
DIATSA_LOCUS12858,132,258,275,53,128,137
DIATSA_LOCUS12859,66,114,117,37,55,59
DIATSA_LOCUS1286,250,507,525,217,415,442
DIATSA_LOCUS12860,0,0,0,0,0,0
DIATSA_LOCUS12861,0,0,0,0,0,0
DIATSA_LOCUS12862,1,3,3,0,6,9
DIATSA_LOCUS12863,24,41,45,6,12,14
DIATSA_LOCUS12864,0,0,0,0,0,0
DIATSA_LOCUS12865,2,5,5,2,2,2
DIATSA_LOCUS12866,20713,38572,39984,22279,42304,43734
DIATSA_LOCUS12867,27,35,33,10,11,11
DIATSA_LOCUS12868,112,213,227,76,176,183
DIATSA_LOCUS12869,261,541,568,83,167,168
DIATSA_LOCUS1287,662,1410,1478,568,1210,1264
DIATSA_LOCUS12870,42,94,96,31,64,69
DIATSA_LOCUS12871,1,7,7,2,16,18
DIATSA_LOCUS12872,82,135,137,82,157,165
DIATSA_LOCUS12873,34,78,79,17,47,49
DIATSA_LOCUS12874,40,86,90,62,133,137
DIATSA_LOCUS12875,78,199,204,80,188,191
DIATSA_LOCUS12876,334,676,709,121,242,257
DIATSA_LOCUS12877,0,3,4,1,2,2
DIATSA_LOCUS12878,149,272,282,149,306,321
DIATSA_LOCUS12879,536,937,984,407,803,852
DIATSA_LOCUS1288,99,177,182,74,128,134
DIATSA_LOCUS12880,1,1,1,0,0,0
DIATSA_LOCUS12881,73,173,178,79,162,164
DIATSA_LOCUS12882,4,9,10,3,4,4
DIATSA_LOCUS12883,3,3,3,0,0,0
DIATSA_LOCUS12884,64,108,114,80,161,170
DIATSA_LOCUS12885,1126,1961,2029,925,1635,1675
DIATSA_LOCUS12886,282,571,596,248,523,544
DIATSA_LOCUS12887,307,645,665,162,343,351
DIATSA_LOCUS12888,18091,31960,33219,16698,30023,31210
DIATSA_LOCUS12889,167,375,384,145,327,346
DIATSA_LOCUS1289,95,183,185,135,242,246
DIATSA_LOCUS12890,1572,3586,3838,1677,3836,4114
DIATSA_LOCUS12891,1004,2030,2099,765,1546,1616
DIATSA_LOCUS12892,339,676,702,216,490,506
DIATSA_LOCUS12893,320,619,639,308,593,611
DIATSA_LOCUS12894,81,215,225,72,196,203
DIATSA_LOCUS12895,0,0,0,0,0,0
DIATSA_LOCUS12896,2,3,3,0,1,1
DIATSA_LOCUS12897,7,17,17,9,18,18
DIATSA_LOCUS12898,49,92,98,13,32,33
DIATSA_LOCUS12899,2,16,17,5,13,13
DIATSA_LOCUS129,238,427,444,147,249,260
DIATSA_LOCUS1290,120,214,219,113,237,241
DIATSA_LOCUS12900,8,18,19,5,13,13
DIATSA_LOCUS12901,3,5,5,2,2,2
DIATSA_LOCUS12902,10,24,27,3,8,9
DIATSA_LOCUS12903,54,104,109,27,58,62
DIATSA_LOCUS12904,36,88,93,42,91,95
DIATSA_LOCUS12905,2245,4200,4354,3485,6820,7074
DIATSA_LOCUS12906,0,0,0,1,4,5
DIATSA_LOCUS12907,64,128,135,36,91,99
DIATSA_LOCUS12908,0,0,0,2,5,5
DIATSA_LOCUS12909,1123,2609,2781,2052,4325,4593
DIATSA_LOCUS1291,374,738,769,520,949,976
DIATSA_LOCUS12910,82,143,151,13,36,38
DIATSA_LOCUS12911,12,18,18,15,26,28
DIATSA_LOCUS12912,10,15,15,13,23,24
DIATSA_LOCUS12913,117,246,259,35,72,73
DIATSA_LOCUS12914,122,257,273,139,276,295
DIATSA_LOCUS12915,1013,1902,1970,978,1822,1883
DIATSA_LOCUS12916,302,606,620,532,1062,1105
DIATSA_LOCUS12917,49,93,97,33,89,95
DIATSA_LOCUS12918,33,82,84,23,50,54
DIATSA_LOCUS12919,276,544,569,186,381,401
DIATSA_LOCUS1292,449,972,1000,336,877,905
DIATSA_LOCUS12920,30,60,65,18,35,35
DIATSA_LOCUS12921,28,57,59,16,33,36
DIATSA_LOCUS12922,557,1078,1107,621,1146,1202
DIATSA_LOCUS12923,77,144,149,137,253,270
DIATSA_LOCUS12924,155,259,266,218,353,361
DIATSA_LOCUS12925,211,381,393,85,158,166
DIATSA_LOCUS12926,61,144,149,84,170,171
DIATSA_LOCUS12927,52,119,125,25,55,55
DIATSA_LOCUS12928,67,131,135,48,108,115
DIATSA_LOCUS12929,777,1534,1607,900,1860,1939
DIATSA_LOCUS1293,9307,17746,18390,14021,27482,28524
DIATSA_LOCUS12930,3,8,8,8,11,11
DIATSA_LOCUS12931,52,114,119,22,48,49
DIATSA_LOCUS12932,116,197,202,64,101,107
DIATSA_LOCUS12933,0,0,0,6,6,6
DIATSA_LOCUS12934,44,92,95,26,46,49
DIATSA_LOCUS12935,408,898,941,596,1210,1267
DIATSA_LOCUS12936,839,1475,1533,733,1328,1392
DIATSA_LOCUS12937,489,935,968,299,586,617
DIATSA_LOCUS12938,111,225,234,42,74,76
DIATSA_LOCUS12939,597,1123,1165,572,1231,1281
DIATSA_LOCUS1294,105,200,206,59,147,149
DIATSA_LOCUS12940,42,96,104,36,65,69
DIATSA_LOCUS12941,5,13,13,15,35,39
DIATSA_LOCUS12942,42,69,74,33,60,61
DIATSA_LOCUS12943,0,0,0,0,0,0
DIATSA_LOCUS12944,2,3,3,0,0,0
DIATSA_LOCUS12945,46,91,95,21,50,52
DIATSA_LOCUS12946,128,324,335,154,372,382
DIATSA_LOCUS12947,114,207,216,42,102,102
DIATSA_LOCUS12948,44,98,104,27,63,65
DIATSA_LOCUS12949,98,192,199,99,196,201
DIATSA_LOCUS1295,2,3,4,1,1,1
DIATSA_LOCUS12950,149,302,312,227,422,443
DIATSA_LOCUS12951,54,134,136,31,56,58
DIATSA_LOCUS12952,29,48,51,23,39,39
DIATSA_LOCUS12953,37,63,66,11,23,23
DIATSA_LOCUS12954,768,1593,1672,443,909,954
DIATSA_LOCUS12955,3,3,3,6,14,13
DIATSA_LOCUS12956,0,0,0,1,1,1
DIATSA_LOCUS12957,314,614,642,270,505,522
DIATSA_LOCUS12958,0,0,0,0,0,0
DIATSA_LOCUS12959,0,0,0,0,0,0
DIATSA_LOCUS1296,0,0,2,1,1,1
DIATSA_LOCUS12960,0,0,0,0,0,0
DIATSA_LOCUS12961,31,65,66,13,23,25
DIATSA_LOCUS12962,13,30,30,16,36,36
DIATSA_LOCUS12963,2058,3778,3890,1951,3670,3803
DIATSA_LOCUS12964,60,152,153,38,87,90
DIATSA_LOCUS12965,336,628,650,161,346,363
DIATSA_LOCUS12966,171,383,409,165,393,421
DIATSA_LOCUS12967,3,4,4,1,2,4
DIATSA_LOCUS12968,13,28,28,3,8,8
DIATSA_LOCUS12969,37,55,63,30,45,45
DIATSA_LOCUS1297,43,90,94,16,43,46
DIATSA_LOCUS12970,2048,3730,3884,2218,3896,4069
DIATSA_LOCUS12971,29,64,65,33,59,60
DIATSA_LOCUS12972,174,361,375,173,335,348
DIATSA_LOCUS12973,102,184,194,66,143,149
DIATSA_LOCUS12974,9,12,12,0,0,0
DIATSA_LOCUS12975,0,1,1,0,0,0
DIATSA_LOCUS12976,454,891,936,372,781,811
DIATSA_LOCUS12977,34,80,83,33,61,62
DIATSA_LOCUS12978,153,256,262,158,313,324
DIATSA_LOCUS12979,29,79,81,10,24,25
DIATSA_LOCUS1298,61,124,128,77,169,180
DIATSA_LOCUS12980,17,36,38,4,16,17
DIATSA_LOCUS12981,17,44,46,18,34,38
DIATSA_LOCUS12982,72,130,133,22,41,43
DIATSA_LOCUS12983,236,435,461,328,563,581
DIATSA_LOCUS12984,28,45,46,32,57,59
DIATSA_LOCUS12985,187,385,409,104,194,199
DIATSA_LOCUS12986,4,12,12,5,5,5
DIATSA_LOCUS12987,8,14,14,2,3,3
DIATSA_LOCUS12988,11,25,26,10,24,24
DIATSA_LOCUS12989,92,169,174,71,156,165
DIATSA_LOCUS1299,0,0,0,0,0,0
DIATSA_LOCUS12990,626,1228,1265,869,1749,1825
DIATSA_LOCUS12991,100,207,213,31,80,84
DIATSA_LOCUS12992,71,125,129,69,133,136
DIATSA_LOCUS12993,47,97,95,43,79,85
DIATSA_LOCUS12994,42,89,92,30,74,74
DIATSA_LOCUS12995,235,394,412,139,227,232
DIATSA_LOCUS12996,4,14,14,1,2,2
DIATSA_LOCUS12997,0,0,0,0,0,0
DIATSA_LOCUS12998,104,270,285,110,272,288
DIATSA_LOCUS12999,91,185,191,92,171,178
DIATSA_LOCUS13,630,1273,1323,726,1440,1504
DIATSA_LOCUS130,0,3,4,4,6,6
DIATSA_LOCUS1300,212,417,426,66,147,153
DIATSA_LOCUS13000,168,310,326,101,191,201
DIATSA_LOCUS13001,46,93,100,26,48,49
DIATSA_LOCUS13002,0,1,1,0,1,1
DIATSA_LOCUS13003,91,156,161,73,141,148
DIATSA_LOCUS13004,0,0,0,0,0,0
DIATSA_LOCUS13005,130,246,251,85,170,179
DIATSA_LOCUS13006,119,257,264,147,322,338
DIATSA_LOCUS13007,91,170,173,42,89,92
DIATSA_LOCUS13008,91,190,194,124,250,257
DIATSA_LOCUS13009,1771,3157,3281,1975,3547,3665
DIATSA_LOCUS1301,809,1666,1743,637,1315,1350
DIATSA_LOCUS13010,0,0,0,0,0,0
DIATSA_LOCUS13011,136,404,426,178,487,512
DIATSA_LOCUS13012,57,111,115,40,83,84
DIATSA_LOCUS13013,14,19,19,3,6,7
DIATSA_LOCUS13014,0,2,2,1,1,1
DIATSA_LOCUS13015,166,294,303,49,91,93
DIATSA_LOCUS13016,0,0,0,0,0,0
DIATSA_LOCUS13017,4,7,7,0,1,1
DIATSA_LOCUS13018,11,17,17,13,25,26
DIATSA_LOCUS13019,7,18,19,10,15,13
DIATSA_LOCUS1302,33,51,51,19,34,34
DIATSA_LOCUS13020,0,0,0,0,0,0
DIATSA_LOCUS13021,0,0,0,0,0,1
DIATSA_LOCUS13022,54,134,133,46,91,92
DIATSA_LOCUS13023,75,133,139,14,20,20
DIATSA_LOCUS13024,200,442,473,159,347,371
DIATSA_LOCUS13025,7,8,10,0,5,5
DIATSA_LOCUS13026,4,3,4,2,5,5
DIATSA_LOCUS13027,71,156,162,64,122,128
DIATSA_LOCUS13028,385,863,895,267,678,704
DIATSA_LOCUS13029,13,24,24,5,14,15
DIATSA_LOCUS1303,0,0,0,0,0,0
DIATSA_LOCUS13030,294,519,535,340,614,639
DIATSA_LOCUS13031,152,321,332,161,331,342
DIATSA_LOCUS13032,31,73,79,14,39,41
DIATSA_LOCUS13033,93,191,199,107,206,214
DIATSA_LOCUS13034,2,2,2,0,0,0
DIATSA_LOCUS13035,9,14,14,1,2,2
DIATSA_LOCUS13036,2150,4075,4212,2991,5910,6064
DIATSA_LOCUS13037,0,0,0,0,0,0
DIATSA_LOCUS13038,24,63,69,50,107,116
DIATSA_LOCUS13039,0,1,1,1,4,4
DIATSA_LOCUS1304,1,1,1,0,0,0
DIATSA_LOCUS13040,0,0,0,1,1,1
DIATSA_LOCUS13041,19,57,56,27,64,67
DIATSA_LOCUS13042,719,1386,1436,1157,2226,2297
DIATSA_LOCUS13043,246,519,527,186,410,435
DIATSA_LOCUS13044,981,1997,2008,1712,3336,3340
DIATSA_LOCUS13045,394,686,718,384,710,729
DIATSA_LOCUS13046,13,28,29,14,25,26
DIATSA_LOCUS13047,1826,3626,3723,2824,5860,6062
DIATSA_LOCUS13048,16,29,29,8,19,20
DIATSA_LOCUS13049,2,2,2,2,4,4
DIATSA_LOCUS1305,1,1,1,0,1,1
DIATSA_LOCUS13050,1,0,1,0,0,0
DIATSA_LOCUS13051,42,79,82,39,84,88
DIATSA_LOCUS13052,47,112,115,67,150,144
DIATSA_LOCUS13053,4,7,7,0,0,0
DIATSA_LOCUS13054,63,139,144,70,132,138
DIATSA_LOCUS13055,0,0,0,0,2,2
DIATSA_LOCUS13056,430,963,995,370,776,793
DIATSA_LOCUS13057,5258,9734,10011,7861,16017,16516
DIATSA_LOCUS13058,221,431,432,177,345,354
DIATSA_LOCUS13059,391,777,804,297,615,629
DIATSA_LOCUS1306,1,4,4,5,9,10
DIATSA_LOCUS13060,186,502,516,159,379,400
DIATSA_LOCUS13061,0,2,2,4,5,5
DIATSA_LOCUS13062,70,125,129,7,13,13
DIATSA_LOCUS13063,1729,3298,3408,1898,3638,3768
DIATSA_LOCUS13064,578,1178,1254,796,1652,1786
DIATSA_LOCUS13065,653,1343,1389,1044,2061,2151
DIATSA_LOCUS13066,0,0,0,0,0,0
DIATSA_LOCUS13067,58,96,102,21,43,45
DIATSA_LOCUS13068,31,65,72,14,21,23
DIATSA_LOCUS13069,2243,4282,4423,1391,2691,2801
DIATSA_LOCUS1307,2,7,8,1,2,3
DIATSA_LOCUS13070,116,215,220,46,103,108
DIATSA_LOCUS13071,4,12,13,0,1,1
DIATSA_LOCUS13072,15,33,33,5,10,11
DIATSA_LOCUS13073,188,387,408,57,86,86
DIATSA_LOCUS13074,14,19,19,6,12,12
DIATSA_LOCUS13075,5,8,7,1,1,2
DIATSA_LOCUS13076,0,0,1,1,3,3
DIATSA_LOCUS13077,0,1,1,0,0,0
DIATSA_LOCUS13078,6,13,13,1,3,3
DIATSA_LOCUS13079,9,15,16,4,7,7
DIATSA_LOCUS1308,67,131,131,55,103,106
DIATSA_LOCUS13080,3,15,18,5,8,8
DIATSA_LOCUS13081,98,184,195,56,102,105
DIATSA_LOCUS13082,10,11,11,7,7,7
DIATSA_LOCUS13083,1,5,8,3,3,3
DIATSA_LOCUS13084,20,37,39,8,14,15
DIATSA_LOCUS13085,7,14,14,2,10,10
DIATSA_LOCUS13086,135,241,247,44,91,93
DIATSA_LOCUS13087,71,164,168,43,82,86
DIATSA_LOCUS13088,32,62,64,27,60,61
DIATSA_LOCUS13089,16,31,32,11,12,12
DIATSA_LOCUS1309,43,70,73,28,55,57
DIATSA_LOCUS13090,183,401,416,123,267,279
DIATSA_LOCUS13091,0,1,1,1,0,0
DIATSA_LOCUS13092,0,0,1,0,0,0
DIATSA_LOCUS13093,2,3,3,2,2,2
DIATSA_LOCUS13094,0,0,0,0,0,0
DIATSA_LOCUS13095,0,0,0,0,0,0
DIATSA_LOCUS13096,0,1,1,0,0,0
DIATSA_LOCUS13097,0,0,0,0,0,0
DIATSA_LOCUS13098,0,0,0,0,0,0
DIATSA_LOCUS13099,0,0,0,0,0,0
DIATSA_LOCUS131,1202,2138,2210,843,1461,1514
DIATSA_LOCUS1310,536,884,904,494,794,824
DIATSA_LOCUS13100,0,0,0,0,0,0
DIATSA_LOCUS13101,0,0,0,0,0,0
DIATSA_LOCUS13102,0,0,0,0,0,0
DIATSA_LOCUS13103,0,0,0,0,0,0
DIATSA_LOCUS13104,0,0,0,0,0,0
DIATSA_LOCUS13105,0,0,0,0,1,1
DIATSA_LOCUS13106,9,15,15,3,3,3
DIATSA_LOCUS13107,139,225,227,134,214,217
DIATSA_LOCUS13108,59,124,136,42,80,82
DIATSA_LOCUS13109,2,5,5,1,1,1
DIATSA_LOCUS1311,26,63,66,26,48,51
DIATSA_LOCUS13110,0,0,0,0,1,1
DIATSA_LOCUS13111,294,568,590,379,730,757
DIATSA_LOCUS13112,3,4,6,0,1,1
DIATSA_LOCUS13113,52,96,102,29,54,56
DIATSA_LOCUS13114,95,214,222,90,215,222
DIATSA_LOCUS13115,14,20,21,14,33,33
DIATSA_LOCUS13116,91,131,137,23,39,43
DIATSA_LOCUS13117,92,173,181,46,87,92
DIATSA_LOCUS13118,74,137,143,36,77,78
DIATSA_LOCUS13119,45,143,148,59,134,145
DIATSA_LOCUS1312,144,281,288,113,231,237
DIATSA_LOCUS13120,24,52,54,28,50,51
DIATSA_LOCUS13121,530,1075,1126,506,874,910
DIATSA_LOCUS13122,96,204,208,130,270,287
DIATSA_LOCUS13123,47,126,130,43,108,111
DIATSA_LOCUS13124,13,26,26,10,18,18
DIATSA_LOCUS13125,156,313,319,128,276,283
DIATSA_LOCUS13126,35,76,79,32,66,73
DIATSA_LOCUS13127,293,634,658,200,433,443
DIATSA_LOCUS13128,1150,2066,2123,801,1426,1461
DIATSA_LOCUS13129,2,6,6,1,7,7
DIATSA_LOCUS1313,695,1388,1446,347,729,757
DIATSA_LOCUS13130,20,47,48,31,65,65
DIATSA_LOCUS13131,96,191,194,58,118,120
DIATSA_LOCUS13132,392,738,772,370,829,865
DIATSA_LOCUS13133,0,0,0,0,0,0
DIATSA_LOCUS13134,79,118,121,28,50,54
DIATSA_LOCUS13135,546,1129,1172,348,764,794
DIATSA_LOCUS13136,78,146,147,75,155,161
DIATSA_LOCUS13137,28,59,63,13,25,26
DIATSA_LOCUS13138,41,73,73,12,16,16
DIATSA_LOCUS13139,7,9,10,1,2,3
DIATSA_LOCUS1314,261,486,498,298,580,608
DIATSA_LOCUS13140,69,120,127,45,86,89
DIATSA_LOCUS13141,58,99,108,30,81,85
DIATSA_LOCUS13142,32,67,68,21,36,38
DIATSA_LOCUS13143,1,4,4,0,0,1
DIATSA_LOCUS13144,1,1,1,0,0,0
DIATSA_LOCUS13145,9,10,10,9,23,23
DIATSA_LOCUS13146,0,0,0,0,0,0
DIATSA_LOCUS13147,99,175,183,38,68,69
DIATSA_LOCUS13148,1753,3083,3187,1423,2575,2671
DIATSA_LOCUS13149,0,1,1,1,1,1
DIATSA_LOCUS1315,235,484,504,293,602,628
DIATSA_LOCUS13150,25,43,43,24,49,50
DIATSA_LOCUS13151,38,85,86,42,92,93
DIATSA_LOCUS13152,1033,2046,2114,823,1613,1668
DIATSA_LOCUS13153,31,54,55,36,77,78
DIATSA_LOCUS13154,0,0,0,0,0,0
DIATSA_LOCUS13155,0,9,0,0,15,15
DIATSA_LOCUS13156,24,54,56,29,40,41
DIATSA_LOCUS13157,0,1,1,3,5,5
DIATSA_LOCUS13158,3,7,8,0,1,1
DIATSA_LOCUS13159,134,284,312,37,110,116
DIATSA_LOCUS1316,97,211,222,107,228,238
DIATSA_LOCUS13160,27,44,44,7,17,17
DIATSA_LOCUS13161,15,43,45,7,14,14
DIATSA_LOCUS13162,547,1142,1182,591,1271,1300
DIATSA_LOCUS13163,221,503,541,241,516,559
DIATSA_LOCUS13164,667,1200,1279,604,1172,1229
DIATSA_LOCUS13165,274,471,492,237,491,506
DIATSA_LOCUS13166,32,71,72,13,27,27
DIATSA_LOCUS13167,67,119,129,68,139,146
DIATSA_LOCUS13168,0,0,0,0,0,0
DIATSA_LOCUS13169,151,276,289,103,195,203
DIATSA_LOCUS1317,18,49,51,8,20,20
DIATSA_LOCUS13170,13,28,28,11,18,18
DIATSA_LOCUS13171,605,1313,1370,334,719,757
DIATSA_LOCUS13172,442,802,828,541,974,1012
DIATSA_LOCUS13173,747,1486,1579,820,1527,1599
DIATSA_LOCUS13174,24,41,41,8,13,13
DIATSA_LOCUS13175,19,43,45,13,16,17
DIATSA_LOCUS13176,7,10,10,5,6,6
DIATSA_LOCUS13177,1,3,3,1,1,1
DIATSA_LOCUS13178,4,6,6,1,1,1
DIATSA_LOCUS13179,130,263,276,89,187,192
DIATSA_LOCUS1318,101,163,167,175,281,292
DIATSA_LOCUS13180,266,514,541,94,165,174
DIATSA_LOCUS13181,347,608,628,104,184,195
DIATSA_LOCUS13182,87,148,155,75,105,109
DIATSA_LOCUS13183,16,37,40,0,8,9
DIATSA_LOCUS13184,1784,2898,3011,1094,1707,1772
DIATSA_LOCUS13185,593,893,923,423,630,645
DIATSA_LOCUS13186,379,702,736,194,343,356
DIATSA_LOCUS13187,3,1,1,2,1,2
DIATSA_LOCUS13188,535,827,847,583,976,1009
DIATSA_LOCUS13189,243,402,419,261,408,418
DIATSA_LOCUS1319,107,206,214,53,100,103
DIATSA_LOCUS13190,160,353,370,229,515,541
DIATSA_LOCUS13191,2,5,5,4,4,4
DIATSA_LOCUS13192,8,18,18,5,8,8
DIATSA_LOCUS13193,1,5,5,3,3,3
DIATSA_LOCUS13194,21,42,46,31,60,61
DIATSA_LOCUS13195,4,9,9,13,20,21
DIATSA_LOCUS13196,46,102,110,24,50,52
DIATSA_LOCUS13197,44,84,87,59,106,111
DIATSA_LOCUS13198,0,1,1,0,0,0
DIATSA_LOCUS13199,2,1,1,0,1,1
DIATSA_LOCUS132,49,137,145,56,145,156
DIATSA_LOCUS1320,0,1,1,0,1,1
DIATSA_LOCUS13200,554,1112,1153,497,988,1028
DIATSA_LOCUS13201,8,17,19,19,32,31
DIATSA_LOCUS13202,139,245,255,103,192,195
DIATSA_LOCUS13203,148,244,252,245,467,475
DIATSA_LOCUS13204,0,0,0,0,0,3
DIATSA_LOCUS13205,17,35,38,3,9,9
DIATSA_LOCUS13206,0,1,1,1,6,6
DIATSA_LOCUS13207,17,27,27,3,9,9
DIATSA_LOCUS13208,31,61,60,31,54,56
DIATSA_LOCUS13209,315,722,757,349,743,771
DIATSA_LOCUS1321,5,10,10,1,4,4
DIATSA_LOCUS13210,43,84,86,41,66,68
DIATSA_LOCUS13211,172,339,350,106,254,262
DIATSA_LOCUS13212,0,4,4,0,1,1
DIATSA_LOCUS13213,10123,18880,20781,15870,33812,36658
DIATSA_LOCUS13214,109,245,254,70,155,161
DIATSA_LOCUS13215,99,182,191,57,132,138
DIATSA_LOCUS13216,244,536,551,266,568,592
DIATSA_LOCUS13217,54,105,110,45,72,78
DIATSA_LOCUS13218,135,314,328,232,458,485
DIATSA_LOCUS13219,37,62,65,33,52,55
DIATSA_LOCUS1322,284,633,664,255,507,530
DIATSA_LOCUS13220,38,70,75,35,69,72
DIATSA_LOCUS13221,2,4,4,4,8,8
DIATSA_LOCUS13222,0,0,0,3,3,3
DIATSA_LOCUS13223,23,48,49,12,23,23
DIATSA_LOCUS13224,0,0,0,0,0,0
DIATSA_LOCUS13225,0,0,0,0,0,0
DIATSA_LOCUS13226,0,0,0,0,0,0
DIATSA_LOCUS13227,0,0,0,0,0,2
DIATSA_LOCUS13228,0,0,0,0,0,0
DIATSA_LOCUS13229,0,0,0,0,0,0
DIATSA_LOCUS1323,1,3,3,2,3,3
DIATSA_LOCUS13230,254,466,483,227,444,467
DIATSA_LOCUS13231,0,0,0,0,0,0
DIATSA_LOCUS13232,170,327,334,109,200,213
DIATSA_LOCUS13233,54,77,80,35,48,54
DIATSA_LOCUS13234,15,20,23,3,8,9
DIATSA_LOCUS13235,17,22,25,4,10,10
DIATSA_LOCUS13236,12,21,23,4,9,9
DIATSA_LOCUS13237,144,247,253,154,271,279
DIATSA_LOCUS13238,6,9,9,4,7,7
DIATSA_LOCUS13239,63,142,144,64,180,182
DIATSA_LOCUS1324,89,188,196,51,97,99
DIATSA_LOCUS13240,624,1241,1344,406,857,928
DIATSA_LOCUS13241,251,539,583,469,1056,1127
DIATSA_LOCUS13242,356,650,683,224,436,469
DIATSA_LOCUS13243,514,979,1048,265,457,501
DIATSA_LOCUS13244,2,6,6,2,2,2
DIATSA_LOCUS13245,1,1,1,1,1,1
DIATSA_LOCUS13246,58,96,104,14,17,18
DIATSA_LOCUS13247,29,48,49,13,27,31
DIATSA_LOCUS13248,0,0,0,1,3,3
DIATSA_LOCUS13249,1336,2668,2849,824,1767,1904
DIATSA_LOCUS1325,603,1138,1180,560,1014,1057
DIATSA_LOCUS13250,1,10,12,1,23,29
DIATSA_LOCUS13251,1,1,1,0,1,1
DIATSA_LOCUS13252,108,203,207,31,53,57
DIATSA_LOCUS13253,20,41,43,13,19,19
DIATSA_LOCUS13254,26,45,48,16,27,27
DIATSA_LOCUS13255,179,352,376,103,227,239
DIATSA_LOCUS13256,43,70,74,31,64,70
DIATSA_LOCUS13257,351,694,726,227,517,544
DIATSA_LOCUS13258,723,1235,1277,296,503,526
DIATSA_LOCUS13259,334,529,551,229,359,369
DIATSA_LOCUS1326,31,53,57,76,129,132
DIATSA_LOCUS13260,345,617,633,113,205,220
DIATSA_LOCUS13261,8,8,8,1,3,3
DIATSA_LOCUS13262,16,32,33,8,13,15
DIATSA_LOCUS13263,5,9,9,3,6,6
DIATSA_LOCUS13264,23,53,56,2,5,5
DIATSA_LOCUS13265,0,0,0,0,0,0
DIATSA_LOCUS13266,13,29,31,5,9,9
DIATSA_LOCUS13267,20,36,39,14,28,28
DIATSA_LOCUS13268,38,68,73,12,18,20
DIATSA_LOCUS13269,22,39,42,23,34,36
DIATSA_LOCUS1327,69,108,114,72,101,102
DIATSA_LOCUS13270,36,64,66,19,45,47
DIATSA_LOCUS13271,1515,2693,2795,1267,2351,2446
DIATSA_LOCUS13272,53,91,93,71,115,118
DIATSA_LOCUS13273,123,249,253,77,180,184
DIATSA_LOCUS13274,12638,22898,23935,18197,31748,33120
DIATSA_LOCUS13275,16413,33768,34994,16853,35227,36542
DIATSA_LOCUS13276,502,1164,1209,1016,2383,2461
DIATSA_LOCUS13277,28,56,58,36,86,88
DIATSA_LOCUS13278,5,13,12,14,15,15
DIATSA_LOCUS13279,209,371,383,68,121,129
DIATSA_LOCUS1328,0,1,1,0,0,0
DIATSA_LOCUS13280,114,195,197,162,301,319
DIATSA_LOCUS13281,38,60,64,12,21,21
DIATSA_LOCUS13282,6,12,13,5,5,5
DIATSA_LOCUS13283,5,6,6,6,8,9
DIATSA_LOCUS13284,1,1,2,2,2,2
DIATSA_LOCUS13285,272,489,511,96,168,176
DIATSA_LOCUS13286,1,2,2,0,1,1
DIATSA_LOCUS13287,0,1,1,2,4,5
DIATSA_LOCUS13288,6,10,10,16,23,25
DIATSA_LOCUS13289,2,5,5,0,1,1
DIATSA_LOCUS1329,569,1040,1070,554,981,1018
DIATSA_LOCUS13290,3,13,14,9,15,16
DIATSA_LOCUS13291,0,0,0,0,0,0
DIATSA_LOCUS13292,121,189,196,47,79,80
DIATSA_LOCUS13293,102,175,188,69,123,129
DIATSA_LOCUS13294,1,1,1,0,7,6
DIATSA_LOCUS13295,44,91,96,21,38,38
DIATSA_LOCUS13296,546,1364,1442,428,1012,1068
DIATSA_LOCUS13297,48,82,86,31,46,47
DIATSA_LOCUS13298,60,123,130,17,47,50
DIATSA_LOCUS13299,0,0,0,0,0,0
DIATSA_LOCUS133,0,0,0,0,0,0
DIATSA_LOCUS1330,1,5,5,2,7,8
DIATSA_LOCUS13300,1,2,2,0,1,2
DIATSA_LOCUS13301,168,363,374,98,195,200
DIATSA_LOCUS13302,0,0,0,0,0,0
DIATSA_LOCUS13303,122,219,229,72,122,126
DIATSA_LOCUS13304,0,0,0,0,0,0
DIATSA_LOCUS13305,1,1,1,2,2,2
DIATSA_LOCUS13306,4,8,9,1,3,3
DIATSA_LOCUS13307,36,90,92,17,37,37
DIATSA_LOCUS13308,6,13,14,10,20,20
DIATSA_LOCUS13309,1,5,5,6,10,11
DIATSA_LOCUS1331,222,462,487,73,165,173
DIATSA_LOCUS13310,173,344,360,65,134,138
DIATSA_LOCUS13311,11,28,29,5,9,10
DIATSA_LOCUS13312,335,658,684,328,645,686
DIATSA_LOCUS13313,3229,6062,6339,1588,3171,3352
DIATSA_LOCUS13314,266,588,604,210,426,442
DIATSA_LOCUS13315,0,0,0,0,0,0
DIATSA_LOCUS13316,26,55,57,23,43,48
DIATSA_LOCUS13317,5647,9958,10299,8037,13776,14237
DIATSA_LOCUS13318,6541,12498,12958,7324,14643,15183
DIATSA_LOCUS13319,11,20,22,2,4,4
DIATSA_LOCUS1332,42,86,92,38,82,88
DIATSA_LOCUS13320,4,8,8,1,2,2
DIATSA_LOCUS13321,8,8,9,2,3,3
DIATSA_LOCUS13322,30,47,49,0,5,5
DIATSA_LOCUS13323,80,151,163,11,26,28
DIATSA_LOCUS13324,51,131,133,25,59,62
DIATSA_LOCUS13325,2,3,3,1,4,4
DIATSA_LOCUS13326,13,24,26,6,10,11
DIATSA_LOCUS13327,14701,26909,28055,5471,10036,10444
DIATSA_LOCUS13328,1516,3364,3496,270,611,641
DIATSA_LOCUS13329,57,97,103,62,125,130
DIATSA_LOCUS1333,1,4,4,0,1,1
DIATSA_LOCUS13330,253,504,522,114,215,225
DIATSA_LOCUS13331,159,279,293,60,107,115
DIATSA_LOCUS13332,0,0,0,0,0,0
DIATSA_LOCUS13333,0,0,0,0,0,0
DIATSA_LOCUS13334,353,622,652,479,880,914
DIATSA_LOCUS13335,0,0,0,0,0,0
DIATSA_LOCUS13336,2,2,2,1,2,2
DIATSA_LOCUS13337,9006,19702,20479,10309,21837,22721
DIATSA_LOCUS13338,3286,7345,7594,4821,10776,11156
DIATSA_LOCUS13339,10,29,29,25,43,43
DIATSA_LOCUS1334,31,68,71,11,20,21
DIATSA_LOCUS13340,3203,6500,6741,2796,6160,6380
DIATSA_LOCUS13341,3054,6395,6609,4412,8715,9032
DIATSA_LOCUS13342,456,986,1027,331,692,724
DIATSA_LOCUS13343,148,263,276,57,120,125
DIATSA_LOCUS13344,68,137,143,31,60,65
DIATSA_LOCUS13345,6,17,18,27,59,63
DIATSA_LOCUS13346,77,134,140,90,150,153
DIATSA_LOCUS13347,18,37,38,4,11,12
DIATSA_LOCUS13348,10,22,23,2,7,7
DIATSA_LOCUS13349,3,10,10,1,5,6
DIATSA_LOCUS1335,30,52,53,28,54,59
DIATSA_LOCUS13350,13,33,33,14,20,20
DIATSA_LOCUS13351,30,54,59,13,27,29
DIATSA_LOCUS13352,677,1011,1059,937,1397,1438
DIATSA_LOCUS13353,1918,4036,4196,1094,2436,2535
DIATSA_LOCUS13354,407,692,718,553,929,960
DIATSA_LOCUS13355,30,54,60,19,37,39
DIATSA_LOCUS13356,1332,2412,2502,777,1487,1554
DIATSA_LOCUS13357,199,374,391,142,271,286
DIATSA_LOCUS13358,142,260,267,124,241,247
DIATSA_LOCUS13359,59,109,111,86,142,148
DIATSA_LOCUS1336,60,134,136,36,83,86
DIATSA_LOCUS13360,556,1081,1126,406,793,823
DIATSA_LOCUS13361,346,697,729,198,446,464
DIATSA_LOCUS13362,161,261,272,60,120,127
DIATSA_LOCUS13363,162,274,282,68,128,131
DIATSA_LOCUS13364,125,239,252,119,225,234
DIATSA_LOCUS13365,43,93,97,11,29,30
DIATSA_LOCUS13366,1,2,2,1,2,2
DIATSA_LOCUS13367,106,233,240,60,140,147
DIATSA_LOCUS13368,158,279,285,38,73,74
DIATSA_LOCUS13369,205,420,438,161,326,345
DIATSA_LOCUS1337,8,20,19,9,21,21
DIATSA_LOCUS13370,89,166,174,60,106,111
DIATSA_LOCUS13371,35,77,83,12,18,19
DIATSA_LOCUS13372,643,1244,1281,311,564,591
DIATSA_LOCUS13373,11,30,31,8,22,23
DIATSA_LOCUS13374,67,141,149,32,86,94
DIATSA_LOCUS13375,69,144,152,18,47,49
DIATSA_LOCUS13376,79,160,163,22,49,49
DIATSA_LOCUS13377,0,0,0,0,0,0
DIATSA_LOCUS13378,10,14,15,2,3,3
DIATSA_LOCUS13379,511,1056,1099,226,470,493
DIATSA_LOCUS1338,16,39,38,12,41,43
DIATSA_LOCUS13380,1,3,3,1,2,2
DIATSA_LOCUS13381,11,33,33,2,5,7
DIATSA_LOCUS13382,0,8,10,1,7,9
DIATSA_LOCUS13383,13,33,35,15,28,29
DIATSA_LOCUS13384,31,62,63,26,55,56
DIATSA_LOCUS13385,0,0,0,0,0,0
DIATSA_LOCUS13386,0,0,0,0,1,1
DIATSA_LOCUS13387,0,0,0,0,0,0
DIATSA_LOCUS13388,9,16,17,1,4,5
DIATSA_LOCUS13389,0,0,0,0,0,0
DIATSA_LOCUS1339,215,375,386,130,218,231
DIATSA_LOCUS13390,156,266,277,78,129,131
DIATSA_LOCUS13391,0,0,0,2,3,3
DIATSA_LOCUS13392,1325,2278,2354,812,1447,1504
DIATSA_LOCUS13393,227,443,462,199,440,455
DIATSA_LOCUS13394,66,172,176,77,180,184
DIATSA_LOCUS13395,1,1,2,0,0,0
DIATSA_LOCUS13396,4,7,7,0,0,0
DIATSA_LOCUS13397,26,39,44,11,25,25
DIATSA_LOCUS13398,0,0,0,0,0,0
DIATSA_LOCUS13399,10,15,15,1,2,3
DIATSA_LOCUS134,1,1,1,2,3,3
DIATSA_LOCUS1340,106,194,205,40,82,87
DIATSA_LOCUS13400,48,96,100,51,109,107
DIATSA_LOCUS13401,37,58,61,46,75,79
DIATSA_LOCUS13402,20,41,42,12,26,26
DIATSA_LOCUS13403,8,23,23,5,15,14
DIATSA_LOCUS13404,84,167,171,41,99,105
DIATSA_LOCUS13405,58,117,118,16,34,34
DIATSA_LOCUS13406,655,1276,1360,714,1370,1448
DIATSA_LOCUS13407,27,61,64,35,73,75
DIATSA_LOCUS13408,21,55,55,11,19,23
DIATSA_LOCUS13409,63,131,137,27,46,49
DIATSA_LOCUS1341,238,561,585,258,673,702
DIATSA_LOCUS13410,9,27,27,6,8,9
DIATSA_LOCUS13411,1019,1825,1903,581,1095,1143
DIATSA_LOCUS13412,0,0,0,0,0,0
DIATSA_LOCUS13413,23120,39758,41324,28915,49986,52014
DIATSA_LOCUS13414,4,9,10,0,2,2
DIATSA_LOCUS13415,12,18,18,4,8,8
DIATSA_LOCUS13416,10,17,17,0,1,1
DIATSA_LOCUS13417,4,5,5,2,4,4
DIATSA_LOCUS13418,9,17,17,1,3,3
DIATSA_LOCUS13419,545,910,963,309,566,589
DIATSA_LOCUS1342,326,645,674,168,387,408
DIATSA_LOCUS13420,33,51,53,29,63,64
DIATSA_LOCUS13421,398,677,704,112,189,201
DIATSA_LOCUS13422,124,216,224,92,170,178
DIATSA_LOCUS13423,25,43,44,11,16,17
DIATSA_LOCUS13424,4,13,15,0,8,10
DIATSA_LOCUS13425,93,191,198,53,93,99
DIATSA_LOCUS13426,24,44,48,21,44,47
DIATSA_LOCUS13427,503,1059,1121,464,1089,1168
DIATSA_LOCUS13428,158,302,318,80,192,196
DIATSA_LOCUS13429,83,232,236,115,237,240
DIATSA_LOCUS1343,1092,2520,2622,1051,2168,2265
DIATSA_LOCUS13430,3,11,11,7,7,7
DIATSA_LOCUS13431,37,88,90,22,40,40
DIATSA_LOCUS13432,361,701,725,230,476,492
DIATSA_LOCUS13433,377,646,672,270,426,439
DIATSA_LOCUS13434,579,1093,1122,664,1255,1293
DIATSA_LOCUS13435,312,509,535,142,223,232
DIATSA_LOCUS13436,2,5,6,0,1,1
DIATSA_LOCUS13437,2,2,2,0,0,0
DIATSA_LOCUS13438,36,81,84,9,21,22
DIATSA_LOCUS13439,60,115,119,24,42,43
DIATSA_LOCUS1344,112,204,208,120,214,218
DIATSA_LOCUS13440,13,29,31,7,15,15
DIATSA_LOCUS13441,35,76,79,45,93,93
DIATSA_LOCUS13442,14,27,27,7,14,17
DIATSA_LOCUS13443,68,118,123,26,45,48
DIATSA_LOCUS13444,30,41,42,39,64,67
DIATSA_LOCUS13445,31,98,103,49,118,123
DIATSA_LOCUS13446,74,129,133,139,235,243
DIATSA_LOCUS13447,58,94,99,129,227,236
DIATSA_LOCUS13448,13531,26765,27701,5699,11174,11534
DIATSA_LOCUS13449,0,0,0,3,4,5
DIATSA_LOCUS1345,923,1809,1877,1068,2184,2258
DIATSA_LOCUS13450,8,18,18,1,6,6
DIATSA_LOCUS13451,0,0,0,0,0,1
DIATSA_LOCUS13452,10,15,16,11,21,21
DIATSA_LOCUS13453,0,1,1,1,6,6
DIATSA_LOCUS13454,0,0,0,1,2,2
DIATSA_LOCUS13455,1,2,2,0,0,0
DIATSA_LOCUS13456,0,0,0,0,0,0
DIATSA_LOCUS13457,0,0,0,0,0,0
DIATSA_LOCUS13458,1,1,1,0,0,0
DIATSA_LOCUS13459,0,1,1,0,2,2
DIATSA_LOCUS1346,244,527,549,133,308,315
DIATSA_LOCUS13460,1,3,3,0,0,0
DIATSA_LOCUS13461,1,1,1,0,0,0
DIATSA_LOCUS13462,16,23,23,18,41,40
DIATSA_LOCUS13463,10,27,29,20,30,31
DIATSA_LOCUS13464,1,1,1,2,2,2
DIATSA_LOCUS13465,5,6,6,0,1,3
DIATSA_LOCUS13466,4,7,7,2,3,3
DIATSA_LOCUS13467,16,30,32,7,14,14
DIATSA_LOCUS13468,9,14,14,6,4,4
DIATSA_LOCUS13469,1,1,1,0,0,0
DIATSA_LOCUS1347,10893,18789,19523,14898,26146,27123
DIATSA_LOCUS13470,0,1,1,0,0,0
DIATSA_LOCUS13471,3,7,7,0,0,0
DIATSA_LOCUS13472,2,6,6,4,6,8
DIATSA_LOCUS13473,3,6,6,3,4,4
DIATSA_LOCUS13474,64,101,107,41,72,76
DIATSA_LOCUS13475,4,7,7,4,7,7
DIATSA_LOCUS13476,366,612,648,76,124,131
DIATSA_LOCUS13477,242,370,379,240,411,430
DIATSA_LOCUS13478,82,134,137,101,153,158
DIATSA_LOCUS13479,8,13,15,1,2,2
DIATSA_LOCUS1348,40,67,68,46,70,72
DIATSA_LOCUS13480,41,67,70,32,46,50
DIATSA_LOCUS13481,2880,5326,5507,3688,7030,7313
DIATSA_LOCUS13482,113,239,247,129,290,304
DIATSA_LOCUS13483,156,262,276,67,112,120
DIATSA_LOCUS13484,0,0,0,0,0,1
DIATSA_LOCUS13485,0,0,0,0,0,0
DIATSA_LOCUS13486,2,5,6,2,3,4
DIATSA_LOCUS13487,15,32,32,10,20,21
DIATSA_LOCUS13488,217,457,474,348,693,736
DIATSA_LOCUS13489,29,58,59,28,60,64
DIATSA_LOCUS1349,8,16,17,10,17,17
DIATSA_LOCUS13490,0,0,0,0,0,0
DIATSA_LOCUS13491,287,531,561,175,336,344
DIATSA_LOCUS13492,650,1414,1462,774,1488,1532
DIATSA_LOCUS13493,100,15,15,31,2,10
DIATSA_LOCUS13494,624,1235,1281,664,1417,1499
DIATSA_LOCUS13495,3356,5537,5744,4179,7559,7811
DIATSA_LOCUS13496,426,809,832,544,912,958
DIATSA_LOCUS13497,2868,5896,6125,3906,8136,8487
DIATSA_LOCUS13498,1521,3190,3288,1692,3583,3719
DIATSA_LOCUS13499,0,0,0,0,1,1
DIATSA_LOCUS135,0,1,1,0,1,3
DIATSA_LOCUS1350,7,17,18,16,32,33
DIATSA_LOCUS13500,1,1,1,0,0,0
DIATSA_LOCUS13501,9070,17879,18550,12432,23447,24372
DIATSA_LOCUS13502,0,0,0,0,1,1
DIATSA_LOCUS13503,1,2,2,0,0,0
DIATSA_LOCUS13504,1,3,3,1,1,1
DIATSA_LOCUS13505,58,143,147,103,181,184
DIATSA_LOCUS13506,522,1119,1197,658,1398,1518
DIATSA_LOCUS13507,197,429,438,232,499,520
DIATSA_LOCUS13508,5365,10629,10999,6856,14322,14901
DIATSA_LOCUS13509,0,0,0,0,0,0
DIATSA_LOCUS1351,66,169,176,36,83,86
DIATSA_LOCUS13510,3,3,3,1,1,1
DIATSA_LOCUS13511,167,320,330,62,103,112
DIATSA_LOCUS13512,546,857,896,538,913,949
DIATSA_LOCUS13513,109,200,210,103,187,196
DIATSA_LOCUS13514,120,231,245,27,52,52
DIATSA_LOCUS13515,535,1164,1200,677,1449,1509
DIATSA_LOCUS13516,631,1332,1377,799,1630,1688
DIATSA_LOCUS13517,82,197,206,102,214,222
DIATSA_LOCUS13518,70,126,130,43,78,80
DIATSA_LOCUS13519,2,3,3,0,0,0
DIATSA_LOCUS1352,90,168,173,105,222,226
DIATSA_LOCUS13520,0,0,0,0,1,1
DIATSA_LOCUS13521,2793,4359,4517,1317,2180,2260
DIATSA_LOCUS13522,146,254,260,66,112,113
DIATSA_LOCUS13523,3,3,3,0,1,1
DIATSA_LOCUS13524,6,11,12,10,18,19
DIATSA_LOCUS13525,7,16,16,6,18,18
DIATSA_LOCUS13526,6,8,8,0,1,1
DIATSA_LOCUS13527,364,573,604,156,244,249
DIATSA_LOCUS13528,286,519,532,230,399,410
DIATSA_LOCUS13529,0,1,1,0,0,0
DIATSA_LOCUS1353,332,727,758,209,452,464
DIATSA_LOCUS13530,0,0,0,0,0,0
DIATSA_LOCUS13531,55,124,131,39,75,84
DIATSA_LOCUS13532,113,222,234,52,102,107
DIATSA_LOCUS13533,25373,46222,48000,38674,71358,74355
DIATSA_LOCUS13534,10,25,26,6,28,28
DIATSA_LOCUS13535,1233,2606,2687,1033,2213,2289
DIATSA_LOCUS13536,25,53,55,21,37,38
DIATSA_LOCUS13537,34,72,75,40,73,78
DIATSA_LOCUS13538,37,71,74,24,41,44
DIATSA_LOCUS13539,144,216,226,72,171,171
DIATSA_LOCUS1354,0,3,3,1,4,4
DIATSA_LOCUS13540,205,371,388,161,328,340
DIATSA_LOCUS13541,337,667,702,227,441,451
DIATSA_LOCUS13542,137,258,269,64,130,135
DIATSA_LOCUS13543,90,220,230,60,123,131
DIATSA_LOCUS13544,280,603,622,146,267,272
DIATSA_LOCUS13545,61,143,151,57,108,115
DIATSA_LOCUS13546,67,124,127,112,200,211
DIATSA_LOCUS13547,232,525,539,140,293,307
DIATSA_LOCUS13548,238,389,405,274,474,502
DIATSA_LOCUS13549,124,264,274,135,303,317
DIATSA_LOCUS1355,209,400,413,234,415,430
DIATSA_LOCUS13550,21,30,32,17,35,38
DIATSA_LOCUS13551,24,42,42,16,36,38
DIATSA_LOCUS13552,107894,204666,212994,120066,226100,235353
DIATSA_LOCUS13553,85,157,162,122,221,231
DIATSA_LOCUS13554,4279,8556,8891,5546,11322,11791
DIATSA_LOCUS13555,75,136,142,41,63,66
DIATSA_LOCUS13556,195,367,380,248,451,468
DIATSA_LOCUS13557,217,389,405,96,171,180
DIATSA_LOCUS13558,532,956,996,313,584,601
DIATSA_LOCUS13559,69,113,115,32,73,77
DIATSA_LOCUS1356,5,8,9,7,9,9
DIATSA_LOCUS13560,152,291,305,139,266,268
DIATSA_LOCUS13561,5,13,13,6,9,10
DIATSA_LOCUS13562,7,18,18,6,21,21
DIATSA_LOCUS13563,20,49,53,30,57,58
DIATSA_LOCUS13564,2177,4524,4725,1992,4541,4739
DIATSA_LOCUS13565,162,289,300,210,426,450
DIATSA_LOCUS13566,348,613,643,133,244,259
DIATSA_LOCUS13567,14,23,24,10,21,23
DIATSA_LOCUS13568,1,1,1,2,2,2
DIATSA_LOCUS13569,17,31,31,9,15,15
DIATSA_LOCUS1357,46,87,89,62,120,123
DIATSA_LOCUS13570,39,82,84,30,51,54
DIATSA_LOCUS13571,2,3,3,1,2,2
DIATSA_LOCUS13572,9,15,16,6,16,17
DIATSA_LOCUS13573,102,218,227,102,206,211
DIATSA_LOCUS13574,122,249,264,91,178,185
DIATSA_LOCUS13575,59,118,120,95,169,172
DIATSA_LOCUS13576,2,8,8,6,5,6
DIATSA_LOCUS13577,16,20,20,4,10,12
DIATSA_LOCUS13578,0,0,0,0,0,0
DIATSA_LOCUS13579,0,0,0,0,0,0
DIATSA_LOCUS1358,365,748,781,208,453,476
DIATSA_LOCUS13580,16,31,31,12,18,18
DIATSA_LOCUS13581,182,347,355,152,256,261
DIATSA_LOCUS13582,20,39,39,4,7,7
DIATSA_LOCUS13583,8,19,20,3,8,8
DIATSA_LOCUS13584,2072,3636,3746,1740,3097,3172
DIATSA_LOCUS13585,2163,3340,3493,3456,5367,5654
DIATSA_LOCUS13586,282,626,648,222,492,516
DIATSA_LOCUS13587,134,243,251,151,251,260
DIATSA_LOCUS13588,11005,17947,18668,10640,19012,19850
DIATSA_LOCUS13589,18732,30070,31215,32675,49443,51374
DIATSA_LOCUS1359,1754,3457,3623,1069,2079,2200
DIATSA_LOCUS13590,69,159,176,89,228,255
DIATSA_LOCUS13591,479,1023,1064,654,1372,1431
DIATSA_LOCUS13592,39,63,68,9,13,14
DIATSA_LOCUS13593,84,198,208,84,169,177
DIATSA_LOCUS13594,351,728,761,390,773,794
DIATSA_LOCUS13595,277,471,497,237,409,432
DIATSA_LOCUS13596,102,181,185,71,161,165
DIATSA_LOCUS13597,450,809,841,634,1152,1193
DIATSA_LOCUS13598,151,348,372,125,279,297
DIATSA_LOCUS13599,105,200,205,44,97,98
DIATSA_LOCUS136,17,29,31,6,10,11
DIATSA_LOCUS1360,289,617,652,241,471,493
DIATSA_LOCUS13600,481,911,941,617,1146,1196
DIATSA_LOCUS13601,125,244,247,151,321,328
DIATSA_LOCUS13602,94,203,209,34,59,60
DIATSA_LOCUS13603,113,204,214,74,170,179
DIATSA_LOCUS13604,52,97,99,31,57,62
DIATSA_LOCUS13605,151,304,317,126,238,260
DIATSA_LOCUS13606,240,468,482,236,418,427
DIATSA_LOCUS13607,13,25,26,13,24,25
DIATSA_LOCUS13608,7,15,17,11,30,30
DIATSA_LOCUS13609,6,8,8,0,4,4
DIATSA_LOCUS1361,69,131,137,68,164,173
DIATSA_LOCUS13610,3,12,12,2,8,7
DIATSA_LOCUS13611,7,15,15,3,4,4
DIATSA_LOCUS13612,105,198,207,29,63,67
DIATSA_LOCUS13613,13,18,19,1,6,6
DIATSA_LOCUS13614,76,155,165,46,82,85
DIATSA_LOCUS13615,63,100,103,9,23,23
DIATSA_LOCUS13616,16,26,27,4,13,15
DIATSA_LOCUS13617,460,854,885,443,839,868
DIATSA_LOCUS13618,1,2,2,1,3,3
DIATSA_LOCUS13619,0,0,0,0,0,0
DIATSA_LOCUS1362,53,105,110,27,60,61
DIATSA_LOCUS13620,108,224,234,127,233,240
DIATSA_LOCUS13621,4,4,5,3,4,4
DIATSA_LOCUS13622,7,9,9,5,10,10
DIATSA_LOCUS13623,1215,2282,2348,1496,2763,2847
DIATSA_LOCUS13624,81,179,184,157,278,289
DIATSA_LOCUS13625,100,213,220,113,226,232
DIATSA_LOCUS13626,20,37,37,17,28,28
DIATSA_LOCUS13627,108,204,210,89,191,203
DIATSA_LOCUS13628,40,89,91,11,29,29
DIATSA_LOCUS13629,295,524,539,359,665,696
DIATSA_LOCUS1363,1,4,5,2,3,3
DIATSA_LOCUS13630,10179,19574,20329,8769,16788,17441
DIATSA_LOCUS13631,1,1,1,0,0,0
DIATSA_LOCUS13632,263,507,518,241,464,491
DIATSA_LOCUS13633,249,577,600,180,394,405
DIATSA_LOCUS13634,176,310,320,130,234,246
DIATSA_LOCUS13635,259,520,539,145,277,295
DIATSA_LOCUS13636,100,159,167,12,22,23
DIATSA_LOCUS13637,443,880,915,437,955,989
DIATSA_LOCUS13638,1636,3102,3213,1299,2385,2486
DIATSA_LOCUS13639,68,154,160,33,75,75
DIATSA_LOCUS1364,139,238,242,155,270,284
DIATSA_LOCUS13640,43,118,124,49,106,107
DIATSA_LOCUS13641,3,5,5,0,0,0
DIATSA_LOCUS13642,64,108,110,18,39,42
DIATSA_LOCUS13643,5,8,8,12,16,18
DIATSA_LOCUS13644,158,331,338,139,333,340
DIATSA_LOCUS13645,80,152,161,74,141,148
DIATSA_LOCUS13646,4,7,8,0,2,2
DIATSA_LOCUS13647,0,0,0,0,0,0
DIATSA_LOCUS13648,0,0,0,0,0,0
DIATSA_LOCUS13649,0,0,0,0,0,0
DIATSA_LOCUS1365,76,160,167,85,155,162
DIATSA_LOCUS13650,0,0,0,0,0,0
DIATSA_LOCUS13651,0,0,0,0,0,0
DIATSA_LOCUS13652,0,0,0,0,0,0
DIATSA_LOCUS13653,0,0,0,0,0,1
DIATSA_LOCUS13654,0,0,0,0,0,0
DIATSA_LOCUS13655,0,0,0,0,0,0
DIATSA_LOCUS13656,0,0,0,0,0,0
DIATSA_LOCUS13657,0,0,0,0,0,0
DIATSA_LOCUS13658,0,0,0,0,0,0
DIATSA_LOCUS13659,1,1,1,0,0,0
DIATSA_LOCUS1366,20,40,42,11,23,24
DIATSA_LOCUS13660,0,0,0,0,0,0
DIATSA_LOCUS13661,0,1,1,0,0,1
DIATSA_LOCUS13662,0,0,0,0,1,1
DIATSA_LOCUS13663,6,7,8,14,25,26
DIATSA_LOCUS13664,13,36,37,14,31,30
DIATSA_LOCUS13665,151,322,326,89,219,222
DIATSA_LOCUS13666,101,184,188,120,219,232
DIATSA_LOCUS13667,46,106,113,37,68,70
DIATSA_LOCUS13668,299,597,623,185,368,380
DIATSA_LOCUS13669,107,200,212,276,479,502
DIATSA_LOCUS1367,9,16,16,4,15,15
DIATSA_LOCUS13670,607,1054,1092,712,1292,1338
DIATSA_LOCUS13671,50,106,106,37,93,96
DIATSA_LOCUS13672,174,419,430,169,360,374
DIATSA_LOCUS13673,86,176,183,25,42,45
DIATSA_LOCUS13674,42,98,101,57,109,111
DIATSA_LOCUS13675,522,989,1040,243,515,545
DIATSA_LOCUS13676,2,4,5,3,4,4
DIATSA_LOCUS13677,779,1475,1538,382,656,679
DIATSA_LOCUS13678,0,0,0,0,3,3
DIATSA_LOCUS13679,6,16,16,2,6,6
DIATSA_LOCUS1368,89,178,183,76,151,156
DIATSA_LOCUS13680,34,71,73,23,46,49
DIATSA_LOCUS13681,6,18,18,14,29,31
DIATSA_LOCUS13682,7,12,14,8,18,19
DIATSA_LOCUS13683,0,1,1,0,1,2
DIATSA_LOCUS13684,1,1,2,0,1,1
DIATSA_LOCUS13685,0,0,0,0,0,0
DIATSA_LOCUS13686,0,0,0,0,0,0
DIATSA_LOCUS13687,11,29,30,15,32,33
DIATSA_LOCUS13688,248,414,428,220,372,391
DIATSA_LOCUS13689,296,625,647,172,339,353
DIATSA_LOCUS1369,0,0,0,0,0,0
DIATSA_LOCUS13690,192,352,359,149,277,288
DIATSA_LOCUS13691,99,240,242,120,276,285
DIATSA_LOCUS13692,636,1290,1342,289,629,657
DIATSA_LOCUS13693,816,1538,1592,920,1710,1772
DIATSA_LOCUS13694,11,20,20,10,27,29
DIATSA_LOCUS13695,274,625,648,287,632,655
DIATSA_LOCUS13696,328,652,688,286,765,801
DIATSA_LOCUS13697,104,171,174,19,37,37
DIATSA_LOCUS13698,907,1613,1678,1150,2046,2124
DIATSA_LOCUS13699,731,1505,1560,495,974,1009
DIATSA_LOCUS137,0,0,0,0,0,0
DIATSA_LOCUS1370,0,0,0,0,0,0
DIATSA_LOCUS13700,61,143,147,73,180,184
DIATSA_LOCUS13701,6,11,12,12,20,22
DIATSA_LOCUS13702,2,3,4,3,3,3
DIATSA_LOCUS13703,50,123,124,55,121,124
DIATSA_LOCUS13704,180,349,363,195,368,384
DIATSA_LOCUS13705,1,2,2,1,1,1
DIATSA_LOCUS13706,335,681,711,287,555,582
DIATSA_LOCUS13707,65,123,127,41,58,62
DIATSA_LOCUS13708,1436,2846,2981,1129,2289,2406
DIATSA_LOCUS13709,9,26,25,23,44,46
DIATSA_LOCUS1371,606,1252,1307,344,817,841
DIATSA_LOCUS13710,1,4,4,0,0,1
DIATSA_LOCUS13711,184,345,354,79,133,140
DIATSA_LOCUS13712,28,76,78,54,112,115
DIATSA_LOCUS13713,599,1236,1293,403,716,752
DIATSA_LOCUS13714,175,326,334,150,311,319
DIATSA_LOCUS13715,48,123,125,39,108,111
DIATSA_LOCUS13716,9,23,24,14,32,32
DIATSA_LOCUS13717,11,26,30,8,19,20
DIATSA_LOCUS13718,9,15,16,4,3,3
DIATSA_LOCUS13719,237,443,462,242,479,500
DIATSA_LOCUS1372,1,2,2,2,3,3
DIATSA_LOCUS13720,68,149,153,65,140,148
DIATSA_LOCUS13721,143,314,331,140,302,316
DIATSA_LOCUS13722,49,124,126,36,99,102
DIATSA_LOCUS13723,15,38,39,11,26,27
DIATSA_LOCUS13724,0,1,1,1,2,2
DIATSA_LOCUS13725,9,20,23,20,38,40
DIATSA_LOCUS13726,20,39,40,9,20,24
DIATSA_LOCUS13727,2857,5344,5529,2058,3748,3854
DIATSA_LOCUS13728,3569,7790,8094,3023,6872,7158
DIATSA_LOCUS13729,61,115,120,60,109,109
DIATSA_LOCUS1373,2,4,4,0,1,1
DIATSA_LOCUS13730,351,799,829,245,508,528
DIATSA_LOCUS13731,29,54,55,15,39,42
DIATSA_LOCUS13732,47,88,92,36,76,79
DIATSA_LOCUS13733,19,38,42,14,30,31
DIATSA_LOCUS13734,46,134,138,33,71,73
DIATSA_LOCUS13735,72,151,157,63,132,138
DIATSA_LOCUS13736,3,7,7,5,14,14
DIATSA_LOCUS13737,42,88,95,22,43,44
DIATSA_LOCUS13738,6,9,9,1,2,2
DIATSA_LOCUS13739,9,25,30,13,25,25
DIATSA_LOCUS1374,15460,31776,32916,18552,41216,42713
DIATSA_LOCUS13740,0,3,3,0,0,0
DIATSA_LOCUS13741,0,0,0,0,0,0
DIATSA_LOCUS13742,822,1795,1861,490,1070,1125
DIATSA_LOCUS13743,23,43,43,24,45,46
DIATSA_LOCUS13744,10,19,19,13,15,15
DIATSA_LOCUS13745,496,1051,1084,336,648,670
DIATSA_LOCUS13746,199,382,401,149,301,312
DIATSA_LOCUS13747,5,10,10,14,26,26
DIATSA_LOCUS13748,39,89,92,17,37,40
DIATSA_LOCUS13749,24,62,65,33,64,66
DIATSA_LOCUS1375,57,171,176,101,280,288
DIATSA_LOCUS13750,170,374,388,186,404,419
DIATSA_LOCUS13751,138,311,323,121,282,287
DIATSA_LOCUS13752,0,9,10,5,21,20
DIATSA_LOCUS13753,886,1719,1788,770,1416,1478
DIATSA_LOCUS13754,228,474,496,95,190,198
DIATSA_LOCUS13755,403,787,804,396,724,745
DIATSA_LOCUS13756,0,0,0,0,0,0
DIATSA_LOCUS13757,1,1,1,1,3,3
DIATSA_LOCUS13758,3,8,9,3,6,6
DIATSA_LOCUS13759,2,4,5,1,3,4
DIATSA_LOCUS1376,594,1292,1362,877,1881,1958
DIATSA_LOCUS13760,2,2,2,1,3,3
DIATSA_LOCUS13761,121,188,195,45,75,76
DIATSA_LOCUS13762,220,477,497,169,330,343
DIATSA_LOCUS13763,2221,4404,4574,2078,4076,4246
DIATSA_LOCUS13764,197,359,381,105,187,196
DIATSA_LOCUS13765,101,204,212,78,164,170
DIATSA_LOCUS13766,50,119,123,54,99,104
DIATSA_LOCUS13767,24,48,50,40,85,88
DIATSA_LOCUS13768,0,0,0,0,0,0
DIATSA_LOCUS13769,17,41,42,7,12,11
DIATSA_LOCUS1377,107,232,237,119,235,242
DIATSA_LOCUS13770,6,9,10,1,3,4
DIATSA_LOCUS13771,5,21,22,4,6,6
DIATSA_LOCUS13772,217,405,416,113,211,217
DIATSA_LOCUS13773,18,32,32,11,19,19
DIATSA_LOCUS13774,7,18,18,3,9,9
DIATSA_LOCUS13775,527,1036,1074,213,429,451
DIATSA_LOCUS13776,33,79,80,14,28,30
DIATSA_LOCUS13777,208,447,460,142,317,325
DIATSA_LOCUS13778,625,1227,1293,422,869,914
DIATSA_LOCUS13779,688,1413,1467,559,1179,1227
DIATSA_LOCUS1378,208,497,516,210,495,513
DIATSA_LOCUS13780,299,446,468,507,739,772
DIATSA_LOCUS13781,336,636,663,63,104,108
DIATSA_LOCUS13782,866,1640,1692,804,1489,1540
DIATSA_LOCUS13783,327,627,659,293,613,632
DIATSA_LOCUS13784,26,39,39,10,24,24
DIATSA_LOCUS13785,414,766,785,344,678,699
DIATSA_LOCUS13786,20,31,31,11,16,18
DIATSA_LOCUS13787,62,136,140,79,156,157
DIATSA_LOCUS13788,5,9,9,3,3,3
DIATSA_LOCUS13789,411,865,905,285,612,639
DIATSA_LOCUS1379,312,628,644,193,390,399
DIATSA_LOCUS13790,6,11,11,1,1,2
DIATSA_LOCUS13791,34,64,66,15,33,36
DIATSA_LOCUS13792,2704,5143,5316,4346,8361,8683
DIATSA_LOCUS13793,63,134,139,65,138,144
DIATSA_LOCUS13794,805,1621,1684,675,1341,1398
DIATSA_LOCUS13795,184,370,389,66,157,170
DIATSA_LOCUS13796,0,0,0,0,0,0
DIATSA_LOCUS13797,214,473,476,118,214,221
DIATSA_LOCUS13798,143,281,291,134,328,335
DIATSA_LOCUS13799,38,76,80,69,127,128
DIATSA_LOCUS138,180,386,396,101,197,204
DIATSA_LOCUS1380,6,13,13,0,0,0
DIATSA_LOCUS13800,14,22,22,13,34,34
DIATSA_LOCUS13801,9174,19937,20634,14197,31268,32486
DIATSA_LOCUS13802,1123,2438,2521,1438,2992,3117
DIATSA_LOCUS13803,30342,63075,65319,29910,60836,63191
DIATSA_LOCUS13804,482,917,953,323,702,733
DIATSA_LOCUS13805,23,58,63,26,51,52
DIATSA_LOCUS13806,191,395,402,179,389,404
DIATSA_LOCUS13807,290,607,624,333,666,682
DIATSA_LOCUS13808,24,53,57,27,71,71
DIATSA_LOCUS13809,181,434,449,204,465,479
DIATSA_LOCUS1381,445,968,1013,292,619,647
DIATSA_LOCUS13810,568,1230,1277,413,852,894
DIATSA_LOCUS13811,35,77,79,23,49,51
DIATSA_LOCUS13812,278,474,501,190,382,399
DIATSA_LOCUS13813,230,398,409,189,356,379
DIATSA_LOCUS13814,199,444,464,104,239,253
DIATSA_LOCUS13815,97,182,193,54,112,118
DIATSA_LOCUS13816,123,240,248,39,92,97
DIATSA_LOCUS13817,4,8,8,2,4,4
DIATSA_LOCUS13818,0,0,0,0,0,0
DIATSA_LOCUS13819,0,0,0,0,0,0
DIATSA_LOCUS1382,72,158,162,81,166,178
DIATSA_LOCUS13820,43,65,68,15,23,24
DIATSA_LOCUS13821,245,471,488,307,579,604
DIATSA_LOCUS13822,3,13,13,12,23,24
DIATSA_LOCUS13823,26,46,47,23,39,42
DIATSA_LOCUS13824,326,571,594,189,353,365
DIATSA_LOCUS13825,33,68,72,29,50,50
DIATSA_LOCUS13826,71,175,184,56,105,111
DIATSA_LOCUS13827,0,0,0,0,0,0
DIATSA_LOCUS13828,245,519,539,176,405,422
DIATSA_LOCUS13829,1669,3549,3694,1327,2736,2832
DIATSA_LOCUS1383,65,136,141,18,54,55
DIATSA_LOCUS13830,30,48,49,31,63,67
DIATSA_LOCUS13831,2676,4854,5029,1250,2311,2377
DIATSA_LOCUS13832,235,480,508,281,628,666
DIATSA_LOCUS13833,96,195,201,22,56,58
DIATSA_LOCUS13834,14,24,26,9,28,28
DIATSA_LOCUS13835,4,15,15,13,27,28
DIATSA_LOCUS13836,6,13,15,6,10,10
DIATSA_LOCUS13837,755,1644,1719,492,1210,1272
DIATSA_LOCUS13838,57,116,121,25,43,45
DIATSA_LOCUS13839,165,292,304,79,146,149
DIATSA_LOCUS1384,2151,4365,4521,2524,4919,5100
DIATSA_LOCUS13840,232,396,417,405,737,771
DIATSA_LOCUS13841,0,0,0,0,0,0
DIATSA_LOCUS13842,2,2,2,2,4,4
DIATSA_LOCUS13843,67,112,116,124,190,194
DIATSA_LOCUS13844,104,230,236,93,191,198
DIATSA_LOCUS13845,115,242,246,90,166,169
DIATSA_LOCUS13846,52,100,104,33,67,67
DIATSA_LOCUS13847,49,118,124,38,90,93
DIATSA_LOCUS13848,0,0,0,0,0,0
DIATSA_LOCUS13849,3,6,6,4,11,11
DIATSA_LOCUS1385,158,320,339,214,411,424
DIATSA_LOCUS13850,9,11,11,2,3,4
DIATSA_LOCUS13851,0,2,2,0,1,1
DIATSA_LOCUS13852,18,25,25,21,26,27
DIATSA_LOCUS13853,369,878,924,358,900,938
DIATSA_LOCUS13854,69,134,136,47,83,86
DIATSA_LOCUS13855,149,275,287,87,148,152
DIATSA_LOCUS13856,18,33,33,13,18,20
DIATSA_LOCUS13857,22,41,43,25,45,46
DIATSA_LOCUS13858,0,0,0,0,0,0
DIATSA_LOCUS13859,114,297,306,80,186,189
DIATSA_LOCUS1386,256,516,544,124,237,260
DIATSA_LOCUS13860,155,408,421,197,487,504
DIATSA_LOCUS13861,226,484,508,264,552,578
DIATSA_LOCUS13862,311,773,803,264,665,689
DIATSA_LOCUS13863,320,724,743,179,387,402
DIATSA_LOCUS13864,443,881,918,362,702,727
DIATSA_LOCUS13865,53,83,84,75,130,132
DIATSA_LOCUS13866,238,563,585,275,606,630
DIATSA_LOCUS13867,37,74,74,35,76,78
DIATSA_LOCUS13868,79,140,148,18,30,31
DIATSA_LOCUS13869,25,60,62,15,26,27
DIATSA_LOCUS1387,262,556,586,173,391,404
DIATSA_LOCUS13870,89,163,167,60,107,110
DIATSA_LOCUS13871,1,4,5,2,6,6
DIATSA_LOCUS13872,15,39,40,25,58,59
DIATSA_LOCUS13873,17126,32267,33587,19975,37813,39353
DIATSA_LOCUS13874,100,203,213,126,265,272
DIATSA_LOCUS13875,466,866,896,235,417,439
DIATSA_LOCUS13876,228,521,539,253,553,576
DIATSA_LOCUS13877,36,80,85,55,105,107
DIATSA_LOCUS13878,6,13,12,2,12,12
DIATSA_LOCUS13879,461,868,901,408,779,806
DIATSA_LOCUS1388,88,201,210,111,265,271
DIATSA_LOCUS13880,116,227,249,150,317,331
DIATSA_LOCUS13881,831,1518,1559,915,1651,1714
DIATSA_LOCUS13882,51,88,96,18,51,53
DIATSA_LOCUS13883,765,1467,1527,607,1121,1165
DIATSA_LOCUS13884,6,11,11,6,7,7
DIATSA_LOCUS13885,162,338,345,93,168,174
DIATSA_LOCUS13886,320,688,715,491,1040,1081
DIATSA_LOCUS13887,9227,16223,16829,10005,17809,18484
DIATSA_LOCUS13888,115,226,227,55,116,118
DIATSA_LOCUS13889,2108,4093,4237,1650,3233,3354
DIATSA_LOCUS1389,49,105,110,31,53,56
DIATSA_LOCUS13890,60,122,125,64,125,129
DIATSA_LOCUS13891,0,0,0,0,0,0
DIATSA_LOCUS13892,0,0,0,0,0,0
DIATSA_LOCUS13893,1418,2328,2401,2541,4283,4437
DIATSA_LOCUS13894,0,2,2,0,1,1
DIATSA_LOCUS13895,65,150,159,32,97,100
DIATSA_LOCUS13896,8,18,21,4,13,13
DIATSA_LOCUS13897,28,60,61,16,40,41
DIATSA_LOCUS13898,6,7,7,15,25,25
DIATSA_LOCUS13899,1,2,2,3,4,5
DIATSA_LOCUS139,955,1913,1978,779,1461,1506
DIATSA_LOCUS1390,0,0,0,0,4,4
DIATSA_LOCUS13900,117,218,236,43,80,89
DIATSA_LOCUS13901,0,0,0,0,1,1
DIATSA_LOCUS13902,2,4,4,6,14,14
DIATSA_LOCUS13903,1,6,6,3,4,4
DIATSA_LOCUS13904,1,1,1,0,0,0
DIATSA_LOCUS13905,3,8,8,3,4,5
DIATSA_LOCUS13906,120,221,230,213,402,414
DIATSA_LOCUS13907,9,13,14,7,12,14
DIATSA_LOCUS13908,168,370,381,237,531,559
DIATSA_LOCUS13909,44,72,76,44,72,75
DIATSA_LOCUS1391,0,0,0,0,0,0
DIATSA_LOCUS13910,54,118,122,71,144,146
DIATSA_LOCUS13911,642,1024,1057,1174,1915,1981
DIATSA_LOCUS13912,3702,7462,7772,6020,12014,12553
DIATSA_LOCUS13913,33,46,47,92,136,140
DIATSA_LOCUS13914,6191,12395,12842,7611,16104,16694
DIATSA_LOCUS13915,63,93,96,79,129,140
DIATSA_LOCUS13916,145,285,295,205,422,441
DIATSA_LOCUS13917,4730,9716,10087,3337,6995,7299
DIATSA_LOCUS13918,308,598,612,300,580,602
DIATSA_LOCUS13919,145,277,295,59,148,152
DIATSA_LOCUS1392,1,1,1,1,1,1
DIATSA_LOCUS13920,163,342,363,212,391,407
DIATSA_LOCUS13921,851,1685,1749,789,1572,1643
DIATSA_LOCUS13922,151,310,317,143,270,289
DIATSA_LOCUS13923,28,52,54,26,56,58
DIATSA_LOCUS13924,1,1,1,1,1,1
DIATSA_LOCUS13925,754,1456,1517,1383,2700,2826
DIATSA_LOCUS13926,13,28,26,8,14,14
DIATSA_LOCUS13927,191,406,426,123,268,271
DIATSA_LOCUS13928,2739,5251,5482,3071,5910,6189
DIATSA_LOCUS13929,0,0,0,0,0,0
DIATSA_LOCUS1393,9,13,14,3,6,7
DIATSA_LOCUS13930,70,133,137,54,104,108
DIATSA_LOCUS13931,23,50,51,39,78,78
DIATSA_LOCUS13932,7,17,17,8,11,11
DIATSA_LOCUS13933,27,41,42,14,21,22
DIATSA_LOCUS13934,210,404,418,171,280,291
DIATSA_LOCUS13935,63,105,110,18,39,41
DIATSA_LOCUS13936,62,128,132,27,60,61
DIATSA_LOCUS13937,193,320,335,194,361,373
DIATSA_LOCUS13938,210,331,338,257,407,419
DIATSA_LOCUS13939,206,412,428,189,372,380
DIATSA_LOCUS1394,12,26,27,3,7,7
DIATSA_LOCUS13940,185,298,313,154,238,250
DIATSA_LOCUS13941,1,1,1,0,0,0
DIATSA_LOCUS13942,38,68,69,16,25,27
DIATSA_LOCUS13943,5,13,14,0,7,8
DIATSA_LOCUS13944,56,108,110,71,137,137
DIATSA_LOCUS13945,30,57,57,31,58,58
DIATSA_LOCUS13946,489,1065,1157,626,1452,1490
DIATSA_LOCUS13947,24,36,39,12,26,28
DIATSA_LOCUS13948,10,17,21,9,14,17
DIATSA_LOCUS13949,0,0,0,0,0,0
DIATSA_LOCUS1395,113,222,238,162,310,319
DIATSA_LOCUS13950,5371,10997,11650,3676,7724,8152
DIATSA_LOCUS13951,298,659,707,308,790,844
DIATSA_LOCUS13952,175,340,356,264,450,462
DIATSA_LOCUS13953,170,314,326,52,77,84
DIATSA_LOCUS13954,6333,10759,11162,5343,9188,9476
DIATSA_LOCUS13955,256,623,668,104,260,275
DIATSA_LOCUS13956,1117,2205,2287,1278,2781,2911
DIATSA_LOCUS13957,1,1,1,1,2,2
DIATSA_LOCUS13958,80,159,168,41,83,87
DIATSA_LOCUS13959,2463,5150,5357,1556,3229,3389
DIATSA_LOCUS1396,22,53,53,17,50,50
DIATSA_LOCUS13960,80,175,185,26,54,58
DIATSA_LOCUS13961,53,101,101,18,41,42
DIATSA_LOCUS13962,3,4,4,6,8,8
DIATSA_LOCUS13963,123,214,224,82,140,148
DIATSA_LOCUS13964,643,1163,1218,755,1462,1506
DIATSA_LOCUS13965,22,46,45,6,9,9
DIATSA_LOCUS13966,38,79,80,34,56,57
DIATSA_LOCUS13967,10,33,33,12,38,39
DIATSA_LOCUS13968,43,104,109,11,44,47
DIATSA_LOCUS13969,58,100,104,47,100,100
DIATSA_LOCUS1397,52,108,112,24,45,45
DIATSA_LOCUS13970,351,846,927,551,1315,1449
DIATSA_LOCUS13971,2,3,3,0,0,0
DIATSA_LOCUS13972,0,0,0,0,0,0
DIATSA_LOCUS13973,1,1,1,0,0,0
DIATSA_LOCUS13974,317,715,728,230,581,593
DIATSA_LOCUS13975,123,217,223,55,109,112
DIATSA_LOCUS13976,78,130,134,49,81,83
DIATSA_LOCUS13977,12,30,31,9,20,21
DIATSA_LOCUS13978,5727,11032,11416,8915,16854,17474
DIATSA_LOCUS13979,51,146,169,48,170,183
DIATSA_LOCUS1398,129,238,249,26,45,47
DIATSA_LOCUS13980,285,533,562,125,224,233
DIATSA_LOCUS13981,0,0,0,0,0,0
DIATSA_LOCUS13982,190,343,354,192,403,419
DIATSA_LOCUS13983,39,76,78,24,38,38
DIATSA_LOCUS13984,9,14,15,2,2,3
DIATSA_LOCUS13985,9,23,24,2,10,10
DIATSA_LOCUS13986,2,3,3,0,0,0
DIATSA_LOCUS13987,118,235,245,99,195,206
DIATSA_LOCUS13988,63,129,131,18,43,46
DIATSA_LOCUS13989,0,0,0,0,0,0
DIATSA_LOCUS1399,210,405,420,430,750,778
DIATSA_LOCUS13990,0,1,1,1,1,1
DIATSA_LOCUS13991,0,0,0,0,0,0
DIATSA_LOCUS13992,93,191,199,67,128,137
DIATSA_LOCUS13993,55,111,112,29,53,56
DIATSA_LOCUS13994,36,83,87,42,67,71
DIATSA_LOCUS13995,2406,5061,5256,2509,5492,5704
DIATSA_LOCUS13996,50,104,106,57,122,123
DIATSA_LOCUS13997,85,157,159,100,182,187
DIATSA_LOCUS13998,566,1035,1082,648,1187,1237
DIATSA_LOCUS13999,4,6,6,4,8,9
DIATSA_LOCUS14,659,1284,1336,436,826,861
DIATSA_LOCUS140,175,338,345,159,327,339
DIATSA_LOCUS1400,15,34,38,21,34,41
DIATSA_LOCUS14000,1,4,4,1,9,10
DIATSA_LOCUS14001,21,34,34,11,17,17
DIATSA_LOCUS14002,0,0,0,0,0,0
DIATSA_LOCUS14003,88,182,190,86,189,199
DIATSA_LOCUS14004,6179,11114,11544,2722,4862,5082
DIATSA_LOCUS14005,248,530,556,786,1602,1673
DIATSA_LOCUS14006,15,25,30,15,36,37
DIATSA_LOCUS14007,4,10,11,4,2,3
DIATSA_LOCUS14008,1,2,2,0,0,0
DIATSA_LOCUS14009,0,0,0,0,0,0
DIATSA_LOCUS1401,1060,2143,2222,828,1691,1751
DIATSA_LOCUS14010,0,0,0,0,0,0
DIATSA_LOCUS14011,0,0,0,0,0,0
DIATSA_LOCUS14012,0,0,0,0,0,0
DIATSA_LOCUS14013,0,2,2,0,1,1
DIATSA_LOCUS14014,0,0,0,0,0,0
DIATSA_LOCUS14015,0,0,0,0,0,0
DIATSA_LOCUS14016,0,0,0,0,0,0
DIATSA_LOCUS14017,4,8,9,1,2,2
DIATSA_LOCUS14018,5,9,10,0,1,1
DIATSA_LOCUS14019,4,5,5,1,2,2
DIATSA_LOCUS1402,564,1176,1225,698,1422,1477
DIATSA_LOCUS14020,1304,2832,2939,793,1767,1849
DIATSA_LOCUS14021,0,0,0,0,0,0
DIATSA_LOCUS14022,10,17,18,7,18,18
DIATSA_LOCUS14023,0,0,0,0,0,0
DIATSA_LOCUS14024,129,263,276,123,229,236
DIATSA_LOCUS14025,154,329,337,169,329,338
DIATSA_LOCUS14026,151,275,297,133,252,284
DIATSA_LOCUS14027,2,5,5,0,5,7
DIATSA_LOCUS14028,41,76,80,17,29,30
DIATSA_LOCUS14029,157,309,314,202,409,422
DIATSA_LOCUS1403,0,0,0,1,2,2
DIATSA_LOCUS14030,44,101,107,31,58,61
DIATSA_LOCUS14031,170,381,397,195,396,406
DIATSA_LOCUS14032,154,305,316,146,314,323
DIATSA_LOCUS14033,167,332,339,189,397,410
DIATSA_LOCUS14034,102,232,236,123,288,301
DIATSA_LOCUS14035,74,161,175,69,173,178
DIATSA_LOCUS14036,28,44,47,17,37,38
DIATSA_LOCUS14037,61,117,120,43,81,84
DIATSA_LOCUS14038,12,21,21,6,11,11
DIATSA_LOCUS14039,19,34,35,8,11,12
DIATSA_LOCUS1404,20,42,44,3,10,10
DIATSA_LOCUS14040,54,150,151,39,92,96
DIATSA_LOCUS14041,37,81,85,51,92,96
DIATSA_LOCUS14042,267,552,572,281,616,639
DIATSA_LOCUS14043,861,1672,1737,961,1961,2026
DIATSA_LOCUS14044,998,1864,1929,666,1300,1350
DIATSA_LOCUS14045,164,318,326,126,254,263
DIATSA_LOCUS14046,549,1054,1099,451,849,883
DIATSA_LOCUS14047,32,68,70,24,34,36
DIATSA_LOCUS14048,0,0,0,0,0,0
DIATSA_LOCUS14049,160,288,299,150,285,291
DIATSA_LOCUS1405,26,53,53,16,37,40
DIATSA_LOCUS14050,0,0,1,0,1,1
DIATSA_LOCUS14051,377,688,705,319,602,617
DIATSA_LOCUS14052,318,580,609,253,468,497
DIATSA_LOCUS14053,1,12,12,2,6,6
DIATSA_LOCUS14054,54,103,112,44,71,75
DIATSA_LOCUS14055,178,317,331,200,339,349
DIATSA_LOCUS14056,8,14,14,10,18,18
DIATSA_LOCUS14057,52,112,113,70,154,157
DIATSA_LOCUS14058,362,802,866,437,939,1010
DIATSA_LOCUS14059,2,7,8,2,3,3
DIATSA_LOCUS1406,64,120,125,61,130,129
DIATSA_LOCUS14060,210,465,482,213,479,493
DIATSA_LOCUS14061,26,69,69,8,17,18
DIATSA_LOCUS14062,23,58,62,7,15,16
DIATSA_LOCUS14063,6,10,12,4,4,4
DIATSA_LOCUS14064,66,136,138,55,87,90
DIATSA_LOCUS14065,26,56,56,34,54,55
DIATSA_LOCUS14066,5,11,11,4,6,7
DIATSA_LOCUS14067,261,552,575,449,873,910
DIATSA_LOCUS14068,183,293,311,240,451,469
DIATSA_LOCUS14069,73,140,143,158,261,273
DIATSA_LOCUS1407,1,1,1,2,3,3
DIATSA_LOCUS14070,134,245,253,121,247,265
DIATSA_LOCUS14071,18,32,33,35,51,53
DIATSA_LOCUS14072,513,761,786,730,1071,1123
DIATSA_LOCUS14073,1254,2002,2062,2045,3243,3415
DIATSA_LOCUS14074,18,21,22,3,5,5
DIATSA_LOCUS14075,93,150,150,17,27,28
DIATSA_LOCUS14076,58,135,147,66,136,143
DIATSA_LOCUS14077,1011,1837,1895,770,1445,1509
DIATSA_LOCUS14078,7,23,23,8,16,16
DIATSA_LOCUS14079,1323,2371,2448,1046,1920,1978
DIATSA_LOCUS1408,894,1632,1734,792,1343,1383
DIATSA_LOCUS14080,238,449,469,180,344,355
DIATSA_LOCUS14081,106,244,251,60,157,161
DIATSA_LOCUS14082,14,24,29,9,21,21
DIATSA_LOCUS14083,67,127,129,77,118,120
DIATSA_LOCUS14084,64,118,123,32,71,76
DIATSA_LOCUS14085,23,49,52,12,25,31
DIATSA_LOCUS14086,183,318,332,98,182,191
DIATSA_LOCUS14087,0,0,0,0,0,0
DIATSA_LOCUS14088,14329,25832,26903,23009,42150,43924
DIATSA_LOCUS14089,16,30,34,8,11,12
DIATSA_LOCUS1409,762,1407,1481,718,1325,1390
DIATSA_LOCUS14090,9,21,21,3,8,9
DIATSA_LOCUS14091,30,50,52,20,46,48
DIATSA_LOCUS14092,129,236,252,67,144,148
DIATSA_LOCUS14093,71,118,123,86,174,179
DIATSA_LOCUS14094,147,292,304,466,837,873
DIATSA_LOCUS14095,195,357,372,110,177,183
DIATSA_LOCUS14096,525,1308,1377,650,1619,1705
DIATSA_LOCUS14097,3,6,6,4,10,10
DIATSA_LOCUS14098,37,57,58,35,69,73
DIATSA_LOCUS14099,38,70,75,49,81,85
DIATSA_LOCUS141,2,2,2,1,2,2
DIATSA_LOCUS1410,233,402,420,223,379,392
DIATSA_LOCUS14100,178,389,404,95,212,215
DIATSA_LOCUS14101,1,1,1,2,5,5
DIATSA_LOCUS14102,147,226,231,50,86,91
DIATSA_LOCUS14103,4652,8222,8549,5502,9700,10066
DIATSA_LOCUS14104,28,36,38,17,25,25
DIATSA_LOCUS14105,40,78,80,22,41,42
DIATSA_LOCUS14106,1639,3709,3907,2786,6404,6755
DIATSA_LOCUS14107,13,17,16,13,15,19
DIATSA_LOCUS14108,531,1082,1129,296,559,582
DIATSA_LOCUS14109,113,205,210,75,162,168
DIATSA_LOCUS1411,285,520,535,323,547,565
DIATSA_LOCUS14110,367,595,617,627,932,961
DIATSA_LOCUS14111,7,13,13,8,22,23
DIATSA_LOCUS14112,249,560,578,192,423,448
DIATSA_LOCUS14113,14,21,22,14,16,16
DIATSA_LOCUS14114,670,1214,1249,402,801,822
DIATSA_LOCUS14115,945,1899,1974,779,1686,1760
DIATSA_LOCUS14116,0,0,0,1,1,2
DIATSA_LOCUS14117,345,640,664,214,442,461
DIATSA_LOCUS14118,42,70,72,17,32,32
DIATSA_LOCUS14119,316,492,517,375,564,582
DIATSA_LOCUS1412,0,0,0,0,0,0
DIATSA_LOCUS14120,14,23,24,17,30,29
DIATSA_LOCUS14121,263,480,522,206,392,428
DIATSA_LOCUS14122,26,50,55,35,71,73
DIATSA_LOCUS14123,82,149,157,48,105,109
DIATSA_LOCUS14124,437,783,842,651,1126,1217
DIATSA_LOCUS14125,22,27,28,21,51,55
DIATSA_LOCUS14126,377,946,971,353,849,877
DIATSA_LOCUS14127,45,84,87,65,112,116
DIATSA_LOCUS14128,0,0,0,0,0,0
DIATSA_LOCUS14129,0,0,0,0,0,0
DIATSA_LOCUS1413,0,0,1,1,0,0
DIATSA_LOCUS14130,0,0,1,0,0,0
DIATSA_LOCUS14131,0,0,0,0,1,1
DIATSA_LOCUS14132,0,0,0,0,0,0
DIATSA_LOCUS14133,0,2,2,1,2,2
DIATSA_LOCUS14134,1,2,2,0,0,0
DIATSA_LOCUS14135,0,0,1,0,0,0
DIATSA_LOCUS14136,0,0,0,0,0,0
DIATSA_LOCUS14137,0,0,0,0,0,0
DIATSA_LOCUS1414,2691,5370,5603,2242,4459,4640
DIATSA_LOCUS1415,89,154,159,22,46,48
DIATSA_LOCUS1416,1,1,3,0,0,0
DIATSA_LOCUS1417,649,1251,1291,793,1542,1604
DIATSA_LOCUS1418,97,205,214,116,236,240
DIATSA_LOCUS1419,106,192,208,11,21,21
DIATSA_LOCUS142,0,0,0,0,0,0
DIATSA_LOCUS1420,26,46,48,6,12,12
DIATSA_LOCUS1421,95,183,190,22,37,39
DIATSA_LOCUS1422,154,282,296,74,151,160
DIATSA_LOCUS1423,323,614,644,305,551,572
DIATSA_LOCUS1424,236,482,521,249,544,589
DIATSA_LOCUS1425,349,719,738,442,878,932
DIATSA_LOCUS1426,16,28,29,21,42,44
DIATSA_LOCUS1427,58,118,122,56,95,100
DIATSA_LOCUS1428,5,13,14,12,22,21
DIATSA_LOCUS1429,94,195,203,20,45,47
DIATSA_LOCUS143,0,0,0,0,0,0
DIATSA_LOCUS1430,578,1103,1180,397,742,795
DIATSA_LOCUS1431,144,259,269,74,129,137
DIATSA_LOCUS1432,27,57,60,14,21,22
DIATSA_LOCUS1433,52,92,94,23,44,44
DIATSA_LOCUS1434,1,1,1,0,0,0
DIATSA_LOCUS1435,3532,6085,6301,3635,6867,7157
DIATSA_LOCUS1436,1,5,5,2,4,4
DIATSA_LOCUS1437,31,51,53,39,66,67
DIATSA_LOCUS1438,208,441,459,219,462,479
DIATSA_LOCUS1439,34,83,85,42,113,114
DIATSA_LOCUS144,8,12,13,0,1,1
DIATSA_LOCUS1440,0,0,0,0,0,0
DIATSA_LOCUS1441,0,0,0,0,0,0
DIATSA_LOCUS1442,12,20,20,6,13,13
DIATSA_LOCUS1443,205,414,433,72,139,145
DIATSA_LOCUS1444,489,1029,1054,496,982,1012
DIATSA_LOCUS1445,38,51,53,44,69,70
DIATSA_LOCUS1446,169,340,345,186,372,386
DIATSA_LOCUS1447,710,1389,1441,688,1382,1431
DIATSA_LOCUS1448,27,74,77,34,105,107
DIATSA_LOCUS1449,139,235,244,139,260,267
DIATSA_LOCUS145,0,0,0,0,0,0
DIATSA_LOCUS1450,85,202,205,81,229,234
DIATSA_LOCUS1451,98,168,177,35,59,64
DIATSA_LOCUS1452,15,33,35,12,23,24
DIATSA_LOCUS1453,15747,27867,28833,25034,44645,46249
DIATSA_LOCUS1454,0,2,2,3,6,6
DIATSA_LOCUS1455,0,0,0,0,0,0
DIATSA_LOCUS1456,20,46,53,13,29,30
DIATSA_LOCUS1457,29,72,78,22,57,57
DIATSA_LOCUS1458,80,122,132,68,110,114
DIATSA_LOCUS1459,6,9,9,3,9,9
DIATSA_LOCUS146,4,13,13,5,13,13
DIATSA_LOCUS1460,45,71,74,22,48,53
DIATSA_LOCUS1461,16,38,39,0,1,1
DIATSA_LOCUS1462,13,21,21,4,8,8
DIATSA_LOCUS1463,48,94,99,19,33,36
DIATSA_LOCUS1464,21,31,32,19,35,36
DIATSA_LOCUS1465,55,131,137,100,227,246
DIATSA_LOCUS1466,0,1,2,0,1,1
DIATSA_LOCUS1467,56,99,103,11,17,18
DIATSA_LOCUS1468,362,739,764,134,282,299
DIATSA_LOCUS1469,0,0,0,0,0,0
DIATSA_LOCUS147,7,15,16,3,4,4
DIATSA_LOCUS1470,284,533,564,238,485,509
DIATSA_LOCUS1471,6,9,9,1,2,3
DIATSA_LOCUS1472,2,3,4,8,11,11
DIATSA_LOCUS1473,1,1,1,0,0,0
DIATSA_LOCUS1474,730,1220,1270,356,556,575
DIATSA_LOCUS1475,0,1,1,2,2,3
DIATSA_LOCUS1476,69,141,149,24,57,63
DIATSA_LOCUS1477,41,97,102,28,56,56
DIATSA_LOCUS1478,101,167,176,39,75,75
DIATSA_LOCUS1479,538,1105,1139,554,1206,1248
DIATSA_LOCUS148,0,0,0,0,0,0
DIATSA_LOCUS1480,37,64,65,14,36,38
DIATSA_LOCUS1481,117,221,230,51,80,84
DIATSA_LOCUS1482,38,61,64,6,17,20
DIATSA_LOCUS1483,99,171,177,37,62,65
DIATSA_LOCUS1484,30032,51093,52969,47408,85496,88730
DIATSA_LOCUS1485,35,87,88,75,168,178
DIATSA_LOCUS1486,3,3,3,2,4,4
DIATSA_LOCUS1487,89,176,183,101,185,190
DIATSA_LOCUS1488,730,1263,1308,782,1368,1410
DIATSA_LOCUS1489,73,184,193,80,200,210
DIATSA_LOCUS149,6,10,11,1,2,3
DIATSA_LOCUS1490,235,406,423,117,203,216
DIATSA_LOCUS1491,19,38,41,10,24,27
DIATSA_LOCUS1492,384,792,827,414,776,799
DIATSA_LOCUS1493,169,354,368,212,468,485
DIATSA_LOCUS1494,509,1050,1101,478,994,1038
DIATSA_LOCUS1495,71,117,122,128,213,220
DIATSA_LOCUS1496,277,537,563,401,695,729
DIATSA_LOCUS1497,503,973,1011,516,972,1011
DIATSA_LOCUS1498,497,948,982,456,820,838
DIATSA_LOCUS1499,53,78,86,27,42,43
DIATSA_LOCUS15,0,1,1,0,1,1
DIATSA_LOCUS150,16,32,33,12,30,31
DIATSA_LOCUS1500,48,93,98,28,43,46
DIATSA_LOCUS1501,3974,6784,7045,2939,5140,5348
DIATSA_LOCUS1502,21,0,39,0,0,27
DIATSA_LOCUS1503,339,801,857,672,1247,1320
DIATSA_LOCUS1504,0,39,0,21,26,0
DIATSA_LOCUS1505,83,124,133,104,155,162
DIATSA_LOCUS1506,27,52,51,19,42,45
DIATSA_LOCUS1507,103,212,222,74,127,132
DIATSA_LOCUS1508,257,472,484,259,447,458
DIATSA_LOCUS1509,16898,32204,33767,15767,32825,34225
DIATSA_LOCUS151,404,795,827,193,393,409
DIATSA_LOCUS1510,0,2,2,2,7,7
DIATSA_LOCUS1511,40,81,82,41,99,102
DIATSA_LOCUS1512,30,61,64,29,69,74
DIATSA_LOCUS1513,97,229,240,91,203,209
DIATSA_LOCUS1514,129,218,227,89,171,175
DIATSA_LOCUS1515,200,347,360,88,132,134
DIATSA_LOCUS1516,348,653,681,356,642,673
DIATSA_LOCUS1517,0,0,0,0,0,0
DIATSA_LOCUS1518,125,227,235,144,273,279
DIATSA_LOCUS1519,33,77,80,18,52,54
DIATSA_LOCUS152,62,107,114,18,29,31
DIATSA_LOCUS1520,938,1815,1887,1131,2071,2162
DIATSA_LOCUS1521,98,163,168,41,84,87
DIATSA_LOCUS1522,0,0,0,0,0,0
DIATSA_LOCUS1523,93,192,206,43,80,85
DIATSA_LOCUS1524,79,150,157,71,137,138
DIATSA_LOCUS1525,1,1,1,1,2,2
DIATSA_LOCUS1526,0,0,0,0,0,0
DIATSA_LOCUS1527,0,0,0,0,0,0
DIATSA_LOCUS1528,0,0,0,0,0,0
DIATSA_LOCUS1529,167,314,334,159,241,251
DIATSA_LOCUS153,78,141,143,51,76,76
DIATSA_LOCUS1530,0,0,0,0,0,0
DIATSA_LOCUS1531,41,72,74,20,35,36
DIATSA_LOCUS1532,71,148,156,48,97,103
DIATSA_LOCUS1533,23,52,53,26,60,62
DIATSA_LOCUS1534,40,84,86,30,63,66
DIATSA_LOCUS1535,40,114,116,50,110,112
DIATSA_LOCUS1536,16,23,25,21,37,39
DIATSA_LOCUS1537,59,86,91,30,52,52
DIATSA_LOCUS1538,17,26,25,16,17,17
DIATSA_LOCUS1539,15,18,20,14,26,24
DIATSA_LOCUS154,0,0,0,0,0,0
DIATSA_LOCUS1540,69,174,176,48,94,96
DIATSA_LOCUS1541,862,1903,1997,1078,2159,2299
DIATSA_LOCUS1542,2,4,4,0,2,2
DIATSA_LOCUS1543,31,64,67,22,44,44
DIATSA_LOCUS1544,16,37,39,9,16,16
DIATSA_LOCUS1545,81,194,202,72,161,166
DIATSA_LOCUS1546,1,1,1,1,2,3
DIATSA_LOCUS1547,31,55,57,5,11,11
DIATSA_LOCUS1548,0,0,0,0,0,0
DIATSA_LOCUS1549,10,19,19,4,10,12
DIATSA_LOCUS155,141,288,299,203,370,383
DIATSA_LOCUS1550,107,156,159,16,47,48
DIATSA_LOCUS1551,124,246,268,69,117,120
DIATSA_LOCUS1552,167,332,345,174,346,354
DIATSA_LOCUS1553,204,369,382,235,403,418
DIATSA_LOCUS1554,39,89,90,40,98,102
DIATSA_LOCUS1555,57,123,130,65,113,116
DIATSA_LOCUS1556,65,127,138,62,143,147
DIATSA_LOCUS1557,87,129,136,47,92,99
DIATSA_LOCUS1558,14,22,23,14,19,19
DIATSA_LOCUS1559,12,21,22,8,13,14
DIATSA_LOCUS156,1047,2406,2503,1539,3156,3283
DIATSA_LOCUS1560,20,46,48,18,22,25
DIATSA_LOCUS1561,15,28,28,4,8,11
DIATSA_LOCUS1562,110,242,256,126,297,310
DIATSA_LOCUS1563,38,51,53,10,20,20
DIATSA_LOCUS1564,355,663,691,292,572,591
DIATSA_LOCUS1565,49,91,94,55,113,117
DIATSA_LOCUS1566,18,45,46,24,60,64
DIATSA_LOCUS1567,74,166,173,51,113,119
DIATSA_LOCUS1568,0,0,0,0,0,0
DIATSA_LOCUS1569,83,246,255,88,297,311
DIATSA_LOCUS157,0,0,0,0,0,0
DIATSA_LOCUS1570,209,430,444,107,190,201
DIATSA_LOCUS1571,831,1679,1745,825,1586,1640
DIATSA_LOCUS1572,4,12,12,3,9,13
DIATSA_LOCUS1573,17,24,25,21,34,34
DIATSA_LOCUS1574,0,0,1,1,1,1
DIATSA_LOCUS1575,0,0,0,0,0,0
DIATSA_LOCUS1576,440,840,886,282,502,513
DIATSA_LOCUS1577,116,245,253,59,116,123
DIATSA_LOCUS1578,29,53,54,25,40,42
DIATSA_LOCUS1579,10,26,27,17,38,38
DIATSA_LOCUS158,0,7,7,6,0,0
DIATSA_LOCUS1580,34,50,55,7,13,13
DIATSA_LOCUS1581,93,211,215,121,236,248
DIATSA_LOCUS1582,107,237,249,143,277,290
DIATSA_LOCUS1583,470,861,896,395,769,803
DIATSA_LOCUS1584,81,179,183,111,225,230
DIATSA_LOCUS1585,43,85,87,92,139,144
DIATSA_LOCUS1586,395,685,711,386,694,738
DIATSA_LOCUS1587,96,175,182,80,156,161
DIATSA_LOCUS1588,77,133,137,49,87,90
DIATSA_LOCUS1589,14320,23842,24732,22561,36911,38315
DIATSA_LOCUS159,0,0,0,0,0,0
DIATSA_LOCUS1590,36,83,91,19,39,44
DIATSA_LOCUS1591,56,130,138,78,155,168
DIATSA_LOCUS1592,59,120,123,54,107,109
DIATSA_LOCUS1593,44,69,71,38,59,62
DIATSA_LOCUS1594,53,98,109,48,92,94
DIATSA_LOCUS1595,7,12,14,0,2,2
DIATSA_LOCUS1596,48,94,102,13,26,26
DIATSA_LOCUS1597,847,1801,1861,938,1980,2062
DIATSA_LOCUS1598,213,431,457,138,313,335
DIATSA_LOCUS1599,132,281,291,123,277,285
DIATSA_LOCUS16,0,1,1,1,2,2
DIATSA_LOCUS160,1,1,1,0,0,2
DIATSA_LOCUS1600,399,743,776,305,647,669
DIATSA_LOCUS1601,20,33,33,6,12,12
DIATSA_LOCUS1602,967,1761,1827,829,1547,1608
DIATSA_LOCUS1603,491,888,929,580,1076,1109
DIATSA_LOCUS1604,7,9,9,3,5,5
DIATSA_LOCUS1605,32,81,83,28,69,72
DIATSA_LOCUS1606,343,612,636,196,352,365
DIATSA_LOCUS1607,27,53,55,22,47,47
DIATSA_LOCUS1608,92,206,214,126,241,249
DIATSA_LOCUS1609,0,0,0,0,0,0
DIATSA_LOCUS161,0,0,0,0,0,0
DIATSA_LOCUS1610,264,581,605,141,337,342
DIATSA_LOCUS1611,47,91,96,26,43,49
DIATSA_LOCUS1612,631,1401,1445,879,1995,2069
DIATSA_LOCUS1613,49,148,151,60,156,159
DIATSA_LOCUS1614,1,2,2,0,1,1
DIATSA_LOCUS1615,16,29,31,9,18,20
DIATSA_LOCUS1616,174,336,350,163,317,327
DIATSA_LOCUS1617,62,103,106,29,67,67
DIATSA_LOCUS1618,18,36,37,6,14,15
DIATSA_LOCUS1619,168,315,332,175,285,308
DIATSA_LOCUS162,0,0,0,0,0,0
DIATSA_LOCUS1620,35,70,71,44,75,83
DIATSA_LOCUS1621,168,379,392,237,438,452
DIATSA_LOCUS1622,2134,3456,3625,1628,2763,2936
DIATSA_LOCUS1623,11,24,24,9,21,22
DIATSA_LOCUS1624,37,59,63,31,55,59
DIATSA_LOCUS1625,91,171,177,37,69,71
DIATSA_LOCUS1626,214,399,414,159,298,311
DIATSA_LOCUS1627,202,352,373,134,236,247
DIATSA_LOCUS1628,92,179,194,29,63,65
DIATSA_LOCUS1629,159,321,344,64,118,132
DIATSA_LOCUS163,0,0,0,0,0,0
DIATSA_LOCUS1630,104,187,188,98,162,172
DIATSA_LOCUS1631,12,33,34,23,40,42
DIATSA_LOCUS1632,77,188,194,52,121,126
DIATSA_LOCUS1633,15,35,39,14,24,25
DIATSA_LOCUS1634,0,0,0,0,0,0
DIATSA_LOCUS1635,4,6,6,0,1,2
DIATSA_LOCUS1636,0,0,0,0,0,0
DIATSA_LOCUS1637,84,180,193,83,179,187
DIATSA_LOCUS1638,0,0,0,1,1,2
DIATSA_LOCUS1639,2,0,2,3,3,3
DIATSA_LOCUS164,0,2,2,0,0,0
DIATSA_LOCUS1640,0,0,0,0,0,0
DIATSA_LOCUS1641,3,4,4,6,7,8
DIATSA_LOCUS1642,0,0,0,0,7,0
DIATSA_LOCUS1643,0,0,0,0,0,0
DIATSA_LOCUS1644,0,12,10,1,5,5
DIATSA_LOCUS1645,0,0,0,3,0,7
DIATSA_LOCUS1646,0,0,0,0,0,0
DIATSA_LOCUS1647,0,0,0,1,1,1
DIATSA_LOCUS1648,32,53,54,23,54,55
DIATSA_LOCUS1649,17,34,34,31,53,55
DIATSA_LOCUS165,0,0,1,0,0,0
DIATSA_LOCUS1650,95,184,189,60,108,111
DIATSA_LOCUS1651,51,87,90,37,64,67
DIATSA_LOCUS1652,256,432,451,274,475,491
DIATSA_LOCUS1653,41,80,83,26,62,64
DIATSA_LOCUS1654,6,12,13,2,3,3
DIATSA_LOCUS1655,14,25,25,11,33,34
DIATSA_LOCUS1656,191,348,363,65,132,137
DIATSA_LOCUS1657,116,216,223,59,121,130
DIATSA_LOCUS1658,29,38,39,7,14,14
DIATSA_LOCUS1659,32,67,75,11,22,27
DIATSA_LOCUS166,2,12,12,6,7,7
DIATSA_LOCUS1660,19,23,25,1,3,4
DIATSA_LOCUS1661,14,26,27,4,9,9
DIATSA_LOCUS1662,24,41,48,7,5,5
DIATSA_LOCUS1663,15,26,27,15,20,21
DIATSA_LOCUS1664,242,400,419,310,511,536
DIATSA_LOCUS1665,40,81,82,30,51,55
DIATSA_LOCUS1666,454,889,923,570,1174,1231
DIATSA_LOCUS1667,555,1138,1202,106,179,189
DIATSA_LOCUS1668,51,89,91,20,47,49
DIATSA_LOCUS1669,28,50,51,46,77,78
DIATSA_LOCUS167,2,10,10,4,9,9
DIATSA_LOCUS1670,29,50,51,15,31,32
DIATSA_LOCUS1671,102,181,197,122,217,227
DIATSA_LOCUS1672,30,48,50,17,25,25
DIATSA_LOCUS1673,311,534,563,395,683,739
DIATSA_LOCUS1674,1,3,3,1,4,4
DIATSA_LOCUS1675,0,0,0,0,0,0
DIATSA_LOCUS1676,0,0,0,0,1,1
DIATSA_LOCUS1677,0,0,0,0,0,0
DIATSA_LOCUS1678,8,13,13,3,7,7
DIATSA_LOCUS1679,5807,12132,12678,6578,13786,14389
DIATSA_LOCUS168,0,0,0,0,0,0
DIATSA_LOCUS1680,8,13,13,10,20,20
DIATSA_LOCUS1681,645,1300,1405,946,1879,2016
DIATSA_LOCUS1682,2,2,2,1,1,1
DIATSA_LOCUS1683,2,2,2,1,2,2
DIATSA_LOCUS1684,0,0,0,0,0,0
DIATSA_LOCUS1685,17,24,24,4,10,11
DIATSA_LOCUS1686,87,166,173,68,127,132
DIATSA_LOCUS1687,95,163,169,51,80,87
DIATSA_LOCUS1688,89,223,231,91,185,196
DIATSA_LOCUS1689,0,0,0,0,1,1
DIATSA_LOCUS169,0,0,0,0,0,0
DIATSA_LOCUS1690,0,0,0,0,0,0
DIATSA_LOCUS1691,3112,5900,6178,3265,6365,6589
DIATSA_LOCUS1692,87,173,177,49,115,123
DIATSA_LOCUS1693,109,265,275,150,302,314
DIATSA_LOCUS1694,581,1147,1191,243,559,581
DIATSA_LOCUS1695,414,808,833,487,927,969
DIATSA_LOCUS1696,5710,11478,12062,7763,15441,16202
DIATSA_LOCUS1697,2343,4450,4631,2406,4878,5063
DIATSA_LOCUS1698,136,245,255,95,182,184
DIATSA_LOCUS1699,53,119,123,36,92,97
DIATSA_LOCUS17,16,43,43,23,58,58
DIATSA_LOCUS170,0,0,0,0,0,0
DIATSA_LOCUS1700,314,641,657,273,542,558
DIATSA_LOCUS1701,1021,1931,2003,1267,2490,2592
DIATSA_LOCUS1702,142,323,335,201,416,443
DIATSA_LOCUS1703,3,8,8,5,8,8
DIATSA_LOCUS1704,1021,1933,1996,964,1845,1908
DIATSA_LOCUS1705,53,109,112,63,119,121
DIATSA_LOCUS1706,0,0,0,0,2,2
DIATSA_LOCUS1707,2,2,2,0,0,0
DIATSA_LOCUS1708,1,1,1,0,0,0
DIATSA_LOCUS1709,0,0,0,0,0,0
DIATSA_LOCUS171,0,0,0,0,0,0
DIATSA_LOCUS1710,94,202,208,112,200,207
DIATSA_LOCUS1711,71,182,183,62,190,197
DIATSA_LOCUS1712,67,172,175,32,61,61
DIATSA_LOCUS1713,74,132,138,36,65,69
DIATSA_LOCUS1714,1,1,1,1,1,1
DIATSA_LOCUS1715,24,38,38,4,13,13
DIATSA_LOCUS1716,370,766,793,321,660,692
DIATSA_LOCUS1717,126,197,203,55,95,99
DIATSA_LOCUS1718,22,38,39,21,48,51
DIATSA_LOCUS1719,298,550,576,286,542,568
DIATSA_LOCUS172,8,17,18,4,11,12
DIATSA_LOCUS1720,443,933,970,387,834,857
DIATSA_LOCUS1721,2095,3936,4067,1328,2757,2871
DIATSA_LOCUS1722,38,88,89,65,122,120
DIATSA_LOCUS1723,1371,2515,2603,852,1623,1690
DIATSA_LOCUS1724,40,84,89,56,121,123
DIATSA_LOCUS1725,11,20,18,8,20,21
DIATSA_LOCUS1726,36,94,98,44,103,106
DIATSA_LOCUS1727,29,48,55,17,57,56
DIATSA_LOCUS1728,1,1,1,0,0,0
DIATSA_LOCUS1729,0,0,0,0,0,0
DIATSA_LOCUS173,0,0,0,0,0,0
DIATSA_LOCUS1730,32,53,56,7,15,17
DIATSA_LOCUS1731,84,180,186,52,117,123
DIATSA_LOCUS1732,18,26,26,11,17,17
DIATSA_LOCUS1733,469,850,892,394,723,750
DIATSA_LOCUS1734,191,393,412,248,556,575
DIATSA_LOCUS1735,11,20,21,13,27,28
DIATSA_LOCUS1736,53,125,131,39,70,69
DIATSA_LOCUS1737,8,17,18,6,15,16
DIATSA_LOCUS1738,56,88,91,34,70,76
DIATSA_LOCUS1739,68,146,150,61,114,116
DIATSA_LOCUS174,52,93,104,17,38,39
DIATSA_LOCUS1740,1315,2594,2725,1335,2640,2762
DIATSA_LOCUS1741,0,1,1,0,0,1
DIATSA_LOCUS1742,73,119,125,59,97,100
DIATSA_LOCUS1743,353,725,759,284,584,606
DIATSA_LOCUS1744,81,174,185,34,91,93
DIATSA_LOCUS1745,413,844,881,399,815,848
DIATSA_LOCUS1746,162,296,301,204,366,380
DIATSA_LOCUS1747,1,3,3,0,0,0
DIATSA_LOCUS1748,914,1823,1901,913,1884,1963
DIATSA_LOCUS1749,0,0,0,0,0,0
DIATSA_LOCUS175,24,38,38,31,61,60
DIATSA_LOCUS1750,0,1,1,0,0,0
DIATSA_LOCUS1751,433,903,926,479,959,991
DIATSA_LOCUS1752,8,36,40,13,32,34
DIATSA_LOCUS1753,28,68,72,47,81,83
DIATSA_LOCUS1754,19,37,38,25,46,49
DIATSA_LOCUS1755,128,333,338,148,331,348
DIATSA_LOCUS1756,83,158,164,66,136,144
DIATSA_LOCUS1757,0,1,1,0,0,0
DIATSA_LOCUS1758,0,0,0,0,0,0
DIATSA_LOCUS1759,1060,1997,2065,683,1280,1324
DIATSA_LOCUS176,88,177,186,128,239,243
DIATSA_LOCUS1760,0,1,1,4,3,3
DIATSA_LOCUS1761,3,13,13,2,10,12
DIATSA_LOCUS1762,328,641,680,179,356,381
DIATSA_LOCUS1763,352,767,794,193,434,454
DIATSA_LOCUS1764,5,11,11,4,6,6
DIATSA_LOCUS1765,1,1,1,0,0,0
DIATSA_LOCUS1766,9,15,15,4,4,4
DIATSA_LOCUS1767,44,73,78,11,31,36
DIATSA_LOCUS1768,13,23,24,7,16,16
DIATSA_LOCUS1769,333,667,701,271,536,556
DIATSA_LOCUS177,413,812,847,243,434,455
DIATSA_LOCUS1770,87,167,173,38,66,68
DIATSA_LOCUS1771,32,52,58,8,21,22
DIATSA_LOCUS1772,58,119,121,23,48,50
DIATSA_LOCUS1773,74,161,172,48,104,109
DIATSA_LOCUS1774,1,1,1,0,0,0
DIATSA_LOCUS1775,0,0,0,0,0,0
DIATSA_LOCUS1776,16,29,32,2,6,8
DIATSA_LOCUS1777,0,0,0,0,1,1
DIATSA_LOCUS1778,1890,4609,4771,2134,4927,5100
DIATSA_LOCUS1779,11,37,41,12,21,22
DIATSA_LOCUS178,40,106,108,23,55,60
DIATSA_LOCUS1780,6,7,7,5,7,7
DIATSA_LOCUS1781,28,44,46,22,27,28
DIATSA_LOCUS1782,0,0,0,0,0,0
DIATSA_LOCUS1783,479,934,978,299,640,672
DIATSA_LOCUS1784,117,267,279,58,145,152
DIATSA_LOCUS1785,2,3,3,1,1,1
DIATSA_LOCUS1786,267,494,517,219,420,441
DIATSA_LOCUS1787,162,322,334,170,362,382
DIATSA_LOCUS1788,20,31,32,9,22,23
DIATSA_LOCUS1789,11,15,16,6,11,11
DIATSA_LOCUS179,1,2,2,1,1,2
DIATSA_LOCUS1790,250,475,494,158,323,331
DIATSA_LOCUS1791,44,74,75,26,46,48
DIATSA_LOCUS1792,19,46,50,23,35,36
DIATSA_LOCUS1793,165,368,385,157,334,351
DIATSA_LOCUS1794,113,209,221,67,138,143
DIATSA_LOCUS1795,6510,12002,12390,8156,15027,15606
DIATSA_LOCUS1796,0,0,0,0,0,0
DIATSA_LOCUS1797,107,225,234,62,131,133
DIATSA_LOCUS1798,185,378,405,175,424,452
DIATSA_LOCUS1799,138,300,309,94,197,206
DIATSA_LOCUS18,119,199,205,69,128,134
DIATSA_LOCUS180,14,26,26,2,4,4
DIATSA_LOCUS1800,89,158,160,57,108,113
DIATSA_LOCUS1801,20,60,62,32,73,77
DIATSA_LOCUS1802,9,37,38,2,16,16
DIATSA_LOCUS1803,114,281,294,147,344,364
DIATSA_LOCUS1804,9,12,12,3,4,4
DIATSA_LOCUS1805,94,194,196,91,206,212
DIATSA_LOCUS1806,740,1631,1686,567,1170,1223
DIATSA_LOCUS1807,85,173,177,53,95,97
DIATSA_LOCUS1808,146,294,309,84,183,185
DIATSA_LOCUS1809,109,216,222,82,193,195
DIATSA_LOCUS181,237,403,418,176,326,337
DIATSA_LOCUS1810,135,252,256,42,78,84
DIATSA_LOCUS1811,112,211,222,125,271,280
DIATSA_LOCUS1812,303,614,637,180,351,363
DIATSA_LOCUS1813,0,0,0,0,1,1
DIATSA_LOCUS1814,0,3,3,3,8,8
DIATSA_LOCUS1815,20,37,38,18,31,35
DIATSA_LOCUS1816,185,370,388,174,384,405
DIATSA_LOCUS1817,399,745,769,414,750,777
DIATSA_LOCUS1818,25,47,50,5,19,19
DIATSA_LOCUS1819,37,73,76,27,42,47
DIATSA_LOCUS182,1,4,4,0,0,0
DIATSA_LOCUS1820,360,676,701,178,362,380
DIATSA_LOCUS1821,120,248,257,159,290,298
DIATSA_LOCUS1822,227,390,401,151,321,333
DIATSA_LOCUS1823,93,219,229,116,288,300
DIATSA_LOCUS1824,1,2,2,1,2,4
DIATSA_LOCUS1825,128,202,208,127,224,228
DIATSA_LOCUS1826,0,0,0,0,0,0
DIATSA_LOCUS1827,74,130,134,82,146,154
DIATSA_LOCUS1828,2,7,7,2,8,8
DIATSA_LOCUS1829,182,381,398,187,415,424
DIATSA_LOCUS183,10,30,30,2,13,13
DIATSA_LOCUS1830,128,281,289,154,299,309
DIATSA_LOCUS1831,128,225,233,141,262,273
DIATSA_LOCUS1832,244,545,561,220,460,476
DIATSA_LOCUS1833,0,0,0,0,0,0
DIATSA_LOCUS1834,39,61,68,60,90,91
DIATSA_LOCUS1835,126,218,222,112,184,189
DIATSA_LOCUS1836,525,958,996,245,415,430
DIATSA_LOCUS1837,378,802,843,141,317,327
DIATSA_LOCUS1838,48,112,115,38,91,91
DIATSA_LOCUS1839,160,366,392,61,149,155
DIATSA_LOCUS184,21,37,38,10,14,14
DIATSA_LOCUS1840,125,247,253,65,124,127
DIATSA_LOCUS1841,388,838,867,356,795,825
DIATSA_LOCUS1842,325,692,718,294,630,656
DIATSA_LOCUS1843,0,0,0,0,0,0
DIATSA_LOCUS1844,382,760,779,294,658,681
DIATSA_LOCUS1845,1309,2778,2916,922,1875,1947
DIATSA_LOCUS1846,63,130,132,27,60,63
DIATSA_LOCUS1847,233,437,457,111,255,269
DIATSA_LOCUS1848,0,0,0,0,0,0
DIATSA_LOCUS1849,159,294,310,208,336,346
DIATSA_LOCUS185,293,514,539,259,535,549
DIATSA_LOCUS1850,23,60,62,34,62,63
DIATSA_LOCUS1851,137,282,292,89,179,184
DIATSA_LOCUS1852,684,1385,1433,94,178,185
DIATSA_LOCUS1853,0,0,0,1,1,1
DIATSA_LOCUS1854,199,332,347,236,429,443
DIATSA_LOCUS1855,113,206,211,99,211,216
DIATSA_LOCUS1856,16,28,28,11,22,25
DIATSA_LOCUS1857,362,741,779,236,464,482
DIATSA_LOCUS1858,156,309,318,137,256,271
DIATSA_LOCUS1859,43,94,97,37,59,63
DIATSA_LOCUS186,0,0,0,0,0,0
DIATSA_LOCUS1860,0,0,0,0,0,0
DIATSA_LOCUS1861,1,1,1,0,0,0
DIATSA_LOCUS1862,1,2,2,1,2,2
DIATSA_LOCUS1863,328,663,680,121,229,237
DIATSA_LOCUS1864,364,721,757,138,262,271
DIATSA_LOCUS1865,204,393,403,176,358,378
DIATSA_LOCUS1866,39,74,78,49,100,102
DIATSA_LOCUS1867,21,32,36,25,40,42
DIATSA_LOCUS1868,81,153,158,59,117,121
DIATSA_LOCUS1869,315,595,627,261,514,538
DIATSA_LOCUS187,7,13,14,7,10,12
DIATSA_LOCUS1870,8304,18722,19506,11748,27058,28197
DIATSA_LOCUS1871,231,506,523,67,145,149
DIATSA_LOCUS1872,147,323,331,169,330,340
DIATSA_LOCUS1873,415,969,1002,213,496,512
DIATSA_LOCUS1874,784,1498,1570,981,1851,1928
DIATSA_LOCUS1875,364,851,880,337,771,799
DIATSA_LOCUS1876,53,96,98,40,90,92
DIATSA_LOCUS1877,70,141,145,46,78,79
DIATSA_LOCUS1878,136,305,312,130,252,257
DIATSA_LOCUS1879,127,216,233,119,220,236
DIATSA_LOCUS188,85,148,157,71,118,123
DIATSA_LOCUS1880,464,867,899,482,997,1026
DIATSA_LOCUS1881,370,768,793,330,625,653
DIATSA_LOCUS1882,81,152,157,54,97,98
DIATSA_LOCUS1883,2,3,3,1,1,1
DIATSA_LOCUS1884,217,383,401,200,403,410
DIATSA_LOCUS1885,191,345,358,134,253,255
DIATSA_LOCUS1886,441,761,789,324,585,602
DIATSA_LOCUS1887,5,10,11,7,13,14
DIATSA_LOCUS1888,2085,4193,4344,2482,4833,5011
DIATSA_LOCUS1889,440,1074,1114,651,1412,1464
DIATSA_LOCUS189,99,211,223,79,156,159
DIATSA_LOCUS1890,258,487,503,295,489,512
DIATSA_LOCUS1891,244,533,558,282,623,646
DIATSA_LOCUS1892,648,1417,1473,385,830,874
DIATSA_LOCUS1893,4765,8857,9192,2258,4371,4544
DIATSA_LOCUS1894,72,139,143,87,157,167
DIATSA_LOCUS1895,127,210,213,59,98,102
DIATSA_LOCUS1896,641,1296,1363,384,771,806
DIATSA_LOCUS1897,124,231,242,115,222,232
DIATSA_LOCUS1898,137,297,307,88,234,244
DIATSA_LOCUS1899,22,55,56,27,51,51
DIATSA_LOCUS19,40,76,78,17,24,24
DIATSA_LOCUS190,145,249,260,41,87,88
DIATSA_LOCUS1900,100,220,227,70,140,146
DIATSA_LOCUS1901,847,1607,1675,629,1251,1288
DIATSA_LOCUS1902,4198,8079,8411,1676,3567,3707
DIATSA_LOCUS1903,14,19,19,10,18,17
DIATSA_LOCUS1904,54,88,91,38,64,69
DIATSA_LOCUS1905,961,1895,1978,863,1684,1749
DIATSA_LOCUS1906,435,921,951,568,1169,1207
DIATSA_LOCUS1907,312,571,594,140,256,270
DIATSA_LOCUS1908,0,0,0,0,0,0
DIATSA_LOCUS1909,810,1643,1704,381,814,845
DIATSA_LOCUS191,494,864,904,432,761,795
DIATSA_LOCUS1910,4,4,5,0,0,0
DIATSA_LOCUS1911,251,514,542,118,236,247
DIATSA_LOCUS1912,61,133,139,15,48,49
DIATSA_LOCUS1913,4,8,8,14,20,21
DIATSA_LOCUS1914,368,690,725,386,737,765
DIATSA_LOCUS1915,7,22,22,5,16,15
DIATSA_LOCUS1916,239,477,493,190,367,382
DIATSA_LOCUS1917,17943,33915,35110,23829,43515,45002
DIATSA_LOCUS1918,1029,2514,2613,1173,2615,2714
DIATSA_LOCUS1919,1214,2467,2546,807,1742,1798
DIATSA_LOCUS192,228,406,422,82,156,162
DIATSA_LOCUS1920,535,1262,1333,481,1134,1199
DIATSA_LOCUS1921,1574,2956,3106,1694,3404,3569
DIATSA_LOCUS1922,490,1029,1070,422,926,974
DIATSA_LOCUS1923,4456,8133,8567,5027,9336,9872
DIATSA_LOCUS1924,94,178,184,108,211,221
DIATSA_LOCUS1925,219,436,447,177,337,343
DIATSA_LOCUS1926,182,309,323,105,231,240
DIATSA_LOCUS1927,241,483,493,306,593,623
DIATSA_LOCUS1928,0,0,0,0,0,0
DIATSA_LOCUS1929,0,0,0,0,0,0
DIATSA_LOCUS193,34,70,77,12,19,20
DIATSA_LOCUS1930,0,0,0,0,0,0
DIATSA_LOCUS1931,0,0,0,0,0,0
DIATSA_LOCUS1932,207,380,419,208,401,415
DIATSA_LOCUS1933,292,483,503,175,321,342
DIATSA_LOCUS1934,18,44,44,10,25,25
DIATSA_LOCUS1935,0,0,0,0,0,0
DIATSA_LOCUS1936,91,196,212,60,129,133
DIATSA_LOCUS1937,106,207,211,87,185,194
DIATSA_LOCUS1938,102,189,195,37,82,87
DIATSA_LOCUS1939,810,1870,1942,787,1766,1836
DIATSA_LOCUS194,4,9,11,12,19,20
DIATSA_LOCUS1940,0,0,0,0,0,0
DIATSA_LOCUS1941,37,71,75,29,62,65
DIATSA_LOCUS1942,0,0,0,0,0,0
DIATSA_LOCUS1943,112,218,225,92,187,195
DIATSA_LOCUS1944,64,127,139,69,148,156
DIATSA_LOCUS1945,3,5,5,1,5,5
DIATSA_LOCUS1946,116,207,213,71,179,188
DIATSA_LOCUS1947,10,16,16,10,21,21
DIATSA_LOCUS1948,0,0,0,0,0,0
DIATSA_LOCUS1949,4,9,9,1,5,5
DIATSA_LOCUS195,28,51,52,22,58,61
DIATSA_LOCUS1950,0,0,0,0,0,0
DIATSA_LOCUS1951,0,0,0,0,0,0
DIATSA_LOCUS1952,0,0,0,0,0,0
DIATSA_LOCUS1953,41,85,89,32,84,85
DIATSA_LOCUS1954,5,11,11,4,11,11
DIATSA_LOCUS1955,0,0,0,0,0,0
DIATSA_LOCUS1956,51,113,115,30,61,65
DIATSA_LOCUS1957,903,1534,1600,952,1695,1768
DIATSA_LOCUS1958,8,17,18,9,19,21
DIATSA_LOCUS1959,55,119,127,49,97,105
DIATSA_LOCUS196,8,18,19,3,9,9
DIATSA_LOCUS1960,18,31,32,2,6,6
DIATSA_LOCUS1961,3,5,5,0,0,0
DIATSA_LOCUS1962,123,242,248,125,292,302
DIATSA_LOCUS1963,502,1011,1065,243,503,531
DIATSA_LOCUS1964,4,6,6,2,5,5
DIATSA_LOCUS1965,61,126,131,39,60,66
DIATSA_LOCUS1966,917,1968,2079,1108,2258,2381
DIATSA_LOCUS1967,7800,13556,14105,9308,15387,15961
DIATSA_LOCUS1968,187,398,406,78,184,189
DIATSA_LOCUS1969,64,72,80,33,51,61
DIATSA_LOCUS197,43,110,104,19,45,53
DIATSA_LOCUS1970,89,180,182,37,74,74
DIATSA_LOCUS1971,6,8,8,7,12,12
DIATSA_LOCUS1972,12,34,36,9,20,20
DIATSA_LOCUS1973,122,236,247,77,135,145
DIATSA_LOCUS1974,171,344,356,91,204,207
DIATSA_LOCUS1975,0,0,0,0,0,0
DIATSA_LOCUS1976,3,10,10,9,20,19
DIATSA_LOCUS1977,240,539,559,143,297,309
DIATSA_LOCUS1978,38,60,63,17,49,52
DIATSA_LOCUS1979,128,265,275,113,228,236
DIATSA_LOCUS198,7,11,11,3,5,5
DIATSA_LOCUS1980,75,169,179,86,189,206
DIATSA_LOCUS1981,1,1,1,0,0,0
DIATSA_LOCUS1982,0,0,0,0,0,0
DIATSA_LOCUS1983,54,100,105,323,541,590
DIATSA_LOCUS1984,11,25,26,3,8,8
DIATSA_LOCUS1985,337,617,638,222,430,440
DIATSA_LOCUS1986,272,602,617,170,389,407
DIATSA_LOCUS1987,122,260,276,150,302,315
DIATSA_LOCUS1988,145,297,306,220,440,460
DIATSA_LOCUS1989,6,16,16,4,8,9
DIATSA_LOCUS199,12,23,23,6,11,11
DIATSA_LOCUS1990,3123,6189,6366,2562,5228,5438
DIATSA_LOCUS1991,2,3,3,2,5,5
DIATSA_LOCUS1992,7,22,22,8,17,20
DIATSA_LOCUS1993,457,823,847,806,1430,1470
DIATSA_LOCUS1994,190,374,390,34,74,75
DIATSA_LOCUS1995,5,7,7,2,2,2
DIATSA_LOCUS1996,248,503,515,116,269,284
DIATSA_LOCUS1997,91,178,178,25,44,44
DIATSA_LOCUS1998,13,35,40,11,23,25
DIATSA_LOCUS1999,4,10,10,2,9,9
DIATSA_LOCUS2,1,1,1,0,0,1
DIATSA_LOCUS20,35,83,83,18,44,45
DIATSA_LOCUS200,3,5,5,4,6,6
DIATSA_LOCUS2000,156,384,396,190,436,454
DIATSA_LOCUS2001,73,135,142,82,146,151
DIATSA_LOCUS2002,5,10,10,8,19,19
DIATSA_LOCUS2003,12,18,19,5,8,8
DIATSA_LOCUS2004,37,68,70,15,36,38
DIATSA_LOCUS2005,83,180,188,106,255,264
DIATSA_LOCUS2006,18,29,30,3,13,15
DIATSA_LOCUS2007,44,93,94,56,106,109
DIATSA_LOCUS2008,0,2,2,1,4,4
DIATSA_LOCUS2009,6,10,10,6,7,8
DIATSA_LOCUS201,1,1,1,0,0,0
DIATSA_LOCUS2010,32,62,62,6,16,17
DIATSA_LOCUS2011,168,329,341,86,166,177
DIATSA_LOCUS2012,605,1221,1276,651,1271,1322
DIATSA_LOCUS2013,409,765,808,404,711,745
DIATSA_LOCUS2014,1,4,5,3,6,6
DIATSA_LOCUS2015,18,39,42,14,36,37
DIATSA_LOCUS2016,0,1,1,0,0,0
DIATSA_LOCUS2017,0,0,0,0,0,1
DIATSA_LOCUS2018,0,0,0,0,4,4
DIATSA_LOCUS2019,0,1,1,1,1,1
DIATSA_LOCUS202,268,510,528,269,486,504
DIATSA_LOCUS2020,0,2,4,0,0,0
DIATSA_LOCUS2021,2553,5372,5553,3043,6264,6481
DIATSA_LOCUS2022,204,345,361,217,365,384
DIATSA_LOCUS2023,1263,2556,2647,908,1869,1943
DIATSA_LOCUS2024,153,340,350,166,366,384
DIATSA_LOCUS2025,0,1,1,1,1,1
DIATSA_LOCUS2026,109,227,233,50,109,115
DIATSA_LOCUS2027,2289,5385,5604,2641,6102,6420
DIATSA_LOCUS2028,962,2200,2270,980,2282,2370
DIATSA_LOCUS2029,5,15,15,6,19,21
DIATSA_LOCUS203,790,1649,1725,266,569,603
DIATSA_LOCUS2030,1615,3139,3251,1195,2313,2392
DIATSA_LOCUS2031,44,95,97,43,80,84
DIATSA_LOCUS2032,15,25,25,15,22,22
DIATSA_LOCUS2033,0,1,1,2,3,3
DIATSA_LOCUS2034,3,4,3,10,12,11
DIATSA_LOCUS2035,1563,3128,3260,1260,2495,2607
DIATSA_LOCUS2036,687,1121,1181,415,757,775
DIATSA_LOCUS2037,8,12,12,3,7,7
DIATSA_LOCUS2038,5,7,6,1,2,2
DIATSA_LOCUS2039,0,0,0,0,0,0
DIATSA_LOCUS204,822,1512,1579,1002,2011,2085
DIATSA_LOCUS2040,209,393,413,136,239,249
DIATSA_LOCUS2041,0,0,0,1,3,3
DIATSA_LOCUS2042,8,12,13,8,29,29
DIATSA_LOCUS2043,5,20,21,2,7,7
DIATSA_LOCUS2044,32,55,59,21,35,37
DIATSA_LOCUS2045,32,64,67,23,38,40
DIATSA_LOCUS2046,31177,54250,56678,23322,44240,46169
DIATSA_LOCUS2047,0,1,1,0,0,0
DIATSA_LOCUS2048,33,65,70,37,72,74
DIATSA_LOCUS2049,24,69,72,14,35,37
DIATSA_LOCUS205,0,0,0,0,0,0
DIATSA_LOCUS2050,63,99,103,53,92,95
DIATSA_LOCUS2051,352,692,726,291,533,553
DIATSA_LOCUS2052,13,35,36,11,32,33
DIATSA_LOCUS2053,319,679,699,395,817,854
DIATSA_LOCUS2054,58,123,129,24,41,43
DIATSA_LOCUS2055,73,107,110,58,112,114
DIATSA_LOCUS2056,103,217,221,146,272,285
DIATSA_LOCUS2057,416,791,824,266,513,527
DIATSA_LOCUS2058,93,198,208,113,276,291
DIATSA_LOCUS2059,177,378,392,176,399,412
DIATSA_LOCUS206,24,48,50,10,20,20
DIATSA_LOCUS2060,36,76,77,48,97,100
DIATSA_LOCUS2061,6,19,20,6,9,9
DIATSA_LOCUS2062,627,1082,1129,366,688,715
DIATSA_LOCUS2063,106,221,227,79,193,204
DIATSA_LOCUS2064,86,194,209,62,137,149
DIATSA_LOCUS2065,101,186,193,37,77,78
DIATSA_LOCUS2066,2650,5039,5247,1816,3452,3578
DIATSA_LOCUS2067,13,29,31,11,27,28
DIATSA_LOCUS2068,37,72,77,49,107,113
DIATSA_LOCUS2069,2,2,2,0,0,0
DIATSA_LOCUS207,230,448,472,139,241,246
DIATSA_LOCUS2070,88,167,172,50,88,93
DIATSA_LOCUS2071,106,171,177,95,172,183
DIATSA_LOCUS2072,123,230,236,177,363,379
DIATSA_LOCUS2073,48,102,102,73,135,142
DIATSA_LOCUS2074,1,1,2,16,35,35
DIATSA_LOCUS2075,7,10,11,7,11,12
DIATSA_LOCUS2076,18,34,37,8,20,20
DIATSA_LOCUS2077,90,169,180,41,68,74
DIATSA_LOCUS2078,54,108,114,14,25,28
DIATSA_LOCUS2079,383,754,784,385,725,749
DIATSA_LOCUS208,20,44,45,26,56,59
DIATSA_LOCUS2080,19,53,55,30,78,82
DIATSA_LOCUS2081,6,10,10,1,5,5
DIATSA_LOCUS2082,92,186,193,69,143,149
DIATSA_LOCUS2083,116,303,321,130,357,394
DIATSA_LOCUS2084,146,284,293,65,121,123
DIATSA_LOCUS2085,58,96,101,18,28,31
DIATSA_LOCUS2086,6,9,10,3,4,4
DIATSA_LOCUS2087,182,358,371,227,447,463
DIATSA_LOCUS2088,76,148,149,21,50,51
DIATSA_LOCUS2089,20,43,45,19,41,43
DIATSA_LOCUS209,14,24,23,10,18,18
DIATSA_LOCUS2090,5,6,6,0,1,1
DIATSA_LOCUS2091,258,494,508,245,569,596
DIATSA_LOCUS2092,4,5,5,2,4,5
DIATSA_LOCUS2093,0,0,0,0,0,0
DIATSA_LOCUS2094,16,31,33,6,7,8
DIATSA_LOCUS2095,0,0,0,0,1,0
DIATSA_LOCUS2096,60,126,130,19,41,43
DIATSA_LOCUS2097,80,163,174,137,334,350
DIATSA_LOCUS2098,6,12,12,6,12,12
DIATSA_LOCUS2099,1,2,3,1,3,4
DIATSA_LOCUS21,67,156,167,81,191,202
DIATSA_LOCUS210,95,205,215,116,231,242
DIATSA_LOCUS2100,39,61,64,31,60,66
DIATSA_LOCUS2101,0,1,1,0,0,0
DIATSA_LOCUS2102,2,3,4,1,3,3
DIATSA_LOCUS2103,0,0,0,0,0,0
DIATSA_LOCUS2104,0,0,0,0,0,0
DIATSA_LOCUS2105,0,0,0,0,0,0
DIATSA_LOCUS2106,1,3,3,0,0,0
DIATSA_LOCUS2107,0,0,0,0,0,0
DIATSA_LOCUS2108,41,86,90,31,53,53
DIATSA_LOCUS2109,142,282,297,88,160,164
DIATSA_LOCUS211,18,39,39,33,43,43
DIATSA_LOCUS2110,61,123,125,68,130,136
DIATSA_LOCUS2111,112,227,237,126,274,289
DIATSA_LOCUS2112,72,129,136,46,86,93
DIATSA_LOCUS2113,14,36,37,23,48,48
DIATSA_LOCUS2114,159,293,299,217,379,392
DIATSA_LOCUS2115,12,25,24,7,19,21
DIATSA_LOCUS2116,331,646,664,340,667,687
DIATSA_LOCUS2117,392,956,998,385,839,876
DIATSA_LOCUS2118,66,124,126,60,98,102
DIATSA_LOCUS2119,1,5,6,1,3,3
DIATSA_LOCUS212,2993,5251,5480,605,1117,1165
DIATSA_LOCUS2120,22,42,42,24,38,40
DIATSA_LOCUS2121,80,153,160,97,184,194
DIATSA_LOCUS2122,162,295,310,159,337,353
DIATSA_LOCUS2123,243,467,483,146,296,311
DIATSA_LOCUS2124,51,105,107,21,40,44
DIATSA_LOCUS2125,43,81,84,28,50,51
DIATSA_LOCUS2126,9740,18238,19089,11023,20195,21170
DIATSA_LOCUS2127,106,240,246,176,335,357
DIATSA_LOCUS2128,0,0,1,0,4,4
DIATSA_LOCUS2129,33,81,85,43,115,119
DIATSA_LOCUS213,6,10,10,3,12,11
DIATSA_LOCUS2130,252,494,514,185,345,359
DIATSA_LOCUS2131,12,20,21,2,6,6
DIATSA_LOCUS2132,72,141,158,27,62,65
DIATSA_LOCUS2133,41,89,92,41,106,113
DIATSA_LOCUS2134,53,91,99,16,39,41
DIATSA_LOCUS2135,82,181,191,68,162,168
DIATSA_LOCUS2136,134,286,300,123,261,272
DIATSA_LOCUS2137,45,83,88,42,81,83
DIATSA_LOCUS2138,8,21,22,11,18,18
DIATSA_LOCUS2139,36,103,106,22,51,56
DIATSA_LOCUS214,2,2,2,0,1,1
DIATSA_LOCUS2140,120,202,214,75,136,140
DIATSA_LOCUS2141,1733,2898,3023,479,881,918
DIATSA_LOCUS2142,36,73,74,8,9,10
DIATSA_LOCUS2143,40,80,92,5,10,10
DIATSA_LOCUS2144,305,540,558,27,60,62
DIATSA_LOCUS2145,0,0,0,0,0,0
DIATSA_LOCUS2146,41,75,77,18,42,43
DIATSA_LOCUS2147,84,121,123,43,72,78
DIATSA_LOCUS2148,2,5,6,0,1,1
DIATSA_LOCUS2149,4,11,12,2,5,6
DIATSA_LOCUS215,22,53,54,15,32,32
DIATSA_LOCUS2150,172,338,359,64,139,147
DIATSA_LOCUS2151,31,65,65,12,30,30
DIATSA_LOCUS2152,43,93,100,22,44,46
DIATSA_LOCUS2153,10,32,34,13,30,29
DIATSA_LOCUS2154,0,0,0,0,0,0
DIATSA_LOCUS2155,10,19,19,10,16,18
DIATSA_LOCUS2156,17,24,26,6,8,8
DIATSA_LOCUS2157,240,482,501,137,294,307
DIATSA_LOCUS2158,63,102,109,38,64,66
DIATSA_LOCUS2159,162,232,241,97,141,144
DIATSA_LOCUS216,341,712,736,193,376,388
DIATSA_LOCUS2160,51,95,98,11,23,25
DIATSA_LOCUS2161,0,0,0,0,0,0
DIATSA_LOCUS2162,118,228,230,126,261,265
DIATSA_LOCUS2163,12,23,23,9,13,14
DIATSA_LOCUS2164,31,58,60,14,24,25
DIATSA_LOCUS2165,8,12,12,5,5,5
DIATSA_LOCUS2166,29,51,59,24,37,39
DIATSA_LOCUS2167,0,0,0,0,0,0
DIATSA_LOCUS2168,491,994,1029,244,502,517
DIATSA_LOCUS2169,500,1016,1051,491,1009,1053
DIATSA_LOCUS217,31,52,55,3,5,7
DIATSA_LOCUS2170,25,44,44,20,32,33
DIATSA_LOCUS2171,217,396,403,125,239,255
DIATSA_LOCUS2172,2,4,4,3,8,8
DIATSA_LOCUS2173,19,46,47,14,34,36
DIATSA_LOCUS2174,20,38,41,25,42,44
DIATSA_LOCUS2175,4,6,7,3,6,9
DIATSA_LOCUS2176,98,205,215,74,158,169
DIATSA_LOCUS2177,16,25,27,9,15,15
DIATSA_LOCUS2178,22,34,35,19,41,42
DIATSA_LOCUS2179,0,0,0,0,0,0
DIATSA_LOCUS218,22,54,54,9,14,15
DIATSA_LOCUS2180,985,1507,1564,289,465,489
DIATSA_LOCUS2181,382,722,757,292,586,601
DIATSA_LOCUS2182,8,15,16,15,20,20
DIATSA_LOCUS2183,9,17,21,6,7,8
DIATSA_LOCUS2184,0,0,0,0,0,0
DIATSA_LOCUS2185,18,42,44,12,21,23
DIATSA_LOCUS2186,4,8,8,5,6,7
DIATSA_LOCUS2187,63,114,117,39,46,52
DIATSA_LOCUS2188,21,32,34,4,9,10
DIATSA_LOCUS2189,110,179,184,77,161,166
DIATSA_LOCUS219,2111,4498,4762,1124,2287,2380
DIATSA_LOCUS2190,0,0,0,0,1,1
DIATSA_LOCUS2191,46,87,97,28,63,64
DIATSA_LOCUS2192,170,262,268,125,228,237
DIATSA_LOCUS2193,18,25,26,5,13,15
DIATSA_LOCUS2194,149,243,256,131,257,271
DIATSA_LOCUS2195,143,272,300,203,386,430
DIATSA_LOCUS2196,0,0,0,0,0,0
DIATSA_LOCUS2197,277,550,575,350,778,805
DIATSA_LOCUS2198,689,1185,1233,674,1156,1212
DIATSA_LOCUS2199,7,11,11,0,3,2
DIATSA_LOCUS22,15,22,22,19,30,32
DIATSA_LOCUS220,7,8,9,1,4,4
DIATSA_LOCUS2200,0,0,0,0,0,0
DIATSA_LOCUS2201,0,0,0,0,0,0
DIATSA_LOCUS2202,0,1,2,0,0,0
DIATSA_LOCUS2203,42,79,81,18,31,31
DIATSA_LOCUS2204,0,0,0,0,0,0
DIATSA_LOCUS2205,1,1,1,0,1,1
DIATSA_LOCUS2206,7,7,8,3,13,14
DIATSA_LOCUS2207,198,390,407,171,359,373
DIATSA_LOCUS2208,1,2,2,2,2,2
DIATSA_LOCUS2209,23,62,70,36,70,77
DIATSA_LOCUS221,12,21,22,12,19,19
DIATSA_LOCUS2210,1691,3867,4012,2057,4312,4476
DIATSA_LOCUS2211,1,1,1,0,1,1
DIATSA_LOCUS2212,0,0,0,1,1,1
DIATSA_LOCUS2213,0,0,0,0,0,0
DIATSA_LOCUS2214,5,5,6,5,7,8
DIATSA_LOCUS2215,2,2,2,6,6,6
DIATSA_LOCUS2216,393,612,645,800,1268,1334
DIATSA_LOCUS2217,35,73,72,94,155,163
DIATSA_LOCUS2218,2,10,10,29,100,105
DIATSA_LOCUS2219,172,283,300,564,983,1036
DIATSA_LOCUS222,62,134,137,60,127,133
DIATSA_LOCUS2220,120,180,188,362,533,549
DIATSA_LOCUS2221,38,78,83,4,12,12
DIATSA_LOCUS2222,779,1181,1243,1384,2180,2298
DIATSA_LOCUS2223,8,16,17,31,58,58
DIATSA_LOCUS2224,534,872,898,207,411,429
DIATSA_LOCUS2225,1901,3552,3713,2196,4016,4164
DIATSA_LOCUS2226,71,122,127,33,65,68
DIATSA_LOCUS2227,0,0,0,0,0,0
DIATSA_LOCUS2228,386,748,776,192,356,368
DIATSA_LOCUS2229,514,880,909,426,723,747
DIATSA_LOCUS223,0,0,0,1,1,1
DIATSA_LOCUS2230,31,66,67,43,69,71
DIATSA_LOCUS2231,100,209,212,109,277,286
DIATSA_LOCUS2232,62,139,141,116,192,199
DIATSA_LOCUS2233,209,356,382,86,173,190
DIATSA_LOCUS2234,369,791,826,277,626,660
DIATSA_LOCUS2235,4,7,7,7,9,9
DIATSA_LOCUS2236,23520,46709,49264,32379,69659,74083
DIATSA_LOCUS2237,206,375,395,90,175,179
DIATSA_LOCUS2238,0,0,0,0,0,0
DIATSA_LOCUS2239,0,0,0,0,0,0
DIATSA_LOCUS224,633,1192,1246,399,767,799
DIATSA_LOCUS2240,0,0,0,0,0,0
DIATSA_LOCUS2241,8,19,21,25,37,38
DIATSA_LOCUS2242,9,22,24,6,10,13
DIATSA_LOCUS2243,8,40,43,8,18,20
DIATSA_LOCUS2244,0,0,0,0,0,0
DIATSA_LOCUS2245,6,12,12,0,1,1
DIATSA_LOCUS2246,55,100,105,28,48,55
DIATSA_LOCUS2247,81,176,184,51,95,98
DIATSA_LOCUS2248,52,100,104,36,69,71
DIATSA_LOCUS2249,53,122,128,49,106,112
DIATSA_LOCUS225,0,3,5,0,3,4
DIATSA_LOCUS2250,11,27,27,13,24,25
DIATSA_LOCUS2251,38,62,67,21,30,32
DIATSA_LOCUS2252,19,31,32,15,34,33
DIATSA_LOCUS2253,20,35,36,6,17,17
DIATSA_LOCUS2254,110,213,226,73,141,147
DIATSA_LOCUS2255,10,23,22,19,29,30
DIATSA_LOCUS2256,22,34,34,8,19,20
DIATSA_LOCUS2257,427,806,829,98,172,182
DIATSA_LOCUS2258,112,198,203,71,135,142
DIATSA_LOCUS2259,211,485,519,288,606,653
DIATSA_LOCUS226,164,289,301,168,311,326
DIATSA_LOCUS2260,225,448,471,134,288,295
DIATSA_LOCUS2261,154,301,312,191,375,396
DIATSA_LOCUS2262,118,252,270,116,247,266
DIATSA_LOCUS2263,50,108,114,75,133,134
DIATSA_LOCUS2264,162,299,310,73,135,141
DIATSA_LOCUS2265,4,9,12,5,8,9
DIATSA_LOCUS2266,222,437,458,242,413,431
DIATSA_LOCUS2267,18,33,36,4,8,9
DIATSA_LOCUS2268,2127,4088,4259,2280,4341,4503
DIATSA_LOCUS2269,15,28,29,14,25,27
DIATSA_LOCUS227,3,5,7,2,9,10
DIATSA_LOCUS2270,79,161,168,85,188,198
DIATSA_LOCUS2271,1,1,1,0,0,0
DIATSA_LOCUS2272,0,0,0,0,0,0
DIATSA_LOCUS2273,0,0,0,1,1,1
DIATSA_LOCUS2274,5,9,9,2,3,3
DIATSA_LOCUS2275,50,101,103,36,76,81
DIATSA_LOCUS2276,10,21,21,9,16,16
DIATSA_LOCUS2277,45,71,73,31,49,53
DIATSA_LOCUS2278,818,1401,1447,591,962,995
DIATSA_LOCUS2279,36,68,70,23,47,47
DIATSA_LOCUS228,9075,17776,18472,10038,21051,22009
DIATSA_LOCUS2280,286,570,582,365,775,798
DIATSA_LOCUS2281,60,124,127,12,22,24
DIATSA_LOCUS2282,3,5,6,4,7,8
DIATSA_LOCUS2283,190,414,430,213,456,479
DIATSA_LOCUS2284,31,58,59,24,58,60
DIATSA_LOCUS2285,214,351,361,171,297,312
DIATSA_LOCUS2286,0,1,1,2,3,4
DIATSA_LOCUS2287,300,598,623,66,143,147
DIATSA_LOCUS2288,805,1639,1706,542,1214,1270
DIATSA_LOCUS2289,94,200,210,93,174,183
DIATSA_LOCUS229,0,0,0,0,2,2
DIATSA_LOCUS2290,41,77,79,10,19,23
DIATSA_LOCUS2291,564,1101,1132,138,302,313
DIATSA_LOCUS2292,42,76,79,25,46,49
DIATSA_LOCUS2293,82,158,162,40,73,79
DIATSA_LOCUS2294,1896,3375,3487,1952,3546,3684
DIATSA_LOCUS2295,34,68,70,9,17,17
DIATSA_LOCUS2296,26,45,45,11,22,23
DIATSA_LOCUS2297,8,11,15,1,2,3
DIATSA_LOCUS2298,325,738,780,514,1096,1136
DIATSA_LOCUS2299,7,13,14,3,10,10
DIATSA_LOCUS23,34,86,88,24,48,50
DIATSA_LOCUS230,11003,24522,26086,12529,28113,29678
DIATSA_LOCUS2300,13,28,29,14,31,33
DIATSA_LOCUS2301,16,29,31,16,23,23
DIATSA_LOCUS2302,18,25,28,7,28,27
DIATSA_LOCUS2303,197,399,408,63,135,141
DIATSA_LOCUS2304,403,736,761,423,784,813
DIATSA_LOCUS2305,133,245,256,147,284,301
DIATSA_LOCUS2306,0,0,0,0,0,0
DIATSA_LOCUS2307,8,11,11,6,8,7
DIATSA_LOCUS2308,35,81,88,23,41,41
DIATSA_LOCUS2309,84,186,188,66,139,147
DIATSA_LOCUS231,0,0,0,0,0,0
DIATSA_LOCUS2310,32,47,51,14,25,26
DIATSA_LOCUS2311,24,42,43,30,59,61
DIATSA_LOCUS2312,208,393,419,181,338,349
DIATSA_LOCUS2313,82,159,166,95,188,194
DIATSA_LOCUS2314,120,243,255,126,245,253
DIATSA_LOCUS2315,114,188,193,101,179,182
DIATSA_LOCUS2316,413,836,878,370,821,869
DIATSA_LOCUS2317,269,485,506,273,456,477
DIATSA_LOCUS2318,98,233,239,91,189,196
DIATSA_LOCUS2319,285,642,655,325,639,658
DIATSA_LOCUS232,2622,5361,5570,1852,3651,3774
DIATSA_LOCUS2320,1,1,1,0,2,2
DIATSA_LOCUS2321,18,27,28,7,16,20
DIATSA_LOCUS2322,28,53,56,20,44,45
DIATSA_LOCUS2323,3,13,13,15,22,24
DIATSA_LOCUS2324,401,897,921,257,580,608
DIATSA_LOCUS2325,315,628,650,173,332,347
DIATSA_LOCUS2326,79,146,146,88,189,197
DIATSA_LOCUS2327,38,84,88,42,83,87
DIATSA_LOCUS2328,92,180,192,100,188,192
DIATSA_LOCUS2329,8,16,17,2,5,5
DIATSA_LOCUS233,1,1,1,0,5,5
DIATSA_LOCUS2330,3,6,6,2,6,6
DIATSA_LOCUS2331,663,1313,1360,881,1891,1971
DIATSA_LOCUS2332,35,84,89,32,58,63
DIATSA_LOCUS2333,31,69,70,26,69,78
DIATSA_LOCUS2334,40,61,62,38,69,75
DIATSA_LOCUS2335,9,16,16,12,21,21
DIATSA_LOCUS2336,9,18,19,22,49,51
DIATSA_LOCUS2337,94,173,175,140,241,248
DIATSA_LOCUS2338,4,10,12,5,16,17
DIATSA_LOCUS2339,434,770,805,261,480,496
DIATSA_LOCUS234,11,18,17,15,39,39
DIATSA_LOCUS2340,3,4,4,3,5,5
DIATSA_LOCUS2341,12,18,18,13,19,20
DIATSA_LOCUS2342,202,467,484,183,436,456
DIATSA_LOCUS2343,206,391,412,135,276,295
DIATSA_LOCUS2344,169,375,388,183,386,400
DIATSA_LOCUS2345,122,215,221,101,181,186
DIATSA_LOCUS2346,3,5,4,1,1,1
DIATSA_LOCUS2347,300,620,646,224,458,480
DIATSA_LOCUS2348,16,35,36,10,30,30
DIATSA_LOCUS2349,457,898,939,302,584,609
DIATSA_LOCUS235,0,0,0,0,0,0
DIATSA_LOCUS2350,1724,3224,3348,651,1286,1346
DIATSA_LOCUS2351,610,1302,1346,499,1099,1152
DIATSA_LOCUS2352,114,268,280,43,95,101
DIATSA_LOCUS2353,166,479,498,215,532,563
DIATSA_LOCUS2354,0,0,0,0,0,0
DIATSA_LOCUS2355,3,3,3,1,1,2
DIATSA_LOCUS2356,62,131,141,47,81,86
DIATSA_LOCUS2357,112,238,245,154,303,316
DIATSA_LOCUS2358,76,138,144,147,257,263
DIATSA_LOCUS2359,2,7,7,2,3,4
DIATSA_LOCUS236,551,1055,1087,277,502,526
DIATSA_LOCUS2360,148,243,251,91,187,195
DIATSA_LOCUS2361,240,410,428,256,480,499
DIATSA_LOCUS2362,1154,2471,2550,763,1626,1682
DIATSA_LOCUS2363,50,99,104,52,127,131
DIATSA_LOCUS2364,0,0,0,0,0,0
DIATSA_LOCUS2365,120,261,273,87,154,161
DIATSA_LOCUS2366,1034,1691,1743,1295,2289,2372
DIATSA_LOCUS2367,656,1278,1331,830,1547,1595
DIATSA_LOCUS2368,473,827,869,326,601,621
DIATSA_LOCUS2369,207,363,383,151,260,267
DIATSA_LOCUS237,32,66,70,10,22,23
DIATSA_LOCUS2370,66,148,150,38,80,84
DIATSA_LOCUS2371,332,678,697,325,652,680
DIATSA_LOCUS2372,116,221,233,36,61,62
DIATSA_LOCUS2373,116,215,219,87,176,180
DIATSA_LOCUS2374,35,81,84,39,82,85
DIATSA_LOCUS2375,74,129,132,29,46,47
DIATSA_LOCUS2376,217,419,434,188,347,360
DIATSA_LOCUS2377,56,111,118,18,45,48
DIATSA_LOCUS2378,443,815,839,502,902,932
DIATSA_LOCUS2379,775,1498,1545,534,1029,1059
DIATSA_LOCUS238,21,37,38,5,7,8
DIATSA_LOCUS2380,88,217,228,86,199,204
DIATSA_LOCUS2381,930,1700,1774,584,1000,1041
DIATSA_LOCUS2382,1,5,5,0,3,3
DIATSA_LOCUS2383,10,31,32,9,24,24
DIATSA_LOCUS2384,373,782,822,335,759,783
DIATSA_LOCUS2385,2524,4376,4540,2655,4616,4805
DIATSA_LOCUS2386,44,101,106,15,36,38
DIATSA_LOCUS2387,88,189,194,75,176,180
DIATSA_LOCUS2388,4,8,8,6,7,7
DIATSA_LOCUS2389,31,55,58,20,35,35
DIATSA_LOCUS239,2,4,4,0,0,0
DIATSA_LOCUS2390,121,254,259,97,206,209
DIATSA_LOCUS2391,273,511,536,318,641,659
DIATSA_LOCUS2392,9,30,33,10,25,29
DIATSA_LOCUS2393,12,22,25,11,16,16
DIATSA_LOCUS2394,136,256,266,193,387,395
DIATSA_LOCUS2395,21,55,55,28,50,51
DIATSA_LOCUS2396,6,15,17,5,18,18
DIATSA_LOCUS2397,13,26,28,10,25,26
DIATSA_LOCUS2398,91,140,149,107,181,195
DIATSA_LOCUS2399,9,19,20,13,25,25
DIATSA_LOCUS24,1,3,4,1,2,2
DIATSA_LOCUS240,3,7,7,3,6,6
DIATSA_LOCUS2400,0,0,0,0,0,0
DIATSA_LOCUS2401,4,6,7,0,0,0
DIATSA_LOCUS2402,21,28,30,5,13,14
DIATSA_LOCUS2403,12,25,25,13,32,33
DIATSA_LOCUS2404,20,50,52,9,28,29
DIATSA_LOCUS2405,22,41,43,23,46,49
DIATSA_LOCUS2406,46,82,86,17,34,35
DIATSA_LOCUS2407,17,44,46,18,36,41
DIATSA_LOCUS2408,83,216,222,114,265,275
DIATSA_LOCUS2409,188,345,358,183,391,395
DIATSA_LOCUS241,233,452,469,98,182,191
DIATSA_LOCUS2410,164,300,315,104,199,206
DIATSA_LOCUS2411,118,225,232,58,122,128
DIATSA_LOCUS2412,69,168,177,120,272,277
DIATSA_LOCUS2413,743,1449,1492,827,1601,1664
DIATSA_LOCUS2414,0,0,0,0,0,0
DIATSA_LOCUS2415,21,46,47,22,47,48
DIATSA_LOCUS2416,87,161,172,88,156,164
DIATSA_LOCUS2417,136,311,322,161,332,342
DIATSA_LOCUS2418,605,1151,1189,531,1032,1066
DIATSA_LOCUS2419,428,825,850,434,860,894
DIATSA_LOCUS242,224,483,500,288,661,679
DIATSA_LOCUS2420,59,118,121,5,13,14
DIATSA_LOCUS2421,0,0,0,0,0,0
DIATSA_LOCUS2422,276,500,514,129,257,263
DIATSA_LOCUS2423,5719,11079,11497,5961,11740,12218
DIATSA_LOCUS2424,11145,22608,23548,12089,25881,26910
DIATSA_LOCUS2425,0,0,0,0,0,0
DIATSA_LOCUS2426,59,133,139,58,126,129
DIATSA_LOCUS2427,57,114,118,55,122,129
DIATSA_LOCUS2428,1,3,3,0,0,0
DIATSA_LOCUS2429,176,377,390,173,400,411
DIATSA_LOCUS243,179,345,358,134,273,280
DIATSA_LOCUS2430,32,88,96,28,61,61
DIATSA_LOCUS2431,5,12,13,8,16,16
DIATSA_LOCUS2432,2,5,5,0,0,0
DIATSA_LOCUS2433,1,4,4,0,0,0
DIATSA_LOCUS2434,12,22,22,3,8,8
DIATSA_LOCUS2435,14,25,25,10,17,17
DIATSA_LOCUS2436,0,0,0,0,0,0
DIATSA_LOCUS2437,0,0,0,0,0,0
DIATSA_LOCUS2438,4,7,7,2,4,4
DIATSA_LOCUS2439,10,19,19,16,26,27
DIATSA_LOCUS244,9,23,26,3,8,8
DIATSA_LOCUS2440,182,363,383,148,295,308
DIATSA_LOCUS2441,44,113,124,69,172,188
DIATSA_LOCUS2442,2430,4802,4964,2162,4533,4706
DIATSA_LOCUS2443,44,91,91,39,75,78
DIATSA_LOCUS2444,152,296,312,115,227,240
DIATSA_LOCUS2445,381,692,719,268,494,503
DIATSA_LOCUS2446,380,676,700,450,825,852
DIATSA_LOCUS2447,4659,10305,10668,5402,10327,10713
DIATSA_LOCUS2448,507,1041,1087,383,756,775
DIATSA_LOCUS2449,5204,10778,11203,9510,19888,20652
DIATSA_LOCUS245,0,0,0,0,0,0
DIATSA_LOCUS2450,312,656,701,260,552,605
DIATSA_LOCUS2451,0,0,0,2,3,4
DIATSA_LOCUS2452,1374,2613,2721,1011,1941,2019
DIATSA_LOCUS2453,439,798,838,331,637,657
DIATSA_LOCUS2454,44,133,130,47,98,106
DIATSA_LOCUS2455,1288,2491,2555,1173,2171,2248
DIATSA_LOCUS2456,256,500,528,430,791,831
DIATSA_LOCUS2457,87,179,188,94,206,220
DIATSA_LOCUS2458,33,84,88,51,117,119
DIATSA_LOCUS2459,72,147,153,43,87,94
DIATSA_LOCUS246,115,219,224,95,207,214
DIATSA_LOCUS2460,165,330,342,76,155,161
DIATSA_LOCUS2461,41,75,78,24,41,41
DIATSA_LOCUS2462,341,746,773,291,616,645
DIATSA_LOCUS2463,97,208,225,134,271,281
DIATSA_LOCUS2464,413,805,836,232,472,496
DIATSA_LOCUS2465,1599,3185,3314,1398,2848,2977
DIATSA_LOCUS2466,111,243,252,59,124,131
DIATSA_LOCUS2467,0,1,1,0,0,0
DIATSA_LOCUS2468,143,297,310,82,161,170
DIATSA_LOCUS2469,35,56,56,7,19,19
DIATSA_LOCUS247,14,28,30,8,17,17
DIATSA_LOCUS2470,137,288,300,167,331,336
DIATSA_LOCUS2471,349,621,639,503,868,869
DIATSA_LOCUS2472,121,217,222,82,155,163
DIATSA_LOCUS2473,6,15,16,7,12,13
DIATSA_LOCUS2474,22,34,36,5,15,15
DIATSA_LOCUS2475,0,0,0,1,3,3
DIATSA_LOCUS2476,84,168,179,89,175,186
DIATSA_LOCUS2477,7,13,13,5,15,15
DIATSA_LOCUS2478,6,17,18,11,33,33
DIATSA_LOCUS2479,1014,1806,1881,1168,2095,2191
DIATSA_LOCUS248,21,34,35,2,6,7
DIATSA_LOCUS2480,86,185,196,58,121,126
DIATSA_LOCUS2481,2,3,4,3,3,4
DIATSA_LOCUS2482,27,63,64,9,24,27
DIATSA_LOCUS2483,1,1,2,0,1,1
DIATSA_LOCUS2484,11,23,23,2,5,5
DIATSA_LOCUS2485,0,0,0,0,1,1
DIATSA_LOCUS2486,46,95,97,20,50,52
DIATSA_LOCUS2487,33,61,62,21,48,49
DIATSA_LOCUS2488,726,1422,1470,859,1687,1758
DIATSA_LOCUS2489,159,298,308,69,164,175
DIATSA_LOCUS249,5,20,21,3,6,6
DIATSA_LOCUS2490,0,0,0,0,0,0
DIATSA_LOCUS2491,0,0,0,0,0,1
DIATSA_LOCUS2492,0,0,0,0,0,0
DIATSA_LOCUS2493,2,1,1,0,1,1
DIATSA_LOCUS2494,0,0,0,0,0,0
DIATSA_LOCUS2495,92,168,167,61,130,132
DIATSA_LOCUS2496,1099,2439,2527,1159,2485,2570
DIATSA_LOCUS2497,45,79,81,46,80,83
DIATSA_LOCUS2498,22542,46715,48469,28127,59458,61785
DIATSA_LOCUS2499,4,12,12,4,13,13
DIATSA_LOCUS25,744,1290,1362,1159,1982,2067
DIATSA_LOCUS250,547,1123,1175,158,315,320
DIATSA_LOCUS2500,122,302,309,106,287,302
DIATSA_LOCUS2501,223,479,490,103,240,252
DIATSA_LOCUS2502,1,2,2,0,1,1
DIATSA_LOCUS2503,87,184,198,15,33,34
DIATSA_LOCUS2504,163,319,326,199,367,380
DIATSA_LOCUS2505,6,14,14,9,12,13
DIATSA_LOCUS2506,405,712,733,153,266,274
DIATSA_LOCUS2507,1,3,4,1,2,2
DIATSA_LOCUS2508,1229,2275,2416,695,1325,1419
DIATSA_LOCUS2509,351,582,609,58,104,108
DIATSA_LOCUS251,5,12,13,8,16,16
DIATSA_LOCUS2510,37,75,76,36,63,68
DIATSA_LOCUS2511,138,326,349,67,163,179
DIATSA_LOCUS2512,28,77,80,15,39,41
DIATSA_LOCUS2513,450,846,866,391,746,780
DIATSA_LOCUS2514,6,9,9,0,1,1
DIATSA_LOCUS2515,11,18,17,4,11,10
DIATSA_LOCUS2516,2,2,2,1,3,3
DIATSA_LOCUS2517,5,18,18,9,12,12
DIATSA_LOCUS2518,1,1,1,0,1,1
DIATSA_LOCUS2519,32,57,65,22,48,52
DIATSA_LOCUS252,12,17,19,2,3,4
DIATSA_LOCUS2520,56,113,118,23,46,48
DIATSA_LOCUS2521,73,135,137,35,55,60
DIATSA_LOCUS2522,45,132,136,29,47,48
DIATSA_LOCUS2523,39,83,91,34,66,70
DIATSA_LOCUS2524,192,378,404,147,323,335
DIATSA_LOCUS2525,1220,1927,1995,1026,1665,1714
DIATSA_LOCUS2526,0,0,0,0,1,1
DIATSA_LOCUS2527,0,0,0,1,1,1
DIATSA_LOCUS2528,1,3,3,0,0,0
DIATSA_LOCUS2529,0,0,0,1,1,1
DIATSA_LOCUS253,187,491,531,228,755,808
DIATSA_LOCUS2530,254,524,558,257,502,522
DIATSA_LOCUS2531,118,207,212,128,248,255
DIATSA_LOCUS2532,41,82,86,51,92,93
DIATSA_LOCUS2533,23,42,45,15,34,36
DIATSA_LOCUS2534,5896,10965,11395,2559,4693,4870
DIATSA_LOCUS2535,4700,8641,8941,2087,3833,3978
DIATSA_LOCUS2536,121,270,279,168,357,375
DIATSA_LOCUS2537,834,1743,1802,824,1831,1895
DIATSA_LOCUS2538,63,103,105,42,85,86
DIATSA_LOCUS2539,15,30,30,3,7,7
DIATSA_LOCUS254,195,361,377,140,268,277
DIATSA_LOCUS2540,39,77,79,13,22,24
DIATSA_LOCUS2541,362,809,841,385,793,826
DIATSA_LOCUS2542,56,119,122,74,124,128
DIATSA_LOCUS2543,77,166,176,30,79,84
DIATSA_LOCUS2544,26,76,80,50,96,98
DIATSA_LOCUS2545,100,219,228,97,192,201
DIATSA_LOCUS2546,61,117,123,51,98,108
DIATSA_LOCUS2547,109,197,203,125,221,231
DIATSA_LOCUS2548,33,55,55,68,143,146
DIATSA_LOCUS2549,130,274,289,41,100,105
DIATSA_LOCUS255,29,87,92,7,18,19
DIATSA_LOCUS2550,6,23,26,3,6,8
DIATSA_LOCUS2551,14,25,25,14,20,23
DIATSA_LOCUS2552,214,397,409,205,436,452
DIATSA_LOCUS2553,44,148,155,84,217,220
DIATSA_LOCUS2554,284,685,708,312,614,638
DIATSA_LOCUS2555,140,300,308,156,364,378
DIATSA_LOCUS2556,4018,11424,12200,5764,16200,17239
DIATSA_LOCUS2557,176,356,368,242,448,465
DIATSA_LOCUS2558,56,109,111,16,50,53
DIATSA_LOCUS2559,161,364,382,176,361,381
DIATSA_LOCUS256,1,3,3,0,0,0
DIATSA_LOCUS2560,177,366,376,215,429,447
DIATSA_LOCUS2561,42,90,94,12,21,21
DIATSA_LOCUS2562,26,44,45,9,21,21
DIATSA_LOCUS2563,164,328,338,102,233,248
DIATSA_LOCUS2564,574,1176,1217,351,660,682
DIATSA_LOCUS2565,210,449,466,180,381,395
DIATSA_LOCUS2566,117,232,242,108,202,213
DIATSA_LOCUS2567,244,433,452,301,545,572
DIATSA_LOCUS2568,183,352,364,158,277,287
DIATSA_LOCUS2569,932,1824,1887,942,1895,1955
DIATSA_LOCUS257,40,70,72,19,38,40
DIATSA_LOCUS2570,770,1619,1699,722,1636,1700
DIATSA_LOCUS2571,45,85,90,39,77,79
DIATSA_LOCUS2572,164,356,372,145,292,295
DIATSA_LOCUS2573,148,358,363,189,472,488
DIATSA_LOCUS2574,5062,9784,10174,4060,7690,7964
DIATSA_LOCUS2575,4558,8647,8973,3576,6688,6956
DIATSA_LOCUS2576,22,37,38,6,11,13
DIATSA_LOCUS2577,318,616,648,277,545,572
DIATSA_LOCUS2578,166,323,342,137,290,303
DIATSA_LOCUS2579,352,671,695,312,548,572
DIATSA_LOCUS258,14,28,28,7,18,21
DIATSA_LOCUS2580,733,1157,1194,792,1321,1370
DIATSA_LOCUS2581,125,247,256,128,246,254
DIATSA_LOCUS2582,417,950,975,544,1215,1255
DIATSA_LOCUS2583,147,363,379,214,460,477
DIATSA_LOCUS2584,527,1006,1036,485,983,1021
DIATSA_LOCUS2585,156,324,338,174,381,404
DIATSA_LOCUS2586,125,243,251,80,135,143
DIATSA_LOCUS2587,93,240,251,63,132,141
DIATSA_LOCUS2588,404,649,668,104,178,181
DIATSA_LOCUS2589,50,96,99,64,115,118
DIATSA_LOCUS259,13,23,23,8,17,18
DIATSA_LOCUS2590,0,1,1,0,1,1
DIATSA_LOCUS2591,0,0,0,0,0,0
DIATSA_LOCUS2592,3,5,5,0,1,1
DIATSA_LOCUS2593,0,1,1,0,0,0
DIATSA_LOCUS2594,11,26,28,2,6,6
DIATSA_LOCUS2595,25,44,46,9,15,15
DIATSA_LOCUS2596,5,7,7,1,1,1
DIATSA_LOCUS2597,116,283,292,110,288,298
DIATSA_LOCUS2598,184,400,414,166,397,425
DIATSA_LOCUS2599,733,1501,1557,480,998,1039
DIATSA_LOCUS26,18,26,26,7,13,12
DIATSA_LOCUS260,56,103,104,27,55,57
DIATSA_LOCUS2600,164,301,312,131,233,249
DIATSA_LOCUS2601,61,134,135,27,62,64
DIATSA_LOCUS2602,35,75,78,16,35,35
DIATSA_LOCUS2603,91,232,231,99,255,261
DIATSA_LOCUS2604,139,298,304,88,207,214
DIATSA_LOCUS2605,0,0,0,0,0,1
DIATSA_LOCUS2606,27,55,57,31,77,80
DIATSA_LOCUS2607,27,67,69,26,53,56
DIATSA_LOCUS2608,1485,3331,3461,1859,4014,4173
DIATSA_LOCUS2609,411,788,835,249,455,486
DIATSA_LOCUS261,40,106,109,29,66,70
DIATSA_LOCUS2610,20,32,33,6,11,11
DIATSA_LOCUS2611,126,270,287,32,65,68
DIATSA_LOCUS2612,143,246,251,195,342,361
DIATSA_LOCUS2613,424,879,900,312,667,687
DIATSA_LOCUS2614,29,73,74,7,20,20
DIATSA_LOCUS2615,78,166,170,98,194,204
DIATSA_LOCUS2616,97,205,217,139,265,272
DIATSA_LOCUS2617,139,318,325,128,310,320
DIATSA_LOCUS2618,38,70,74,2,11,12
DIATSA_LOCUS2619,49,102,106,38,68,74
DIATSA_LOCUS262,0,0,0,0,0,0
DIATSA_LOCUS2620,282,601,615,176,373,385
DIATSA_LOCUS2621,263,434,454,189,325,332
DIATSA_LOCUS2622,6,16,17,8,16,17
DIATSA_LOCUS2623,225,503,518,254,637,665
DIATSA_LOCUS2624,0,0,0,1,1,1
DIATSA_LOCUS2625,163,331,343,109,204,211
DIATSA_LOCUS2626,364,694,728,368,825,851
DIATSA_LOCUS2627,288,600,638,195,368,396
DIATSA_LOCUS2628,1070,2023,2120,718,1454,1543
DIATSA_LOCUS2629,36,80,82,18,27,31
DIATSA_LOCUS263,10,16,18,18,25,26
DIATSA_LOCUS2630,0,0,0,0,0,0
DIATSA_LOCUS2631,358,685,709,160,279,291
DIATSA_LOCUS2632,19,30,30,1,9,9
DIATSA_LOCUS2633,55,111,117,11,20,21
DIATSA_LOCUS2634,197,384,399,138,279,291
DIATSA_LOCUS2635,991,1805,1891,951,1742,1806
DIATSA_LOCUS2636,430,694,732,242,427,443
DIATSA_LOCUS2637,703,1464,1526,424,892,940
DIATSA_LOCUS2638,151,295,309,46,96,98
DIATSA_LOCUS2639,0,0,0,1,1,1
DIATSA_LOCUS264,1,0,0,0,0,0
DIATSA_LOCUS2640,12,30,31,14,43,45
DIATSA_LOCUS2641,12,21,22,10,10,11
DIATSA_LOCUS2642,0,0,0,0,0,0
DIATSA_LOCUS2643,321,619,652,298,572,583
DIATSA_LOCUS2644,1379,2434,2533,957,1787,1880
DIATSA_LOCUS2645,472,996,1040,328,703,730
DIATSA_LOCUS2646,89,180,187,79,149,157
DIATSA_LOCUS2647,65,134,137,80,147,149
DIATSA_LOCUS2648,277,631,654,191,457,483
DIATSA_LOCUS2649,149,269,275,104,188,196
DIATSA_LOCUS265,108,234,246,53,95,99
DIATSA_LOCUS2650,166,339,350,35,86,87
DIATSA_LOCUS2651,79,184,192,109,212,221
DIATSA_LOCUS2652,78,122,128,79,121,126
DIATSA_LOCUS2653,49,114,116,17,36,36
DIATSA_LOCUS2654,102,210,215,52,102,104
DIATSA_LOCUS2655,77,201,213,62,118,121
DIATSA_LOCUS2656,153,332,350,122,227,237
DIATSA_LOCUS2657,1270,2348,2437,879,1583,1629
DIATSA_LOCUS2658,6,12,12,8,15,16
DIATSA_LOCUS2659,271,576,600,155,339,350
DIATSA_LOCUS266,417,946,979,577,1303,1351
DIATSA_LOCUS2660,218,518,542,283,679,705
DIATSA_LOCUS2661,862,1614,1679,1256,2175,2252
DIATSA_LOCUS2662,70,122,126,35,64,68
DIATSA_LOCUS2663,2,7,7,6,9,10
DIATSA_LOCUS2664,1046,1682,1792,594,1089,1159
DIATSA_LOCUS2665,394,711,738,185,313,329
DIATSA_LOCUS2666,216,417,431,86,203,210
DIATSA_LOCUS2667,256,501,522,135,249,261
DIATSA_LOCUS2668,90,163,173,28,62,64
DIATSA_LOCUS2669,458,902,946,286,621,645
DIATSA_LOCUS267,45,91,95,52,80,85
DIATSA_LOCUS2670,100,204,218,97,206,214
DIATSA_LOCUS2671,51,105,111,28,47,48
DIATSA_LOCUS2672,623,1292,1331,491,946,974
DIATSA_LOCUS2673,10,20,24,20,40,40
DIATSA_LOCUS2674,21,44,48,40,68,71
DIATSA_LOCUS2675,27,53,58,15,30,33
DIATSA_LOCUS2676,288,626,659,282,544,568
DIATSA_LOCUS2677,29,61,64,11,34,35
DIATSA_LOCUS2678,322,658,676,229,511,532
DIATSA_LOCUS2679,8,27,28,5,8,8
DIATSA_LOCUS268,163,310,319,84,176,180
DIATSA_LOCUS2680,42,64,66,46,86,90
DIATSA_LOCUS2681,18,35,37,12,22,22
DIATSA_LOCUS2682,81,179,189,111,254,262
DIATSA_LOCUS2683,541,1073,1123,697,1425,1482
DIATSA_LOCUS2684,659,1334,1400,357,793,835
DIATSA_LOCUS2685,43,82,82,31,59,60
DIATSA_LOCUS2686,787,1507,1567,1034,1996,2077
DIATSA_LOCUS2687,84,178,183,96,218,232
DIATSA_LOCUS2688,26,55,57,28,56,56
DIATSA_LOCUS2689,89,198,203,54,104,110
DIATSA_LOCUS269,57,120,123,33,72,73
DIATSA_LOCUS2690,688,1305,1346,522,1008,1049
DIATSA_LOCUS2691,65,125,127,66,131,138
DIATSA_LOCUS2692,82,207,215,72,172,175
DIATSA_LOCUS2693,0,0,0,0,0,0
DIATSA_LOCUS2694,43,87,92,36,65,65
DIATSA_LOCUS2695,57,107,109,30,68,70
DIATSA_LOCUS2696,195,349,362,72,131,141
DIATSA_LOCUS2697,86,158,163,97,194,199
DIATSA_LOCUS2698,33,73,76,42,75,78
DIATSA_LOCUS2699,165,309,322,130,255,267
DIATSA_LOCUS27,0,0,0,0,0,0
DIATSA_LOCUS270,0,0,0,0,1,1
DIATSA_LOCUS2700,100,231,235,74,145,149
DIATSA_LOCUS2701,18,32,33,22,38,39
DIATSA_LOCUS2702,16,29,29,5,10,10
DIATSA_LOCUS2703,8,22,22,4,7,7
DIATSA_LOCUS2704,2,5,6,0,0,0
DIATSA_LOCUS2705,1,2,2,0,0,0
DIATSA_LOCUS2706,0,0,0,0,0,0
DIATSA_LOCUS2707,131,233,240,150,285,297
DIATSA_LOCUS2708,0,0,0,0,0,0
DIATSA_LOCUS2709,1,4,4,0,0,0
DIATSA_LOCUS271,407,815,851,499,978,1014
DIATSA_LOCUS2710,81,155,158,42,105,109
DIATSA_LOCUS2711,298,581,601,250,479,492
DIATSA_LOCUS2712,66,129,131,23,47,50
DIATSA_LOCUS2713,17,38,41,16,48,50
DIATSA_LOCUS2714,4,7,8,6,12,13
DIATSA_LOCUS2715,1709,3053,3157,1758,3225,3334
DIATSA_LOCUS2716,53,110,114,30,50,52
DIATSA_LOCUS2717,93,202,211,39,63,65
DIATSA_LOCUS2718,205,432,442,167,319,337
DIATSA_LOCUS2719,78,128,134,89,151,158
DIATSA_LOCUS272,5,9,9,8,12,12
DIATSA_LOCUS2720,1114,2084,2186,1101,2108,2213
DIATSA_LOCUS2721,235,457,474,187,467,494
DIATSA_LOCUS2722,38,76,77,11,23,24
DIATSA_LOCUS2723,4,9,10,0,3,3
DIATSA_LOCUS2724,0,3,3,5,7,7
DIATSA_LOCUS2725,2,2,2,0,0,0
DIATSA_LOCUS2726,2,3,3,1,2,2
DIATSA_LOCUS2727,398,816,838,313,569,585
DIATSA_LOCUS2728,29,67,70,9,13,13
DIATSA_LOCUS2729,17,45,49,151,307,325
DIATSA_LOCUS273,476,899,936,426,774,799
DIATSA_LOCUS2730,0,0,0,0,0,0
DIATSA_LOCUS2731,49,75,76,20,29,32
DIATSA_LOCUS2732,359,701,722,386,678,705
DIATSA_LOCUS2733,183,395,407,73,153,160
DIATSA_LOCUS2734,251,519,533,227,490,508
DIATSA_LOCUS2735,24,75,78,23,60,62
DIATSA_LOCUS2736,474,1086,1115,527,1073,1117
DIATSA_LOCUS2737,0,0,0,0,0,0
DIATSA_LOCUS2738,59,101,102,63,108,113
DIATSA_LOCUS2739,791,1600,1668,502,1010,1045
DIATSA_LOCUS274,197,429,444,128,238,243
DIATSA_LOCUS2740,315,554,569,103,213,224
DIATSA_LOCUS2741,9,14,16,11,16,18
DIATSA_LOCUS2742,9,35,35,21,37,40
DIATSA_LOCUS2743,119,241,250,72,153,156
DIATSA_LOCUS2744,63,139,148,24,47,51
DIATSA_LOCUS2745,102,159,169,26,59,62
DIATSA_LOCUS2746,391,834,882,621,1264,1347
DIATSA_LOCUS2747,83,143,152,32,78,82
DIATSA_LOCUS2748,82,187,197,108,215,220
DIATSA_LOCUS2749,54,102,105,22,40,43
DIATSA_LOCUS275,1828,2854,2970,983,1511,1587
DIATSA_LOCUS2750,2,6,7,10,19,19
DIATSA_LOCUS2751,23,45,51,35,61,64
DIATSA_LOCUS2752,10,29,31,5,8,9
DIATSA_LOCUS2753,0,0,1,0,0,0
DIATSA_LOCUS2754,240,472,502,327,644,678
DIATSA_LOCUS2755,65,120,124,80,162,166
DIATSA_LOCUS2756,54,135,139,83,151,155
DIATSA_LOCUS2757,349,672,702,362,614,639
DIATSA_LOCUS2758,417,889,940,411,946,1001
DIATSA_LOCUS2759,64,137,140,24,45,46
DIATSA_LOCUS276,55,94,99,46,81,81
DIATSA_LOCUS2760,478,1140,1166,461,992,1021
DIATSA_LOCUS2761,15,26,29,2,3,3
DIATSA_LOCUS2762,0,0,0,0,0,0
DIATSA_LOCUS2763,3,6,6,2,2,2
DIATSA_LOCUS2764,17,31,33,6,12,13
DIATSA_LOCUS2765,12,23,23,3,5,6
DIATSA_LOCUS2766,4,8,10,3,6,6
DIATSA_LOCUS2767,60,104,110,44,69,70
DIATSA_LOCUS2768,58,116,123,26,53,53
DIATSA_LOCUS2769,139,262,278,86,149,158
DIATSA_LOCUS277,76,163,171,28,78,86
DIATSA_LOCUS2770,45,99,103,24,61,67
DIATSA_LOCUS2771,9,13,14,6,11,13
DIATSA_LOCUS2772,27,54,57,15,24,24
DIATSA_LOCUS2773,69,126,130,28,53,54
DIATSA_LOCUS2774,62,127,134,17,45,47
DIATSA_LOCUS2775,13,20,21,14,19,22
DIATSA_LOCUS2776,193,352,373,77,172,183
DIATSA_LOCUS2777,116,284,298,60,152,158
DIATSA_LOCUS2778,170,338,349,194,460,474
DIATSA_LOCUS2779,40,64,69,45,72,74
DIATSA_LOCUS278,4,6,6,2,4,4
DIATSA_LOCUS2780,483,1286,1361,310,841,913
DIATSA_LOCUS2781,151,262,272,68,119,124
DIATSA_LOCUS2782,2,10,10,5,14,13
DIATSA_LOCUS2783,0,0,0,0,0,0
DIATSA_LOCUS2784,0,0,1,1,1,1
DIATSA_LOCUS2785,13,25,26,10,21,21
DIATSA_LOCUS2786,38,77,80,16,32,35
DIATSA_LOCUS2787,21,38,39,9,14,14
DIATSA_LOCUS2788,49,89,93,36,62,65
DIATSA_LOCUS2789,38,50,52,21,40,41
DIATSA_LOCUS279,0,0,0,0,0,0
DIATSA_LOCUS2790,2,3,3,2,1,1
DIATSA_LOCUS2791,0,0,0,2,3,3
DIATSA_LOCUS2792,64,128,135,55,140,148
DIATSA_LOCUS2793,2,6,6,2,0,0
DIATSA_LOCUS2794,7,15,15,0,4,4
DIATSA_LOCUS2795,0,1,1,0,0,0
DIATSA_LOCUS2796,157,243,256,152,243,259
DIATSA_LOCUS2797,87,231,238,104,256,266
DIATSA_LOCUS2798,9,21,23,4,8,8
DIATSA_LOCUS2799,13,22,21,11,13,13
DIATSA_LOCUS28,91,146,153,70,113,117
DIATSA_LOCUS280,18,37,39,9,15,15
DIATSA_LOCUS2800,57,120,128,63,112,114
DIATSA_LOCUS2801,72,131,136,72,139,150
DIATSA_LOCUS2802,0,0,0,0,0,0
DIATSA_LOCUS2803,87,143,148,72,131,140
DIATSA_LOCUS2804,0,0,0,0,0,0
DIATSA_LOCUS2805,0,0,0,1,3,3
DIATSA_LOCUS2806,0,0,0,1,1,1
DIATSA_LOCUS2807,1363,2595,2671,904,1706,1784
DIATSA_LOCUS2808,2,6,6,1,3,3
DIATSA_LOCUS2809,7,11,11,0,0,0
DIATSA_LOCUS281,0,0,0,0,0,0
DIATSA_LOCUS2810,0,1,1,1,1,2
DIATSA_LOCUS2811,9,13,13,1,2,2
DIATSA_LOCUS2812,12,34,35,5,10,10
DIATSA_LOCUS2813,638,1095,1136,377,640,668
DIATSA_LOCUS2814,1272,2228,2326,1168,2091,2159
DIATSA_LOCUS2815,157,327,339,78,167,176
DIATSA_LOCUS2816,2,5,5,0,0,0
DIATSA_LOCUS2817,9,15,14,4,8,8
DIATSA_LOCUS2818,12,19,19,3,8,8
DIATSA_LOCUS2819,353,554,577,370,574,617
DIATSA_LOCUS282,0,0,0,0,0,0
DIATSA_LOCUS2820,68,111,121,73,120,132
DIATSA_LOCUS2821,1,4,5,2,9,9
DIATSA_LOCUS2822,6,16,17,5,7,7
DIATSA_LOCUS2823,29,42,45,10,17,18
DIATSA_LOCUS2824,10,15,16,4,6,6
DIATSA_LOCUS2825,0,0,0,0,0,0
DIATSA_LOCUS2826,2,7,7,11,62,66
DIATSA_LOCUS2827,0,0,0,0,1,1
DIATSA_LOCUS2828,0,0,0,0,0,0
DIATSA_LOCUS2829,0,0,0,0,0,0
DIATSA_LOCUS283,3,9,9,13,25,26
DIATSA_LOCUS2830,0,0,0,0,0,0
DIATSA_LOCUS2831,2,1,1,2,3,3
DIATSA_LOCUS2832,24,49,48,4,8,8
DIATSA_LOCUS2833,0,0,0,0,0,0
DIATSA_LOCUS2834,0,0,0,0,0,0
DIATSA_LOCUS2835,2,4,4,1,1,1
DIATSA_LOCUS2836,1164,2258,2327,1110,2183,2263
DIATSA_LOCUS2837,251,555,566,273,583,607
DIATSA_LOCUS2838,0,0,0,0,0,0
DIATSA_LOCUS2839,1266,2409,2482,972,1897,1956
DIATSA_LOCUS284,22,57,57,8,12,12
DIATSA_LOCUS2840,196,386,402,156,349,360
DIATSA_LOCUS2841,0,0,0,0,0,0
DIATSA_LOCUS2842,1,1,1,0,0,0
DIATSA_LOCUS2843,3,4,4,1,3,3
DIATSA_LOCUS2844,0,0,1,1,2,2
DIATSA_LOCUS2845,0,0,0,0,0,0
DIATSA_LOCUS2846,0,0,0,0,0,0
DIATSA_LOCUS2847,0,0,0,0,0,0
DIATSA_LOCUS2848,0,0,0,0,0,0
DIATSA_LOCUS2849,0,0,0,0,0,0
DIATSA_LOCUS285,80,137,141,42,79,81
DIATSA_LOCUS2850,80,144,149,130,218,219
DIATSA_LOCUS2851,38,75,82,64,86,98
DIATSA_LOCUS2852,16,38,41,22,39,40
DIATSA_LOCUS2853,4734,7455,7778,4368,7018,7317
DIATSA_LOCUS2854,0,0,0,0,0,0
DIATSA_LOCUS2855,0,0,0,1,1,3
DIATSA_LOCUS2856,2,3,3,0,0,0
DIATSA_LOCUS2857,2,4,4,0,1,1
DIATSA_LOCUS2858,4,6,7,2,3,3
DIATSA_LOCUS2859,3,8,8,1,4,4
DIATSA_LOCUS286,62,143,148,19,46,49
DIATSA_LOCUS2860,0,0,0,0,0,0
DIATSA_LOCUS2861,0,0,0,0,0,0
DIATSA_LOCUS2862,152,237,252,77,130,137
DIATSA_LOCUS2863,41,68,71,19,28,29
DIATSA_LOCUS2864,96,141,143,133,227,233
DIATSA_LOCUS2865,11,23,25,13,26,29
DIATSA_LOCUS2866,53,106,110,55,120,121
DIATSA_LOCUS2867,0,1,1,0,0,0
DIATSA_LOCUS2868,1,4,4,0,1,1
DIATSA_LOCUS2869,1,1,2,1,1,1
DIATSA_LOCUS287,88,160,170,53,120,128
DIATSA_LOCUS2870,0,2,2,0,1,1
DIATSA_LOCUS2871,0,0,0,0,0,0
DIATSA_LOCUS2872,11,32,35,15,29,29
DIATSA_LOCUS2873,82,154,161,23,51,54
DIATSA_LOCUS2874,11,24,27,7,21,21
DIATSA_LOCUS2875,13,19,19,2,6,6
DIATSA_LOCUS2876,8,18,19,6,9,9
DIATSA_LOCUS2877,0,0,0,2,3,3
DIATSA_LOCUS2878,20,30,32,9,22,23
DIATSA_LOCUS2879,37,88,89,23,41,42
DIATSA_LOCUS288,5490,9275,9644,4603,7751,8055
DIATSA_LOCUS2880,85,178,184,84,163,172
DIATSA_LOCUS2881,92,211,218,57,115,118
DIATSA_LOCUS2882,21,37,37,26,48,49
DIATSA_LOCUS2883,191,357,380,217,439,474
DIATSA_LOCUS2884,14,33,37,18,36,38
DIATSA_LOCUS2885,22,48,49,12,16,18
DIATSA_LOCUS2886,84,197,208,102,232,253
DIATSA_LOCUS2887,72,153,162,59,119,125
DIATSA_LOCUS2888,156,249,257,175,322,331
DIATSA_LOCUS2889,184,312,321,134,254,269
DIATSA_LOCUS289,236,487,506,126,258,269
DIATSA_LOCUS2890,388,710,739,262,535,556
DIATSA_LOCUS2891,153,310,324,156,348,363
DIATSA_LOCUS2892,205,428,444,133,267,275
DIATSA_LOCUS2893,1409,2646,2746,1613,3063,3176
DIATSA_LOCUS2894,15,28,29,19,34,35
DIATSA_LOCUS2895,21,72,79,38,74,78
DIATSA_LOCUS2896,143,288,303,57,123,133
DIATSA_LOCUS2897,0,1,1,0,0,0
DIATSA_LOCUS2898,5,8,7,7,8,9
DIATSA_LOCUS2899,2664,4519,4702,2334,3901,4051
DIATSA_LOCUS29,9,28,30,3,10,14
DIATSA_LOCUS290,0,1,1,0,1,1
DIATSA_LOCUS2900,3,7,7,6,17,17
DIATSA_LOCUS2901,65,127,134,42,81,82
DIATSA_LOCUS2902,263,438,450,79,152,161
DIATSA_LOCUS2903,0,0,0,0,0,0
DIATSA_LOCUS2904,26,45,47,16,31,32
DIATSA_LOCUS2905,6,10,10,3,7,7
DIATSA_LOCUS2906,179,321,340,34,150,150
DIATSA_LOCUS2907,63,110,113,32,61,61
DIATSA_LOCUS2908,0,0,0,0,0,0
DIATSA_LOCUS2909,160,371,383,78,182,194
DIATSA_LOCUS291,10,20,22,6,10,13
DIATSA_LOCUS2910,3,5,5,2,3,3
DIATSA_LOCUS2911,39,83,84,16,32,34
DIATSA_LOCUS2912,64,122,128,5,22,21
DIATSA_LOCUS2913,63,135,140,84,166,172
DIATSA_LOCUS2914,326,699,725,172,395,410
DIATSA_LOCUS2915,120,262,281,71,128,136
DIATSA_LOCUS2916,450,860,891,390,870,889
DIATSA_LOCUS2917,1868,3621,3780,2014,4208,4405
DIATSA_LOCUS2918,258,549,572,186,386,403
DIATSA_LOCUS2919,229,404,421,107,208,217
DIATSA_LOCUS292,133,258,262,51,106,106
DIATSA_LOCUS2920,1326,2215,2273,2209,3697,3802
DIATSA_LOCUS2921,2169,4277,4492,4129,7465,7786
DIATSA_LOCUS2922,49,123,127,36,82,88
DIATSA_LOCUS2923,7264,13803,14396,7133,13234,13815
DIATSA_LOCUS2924,226,449,470,232,438,453
DIATSA_LOCUS2925,139,337,352,197,372,383
DIATSA_LOCUS2926,15,53,55,28,59,62
DIATSA_LOCUS2927,53,107,109,98,223,232
DIATSA_LOCUS2928,459,852,878,317,547,579
DIATSA_LOCUS2929,108,211,216,53,113,118
DIATSA_LOCUS293,428,852,872,286,549,575
DIATSA_LOCUS2930,84,159,166,51,112,121
DIATSA_LOCUS2931,76,148,156,30,67,68
DIATSA_LOCUS2932,77,146,157,60,107,117
DIATSA_LOCUS2933,103,227,232,128,263,270
DIATSA_LOCUS2934,134,293,299,51,105,106
DIATSA_LOCUS2935,419,773,803,213,403,419
DIATSA_LOCUS2936,0,0,0,0,2,2
DIATSA_LOCUS2937,196,403,416,172,338,344
DIATSA_LOCUS2938,251,440,464,179,346,360
DIATSA_LOCUS2939,127,251,261,78,175,182
DIATSA_LOCUS294,241,498,512,80,188,193
DIATSA_LOCUS2940,78,148,156,55,107,111
DIATSA_LOCUS2941,2192,4695,4918,2315,5054,5307
DIATSA_LOCUS2942,42,66,68,11,25,25
DIATSA_LOCUS2943,12,20,21,2,5,6
DIATSA_LOCUS2944,90,194,203,106,273,276
DIATSA_LOCUS2945,1,5,5,1,2,3
DIATSA_LOCUS2946,39,79,81,9,30,33
DIATSA_LOCUS2947,27,58,58,16,33,33
DIATSA_LOCUS2948,0,1,6,1,4,4
DIATSA_LOCUS2949,44,79,82,66,127,137
DIATSA_LOCUS295,21,38,41,39,68,66
DIATSA_LOCUS2950,18,43,44,14,40,43
DIATSA_LOCUS2951,302,639,691,190,364,386
DIATSA_LOCUS2952,1207,2222,2295,1923,3452,3586
DIATSA_LOCUS2953,686,1263,1306,684,1247,1293
DIATSA_LOCUS2954,309,572,552,313,600,615
DIATSA_LOCUS2955,524,975,1028,612,1184,1220
DIATSA_LOCUS2956,7,16,17,2,3,3
DIATSA_LOCUS2957,52,107,112,22,42,43
DIATSA_LOCUS2958,415,718,745,373,629,643
DIATSA_LOCUS2959,222,422,439,267,556,575
DIATSA_LOCUS296,46,86,95,88,178,183
DIATSA_LOCUS2960,57,104,108,68,115,119
DIATSA_LOCUS2961,167,339,351,73,154,166
DIATSA_LOCUS2962,4,10,11,3,6,6
DIATSA_LOCUS2963,50,86,91,13,33,37
DIATSA_LOCUS2964,25,50,52,26,65,69
DIATSA_LOCUS2965,3,6,6,4,15,14
DIATSA_LOCUS2966,2,7,7,0,4,4
DIATSA_LOCUS2967,15,28,29,7,13,15
DIATSA_LOCUS2968,609,1150,1197,651,1221,1266
DIATSA_LOCUS2969,40,74,77,11,21,24
DIATSA_LOCUS297,28,68,69,9,24,28
DIATSA_LOCUS2970,41,64,67,44,89,94
DIATSA_LOCUS2971,160,407,437,102,284,306
DIATSA_LOCUS2972,0,0,0,0,0,0
DIATSA_LOCUS2973,212,545,561,220,617,641
DIATSA_LOCUS2974,91,225,231,67,128,135
DIATSA_LOCUS2975,67,148,155,80,187,194
DIATSA_LOCUS2976,152,278,284,72,129,134
DIATSA_LOCUS2977,241,503,524,224,504,528
DIATSA_LOCUS2978,61,125,129,30,55,57
DIATSA_LOCUS2979,109,216,231,55,127,133
DIATSA_LOCUS298,23,43,45,10,19,21
DIATSA_LOCUS2980,151,292,301,89,169,174
DIATSA_LOCUS2981,381,747,775,219,461,475
DIATSA_LOCUS2982,124,279,290,120,344,351
DIATSA_LOCUS2983,41,81,84,39,78,81
DIATSA_LOCUS2984,0,0,0,0,0,0
DIATSA_LOCUS2985,14,40,40,29,48,49
DIATSA_LOCUS2986,15,30,32,34,63,66
DIATSA_LOCUS2987,0,0,1,0,0,0
DIATSA_LOCUS2988,1,3,3,7,8,9
DIATSA_LOCUS2989,0,0,0,0,1,1
DIATSA_LOCUS299,6,7,7,0,0,0
DIATSA_LOCUS2990,0,0,0,0,0,0
DIATSA_LOCUS2991,284,424,445,194,313,322
DIATSA_LOCUS2992,0,0,0,0,0,0
DIATSA_LOCUS2993,0,0,0,0,0,0
DIATSA_LOCUS2994,142,214,221,29,60,62
DIATSA_LOCUS2995,26,36,35,3,7,7
DIATSA_LOCUS2996,0,0,0,0,0,0
DIATSA_LOCUS2997,7,11,11,1,6,6
DIATSA_LOCUS2998,1,2,2,0,0,1
DIATSA_LOCUS2999,1,1,1,0,0,0
DIATSA_LOCUS3,1,4,4,1,1,1
DIATSA_LOCUS30,230,413,436,140,283,296
DIATSA_LOCUS300,195,408,424,161,348,362
DIATSA_LOCUS3000,0,1,1,0,0,0
DIATSA_LOCUS3001,1,2,2,0,0,0
DIATSA_LOCUS3002,5,8,8,0,0,0
DIATSA_LOCUS3003,45,72,72,10,16,16
DIATSA_LOCUS3004,129,199,205,18,32,33
DIATSA_LOCUS3005,180,241,251,46,73,74
DIATSA_LOCUS3006,0,0,0,0,0,0
DIATSA_LOCUS3007,0,0,0,0,0,0
DIATSA_LOCUS3008,2,1,1,0,0,0
DIATSA_LOCUS3009,1,1,1,0,0,0
DIATSA_LOCUS301,331,693,719,332,762,784
DIATSA_LOCUS3010,3,4,4,0,1,1
DIATSA_LOCUS3011,5,7,7,0,0,0
DIATSA_LOCUS3012,1,1,1,0,0,0
DIATSA_LOCUS3013,1,2,2,0,0,0
DIATSA_LOCUS3014,0,0,0,1,2,2
DIATSA_LOCUS3015,23,27,14,18,22,23
DIATSA_LOCUS3016,189,306,325,104,154,165
DIATSA_LOCUS3017,527,828,854,253,400,397
DIATSA_LOCUS3018,9,12,14,4,10,13
DIATSA_LOCUS3019,3,4,4,0,0,0
DIATSA_LOCUS302,9,15,15,4,6,6
DIATSA_LOCUS3020,55,74,76,8,15,15
DIATSA_LOCUS3021,3,4,4,9,11,11
DIATSA_LOCUS3022,394,792,826,238,386,398
DIATSA_LOCUS3023,275,545,558,201,423,435
DIATSA_LOCUS3024,123,241,234,72,117,124
DIATSA_LOCUS3025,756,1276,1399,638,1180,1151
DIATSA_LOCUS3026,1,2,2,2,3,3
DIATSA_LOCUS3027,0,0,0,0,0,0
DIATSA_LOCUS3028,1,1,1,0,0,0
DIATSA_LOCUS3029,24,37,38,14,22,22
DIATSA_LOCUS303,3,8,8,0,1,1
DIATSA_LOCUS3030,3,6,6,0,0,1
DIATSA_LOCUS3031,68,161,166,56,145,153
DIATSA_LOCUS3032,214,453,466,144,343,356
DIATSA_LOCUS3033,56,95,97,44,85,86
DIATSA_LOCUS3034,40,133,137,42,83,90
DIATSA_LOCUS3035,131,305,314,41,125,131
DIATSA_LOCUS3036,13,29,29,18,36,36
DIATSA_LOCUS3037,329,1235,1262,303,1459,1581
DIATSA_LOCUS3038,155,287,306,100,197,206
DIATSA_LOCUS3039,188,363,376,194,338,356
DIATSA_LOCUS304,7,12,13,6,9,9
DIATSA_LOCUS3040,685,1324,1374,281,624,647
DIATSA_LOCUS3041,972,2085,2167,651,1331,1392
DIATSA_LOCUS3042,0,1,1,0,0,0
DIATSA_LOCUS3043,1,2,2,0,0,0
DIATSA_LOCUS3044,507,1005,1052,331,672,690
DIATSA_LOCUS3045,1,1,1,0,1,1
DIATSA_LOCUS3046,64,165,172,20,41,44
DIATSA_LOCUS3047,24,61,66,13,26,27
DIATSA_LOCUS3048,779,1387,1429,1100,2014,2096
DIATSA_LOCUS3049,291,568,588,188,348,355
DIATSA_LOCUS305,14,25,25,3,10,10
DIATSA_LOCUS3050,0,0,0,3,5,6
DIATSA_LOCUS3051,1,3,3,0,0,0
DIATSA_LOCUS3052,271,610,632,192,442,468
DIATSA_LOCUS3053,2057,3867,4022,2050,3973,4113
DIATSA_LOCUS3054,58,113,115,29,63,67
DIATSA_LOCUS3055,43,87,92,23,57,59
DIATSA_LOCUS3056,174,345,356,188,357,375
DIATSA_LOCUS3057,78,158,164,69,121,125
DIATSA_LOCUS3058,6,13,14,11,27,27
DIATSA_LOCUS3059,270,577,604,287,602,631
DIATSA_LOCUS306,56,108,111,16,42,44
DIATSA_LOCUS3060,915,1835,1905,1814,3442,3560
DIATSA_LOCUS3061,12,23,24,6,11,11
DIATSA_LOCUS3062,8,18,18,9,18,18
DIATSA_LOCUS3063,355,696,726,168,307,317
DIATSA_LOCUS3064,45,92,99,26,50,57
DIATSA_LOCUS3065,0,2,2,2,3,3
DIATSA_LOCUS3066,102,207,216,96,174,185
DIATSA_LOCUS3067,48,97,98,25,68,69
DIATSA_LOCUS3068,8,24,26,5,11,11
DIATSA_LOCUS3069,374,770,800,473,859,897
DIATSA_LOCUS307,437,894,934,298,556,583
DIATSA_LOCUS3070,3,7,7,0,0,0
DIATSA_LOCUS3071,1,2,2,1,2,2
DIATSA_LOCUS3072,0,0,0,0,0,0
DIATSA_LOCUS3073,205,463,489,84,172,185
DIATSA_LOCUS3074,13,32,33,14,31,31
DIATSA_LOCUS3075,132,289,299,157,303,315
DIATSA_LOCUS3076,89,151,155,42,93,94
DIATSA_LOCUS3077,110,228,229,138,269,278
DIATSA_LOCUS3078,346,661,702,294,526,549
DIATSA_LOCUS3079,201,386,398,136,228,233
DIATSA_LOCUS308,597,1064,1101,871,1645,1712
DIATSA_LOCUS3080,8540,14994,15607,13377,23062,23998
DIATSA_LOCUS3081,66,125,128,57,94,96
DIATSA_LOCUS3082,167,332,340,188,354,365
DIATSA_LOCUS3083,364,782,814,154,314,332
DIATSA_LOCUS3084,5,15,15,2,6,7
DIATSA_LOCUS3085,25,41,43,6,11,11
DIATSA_LOCUS3086,50,123,125,50,138,143
DIATSA_LOCUS3087,3,5,5,1,3,3
DIATSA_LOCUS3088,106,192,194,119,209,212
DIATSA_LOCUS3089,0,0,0,0,0,0
DIATSA_LOCUS309,53,88,91,66,125,130
DIATSA_LOCUS3090,203,343,353,204,325,339
DIATSA_LOCUS3091,402,658,691,392,645,669
DIATSA_LOCUS3092,2,4,4,1,1,1
DIATSA_LOCUS3093,180,434,453,199,494,523
DIATSA_LOCUS3094,0,0,0,0,0,0
DIATSA_LOCUS3095,2,3,3,1,1,1
DIATSA_LOCUS3096,10,18,19,8,16,17
DIATSA_LOCUS3097,6,9,9,5,5,5
DIATSA_LOCUS3098,1,2,3,0,3,3
DIATSA_LOCUS3099,746,1604,1664,844,1843,1934
DIATSA_LOCUS31,0,0,0,1,2,2
DIATSA_LOCUS310,4,6,6,0,2,2
DIATSA_LOCUS3100,40,57,58,17,28,29
DIATSA_LOCUS3101,21,35,40,12,19,19
DIATSA_LOCUS3102,637,1208,1255,403,748,780
DIATSA_LOCUS3103,1073,2068,2141,965,1933,2023
DIATSA_LOCUS3104,41,77,79,58,109,115
DIATSA_LOCUS3105,568,1137,1163,452,948,984
DIATSA_LOCUS3106,37,96,100,7,15,15
DIATSA_LOCUS3107,69,139,143,10,19,18
DIATSA_LOCUS3108,3,3,3,3,4,4
DIATSA_LOCUS3109,0,0,0,0,0,0
DIATSA_LOCUS311,92,151,158,53,74,80
DIATSA_LOCUS3110,40,88,92,48,94,101
DIATSA_LOCUS3111,46,93,98,47,92,91
DIATSA_LOCUS3112,27,51,54,35,59,60
DIATSA_LOCUS3113,0,3,2,0,1,1
DIATSA_LOCUS3114,1,3,3,6,13,14
DIATSA_LOCUS3115,65,152,160,24,56,57
DIATSA_LOCUS3116,126,219,227,100,178,188
DIATSA_LOCUS3117,761,1389,1436,808,1540,1595
DIATSA_LOCUS3118,168,336,346,101,203,208
DIATSA_LOCUS3119,153,301,311,88,177,182
DIATSA_LOCUS312,216,372,394,93,175,178
DIATSA_LOCUS3120,42,79,83,20,42,45
DIATSA_LOCUS3121,13,23,24,13,34,34
DIATSA_LOCUS3122,0,0,0,0,0,0
DIATSA_LOCUS3123,6,9,9,1,2,2
DIATSA_LOCUS3124,0,8,8,0,7,9
DIATSA_LOCUS3125,0,0,1,0,0,0
DIATSA_LOCUS3126,2,5,5,9,24,24
DIATSA_LOCUS3127,50,104,106,10,27,29
DIATSA_LOCUS3128,11,21,21,20,34,38
DIATSA_LOCUS3129,17,36,36,10,26,26
DIATSA_LOCUS313,601,1040,1080,574,990,1019
DIATSA_LOCUS3130,87,158,161,112,206,213
DIATSA_LOCUS3131,95,176,180,111,241,253
DIATSA_LOCUS3132,457,929,960,313,691,709
DIATSA_LOCUS3133,96,232,238,31,80,82
DIATSA_LOCUS3134,20,29,30,14,26,28
DIATSA_LOCUS3135,45,82,84,33,60,61
DIATSA_LOCUS3136,33299,59882,62093,32448,61587,63813
DIATSA_LOCUS3137,49,70,73,31,42,42
DIATSA_LOCUS3138,91,161,169,106,159,170
DIATSA_LOCUS3139,4,4,4,0,1,1
DIATSA_LOCUS314,0,0,0,0,0,0
DIATSA_LOCUS3140,2393,4016,4178,829,1334,1381
DIATSA_LOCUS3141,796,1826,1889,361,708,737
DIATSA_LOCUS3142,4907,7810,8116,7324,11660,12142
DIATSA_LOCUS3143,1279,2392,2469,246,466,484
DIATSA_LOCUS3144,0,0,0,1,1,1
DIATSA_LOCUS3145,2135,3981,4122,2010,3757,3871
DIATSA_LOCUS3146,395,679,717,333,541,574
DIATSA_LOCUS3147,826,1740,1844,589,1177,1235
DIATSA_LOCUS3148,4688,9284,9790,2985,5538,5808
DIATSA_LOCUS3149,8075,15625,16507,7735,14315,14995
DIATSA_LOCUS315,0,0,0,0,0,0
DIATSA_LOCUS3150,25,43,45,28,39,40
DIATSA_LOCUS3151,23,60,66,30,66,69
DIATSA_LOCUS3152,554,1227,1269,462,997,1038
DIATSA_LOCUS3153,357,622,644,62,117,121
DIATSA_LOCUS3154,2638,5055,5456,1353,2560,2876
DIATSA_LOCUS3155,41,87,88,12,20,21
DIATSA_LOCUS3156,2506,5480,5759,829,1820,1890
DIATSA_LOCUS3157,10,14,15,4,6,6
DIATSA_LOCUS3158,5,11,12,42,68,73
DIATSA_LOCUS3159,0,0,0,0,0,0
DIATSA_LOCUS316,0,0,0,0,0,0
DIATSA_LOCUS3160,504,849,882,379,673,696
DIATSA_LOCUS3161,2143,4919,5063,1215,3202,3334
DIATSA_LOCUS3162,137,261,272,158,315,322
DIATSA_LOCUS3163,0,0,0,0,0,0
DIATSA_LOCUS3164,198,393,406,134,226,230
DIATSA_LOCUS3165,10,21,22,13,30,31
DIATSA_LOCUS3166,6,11,13,10,27,28
DIATSA_LOCUS3167,0,0,0,0,0,0
DIATSA_LOCUS3168,0,0,0,0,0,0
DIATSA_LOCUS3169,0,0,0,0,2,2
DIATSA_LOCUS317,0,0,0,0,0,0
DIATSA_LOCUS3170,7,16,18,5,15,15
DIATSA_LOCUS3171,37,71,72,34,73,77
DIATSA_LOCUS3172,202,394,416,187,376,386
DIATSA_LOCUS3173,829,1653,1728,1182,2392,2468
DIATSA_LOCUS3174,38,62,65,8,24,24
DIATSA_LOCUS3175,7,13,13,5,15,16
DIATSA_LOCUS3176,10,23,26,16,30,32
DIATSA_LOCUS3177,0,0,0,0,0,0
DIATSA_LOCUS3178,10,19,20,7,11,12
DIATSA_LOCUS3179,112,207,215,26,43,46
DIATSA_LOCUS318,8,19,20,6,13,14
DIATSA_LOCUS3180,0,0,0,0,3,3
DIATSA_LOCUS3181,6,6,6,1,2,3
DIATSA_LOCUS3182,793,1466,1527,924,1792,1851
DIATSA_LOCUS3183,7,10,11,8,13,14
DIATSA_LOCUS3184,1,1,1,1,4,5
DIATSA_LOCUS3185,1351,2358,2463,2656,4607,4789
DIATSA_LOCUS3186,64,124,128,34,91,91
DIATSA_LOCUS3187,122,237,243,155,325,341
DIATSA_LOCUS3188,174,351,364,123,225,233
DIATSA_LOCUS3189,77,149,153,57,105,113
DIATSA_LOCUS319,256,523,543,92,181,185
DIATSA_LOCUS3190,29,65,70,43,81,87
DIATSA_LOCUS3191,7,16,16,14,23,23
DIATSA_LOCUS3192,84,164,170,63,140,142
DIATSA_LOCUS3193,30,70,74,7,14,16
DIATSA_LOCUS3194,37,60,62,9,25,28
DIATSA_LOCUS3195,39,109,109,34,80,80
DIATSA_LOCUS3196,59,122,127,57,119,121
DIATSA_LOCUS3197,197,450,467,264,633,655
DIATSA_LOCUS3198,13,19,19,11,16,16
DIATSA_LOCUS3199,396,696,717,376,661,686
DIATSA_LOCUS32,73,119,126,35,59,60
DIATSA_LOCUS320,732,1372,1429,475,972,1007
DIATSA_LOCUS3200,62,214,254,25,71,79
DIATSA_LOCUS3201,137,245,253,43,80,80
DIATSA_LOCUS3202,271,509,530,287,587,619
DIATSA_LOCUS3203,99,188,195,72,142,148
DIATSA_LOCUS3204,322,633,666,251,494,509
DIATSA_LOCUS3205,1,1,1,0,3,3
DIATSA_LOCUS3206,0,6,7,5,8,8
DIATSA_LOCUS3207,0,0,0,0,0,0
DIATSA_LOCUS3208,380,820,866,231,536,563
DIATSA_LOCUS3209,46,84,86,26,41,40
DIATSA_LOCUS321,51,94,102,31,58,58
DIATSA_LOCUS3210,70,166,173,65,158,161
DIATSA_LOCUS3211,465,968,996,522,1015,1046
DIATSA_LOCUS3212,83,148,150,90,144,150
DIATSA_LOCUS3213,102,218,225,56,121,125
DIATSA_LOCUS3214,265,544,563,261,573,594
DIATSA_LOCUS3215,146,285,296,48,87,89
DIATSA_LOCUS3216,61,138,141,46,77,78
DIATSA_LOCUS3217,65,157,168,22,70,78
DIATSA_LOCUS3218,1340,2623,2721,1167,2270,2354
DIATSA_LOCUS3219,22,43,42,11,24,25
DIATSA_LOCUS322,235,518,540,306,619,634
DIATSA_LOCUS3220,1246,2676,2795,1007,2116,2199
DIATSA_LOCUS3221,58,107,113,122,248,250
DIATSA_LOCUS3222,2,2,3,1,2,2
DIATSA_LOCUS3223,0,0,0,0,0,0
DIATSA_LOCUS3224,7953,15385,15918,8251,16517,17161
DIATSA_LOCUS3225,259,557,573,267,668,699
DIATSA_LOCUS3226,537,1090,1134,783,1560,1610
DIATSA_LOCUS3227,19,35,38,19,40,45
DIATSA_LOCUS3228,2072,4044,4247,1244,2516,2649
DIATSA_LOCUS3229,141,332,347,94,196,202
DIATSA_LOCUS323,91,198,211,80,189,199
DIATSA_LOCUS3230,4,8,8,0,6,6
DIATSA_LOCUS3231,4550,9789,10286,4314,9053,9497
DIATSA_LOCUS3232,1,9,11,2,3,3
DIATSA_LOCUS3233,908,1893,1941,647,1247,1328
DIATSA_LOCUS3234,2472,5252,5487,1657,3792,3934
DIATSA_LOCUS3235,501,1068,1105,454,1020,1052
DIATSA_LOCUS3236,55,150,155,76,192,197
DIATSA_LOCUS3237,533,997,1034,387,758,793
DIATSA_LOCUS3238,353,710,740,230,457,481
DIATSA_LOCUS3239,9,15,17,8,8,9
DIATSA_LOCUS324,180,384,398,113,214,222
DIATSA_LOCUS3240,68,132,137,160,299,306
DIATSA_LOCUS3241,358,755,784,166,373,384
DIATSA_LOCUS3242,26,54,52,13,38,41
DIATSA_LOCUS3243,0,0,0,0,0,0
DIATSA_LOCUS3244,84,121,124,36,62,67
DIATSA_LOCUS3245,57,102,104,33,55,59
DIATSA_LOCUS3246,0,0,0,0,0,0
DIATSA_LOCUS3247,84,138,153,33,70,79
DIATSA_LOCUS3248,0,0,0,0,1,1
DIATSA_LOCUS3249,57,100,110,22,49,59
DIATSA_LOCUS325,14,30,31,10,20,20
DIATSA_LOCUS3250,13,28,29,2,6,6
DIATSA_LOCUS3251,545,1134,1195,550,1245,1311
DIATSA_LOCUS3252,557,1169,1206,336,671,700
DIATSA_LOCUS3253,33,65,70,32,44,46
DIATSA_LOCUS3254,188,335,349,94,181,187
DIATSA_LOCUS3255,44,70,75,19,40,42
DIATSA_LOCUS3256,33,63,67,12,28,29
DIATSA_LOCUS3257,28,61,63,9,26,30
DIATSA_LOCUS3258,245,470,486,250,440,463
DIATSA_LOCUS3259,195,399,415,200,419,433
DIATSA_LOCUS326,0,0,0,1,1,2
DIATSA_LOCUS3260,10,14,14,0,1,4
DIATSA_LOCUS3261,12,24,24,8,15,14
DIATSA_LOCUS3262,164,450,468,308,655,677
DIATSA_LOCUS3263,73,174,179,57,118,123
DIATSA_LOCUS3264,414,765,793,299,548,571
DIATSA_LOCUS3265,30,79,84,10,47,47
DIATSA_LOCUS3266,7,14,14,2,4,4
DIATSA_LOCUS3267,629,1270,1317,467,1060,1116
DIATSA_LOCUS3268,424,800,836,161,284,302
DIATSA_LOCUS3269,55,96,96,32,55,56
DIATSA_LOCUS327,20,29,29,15,21,23
DIATSA_LOCUS3270,49,91,98,23,45,48
DIATSA_LOCUS3271,59,112,112,38,61,63
DIATSA_LOCUS3272,170,339,358,140,298,308
DIATSA_LOCUS3273,22,42,45,12,23,25
DIATSA_LOCUS3274,294,559,592,213,440,458
DIATSA_LOCUS3275,89,164,168,105,216,222
DIATSA_LOCUS3276,88,184,190,33,73,79
DIATSA_LOCUS3277,162,383,393,71,152,160
DIATSA_LOCUS3278,90,177,185,87,190,198
DIATSA_LOCUS3279,337,678,700,272,544,563
DIATSA_LOCUS328,178,351,371,56,108,112
DIATSA_LOCUS3280,141,324,338,127,232,241
DIATSA_LOCUS3281,2,3,3,0,4,5
DIATSA_LOCUS3282,99,191,195,47,96,97
DIATSA_LOCUS3283,872,1713,1809,857,1831,1885
DIATSA_LOCUS3284,60,111,111,229,410,426
DIATSA_LOCUS3285,68,143,148,59,126,135
DIATSA_LOCUS3286,129,241,251,81,146,152
DIATSA_LOCUS3287,194,404,418,113,233,240
DIATSA_LOCUS3288,88,165,176,47,80,83
DIATSA_LOCUS3289,393,742,780,97,199,212
DIATSA_LOCUS329,109,174,183,114,208,217
DIATSA_LOCUS3290,148,329,343,128,321,331
DIATSA_LOCUS3291,416,935,968,469,992,1028
DIATSA_LOCUS3292,24,40,40,6,7,7
DIATSA_LOCUS3293,0,0,0,0,0,0
DIATSA_LOCUS3294,0,0,0,0,0,0
DIATSA_LOCUS3295,0,0,0,0,0,0
DIATSA_LOCUS3296,82,142,146,64,121,121
DIATSA_LOCUS3297,16,44,47,17,43,46
DIATSA_LOCUS3298,161,315,330,110,214,218
DIATSA_LOCUS3299,60,129,135,40,102,107
DIATSA_LOCUS33,10,16,17,5,13,13
DIATSA_LOCUS330,43,69,71,38,75,78
DIATSA_LOCUS3300,143,261,271,62,123,128
DIATSA_LOCUS3301,108,251,269,123,260,276
DIATSA_LOCUS3302,45,106,113,58,125,128
DIATSA_LOCUS3303,39,94,97,24,61,63
DIATSA_LOCUS3304,10,23,24,23,42,43
DIATSA_LOCUS3305,30,50,53,9,22,24
DIATSA_LOCUS3306,86,161,162,106,191,197
DIATSA_LOCUS3307,103,250,260,93,233,245
DIATSA_LOCUS3308,129,271,283,134,282,287
DIATSA_LOCUS3309,274,549,571,322,651,675
DIATSA_LOCUS331,332,730,753,342,628,658
DIATSA_LOCUS3310,207,345,355,235,458,474
DIATSA_LOCUS3311,90,155,164,26,56,60
DIATSA_LOCUS3312,56,102,105,33,50,54
DIATSA_LOCUS3313,4,7,7,3,7,8
DIATSA_LOCUS3314,3685,7121,7498,3731,6846,7187
DIATSA_LOCUS3315,633,1105,1138,259,428,446
DIATSA_LOCUS3316,125,273,284,60,179,187
DIATSA_LOCUS3317,7,14,15,7,17,18
DIATSA_LOCUS3318,0,0,0,0,0,0
DIATSA_LOCUS3319,19,23,28,24,33,34
DIATSA_LOCUS332,15,42,46,10,21,21
DIATSA_LOCUS3320,274,608,623,218,455,464
DIATSA_LOCUS3321,8,15,15,5,5,5
DIATSA_LOCUS3322,9,24,25,7,9,9
DIATSA_LOCUS3323,21,42,43,5,14,21
DIATSA_LOCUS3324,1,2,2,4,4,4
DIATSA_LOCUS3325,18,48,51,25,53,56
DIATSA_LOCUS3326,32,52,58,25,42,42
DIATSA_LOCUS3327,5,5,5,8,18,18
DIATSA_LOCUS3328,62,117,119,77,165,169
DIATSA_LOCUS3329,5,13,13,8,16,17
DIATSA_LOCUS333,104,232,242,43,76,78
DIATSA_LOCUS3330,2,7,7,3,4,4
DIATSA_LOCUS3331,18,30,33,4,17,17
DIATSA_LOCUS3332,2,2,2,0,3,3
DIATSA_LOCUS3333,221,415,429,157,302,311
DIATSA_LOCUS3334,20,43,44,19,31,31
DIATSA_LOCUS3335,13,33,34,32,57,58
DIATSA_LOCUS3336,30,42,43,3,3,3
DIATSA_LOCUS3337,32,59,62,14,24,28
DIATSA_LOCUS3338,105,188,193,20,36,38
DIATSA_LOCUS3339,44,102,108,39,68,73
DIATSA_LOCUS334,1,1,1,1,2,2
DIATSA_LOCUS3340,2,1,1,1,3,3
DIATSA_LOCUS3341,23,49,50,23,54,54
DIATSA_LOCUS3342,93,169,173,41,75,79
DIATSA_LOCUS3343,0,0,0,2,3,3
DIATSA_LOCUS3344,802,1478,1558,820,1524,1590
DIATSA_LOCUS3345,66,126,127,57,97,104
DIATSA_LOCUS3346,0,0,0,0,0,0
DIATSA_LOCUS3347,14,27,27,4,7,7
DIATSA_LOCUS3348,5,6,7,2,2,2
DIATSA_LOCUS3349,26,47,49,13,26,27
DIATSA_LOCUS335,5,6,6,2,5,6
DIATSA_LOCUS3350,27,58,61,23,45,48
DIATSA_LOCUS3351,52,106,116,38,61,63
DIATSA_LOCUS3352,15,28,31,11,18,18
DIATSA_LOCUS3353,3,8,7,6,16,18
DIATSA_LOCUS3354,3113,5780,5971,3558,6523,6735
DIATSA_LOCUS3355,8,17,17,6,9,9
DIATSA_LOCUS3356,11,17,18,11,20,21
DIATSA_LOCUS3357,28,46,50,66,121,130
DIATSA_LOCUS3358,21,37,38,19,33,33
DIATSA_LOCUS3359,253,474,497,164,292,298
DIATSA_LOCUS336,32,64,65,7,12,12
DIATSA_LOCUS3360,0,0,0,0,0,0
DIATSA_LOCUS3361,0,0,0,0,1,1
DIATSA_LOCUS3362,80,176,182,75,158,167
DIATSA_LOCUS3363,0,0,0,0,0,0
DIATSA_LOCUS3364,40,85,89,8,15,16
DIATSA_LOCUS3365,30,59,61,14,21,23
DIATSA_LOCUS3366,5,13,14,7,10,11
DIATSA_LOCUS3367,17,40,43,30,47,49
DIATSA_LOCUS3368,108,236,242,58,112,116
DIATSA_LOCUS3369,0,2,3,2,2,2
DIATSA_LOCUS337,93,163,165,72,141,148
DIATSA_LOCUS3370,271,402,411,118,212,221
DIATSA_LOCUS3371,729,1170,1245,481,785,806
DIATSA_LOCUS3372,1,3,3,0,2,3
DIATSA_LOCUS3373,6,6,7,0,2,3
DIATSA_LOCUS3374,143,308,316,116,198,206
DIATSA_LOCUS3375,3,9,9,6,15,15
DIATSA_LOCUS3376,0,0,0,0,0,0
DIATSA_LOCUS3377,37,71,74,15,27,31
DIATSA_LOCUS3378,30,83,89,25,54,63
DIATSA_LOCUS3379,147,303,325,105,194,209
DIATSA_LOCUS338,4,6,7,0,3,3
DIATSA_LOCUS3380,7,10,11,2,7,7
DIATSA_LOCUS3381,15421,26713,27766,20707,36700,38036
DIATSA_LOCUS3382,46,136,140,42,115,117
DIATSA_LOCUS3383,51,74,78,24,39,43
DIATSA_LOCUS3384,57,96,102,43,78,81
DIATSA_LOCUS3385,216,391,437,189,380,433
DIATSA_LOCUS3386,14,26,26,11,12,12
DIATSA_LOCUS3387,689,1316,1358,910,1672,1715
DIATSA_LOCUS3388,180,268,276,241,400,420
DIATSA_LOCUS3389,50,73,75,54,83,85
DIATSA_LOCUS339,64,134,137,81,164,168
DIATSA_LOCUS3390,47,80,83,39,52,52
DIATSA_LOCUS3391,4,9,12,3,6,6
DIATSA_LOCUS3392,12,24,24,7,9,10
DIATSA_LOCUS3393,131,322,326,133,276,287
DIATSA_LOCUS3394,38,78,81,17,43,43
DIATSA_LOCUS3395,172,269,279,309,465,480
DIATSA_LOCUS3396,460,768,806,535,926,958
DIATSA_LOCUS3397,2040,3834,4038,2729,5302,5517
DIATSA_LOCUS3398,91,161,169,50,74,83
DIATSA_LOCUS3399,0,1,1,1,2,2
DIATSA_LOCUS34,24,57,63,22,38,40
DIATSA_LOCUS340,28,60,65,13,22,23
DIATSA_LOCUS3400,58,81,84,33,64,65
DIATSA_LOCUS3401,2,5,7,7,11,11
DIATSA_LOCUS3402,142,255,262,171,307,318
DIATSA_LOCUS3403,271,487,514,150,287,305
DIATSA_LOCUS3404,52,98,99,57,142,149
DIATSA_LOCUS3405,77,141,147,81,178,184
DIATSA_LOCUS3406,1,1,1,1,1,1
DIATSA_LOCUS3407,3,8,10,5,11,11
DIATSA_LOCUS3408,6,10,10,5,7,8
DIATSA_LOCUS3409,145,251,260,119,246,252
DIATSA_LOCUS341,127,232,242,119,239,246
DIATSA_LOCUS3410,10,17,17,18,22,22
DIATSA_LOCUS3411,94,141,147,57,87,91
DIATSA_LOCUS3412,32,55,60,15,24,29
DIATSA_LOCUS3413,31,51,54,7,15,15
DIATSA_LOCUS3414,3,12,13,3,7,8
DIATSA_LOCUS3415,20,42,46,8,13,18
DIATSA_LOCUS3416,255,561,587,477,998,1028
DIATSA_LOCUS3417,77,154,161,141,235,243
DIATSA_LOCUS3418,5,13,13,0,8,8
DIATSA_LOCUS3419,0,1,1,1,3,3
DIATSA_LOCUS342,69,147,154,19,49,54
DIATSA_LOCUS3420,175,366,388,52,114,119
DIATSA_LOCUS3421,106,268,275,73,173,179
DIATSA_LOCUS3422,101,218,219,71,168,170
DIATSA_LOCUS3423,0,0,0,0,0,0
DIATSA_LOCUS3424,11,15,15,10,14,14
DIATSA_LOCUS3425,50,96,102,30,70,72
DIATSA_LOCUS3426,1,3,3,0,0,0
DIATSA_LOCUS3427,94,181,191,64,117,120
DIATSA_LOCUS3428,192,425,435,278,591,612
DIATSA_LOCUS3429,80,188,198,35,80,83
DIATSA_LOCUS343,18,33,33,4,11,11
DIATSA_LOCUS3430,84,173,181,64,146,151
DIATSA_LOCUS3431,90,200,208,68,141,151
DIATSA_LOCUS3432,6,5,6,0,1,1
DIATSA_LOCUS3433,59,114,118,25,50,52
DIATSA_LOCUS3434,156,310,318,167,299,312
DIATSA_LOCUS3435,95,169,175,82,147,152
DIATSA_LOCUS3436,31,97,100,21,72,74
DIATSA_LOCUS3437,64,146,149,98,179,183
DIATSA_LOCUS3438,96,195,198,154,288,306
DIATSA_LOCUS3439,574,1135,1185,359,656,691
DIATSA_LOCUS344,24,46,53,12,23,23
DIATSA_LOCUS3440,254,545,572,255,484,506
DIATSA_LOCUS3441,2228,4133,4286,783,1471,1529
DIATSA_LOCUS3442,0,0,0,0,0,0
DIATSA_LOCUS3443,28,53,60,26,43,46
DIATSA_LOCUS3444,0,2,2,0,0,0
DIATSA_LOCUS3445,0,0,0,0,0,0
DIATSA_LOCUS3446,17,30,33,3,10,11
DIATSA_LOCUS3447,45,97,100,27,43,44
DIATSA_LOCUS3448,532,1016,1058,190,429,450
DIATSA_LOCUS3449,96,262,267,63,171,173
DIATSA_LOCUS345,19,35,37,24,48,51
DIATSA_LOCUS3450,1093,1990,2053,578,1035,1079
DIATSA_LOCUS3451,50,106,114,38,63,68
DIATSA_LOCUS3452,517,948,977,171,344,350
DIATSA_LOCUS3453,2208,4421,4598,3131,6500,6789
DIATSA_LOCUS3454,343,636,652,319,679,706
DIATSA_LOCUS3455,30,58,61,24,48,50
DIATSA_LOCUS3456,14,18,19,12,23,23
DIATSA_LOCUS3457,9,19,20,15,30,31
DIATSA_LOCUS3458,28,49,49,10,15,15
DIATSA_LOCUS3459,18,32,33,32,47,51
DIATSA_LOCUS346,15,36,39,7,18,18
DIATSA_LOCUS3460,150,294,308,137,231,239
DIATSA_LOCUS3461,36,48,51,5,11,13
DIATSA_LOCUS3462,3,6,6,0,1,1
DIATSA_LOCUS3463,18,30,35,4,9,9
DIATSA_LOCUS3464,17,52,54,11,25,27
DIATSA_LOCUS3465,14,22,24,12,28,29
DIATSA_LOCUS3466,1,3,3,0,2,2
DIATSA_LOCUS3467,83,128,133,82,145,154
DIATSA_LOCUS3468,13,41,42,15,44,44
DIATSA_LOCUS3469,28,54,58,6,9,9
DIATSA_LOCUS347,8,9,9,5,6,6
DIATSA_LOCUS3470,47,127,132,36,103,106
DIATSA_LOCUS3471,190,356,367,103,195,203
DIATSA_LOCUS3472,26,47,47,34,57,60
DIATSA_LOCUS3473,3,10,12,9,18,19
DIATSA_LOCUS3474,62,119,120,55,93,96
DIATSA_LOCUS3475,113,211,227,114,245,257
DIATSA_LOCUS3476,2,2,2,2,3,3
DIATSA_LOCUS3477,42,74,75,28,56,57
DIATSA_LOCUS3478,11,24,25,16,36,39
DIATSA_LOCUS3479,78,119,122,53,100,101
DIATSA_LOCUS348,18,42,44,5,9,9
DIATSA_LOCUS3480,103,224,242,79,139,144
DIATSA_LOCUS3481,5,10,12,7,11,11
DIATSA_LOCUS3482,117,257,261,117,240,250
DIATSA_LOCUS3483,4727,8752,9125,2781,5152,5384
DIATSA_LOCUS3484,466,810,833,271,444,468
DIATSA_LOCUS3485,47,95,98,28,49,50
DIATSA_LOCUS3486,55,122,126,26,59,60
DIATSA_LOCUS3487,121,229,248,131,272,280
DIATSA_LOCUS3488,96,217,228,67,161,166
DIATSA_LOCUS3489,78,135,139,72,146,150
DIATSA_LOCUS349,0,0,0,0,0,0
DIATSA_LOCUS3490,26,54,56,31,73,74
DIATSA_LOCUS3491,0,0,0,0,0,0
DIATSA_LOCUS3492,20,28,30,20,44,45
DIATSA_LOCUS3493,8,22,24,3,11,12
DIATSA_LOCUS3494,1,2,2,0,1,1
DIATSA_LOCUS3495,2,3,3,0,0,0
DIATSA_LOCUS3496,28,49,53,25,50,51
DIATSA_LOCUS3497,139,324,332,190,370,387
DIATSA_LOCUS3498,142,267,278,60,125,128
DIATSA_LOCUS3499,132,323,334,128,301,309
DIATSA_LOCUS35,19,31,32,6,14,14
DIATSA_LOCUS350,59,130,135,40,84,90
DIATSA_LOCUS3500,85,188,195,88,187,195
DIATSA_LOCUS3501,355,714,742,540,1088,1120
DIATSA_LOCUS3502,1,1,1,0,0,0
DIATSA_LOCUS3503,1,3,3,0,0,0
DIATSA_LOCUS3504,1,1,1,0,0,0
DIATSA_LOCUS3505,103,207,210,116,274,276
DIATSA_LOCUS3506,753,1380,1430,487,929,960
DIATSA_LOCUS3507,7,15,16,5,11,11
DIATSA_LOCUS3508,0,0,0,0,1,1
DIATSA_LOCUS3509,16,48,50,25,58,58
DIATSA_LOCUS351,0,0,0,0,0,0
DIATSA_LOCUS3510,1,4,4,3,6,6
DIATSA_LOCUS3511,1,2,3,0,0,0
DIATSA_LOCUS3512,0,0,0,0,0,0
DIATSA_LOCUS3513,0,0,0,0,0,0
DIATSA_LOCUS3514,398,766,800,471,864,899
DIATSA_LOCUS3515,32,44,45,8,19,20
DIATSA_LOCUS3516,64,109,112,44,71,73
DIATSA_LOCUS3517,4,11,11,4,9,9
DIATSA_LOCUS3518,0,0,0,0,0,0
DIATSA_LOCUS3519,0,0,0,0,2,2
DIATSA_LOCUS352,3,6,7,2,6,6
DIATSA_LOCUS3520,18,29,30,14,28,29
DIATSA_LOCUS3521,1,4,4,0,1,1
DIATSA_LOCUS3522,354,662,688,291,567,582
DIATSA_LOCUS3523,0,0,0,0,0,0
DIATSA_LOCUS3524,27,55,57,40,74,82
DIATSA_LOCUS3525,6848,11603,12017,5139,9270,9602
DIATSA_LOCUS3526,0,1,2,0,1,1
DIATSA_LOCUS3527,0,0,0,0,0,0
DIATSA_LOCUS3528,0,0,0,0,0,0
DIATSA_LOCUS3529,0,0,0,0,0,0
DIATSA_LOCUS353,2,3,3,2,6,5
DIATSA_LOCUS3530,2,2,2,2,0,0
DIATSA_LOCUS3531,23,44,44,6,11,11
DIATSA_LOCUS3532,230,424,438,133,288,296
DIATSA_LOCUS3533,9244,13808,14300,12282,19202,19862
DIATSA_LOCUS3534,2088,3140,3263,2310,3493,3660
DIATSA_LOCUS3535,104,198,209,43,80,81
DIATSA_LOCUS3536,229,466,486,127,291,300
DIATSA_LOCUS3537,0,0,0,0,0,0
DIATSA_LOCUS3538,15,24,26,5,6,6
DIATSA_LOCUS3539,0,1,1,0,0,0
DIATSA_LOCUS354,1,2,2,0,0,1
DIATSA_LOCUS3540,818,1796,1877,563,1184,1211
DIATSA_LOCUS3541,151,299,314,129,264,272
DIATSA_LOCUS3542,287,459,479,287,456,470
DIATSA_LOCUS3543,27,57,59,25,61,63
DIATSA_LOCUS3544,183,358,374,107,215,219
DIATSA_LOCUS3545,40,90,95,26,57,60
DIATSA_LOCUS3546,627,1391,1482,486,1147,1193
DIATSA_LOCUS3547,23,32,34,27,45,47
DIATSA_LOCUS3548,0,0,0,0,0,0
DIATSA_LOCUS3549,433,857,900,168,314,329
DIATSA_LOCUS355,113,234,249,28,62,62
DIATSA_LOCUS3550,146,312,322,46,114,118
DIATSA_LOCUS3551,47,73,77,41,72,74
DIATSA_LOCUS3552,172,320,340,40,76,81
DIATSA_LOCUS3553,149,320,328,72,142,149
DIATSA_LOCUS3554,51,100,105,41,107,109
DIATSA_LOCUS3555,427,1113,1158,586,1455,1504
DIATSA_LOCUS3556,234,397,421,89,190,200
DIATSA_LOCUS3557,111,186,195,42,83,84
DIATSA_LOCUS3558,24,41,45,16,27,28
DIATSA_LOCUS3559,164,336,350,199,379,399
DIATSA_LOCUS356,0,0,0,0,0,0
DIATSA_LOCUS3560,4,5,5,2,3,3
DIATSA_LOCUS3561,51,125,128,31,85,90
DIATSA_LOCUS3562,17,38,39,12,21,21
DIATSA_LOCUS3563,34,64,69,13,28,29
DIATSA_LOCUS3564,0,1,1,0,2,2
DIATSA_LOCUS3565,2,7,7,3,7,8
DIATSA_LOCUS3566,37,71,73,13,21,21
DIATSA_LOCUS3567,15,33,37,9,21,21
DIATSA_LOCUS3568,52,128,130,70,147,154
DIATSA_LOCUS3569,166,269,279,103,186,191
DIATSA_LOCUS357,0,0,0,0,0,0
DIATSA_LOCUS3570,364,882,915,316,657,674
DIATSA_LOCUS3571,7,9,10,0,3,4
DIATSA_LOCUS3572,4,5,6,3,5,5
DIATSA_LOCUS3573,8,23,25,9,14,16
DIATSA_LOCUS3574,3,7,7,1,2,3
DIATSA_LOCUS3575,21,44,45,6,14,14
DIATSA_LOCUS3576,317,630,647,484,923,954
DIATSA_LOCUS3577,29,63,65,21,54,55
DIATSA_LOCUS3578,103,180,186,114,221,232
DIATSA_LOCUS3579,40,115,119,30,82,86
DIATSA_LOCUS358,220,478,498,229,479,501
DIATSA_LOCUS3580,92,156,159,68,113,118
DIATSA_LOCUS3581,314,614,635,381,745,778
DIATSA_LOCUS3582,44,98,101,45,81,81
DIATSA_LOCUS3583,36,70,69,33,58,57
DIATSA_LOCUS3584,79,171,176,31,81,83
DIATSA_LOCUS3585,108,196,199,104,186,194
DIATSA_LOCUS3586,799,1433,1480,799,1408,1455
DIATSA_LOCUS3587,66,126,128,55,127,134
DIATSA_LOCUS3588,83,155,163,55,105,109
DIATSA_LOCUS3589,292,645,674,435,894,922
DIATSA_LOCUS359,3,8,10,2,3,3
DIATSA_LOCUS3590,177,326,338,167,311,320
DIATSA_LOCUS3591,117,230,234,109,196,199
DIATSA_LOCUS3592,42,70,76,12,22,22
DIATSA_LOCUS3593,149,315,331,101,219,228
DIATSA_LOCUS3594,1,1,1,1,1,1
DIATSA_LOCUS3595,7,10,10,8,10,11
DIATSA_LOCUS3596,71,141,148,83,169,180
DIATSA_LOCUS3597,539,1044,1104,241,421,447
DIATSA_LOCUS3598,395,759,792,137,272,284
DIATSA_LOCUS3599,33,98,99,12,21,23
DIATSA_LOCUS36,19,48,53,15,33,34
DIATSA_LOCUS360,1,3,3,5,8,9
DIATSA_LOCUS3600,125,235,240,98,245,257
DIATSA_LOCUS3601,41,79,81,52,116,120
DIATSA_LOCUS3602,10,16,18,34,52,56
DIATSA_LOCUS3603,1028,2030,2094,1574,3332,3474
DIATSA_LOCUS3604,47,94,96,12,29,29
DIATSA_LOCUS3605,13,17,17,6,9,9
DIATSA_LOCUS3606,2,3,3,0,1,3
DIATSA_LOCUS3607,14,33,33,4,8,9
DIATSA_LOCUS3608,109,207,206,115,214,216
DIATSA_LOCUS3609,267,497,515,179,316,329
DIATSA_LOCUS361,0,2,2,0,0,0
DIATSA_LOCUS3610,77,176,184,56,116,121
DIATSA_LOCUS3611,0,0,0,0,0,0
DIATSA_LOCUS3612,72,152,161,64,101,102
DIATSA_LOCUS3613,59,116,124,32,60,62
DIATSA_LOCUS3614,134,269,274,50,98,102
DIATSA_LOCUS3615,139,268,278,61,123,126
DIATSA_LOCUS3616,62,139,145,42,90,95
DIATSA_LOCUS3617,47,126,130,24,60,62
DIATSA_LOCUS3618,36,91,92,18,45,47
DIATSA_LOCUS3619,525,968,1008,538,1055,1088
DIATSA_LOCUS362,9,21,23,4,9,10
DIATSA_LOCUS3620,293,663,687,188,435,454
DIATSA_LOCUS3621,1,5,5,2,6,7
DIATSA_LOCUS3622,0,0,0,0,0,0
DIATSA_LOCUS3623,17,31,35,4,9,11
DIATSA_LOCUS3624,92,178,185,66,119,124
DIATSA_LOCUS3625,227,450,462,282,558,583
DIATSA_LOCUS3626,433,785,815,194,358,374
DIATSA_LOCUS3627,203,387,406,459,980,1015
DIATSA_LOCUS3628,181,376,390,132,311,321
DIATSA_LOCUS3629,95,211,215,54,109,115
DIATSA_LOCUS363,7,10,10,1,4,4
DIATSA_LOCUS3630,51,100,103,49,92,97
DIATSA_LOCUS3631,230,466,485,231,483,497
DIATSA_LOCUS3632,147,314,331,276,481,511
DIATSA_LOCUS3633,114,265,273,172,362,371
DIATSA_LOCUS3634,8663,17354,18149,12779,26360,27590
DIATSA_LOCUS3635,453,911,940,180,414,425
DIATSA_LOCUS3636,0,0,0,0,0,0
DIATSA_LOCUS3637,97,189,196,41,82,84
DIATSA_LOCUS3638,248,472,486,252,455,469
DIATSA_LOCUS3639,233,470,494,143,270,281
DIATSA_LOCUS364,126,269,281,48,98,105
DIATSA_LOCUS3640,0,0,0,0,0,0
DIATSA_LOCUS3641,4,7,7,0,0,0
DIATSA_LOCUS3642,4,10,10,0,1,1
DIATSA_LOCUS3643,2,4,5,0,1,1
DIATSA_LOCUS3644,18,34,34,15,38,38
DIATSA_LOCUS3645,181,317,326,51,100,102
DIATSA_LOCUS3646,662,1291,1331,492,995,1031
DIATSA_LOCUS3647,233,429,442,168,357,361
DIATSA_LOCUS3648,35,76,77,40,86,87
DIATSA_LOCUS3649,83,169,177,38,72,78
DIATSA_LOCUS365,9,20,21,1,5,5
DIATSA_LOCUS3650,115,251,265,50,90,93
DIATSA_LOCUS3651,374,806,835,443,980,1014
DIATSA_LOCUS3652,0,0,0,0,0,0
DIATSA_LOCUS3653,0,0,0,0,0,0
DIATSA_LOCUS3654,146,308,324,223,477,513
DIATSA_LOCUS3655,477,1011,1047,542,1052,1097
DIATSA_LOCUS3656,438,756,782,468,857,883
DIATSA_LOCUS3657,0,0,0,0,0,0
DIATSA_LOCUS3658,155,310,318,205,373,384
DIATSA_LOCUS3659,106,222,235,133,253,263
DIATSA_LOCUS366,8,17,17,3,5,5
DIATSA_LOCUS3660,20,44,47,27,46,48
DIATSA_LOCUS3661,0,0,0,0,0,0
DIATSA_LOCUS3662,104,212,219,30,74,78
DIATSA_LOCUS3663,20,51,51,9,33,34
DIATSA_LOCUS3664,0,0,0,0,0,0
DIATSA_LOCUS3665,3,5,5,10,15,15
DIATSA_LOCUS3666,10,35,36,11,22,23
DIATSA_LOCUS3667,249,524,548,167,329,339
DIATSA_LOCUS3668,0,0,0,0,0,0
DIATSA_LOCUS3669,16,24,24,10,24,25
DIATSA_LOCUS367,331,560,579,142,243,249
DIATSA_LOCUS3670,0,0,0,0,0,0
DIATSA_LOCUS3671,231,473,499,281,529,563
DIATSA_LOCUS3672,5,9,10,4,5,4
DIATSA_LOCUS3673,55,119,126,33,69,69
DIATSA_LOCUS3674,23,47,47,10,17,16
DIATSA_LOCUS3675,192,385,400,159,329,342
DIATSA_LOCUS3676,78,147,151,36,66,68
DIATSA_LOCUS3677,227,565,577,212,491,503
DIATSA_LOCUS3678,7,14,15,8,10,10
DIATSA_LOCUS3679,4631,8529,8850,2626,4685,4839
DIATSA_LOCUS368,223,425,444,89,160,167
DIATSA_LOCUS3680,101,223,231,125,255,260
DIATSA_LOCUS3681,2252,4120,4298,3409,6283,6512
DIATSA_LOCUS3682,340,620,647,115,199,208
DIATSA_LOCUS3683,1017,2128,2208,459,924,956
DIATSA_LOCUS3684,108,241,262,103,227,241
DIATSA_LOCUS3685,11,22,21,9,20,22
DIATSA_LOCUS3686,23,49,50,19,40,40
DIATSA_LOCUS3687,44,85,90,19,26,27
DIATSA_LOCUS3688,28,54,54,13,30,31
DIATSA_LOCUS3689,60,157,160,37,105,108
DIATSA_LOCUS369,108,206,215,74,131,133
DIATSA_LOCUS3690,94,199,206,58,135,143
DIATSA_LOCUS3691,3,4,4,7,10,10
DIATSA_LOCUS3692,4,7,6,5,18,18
DIATSA_LOCUS3693,185,350,359,115,236,242
DIATSA_LOCUS3694,204,396,412,225,428,434
DIATSA_LOCUS3695,129,317,331,104,222,236
DIATSA_LOCUS3696,3,25,23,16,24,26
DIATSA_LOCUS3697,16,36,39,1,5,5
DIATSA_LOCUS3698,124,257,271,60,140,143
DIATSA_LOCUS3699,2,7,7,3,4,5
DIATSA_LOCUS37,19,28,28,3,7,7
DIATSA_LOCUS370,32,60,64,14,30,31
DIATSA_LOCUS3700,5,12,13,3,4,4
DIATSA_LOCUS3701,2,3,3,0,1,1
DIATSA_LOCUS3702,441,885,920,341,668,687
DIATSA_LOCUS3703,0,1,1,1,3,3
DIATSA_LOCUS3704,43,81,83,36,64,68
DIATSA_LOCUS3705,152,273,285,86,141,147
DIATSA_LOCUS3706,33,69,71,19,33,32
DIATSA_LOCUS3707,75,190,195,73,189,196
DIATSA_LOCUS3708,2,7,7,2,4,4
DIATSA_LOCUS3709,0,7,7,0,3,3
DIATSA_LOCUS371,90,180,189,43,83,86
DIATSA_LOCUS3710,16,26,27,12,19,19
DIATSA_LOCUS3711,199,407,427,135,273,275
DIATSA_LOCUS3712,56,111,113,59,108,113
DIATSA_LOCUS3713,88,181,188,31,64,68
DIATSA_LOCUS3714,83,166,175,83,143,149
DIATSA_LOCUS3715,17,32,32,3,16,16
DIATSA_LOCUS3716,264,480,501,162,303,309
DIATSA_LOCUS3717,63,127,129,62,122,127
DIATSA_LOCUS3718,3,0,1,1,5,5
DIATSA_LOCUS3719,66,107,117,75,122,123
DIATSA_LOCUS372,2,7,7,1,1,1
DIATSA_LOCUS3720,66,143,148,58,123,125
DIATSA_LOCUS3721,33,69,69,7,11,12
DIATSA_LOCUS3722,17,42,43,26,61,62
DIATSA_LOCUS3723,37,72,72,52,105,108
DIATSA_LOCUS3724,801,1759,1851,690,1484,1554
DIATSA_LOCUS3725,768,1573,1628,632,1241,1282
DIATSA_LOCUS3726,21,47,46,6,17,20
DIATSA_LOCUS3727,974,2672,2796,1587,4349,4569
DIATSA_LOCUS3728,968,1868,1945,1971,3760,3903
DIATSA_LOCUS3729,395,889,935,125,322,344
DIATSA_LOCUS373,211,352,370,183,302,316
DIATSA_LOCUS3730,182,384,400,60,122,125
DIATSA_LOCUS3731,699,1415,1480,322,693,721
DIATSA_LOCUS3732,2220,3774,3927,2651,4472,4642
DIATSA_LOCUS3733,2,2,2,1,3,3
DIATSA_LOCUS3734,59,116,120,20,42,44
DIATSA_LOCUS3735,0,0,0,0,0,0
DIATSA_LOCUS3736,0,0,0,0,4,5
DIATSA_LOCUS3737,0,0,0,0,0,0
DIATSA_LOCUS3738,12,24,24,3,10,11
DIATSA_LOCUS3739,4,4,4,0,1,1
DIATSA_LOCUS374,795,1639,1710,831,1990,2080
DIATSA_LOCUS3740,35,67,73,17,26,30
DIATSA_LOCUS3741,54,109,114,30,64,66
DIATSA_LOCUS3742,3656,8178,8534,3686,8124,8443
DIATSA_LOCUS3743,47,93,97,19,46,49
DIATSA_LOCUS3744,38,78,85,16,34,39
DIATSA_LOCUS3745,5421,10692,11090,3762,7833,8110
DIATSA_LOCUS3746,0,0,0,0,0,0
DIATSA_LOCUS3747,64,88,99,23,41,44
DIATSA_LOCUS3748,9,21,22,11,38,40
DIATSA_LOCUS3749,0,1,2,0,2,2
DIATSA_LOCUS375,70,133,140,73,167,169
DIATSA_LOCUS3750,10,20,20,7,12,13
DIATSA_LOCUS3751,30,59,63,29,52,54
DIATSA_LOCUS3752,31,48,50,21,37,39
DIATSA_LOCUS3753,219,432,448,176,391,397
DIATSA_LOCUS3754,53,90,93,42,78,84
DIATSA_LOCUS3755,22,48,46,18,39,38
DIATSA_LOCUS3756,427,823,856,272,594,616
DIATSA_LOCUS3757,3288,6045,6240,3112,5541,5753
DIATSA_LOCUS3758,6,17,19,1,2,2
DIATSA_LOCUS3759,1,5,5,2,2,2
DIATSA_LOCUS376,1206,2102,2186,1847,3030,3124
DIATSA_LOCUS3760,0,1,1,0,0,0
DIATSA_LOCUS3761,0,0,0,0,0,1
DIATSA_LOCUS3762,11,20,20,16,29,30
DIATSA_LOCUS3763,0,0,0,0,0,0
DIATSA_LOCUS3764,0,2,2,0,0,0
DIATSA_LOCUS3765,1,1,1,1,3,3
DIATSA_LOCUS3766,351,869,921,845,2045,2190
DIATSA_LOCUS3767,0,0,0,0,0,0
DIATSA_LOCUS3768,0,0,0,0,0,0
DIATSA_LOCUS3769,1,1,1,0,0,0
DIATSA_LOCUS377,11,26,26,11,28,28
DIATSA_LOCUS3770,410,692,726,325,551,577
DIATSA_LOCUS3771,29,61,63,2,7,7
DIATSA_LOCUS3772,6,17,19,2,2,2
DIATSA_LOCUS3773,19,32,34,1,2,2
DIATSA_LOCUS3774,0,0,0,2,2,2
DIATSA_LOCUS3775,3,5,5,6,9,9
DIATSA_LOCUS3776,0,0,0,0,0,0
DIATSA_LOCUS3777,78,150,159,56,106,111
DIATSA_LOCUS3778,0,1,1,1,2,2
DIATSA_LOCUS3779,312,627,649,159,289,303
DIATSA_LOCUS378,69,152,156,91,146,143
DIATSA_LOCUS3780,571,1153,1201,574,1221,1255
DIATSA_LOCUS3781,107,271,275,178,374,392
DIATSA_LOCUS3782,1231,2211,2295,880,1560,1629
DIATSA_LOCUS3783,116,266,280,103,233,241
DIATSA_LOCUS3784,70,151,161,21,45,47
DIATSA_LOCUS3785,358,745,769,413,789,827
DIATSA_LOCUS3786,188,371,384,111,233,239
DIATSA_LOCUS3787,3,5,6,1,5,5
DIATSA_LOCUS3788,33,77,80,34,80,82
DIATSA_LOCUS3789,658,1548,1612,824,1909,1978
DIATSA_LOCUS379,220,349,360,247,428,433
DIATSA_LOCUS3790,28,48,48,8,14,15
DIATSA_LOCUS3791,30,84,88,16,56,57
DIATSA_LOCUS3792,59,140,148,21,58,64
DIATSA_LOCUS3793,137,251,259,88,173,180
DIATSA_LOCUS3794,6,18,19,233,566,578
DIATSA_LOCUS3795,1,2,2,53,102,106
DIATSA_LOCUS3796,1,0,0,17,29,30
DIATSA_LOCUS3797,4,8,9,2,2,2
DIATSA_LOCUS3798,65,157,164,77,156,159
DIATSA_LOCUS3799,8,13,13,2,2,2
DIATSA_LOCUS38,1140,2505,2597,1044,2360,2457
DIATSA_LOCUS380,4,7,8,1,2,2
DIATSA_LOCUS3800,87,189,196,61,139,145
DIATSA_LOCUS3801,2,5,5,3,5,8
DIATSA_LOCUS3802,7,12,12,8,11,11
DIATSA_LOCUS3803,0,0,0,0,0,0
DIATSA_LOCUS3804,170,381,409,242,567,598
DIATSA_LOCUS3805,64,140,148,35,73,74
DIATSA_LOCUS3806,9,12,14,3,7,7
DIATSA_LOCUS3807,6,16,16,1,6,6
DIATSA_LOCUS3808,1,1,1,0,0,0
DIATSA_LOCUS3809,0,5,6,3,11,13
DIATSA_LOCUS381,73,111,115,12,17,17
DIATSA_LOCUS3810,236,444,461,190,356,375
DIATSA_LOCUS3811,142,280,292,98,186,193
DIATSA_LOCUS3812,0,1,1,0,1,1
DIATSA_LOCUS3813,0,0,0,0,0,0
DIATSA_LOCUS3814,78,157,162,50,100,101
DIATSA_LOCUS3815,9,22,22,9,20,21
DIATSA_LOCUS3816,9,13,14,5,12,14
DIATSA_LOCUS3817,22,37,38,24,41,42
DIATSA_LOCUS3818,113,198,202,100,197,203
DIATSA_LOCUS3819,53,88,92,31,64,67
DIATSA_LOCUS382,802,1446,1504,1062,1869,1929
DIATSA_LOCUS3820,83,164,174,42,77,81
DIATSA_LOCUS3821,3,6,6,0,0,1
DIATSA_LOCUS3822,0,0,0,0,0,0
DIATSA_LOCUS3823,10,19,20,1,1,2
DIATSA_LOCUS3824,91,174,176,58,118,123
DIATSA_LOCUS3825,12,26,27,7,17,18
DIATSA_LOCUS3826,236,452,462,145,289,300
DIATSA_LOCUS3827,24,49,49,4,25,26
DIATSA_LOCUS3828,165,335,350,183,364,383
DIATSA_LOCUS3829,167,344,359,228,422,439
DIATSA_LOCUS383,0,0,0,0,0,0
DIATSA_LOCUS3830,87,178,180,51,98,103
DIATSA_LOCUS3831,98,188,196,66,112,113
DIATSA_LOCUS3832,971,1665,1730,1313,2186,2265
DIATSA_LOCUS3833,135,291,298,116,261,275
DIATSA_LOCUS3834,60,123,127,32,56,61
DIATSA_LOCUS3835,8035,16179,16743,4160,7805,8133
DIATSA_LOCUS3836,3779,7124,7483,2598,5201,5506
DIATSA_LOCUS3837,0,3,3,1,4,4
DIATSA_LOCUS3838,0,0,0,0,0,0
DIATSA_LOCUS3839,0,1,2,4,6,6
DIATSA_LOCUS384,0,0,0,0,0,0
DIATSA_LOCUS3840,8,17,18,3,9,9
DIATSA_LOCUS3841,26,50,51,18,43,45
DIATSA_LOCUS3842,12,28,32,16,32,35
DIATSA_LOCUS3843,5,8,8,4,5,5
DIATSA_LOCUS3844,2,2,2,0,0,0
DIATSA_LOCUS3845,33,63,64,41,73,74
DIATSA_LOCUS3846,95,191,199,60,115,119
DIATSA_LOCUS3847,225,388,401,299,482,496
DIATSA_LOCUS3848,14,37,37,3,13,15
DIATSA_LOCUS3849,36,62,65,13,20,21
DIATSA_LOCUS385,0,1,2,0,0,0
DIATSA_LOCUS3850,1641,3189,3308,824,1626,1680
DIATSA_LOCUS3851,43,86,89,20,36,36
DIATSA_LOCUS3852,317,655,689,55,126,133
DIATSA_LOCUS3853,132,258,268,105,223,237
DIATSA_LOCUS3854,18,36,39,9,17,19
DIATSA_LOCUS3855,302,540,561,198,355,391
DIATSA_LOCUS3856,23,42,44,11,19,20
DIATSA_LOCUS3857,71,139,147,59,125,134
DIATSA_LOCUS3858,88,191,201,98,238,251
DIATSA_LOCUS3859,20,36,36,17,37,39
DIATSA_LOCUS386,120,233,239,63,109,115
DIATSA_LOCUS3860,33,62,64,25,42,43
DIATSA_LOCUS3861,97,146,159,67,107,108
DIATSA_LOCUS3862,28,50,51,46,79,84
DIATSA_LOCUS3863,3,6,7,4,4,6
DIATSA_LOCUS3864,6,8,9,0,0,0
DIATSA_LOCUS3865,2,6,6,0,0,0
DIATSA_LOCUS3866,3701,7842,8067,4752,10175,10479
DIATSA_LOCUS3867,187,343,358,132,229,239
DIATSA_LOCUS3868,24,54,54,10,19,22
DIATSA_LOCUS3869,3572,8291,8597,5364,12653,13110
DIATSA_LOCUS387,131,315,319,60,145,151
DIATSA_LOCUS3870,11,22,23,18,34,37
DIATSA_LOCUS3871,125,234,246,170,357,373
DIATSA_LOCUS3872,354,658,704,394,795,844
DIATSA_LOCUS3873,151,271,285,128,285,296
DIATSA_LOCUS3874,0,0,0,0,0,1
DIATSA_LOCUS3875,14,33,33,8,23,24
DIATSA_LOCUS3876,12,26,28,13,27,29
DIATSA_LOCUS3877,1,8,7,2,6,6
DIATSA_LOCUS3878,103,210,216,98,183,188
DIATSA_LOCUS3879,6,9,9,2,3,3
DIATSA_LOCUS388,6,14,14,4,7,9
DIATSA_LOCUS3880,40,87,90,10,21,21
DIATSA_LOCUS3881,50,113,122,34,92,99
DIATSA_LOCUS3882,2,6,5,2,3,5
DIATSA_LOCUS3883,34,55,55,11,19,20
DIATSA_LOCUS3884,49,116,120,40,72,74
DIATSA_LOCUS3885,0,0,0,0,0,0
DIATSA_LOCUS3886,30,60,69,66,115,118
DIATSA_LOCUS3887,191,339,361,201,372,387
DIATSA_LOCUS3888,0,0,1,0,0,0
DIATSA_LOCUS3889,602,1047,1100,643,1249,1332
DIATSA_LOCUS389,0,0,0,0,0,0
DIATSA_LOCUS3890,40,74,75,45,87,91
DIATSA_LOCUS3891,337,600,634,227,385,402
DIATSA_LOCUS3892,8,14,15,11,18,20
DIATSA_LOCUS3893,38,64,66,26,45,45
DIATSA_LOCUS3894,740,1325,1401,803,1375,1458
DIATSA_LOCUS3895,105,166,178,82,162,173
DIATSA_LOCUS3896,126,199,207,53,118,121
DIATSA_LOCUS3897,129,195,206,138,225,236
DIATSA_LOCUS3898,0,0,1,0,2,4
DIATSA_LOCUS3899,371,811,862,447,863,908
DIATSA_LOCUS39,1211,2383,2484,872,1749,1813
DIATSA_LOCUS390,17,48,48,9,22,22
DIATSA_LOCUS3900,150,232,240,123,230,248
DIATSA_LOCUS3901,726,1277,1326,852,1469,1510
DIATSA_LOCUS3902,18,35,36,11,33,35
DIATSA_LOCUS3903,72,123,128,78,159,165
DIATSA_LOCUS3904,21,38,39,15,32,34
DIATSA_LOCUS3905,0,0,0,0,0,0
DIATSA_LOCUS3906,85,139,148,37,72,72
DIATSA_LOCUS3907,0,1,1,0,0,0
DIATSA_LOCUS3908,0,0,0,1,3,4
DIATSA_LOCUS3909,82,170,175,93,220,231
DIATSA_LOCUS391,207,334,349,130,224,237
DIATSA_LOCUS3910,179,344,369,80,141,156
DIATSA_LOCUS3911,92,143,146,88,111,115
DIATSA_LOCUS3912,29,72,81,43,82,81
DIATSA_LOCUS3913,100,192,197,42,81,83
DIATSA_LOCUS3914,0,0,0,5,1,1
DIATSA_LOCUS3915,288,575,592,327,624,651
DIATSA_LOCUS3916,38,87,87,46,104,105
DIATSA_LOCUS3917,13,54,55,29,55,56
DIATSA_LOCUS3918,334,601,633,210,339,355
DIATSA_LOCUS3919,0,0,0,0,0,0
DIATSA_LOCUS392,87,152,165,57,105,108
DIATSA_LOCUS3920,16,28,29,8,7,7
DIATSA_LOCUS3921,21,35,37,7,12,13
DIATSA_LOCUS3922,35,66,71,19,41,41
DIATSA_LOCUS3923,121,240,256,73,130,134
DIATSA_LOCUS3924,2,2,2,0,1,1
DIATSA_LOCUS3925,281,548,571,265,511,534
DIATSA_LOCUS3926,74,134,138,21,49,57
DIATSA_LOCUS3927,230,531,541,173,341,357
DIATSA_LOCUS3928,4023,7774,8114,3791,7260,7546
DIATSA_LOCUS3929,0,0,0,0,0,0
DIATSA_LOCUS393,48,95,96,20,32,34
DIATSA_LOCUS3930,230,523,531,194,466,479
DIATSA_LOCUS3931,165,340,355,215,429,440
DIATSA_LOCUS3932,73,128,132,41,63,69
DIATSA_LOCUS3933,109,180,188,104,176,179
DIATSA_LOCUS3934,121,258,266,100,206,211
DIATSA_LOCUS3935,6,7,7,1,0,0
DIATSA_LOCUS3936,1,1,2,0,0,0
DIATSA_LOCUS3937,1,2,2,2,4,4
DIATSA_LOCUS3938,22,33,33,6,16,17
DIATSA_LOCUS3939,16,35,36,19,38,38
DIATSA_LOCUS394,25,45,46,16,42,47
DIATSA_LOCUS3940,209,431,442,185,364,377
DIATSA_LOCUS3941,20,40,44,128,243,255
DIATSA_LOCUS3942,0,1,1,1,1,1
DIATSA_LOCUS3943,0,1,1,3,2,2
DIATSA_LOCUS3944,0,0,0,0,0,1
DIATSA_LOCUS3945,0,4,4,1,2,2
DIATSA_LOCUS3946,1868,3292,3377,2425,4323,4435
DIATSA_LOCUS3947,22,33,37,5,9,11
DIATSA_LOCUS3948,0,0,0,0,0,0
DIATSA_LOCUS3949,388,823,862,158,343,359
DIATSA_LOCUS395,3,3,3,8,15,15
DIATSA_LOCUS3950,5,14,14,7,11,12
DIATSA_LOCUS3951,5926,15701,16408,9765,25901,27039
DIATSA_LOCUS3952,100,206,214,116,208,215
DIATSA_LOCUS3953,10,19,20,3,6,7
DIATSA_LOCUS3954,35,65,65,11,20,21
DIATSA_LOCUS3955,342,630,659,461,929,962
DIATSA_LOCUS3956,15,32,31,19,42,40
DIATSA_LOCUS3957,0,0,0,0,0,0
DIATSA_LOCUS3958,1239,2555,2670,1009,1925,1994
DIATSA_LOCUS3959,96,208,217,47,101,103
DIATSA_LOCUS396,0,0,0,0,0,0
DIATSA_LOCUS3960,142,292,303,82,144,148
DIATSA_LOCUS3961,12,23,23,14,19,19
DIATSA_LOCUS3962,79,152,161,33,69,72
DIATSA_LOCUS3963,290,504,534,177,311,320
DIATSA_LOCUS3964,408,861,906,255,535,560
DIATSA_LOCUS3965,2,2,2,1,1,1
DIATSA_LOCUS3966,0,1,2,0,0,0
DIATSA_LOCUS3967,0,0,0,0,0,0
DIATSA_LOCUS3968,387,1155,1213,271,748,791
DIATSA_LOCUS3969,18,27,27,27,38,39
DIATSA_LOCUS397,0,0,0,2,6,6
DIATSA_LOCUS3970,0,0,0,0,1,2
DIATSA_LOCUS3971,15,39,39,27,47,48
DIATSA_LOCUS3972,19,41,43,14,24,27
DIATSA_LOCUS3973,38,100,109,27,85,90
DIATSA_LOCUS3974,33,63,67,25,49,51
DIATSA_LOCUS3975,21,46,46,20,39,41
DIATSA_LOCUS3976,130,263,275,48,107,109
DIATSA_LOCUS3977,0,0,0,0,0,0
DIATSA_LOCUS3978,0,0,0,0,0,0
DIATSA_LOCUS3979,588,1143,1190,429,831,865
DIATSA_LOCUS398,71,148,158,47,87,94
DIATSA_LOCUS3980,330,660,680,305,590,608
DIATSA_LOCUS3981,1,3,5,0,6,6
DIATSA_LOCUS3982,87,156,158,61,116,118
DIATSA_LOCUS3983,10519,20649,21446,15813,31504,32817
DIATSA_LOCUS3984,4513,8868,9242,4912,9421,9845
DIATSA_LOCUS3985,164,294,304,109,196,206
DIATSA_LOCUS3986,59,122,131,89,165,167
DIATSA_LOCUS3987,10,14,16,0,0,0
DIATSA_LOCUS3988,319,594,620,66,152,156
DIATSA_LOCUS3989,405,738,760,330,639,662
DIATSA_LOCUS399,3,7,7,1,2,3
DIATSA_LOCUS3990,905,1823,1879,840,1714,1790
DIATSA_LOCUS3991,34,63,63,15,31,33
DIATSA_LOCUS3992,553,1209,1251,519,1114,1150
DIATSA_LOCUS3993,141,269,274,64,120,123
DIATSA_LOCUS3994,14,20,20,2,4,4
DIATSA_LOCUS3995,7,17,17,2,12,13
DIATSA_LOCUS3996,0,1,1,0,1,1
DIATSA_LOCUS3997,0,0,0,0,0,0
DIATSA_LOCUS3998,0,0,0,0,1,1
DIATSA_LOCUS3999,0,0,0,0,0,0
DIATSA_LOCUS4,2,1,2,0,1,2
DIATSA_LOCUS40,1,2,2,0,4,4
DIATSA_LOCUS400,1,3,3,1,1,1
DIATSA_LOCUS4000,2059,3918,4100,2003,3810,3958
DIATSA_LOCUS4001,45,94,96,25,45,46
DIATSA_LOCUS4002,32,47,48,10,16,16
DIATSA_LOCUS4003,2,2,2,3,3,4
DIATSA_LOCUS4004,76,146,151,64,125,131
DIATSA_LOCUS4005,1232,2388,2485,1340,2461,2557
DIATSA_LOCUS4006,267,645,674,162,340,349
DIATSA_LOCUS4007,143,317,326,130,299,305
DIATSA_LOCUS4008,16,26,26,6,7,8
DIATSA_LOCUS4009,415,760,808,230,452,467
DIATSA_LOCUS401,0,2,2,0,0,0
DIATSA_LOCUS4010,0,0,0,0,0,0
DIATSA_LOCUS4011,57,152,156,51,119,120
DIATSA_LOCUS4012,81,152,160,76,148,153
DIATSA_LOCUS4013,263,535,558,327,620,646
DIATSA_LOCUS4014,165,377,393,75,169,175
DIATSA_LOCUS4015,0,4,4,1,3,4
DIATSA_LOCUS4016,38,81,86,30,60,65
DIATSA_LOCUS4017,5,12,12,10,11,12
DIATSA_LOCUS4018,17,32,36,41,62,64
DIATSA_LOCUS4019,392,865,923,395,835,890
DIATSA_LOCUS402,0,0,0,0,1,1
DIATSA_LOCUS4020,12,19,19,14,26,27
DIATSA_LOCUS4021,5,8,8,8,11,12
DIATSA_LOCUS4022,89,210,219,54,122,128
DIATSA_LOCUS4023,0,0,0,0,0,0
DIATSA_LOCUS4024,75,144,147,21,59,64
DIATSA_LOCUS4025,6,17,17,2,9,9
DIATSA_LOCUS4026,379,755,785,485,968,996
DIATSA_LOCUS4027,448,842,859,492,839,864
DIATSA_LOCUS4028,613,1440,1483,585,1360,1406
DIATSA_LOCUS4029,7,16,16,10,22,22
DIATSA_LOCUS403,45,119,125,31,80,84
DIATSA_LOCUS4030,5,10,10,8,13,13
DIATSA_LOCUS4031,68,144,147,51,131,137
DIATSA_LOCUS4032,103,207,211,84,192,200
DIATSA_LOCUS4033,42,96,101,53,117,123
DIATSA_LOCUS4034,36,86,92,20,33,34
DIATSA_LOCUS4035,186,355,370,178,331,343
DIATSA_LOCUS4036,155,316,329,143,283,291
DIATSA_LOCUS4037,252,503,525,151,287,296
DIATSA_LOCUS4038,204,390,405,97,181,191
DIATSA_LOCUS4039,211,465,485,219,446,470
DIATSA_LOCUS404,1253,2574,2672,941,1835,1893
DIATSA_LOCUS4040,5,7,8,5,10,12
DIATSA_LOCUS4041,25,50,53,12,32,35
DIATSA_LOCUS4042,51,82,82,38,56,57
DIATSA_LOCUS4043,36,57,58,13,23,23
DIATSA_LOCUS4044,34,67,72,24,53,57
DIATSA_LOCUS4045,63,120,125,22,50,57
DIATSA_LOCUS4046,489,889,935,498,936,967
DIATSA_LOCUS4047,661,1386,1439,566,1207,1273
DIATSA_LOCUS4048,99,194,204,72,140,144
DIATSA_LOCUS4049,205,327,353,154,317,331
DIATSA_LOCUS405,18294,37670,39164,16478,34068,35404
DIATSA_LOCUS4050,50,98,96,52,117,120
DIATSA_LOCUS4051,9,18,19,20,41,43
DIATSA_LOCUS4052,907,1488,1530,1096,1837,1910
DIATSA_LOCUS4053,506,1004,1034,610,1189,1241
DIATSA_LOCUS4054,72,118,123,74,120,127
DIATSA_LOCUS4055,3,3,3,2,5,5
DIATSA_LOCUS4056,72,136,141,48,86,87
DIATSA_LOCUS4057,94,201,209,96,207,215
DIATSA_LOCUS4058,2,2,2,0,1,1
DIATSA_LOCUS4059,0,2,2,1,3,4
DIATSA_LOCUS406,10,17,17,14,22,22
DIATSA_LOCUS4060,58,118,125,18,44,45
DIATSA_LOCUS4061,1214,2534,2639,1250,2584,2707
DIATSA_LOCUS4062,112,248,255,133,261,271
DIATSA_LOCUS4063,24,48,49,7,18,19
DIATSA_LOCUS4064,138,213,220,59,128,137
DIATSA_LOCUS4065,38,74,81,40,71,74
DIATSA_LOCUS4066,146,276,284,89,175,181
DIATSA_LOCUS4067,174,321,332,76,121,125
DIATSA_LOCUS4068,107,222,231,114,233,240
DIATSA_LOCUS4069,101,179,186,113,195,203
DIATSA_LOCUS407,0,0,0,0,0,0
DIATSA_LOCUS4070,2,7,8,3,8,9
DIATSA_LOCUS4071,0,0,0,0,0,0
DIATSA_LOCUS4072,279,585,609,126,259,269
DIATSA_LOCUS4073,34,65,65,10,22,22
DIATSA_LOCUS4074,1,4,4,3,3,3
DIATSA_LOCUS4075,324,661,687,258,540,559
DIATSA_LOCUS4076,981,1988,2056,1191,2339,2427
DIATSA_LOCUS4077,296,616,647,166,335,353
DIATSA_LOCUS4078,496,896,948,364,709,734
DIATSA_LOCUS4079,2,2,4,0,1,1
DIATSA_LOCUS408,2,3,3,0,0,1
DIATSA_LOCUS4080,478,974,999,247,529,543
DIATSA_LOCUS4081,131,277,280,119,273,279
DIATSA_LOCUS4082,66,139,145,54,105,112
DIATSA_LOCUS4083,26,47,47,15,34,35
DIATSA_LOCUS4084,0,0,0,0,0,0
DIATSA_LOCUS4085,501,1092,1122,581,1288,1329
DIATSA_LOCUS4086,10,14,13,4,5,5
DIATSA_LOCUS4087,0,0,0,0,0,0
DIATSA_LOCUS4088,0,0,0,0,0,0
DIATSA_LOCUS4089,252,492,507,272,553,568
DIATSA_LOCUS409,21,29,31,8,17,17
DIATSA_LOCUS4090,113,213,222,58,123,131
DIATSA_LOCUS4091,4,14,14,13,28,29
DIATSA_LOCUS4092,174,344,356,78,159,162
DIATSA_LOCUS4093,519,896,923,579,1072,1114
DIATSA_LOCUS4094,300,610,637,233,469,482
DIATSA_LOCUS4095,24,47,47,30,62,64
DIATSA_LOCUS4096,36,74,76,8,17,18
DIATSA_LOCUS4097,3,5,5,3,5,6
DIATSA_LOCUS4098,0,0,0,0,0,0
DIATSA_LOCUS4099,0,0,0,0,0,0
DIATSA_LOCUS41,26,38,42,10,21,22
DIATSA_LOCUS410,118,288,292,76,185,186
DIATSA_LOCUS4100,435,823,860,281,514,523
DIATSA_LOCUS4101,2,11,12,7,15,15
DIATSA_LOCUS4102,5404,10404,10758,5046,9757,10091
DIATSA_LOCUS4103,22,31,31,15,31,33
DIATSA_LOCUS4104,24,113,114,28,81,90
DIATSA_LOCUS4105,37,73,77,23,32,37
DIATSA_LOCUS4106,43,93,95,36,78,85
DIATSA_LOCUS4107,56,100,105,73,131,132
DIATSA_LOCUS4108,178,349,357,64,140,148
DIATSA_LOCUS4109,0,0,0,0,0,0
DIATSA_LOCUS411,34,69,70,9,22,23
DIATSA_LOCUS4110,186,362,378,79,158,162
DIATSA_LOCUS4111,341,625,647,210,407,426
DIATSA_LOCUS4112,1,2,2,1,1,1
DIATSA_LOCUS4113,25,50,50,39,78,78
DIATSA_LOCUS4114,2,4,4,4,10,13
DIATSA_LOCUS4115,0,0,0,0,0,0
DIATSA_LOCUS4116,17,34,35,10,30,32
DIATSA_LOCUS4117,8,15,15,2,7,8
DIATSA_LOCUS4118,15,30,32,3,18,18
DIATSA_LOCUS4119,148,333,351,46,125,132
DIATSA_LOCUS412,28,74,78,42,84,88
DIATSA_LOCUS4120,203,440,463,130,265,277
DIATSA_LOCUS4121,0,0,0,0,0,0
DIATSA_LOCUS4122,102,217,228,104,195,202
DIATSA_LOCUS4123,11,25,24,4,11,11
DIATSA_LOCUS4124,18,27,28,0,0,10
DIATSA_LOCUS4125,0,0,0,4,8,0
DIATSA_LOCUS4126,267,596,618,310,668,693
DIATSA_LOCUS4127,109,196,201,86,150,157
DIATSA_LOCUS4128,161,313,328,173,354,377
DIATSA_LOCUS4129,2,2,2,0,3,3
DIATSA_LOCUS413,1533,2844,2956,4035,7603,7911
DIATSA_LOCUS4130,55,106,109,41,63,63
DIATSA_LOCUS4131,166,298,307,169,299,320
DIATSA_LOCUS4132,38,78,82,42,77,82
DIATSA_LOCUS4133,82,166,168,43,77,78
DIATSA_LOCUS4134,580,1118,1168,433,867,907
DIATSA_LOCUS4135,11,25,25,17,31,33
DIATSA_LOCUS4136,5,18,18,1,8,11
DIATSA_LOCUS4137,8,17,17,15,25,26
DIATSA_LOCUS4138,820,1730,1791,383,803,827
DIATSA_LOCUS4139,1368,2482,2568,964,1810,1852
DIATSA_LOCUS414,2,2,2,0,1,1
DIATSA_LOCUS4140,337,663,687,195,377,391
DIATSA_LOCUS4141,278,570,592,199,401,419
DIATSA_LOCUS4142,90,208,211,33,63,66
DIATSA_LOCUS4143,10,18,18,11,18,18
DIATSA_LOCUS4144,102,226,232,92,188,194
DIATSA_LOCUS4145,140,267,285,91,234,245
DIATSA_LOCUS4146,172,322,333,127,242,251
DIATSA_LOCUS4147,25,49,50,19,43,45
DIATSA_LOCUS4148,336,569,586,261,525,550
DIATSA_LOCUS4149,90,158,161,80,135,142
DIATSA_LOCUS415,21,32,34,10,21,22
DIATSA_LOCUS4150,199,431,447,256,534,549
DIATSA_LOCUS4151,490,975,998,231,476,496
DIATSA_LOCUS4152,3,3,4,3,4,4
DIATSA_LOCUS4153,19,36,39,8,9,12
DIATSA_LOCUS4154,270,503,533,164,337,352
DIATSA_LOCUS4155,5,12,12,7,8,8
DIATSA_LOCUS4156,235,430,445,244,415,429
DIATSA_LOCUS4157,14,29,29,20,40,43
DIATSA_LOCUS4158,0,0,0,1,2,1
DIATSA_LOCUS4159,474,1052,1093,323,778,815
DIATSA_LOCUS416,300,546,580,355,652,698
DIATSA_LOCUS4160,570,1036,1091,389,758,791
DIATSA_LOCUS4161,222,440,451,237,484,493
DIATSA_LOCUS4162,142,355,369,193,443,458
DIATSA_LOCUS4163,200,391,409,94,218,232
DIATSA_LOCUS4164,120,227,236,64,147,153
DIATSA_LOCUS4165,94,256,268,105,293,310
DIATSA_LOCUS4166,70,139,143,90,181,190
DIATSA_LOCUS4167,34,70,73,20,45,47
DIATSA_LOCUS4168,168,340,353,111,208,211
DIATSA_LOCUS4169,11,22,23,8,17,17
DIATSA_LOCUS417,24,45,47,8,21,22
DIATSA_LOCUS4170,0,0,0,0,0,0
DIATSA_LOCUS4171,221,456,477,265,521,540
DIATSA_LOCUS4172,126,250,256,100,210,214
DIATSA_LOCUS4173,66,117,126,26,64,65
DIATSA_LOCUS4174,130,280,291,145,251,262
DIATSA_LOCUS4175,67,148,154,34,65,69
DIATSA_LOCUS4176,73,157,166,85,182,188
DIATSA_LOCUS4177,234,521,542,205,474,498
DIATSA_LOCUS4178,322,801,832,291,720,754
DIATSA_LOCUS4179,69,146,151,76,156,168
DIATSA_LOCUS418,21,44,44,20,36,41
DIATSA_LOCUS4180,4,19,21,1,16,17
DIATSA_LOCUS4181,5,13,13,1,1,1
DIATSA_LOCUS4182,273,452,471,193,327,342
DIATSA_LOCUS4183,20,32,33,10,15,15
DIATSA_LOCUS4184,585,1223,1273,820,1809,1883
DIATSA_LOCUS4185,105,189,195,23,35,37
DIATSA_LOCUS4186,623,1269,1319,729,1387,1429
DIATSA_LOCUS4187,193,364,373,111,209,214
DIATSA_LOCUS4188,25,42,46,12,16,17
DIATSA_LOCUS4189,35,70,70,49,81,82
DIATSA_LOCUS419,39,95,100,39,93,94
DIATSA_LOCUS4190,2,2,2,1,3,3
DIATSA_LOCUS4191,25,40,40,17,27,27
DIATSA_LOCUS4192,105,202,205,37,76,77
DIATSA_LOCUS4193,79,157,164,46,87,93
DIATSA_LOCUS4194,965,1893,1983,1456,2597,2719
DIATSA_LOCUS4195,2,3,3,0,0,0
DIATSA_LOCUS4196,94,171,178,108,213,219
DIATSA_LOCUS4197,15,42,43,14,31,34
DIATSA_LOCUS4198,2,9,9,5,8,10
DIATSA_LOCUS4199,130,296,310,123,274,295
DIATSA_LOCUS42,17823,35524,36833,8614,17257,17932
DIATSA_LOCUS420,37,75,78,14,28,30
DIATSA_LOCUS4200,400,737,764,224,395,412
DIATSA_LOCUS4201,143,306,313,106,205,215
DIATSA_LOCUS4202,25,41,44,15,28,29
DIATSA_LOCUS4203,598,1081,1119,623,1103,1151
DIATSA_LOCUS4204,11,23,23,2,10,9
DIATSA_LOCUS4205,0,1,1,0,0,0
DIATSA_LOCUS4206,0,0,0,1,1,1
DIATSA_LOCUS4207,0,0,0,0,0,0
DIATSA_LOCUS4208,14597,28932,30054,20652,40918,42570
DIATSA_LOCUS4209,681,1497,1545,385,789,820
DIATSA_LOCUS421,1231,2782,2865,1415,3184,3286
DIATSA_LOCUS4210,67,132,136,30,47,52
DIATSA_LOCUS4211,577,1288,1338,803,1696,1759
DIATSA_LOCUS4212,82,128,138,68,126,127
DIATSA_LOCUS4213,895,1797,1885,491,1058,1102
DIATSA_LOCUS4214,95,196,199,87,208,211
DIATSA_LOCUS4215,2,2,2,0,0,0
DIATSA_LOCUS4216,0,1,1,0,0,0
DIATSA_LOCUS4217,16,31,32,6,12,13
DIATSA_LOCUS4218,1,2,2,0,0,1
DIATSA_LOCUS4219,0,0,0,0,0,0
DIATSA_LOCUS422,246,489,506,164,312,321
DIATSA_LOCUS4220,94,172,177,93,176,186
DIATSA_LOCUS4221,53,113,115,29,73,77
DIATSA_LOCUS4222,114,224,233,37,79,82
DIATSA_LOCUS4223,88,201,211,31,57,60
DIATSA_LOCUS4224,16,24,24,6,7,7
DIATSA_LOCUS4225,24,59,61,12,19,22
DIATSA_LOCUS4226,67,112,116,31,65,69
DIATSA_LOCUS4227,532,1090,1131,737,1396,1449
DIATSA_LOCUS4228,63,140,145,31,56,61
DIATSA_LOCUS4229,324,761,804,290,674,713
DIATSA_LOCUS423,0,4,4,2,8,11
DIATSA_LOCUS4230,67,132,140,62,131,134
DIATSA_LOCUS4231,158,295,308,126,241,253
DIATSA_LOCUS4232,150,301,316,128,267,279
DIATSA_LOCUS4233,1469,2867,2970,1307,2547,2627
DIATSA_LOCUS4234,149,247,262,68,155,162
DIATSA_LOCUS4235,38,102,105,15,27,29
DIATSA_LOCUS4236,273,532,550,180,361,372
DIATSA_LOCUS4237,459,913,947,475,971,1013
DIATSA_LOCUS4238,2457,4498,4659,4755,8663,8935
DIATSA_LOCUS4239,93,204,212,20,47,49
DIATSA_LOCUS424,3,16,17,2,8,14
DIATSA_LOCUS4240,32,63,65,29,59,61
DIATSA_LOCUS4241,73,128,132,55,111,121
DIATSA_LOCUS4242,2537,5152,5362,2476,5092,5351
DIATSA_LOCUS4243,13,25,25,4,7,7
DIATSA_LOCUS4244,110,194,201,125,243,256
DIATSA_LOCUS4245,24,35,37,20,41,44
DIATSA_LOCUS4246,52,101,106,37,83,86
DIATSA_LOCUS4247,0,0,0,0,0,0
DIATSA_LOCUS4248,0,0,0,0,0,0
DIATSA_LOCUS4249,1,2,2,0,1,1
DIATSA_LOCUS425,1,3,3,3,6,7
DIATSA_LOCUS4250,6,9,9,12,19,19
DIATSA_LOCUS4251,10,19,18,4,3,3
DIATSA_LOCUS4252,117,211,220,120,205,220
DIATSA_LOCUS4253,77,143,150,91,166,170
DIATSA_LOCUS4254,428,939,976,318,710,747
DIATSA_LOCUS4255,217,379,405,37,70,84
DIATSA_LOCUS4256,39,78,82,17,37,38
DIATSA_LOCUS4257,225,438,456,105,183,197
DIATSA_LOCUS4258,16,38,40,13,24,24
DIATSA_LOCUS4259,1,2,2,0,3,3
DIATSA_LOCUS426,3,6,6,4,6,6
DIATSA_LOCUS4260,42,130,140,48,167,184
DIATSA_LOCUS4261,313,513,536,247,391,413
DIATSA_LOCUS4262,215,442,461,174,342,356
DIATSA_LOCUS4263,105,172,176,32,58,59
DIATSA_LOCUS4264,0,0,1,0,0,0
DIATSA_LOCUS4265,2,6,8,1,1,1
DIATSA_LOCUS4266,3,4,4,3,5,5
DIATSA_LOCUS4267,6,14,15,7,15,15
DIATSA_LOCUS4268,59,154,161,40,120,123
DIATSA_LOCUS4269,198,443,464,289,648,679
DIATSA_LOCUS427,1,2,2,3,5,5
DIATSA_LOCUS4270,48,91,93,34,79,80
DIATSA_LOCUS4271,176,300,311,78,139,144
DIATSA_LOCUS4272,21,54,55,11,23,25
DIATSA_LOCUS4273,8686,13917,12551,10772,16372,17469
DIATSA_LOCUS4274,25477,42927,46336,32034,51329,54977
DIATSA_LOCUS4275,53,103,107,76,124,127
DIATSA_LOCUS4276,25,59,60,8,21,22
DIATSA_LOCUS4277,0,3,3,0,0,0
DIATSA_LOCUS4278,18,25,25,11,16,16
DIATSA_LOCUS4279,3,15,15,185,318,334
DIATSA_LOCUS428,1,3,3,0,0,0
DIATSA_LOCUS4280,222,483,502,31,135,134
DIATSA_LOCUS4281,116,206,219,41,72,73
DIATSA_LOCUS4282,1,2,3,1,1,1
DIATSA_LOCUS4283,45,81,85,54,102,105
DIATSA_LOCUS4284,848,1492,1567,338,618,639
DIATSA_LOCUS4285,1,1,1,0,0,0
DIATSA_LOCUS4286,18,31,33,17,31,33
DIATSA_LOCUS4287,80,155,163,29,44,45
DIATSA_LOCUS4288,3,12,12,15,23,23
DIATSA_LOCUS4289,29,61,64,17,41,42
DIATSA_LOCUS429,1,2,2,0,1,1
DIATSA_LOCUS4290,26,44,48,28,43,46
DIATSA_LOCUS4291,959,1871,1948,962,2095,2197
DIATSA_LOCUS4292,122,225,233,140,272,279
DIATSA_LOCUS4293,46,119,123,33,96,98
DIATSA_LOCUS4294,303,660,678,404,933,974
DIATSA_LOCUS4295,8,14,14,0,3,3
DIATSA_LOCUS4296,20,48,52,21,50,51
DIATSA_LOCUS4297,199,449,462,228,498,509
DIATSA_LOCUS4298,14,18,18,7,15,15
DIATSA_LOCUS4299,67,168,174,71,149,153
DIATSA_LOCUS43,2,4,3,1,3,3
DIATSA_LOCUS430,0,0,0,0,1,1
DIATSA_LOCUS4300,0,0,0,0,0,0
DIATSA_LOCUS4301,334,755,790,276,657,681
DIATSA_LOCUS4302,191,322,331,138,236,240
DIATSA_LOCUS4303,75,135,140,45,80,80
DIATSA_LOCUS4304,63,95,101,62,140,146
DIATSA_LOCUS4305,358,733,777,120,270,286
DIATSA_LOCUS4306,187,356,371,111,200,209
DIATSA_LOCUS4307,2,4,5,6,9,9
DIATSA_LOCUS4308,797,1515,1555,1156,2093,2181
DIATSA_LOCUS4309,1340,2827,2914,1598,3354,3474
DIATSA_LOCUS431,7,12,15,4,2,2
DIATSA_LOCUS4310,219,532,556,328,696,717
DIATSA_LOCUS4311,94,174,176,80,158,164
DIATSA_LOCUS4312,171,342,357,140,292,303
DIATSA_LOCUS4313,1,1,1,0,0,0
DIATSA_LOCUS4314,0,1,1,0,0,0
DIATSA_LOCUS4315,0,3,3,0,0,0
DIATSA_LOCUS4316,26,52,56,8,28,29
DIATSA_LOCUS4317,113,236,236,74,161,165
DIATSA_LOCUS4318,1561,3135,3249,2017,4062,4193
DIATSA_LOCUS4319,25,66,72,8,28,30
DIATSA_LOCUS432,103,179,180,113,244,252
DIATSA_LOCUS4320,190,342,355,81,159,168
DIATSA_LOCUS4321,0,0,0,1,1,1
DIATSA_LOCUS4322,48,74,78,24,42,44
DIATSA_LOCUS4323,64,146,153,53,99,104
DIATSA_LOCUS4324,4,15,16,9,13,13
DIATSA_LOCUS4325,103,229,237,126,258,266
DIATSA_LOCUS4326,172,395,405,104,266,278
DIATSA_LOCUS4327,1484,3263,3397,1900,4072,4261
DIATSA_LOCUS4328,5,8,8,0,1,1
DIATSA_LOCUS4329,21,32,34,21,33,33
DIATSA_LOCUS433,39,63,66,24,50,51
DIATSA_LOCUS4330,19,34,36,17,39,39
DIATSA_LOCUS4331,58,107,112,30,41,41
DIATSA_LOCUS4332,4,8,8,4,7,6
DIATSA_LOCUS4333,1,1,1,0,0,0
DIATSA_LOCUS4334,4,12,12,7,14,14
DIATSA_LOCUS4335,274,479,505,140,268,279
DIATSA_LOCUS4336,149,286,295,138,268,276
DIATSA_LOCUS4337,0,2,3,2,5,5
DIATSA_LOCUS4338,256,463,488,218,441,457
DIATSA_LOCUS4339,2,3,3,0,0,0
DIATSA_LOCUS434,17,25,26,9,21,22
DIATSA_LOCUS4340,15,25,26,7,14,14
DIATSA_LOCUS4341,97,182,186,134,236,248
DIATSA_LOCUS4342,41,72,76,38,80,83
DIATSA_LOCUS4343,0,0,0,0,0,0
DIATSA_LOCUS4344,2,2,2,0,0,0
DIATSA_LOCUS4345,2,4,5,0,1,3
DIATSA_LOCUS4346,11,29,31,18,40,41
DIATSA_LOCUS4347,1038,1890,1963,626,1158,1219
DIATSA_LOCUS4348,0,2,2,0,0,0
DIATSA_LOCUS4349,4677,8284,8577,4442,7907,8192
DIATSA_LOCUS435,1,2,2,0,0,0
DIATSA_LOCUS4350,51,91,94,20,56,58
DIATSA_LOCUS4351,1,1,1,0,0,0
DIATSA_LOCUS4352,518,1004,1034,298,584,587
DIATSA_LOCUS4353,6,21,22,11,18,20
DIATSA_LOCUS4354,75,185,197,68,130,132
DIATSA_LOCUS4355,652,1147,1178,650,1219,1261
DIATSA_LOCUS4356,24,55,57,13,16,17
DIATSA_LOCUS4357,217,462,482,24,61,62
DIATSA_LOCUS4358,102,220,225,83,163,172
DIATSA_LOCUS4359,994,1920,2011,813,1669,1751
DIATSA_LOCUS436,125,225,245,50,77,80
DIATSA_LOCUS4360,652,1258,1312,179,398,419
DIATSA_LOCUS4361,111,225,232,22,56,60
DIATSA_LOCUS4362,9,15,15,1,2,2
DIATSA_LOCUS4363,9,17,18,11,16,19
DIATSA_LOCUS4364,0,0,0,0,0,0
DIATSA_LOCUS4365,0,0,0,0,0,0
DIATSA_LOCUS4366,0,0,0,0,0,0
DIATSA_LOCUS4367,0,1,3,2,5,6
DIATSA_LOCUS4368,46,96,103,67,136,143
DIATSA_LOCUS4369,68,214,232,61,296,312
DIATSA_LOCUS437,0,1,1,0,0,0
DIATSA_LOCUS4370,15,47,48,20,43,48
DIATSA_LOCUS4371,81,161,166,30,78,88
DIATSA_LOCUS4372,241,450,462,279,476,498
DIATSA_LOCUS4373,191,373,391,154,299,312
DIATSA_LOCUS4374,75,163,169,83,178,179
DIATSA_LOCUS4375,172,359,372,190,359,366
DIATSA_LOCUS4376,1,4,4,3,4,4
DIATSA_LOCUS4377,11,26,26,3,4,4
DIATSA_LOCUS4378,24,48,52,15,34,35
DIATSA_LOCUS4379,1,1,1,0,1,1
DIATSA_LOCUS438,32,60,64,15,26,27
DIATSA_LOCUS4380,1,2,2,0,0,0
DIATSA_LOCUS4381,2,3,3,1,2,2
DIATSA_LOCUS4382,0,0,0,0,1,1
DIATSA_LOCUS4383,177,317,327,170,332,345
DIATSA_LOCUS4384,247,435,460,103,204,217
DIATSA_LOCUS4385,19,32,32,12,21,20
DIATSA_LOCUS4386,185,350,370,70,152,168
DIATSA_LOCUS4387,114,209,218,138,237,252
DIATSA_LOCUS4388,386,689,714,288,533,553
DIATSA_LOCUS4389,4,5,5,5,14,14
DIATSA_LOCUS439,61,122,132,55,102,102
DIATSA_LOCUS4390,3,5,5,3,4,4
DIATSA_LOCUS4391,133,232,238,207,382,389
DIATSA_LOCUS4392,272,502,516,364,726,762
DIATSA_LOCUS4393,65,145,153,88,187,198
DIATSA_LOCUS4394,34,74,78,25,54,56
DIATSA_LOCUS4395,77,168,175,34,92,101
DIATSA_LOCUS4396,8,28,28,5,25,27
DIATSA_LOCUS4397,157,241,242,147,235,245
DIATSA_LOCUS4398,222,444,464,332,711,744
DIATSA_LOCUS4399,93,202,211,109,267,277
DIATSA_LOCUS44,265,569,592,146,285,308
DIATSA_LOCUS440,2,6,6,4,6,8
DIATSA_LOCUS4400,508,922,952,400,752,771
DIATSA_LOCUS4401,0,0,0,0,0,0
DIATSA_LOCUS4402,376,738,762,382,752,774
DIATSA_LOCUS4403,98,225,232,113,261,269
DIATSA_LOCUS4404,0,0,0,0,0,0
DIATSA_LOCUS4405,0,0,0,1,0,0
DIATSA_LOCUS4406,58,117,121,63,104,107
DIATSA_LOCUS4407,70,128,128,57,139,141
DIATSA_LOCUS4408,137,337,348,91,290,295
DIATSA_LOCUS4409,68,106,114,24,38,38
DIATSA_LOCUS441,14,22,22,6,10,11
DIATSA_LOCUS4410,6,14,14,8,11,11
DIATSA_LOCUS4411,2,9,9,2,3,3
DIATSA_LOCUS4412,15,22,24,0,2,2
DIATSA_LOCUS4413,1,3,3,1,7,7
DIATSA_LOCUS4414,5,8,8,7,11,11
DIATSA_LOCUS4415,1,2,3,3,2,4
DIATSA_LOCUS4416,2,2,2,0,0,0
DIATSA_LOCUS4417,0,0,0,0,0,0
DIATSA_LOCUS4418,440,975,1001,229,544,571
DIATSA_LOCUS4419,0,1,1,0,2,2
DIATSA_LOCUS442,5,8,8,7,11,12
DIATSA_LOCUS4420,127,268,278,97,206,217
DIATSA_LOCUS4421,80,160,166,66,144,147
DIATSA_LOCUS4422,80,153,163,95,213,224
DIATSA_LOCUS4423,29,60,62,38,68,69
DIATSA_LOCUS4424,59,114,120,57,111,113
DIATSA_LOCUS4425,306,651,682,366,716,732
DIATSA_LOCUS4426,27,47,49,25,34,36
DIATSA_LOCUS4427,37,69,74,29,56,61
DIATSA_LOCUS4428,54,90,92,29,57,59
DIATSA_LOCUS4429,38,95,98,36,60,61
DIATSA_LOCUS443,674,1247,1314,508,999,1043
DIATSA_LOCUS4430,44,85,88,32,72,72
DIATSA_LOCUS4431,0,0,0,0,0,0
DIATSA_LOCUS4432,0,2,2,0,2,2
DIATSA_LOCUS4433,0,0,0,0,1,1
DIATSA_LOCUS4434,87,172,180,37,71,74
DIATSA_LOCUS4435,115,247,253,87,148,154
DIATSA_LOCUS4436,3,2,2,0,0,0
DIATSA_LOCUS4437,0,1,1,0,0,0
DIATSA_LOCUS4438,2,4,6,1,4,4
DIATSA_LOCUS4439,1,2,2,0,2,2
DIATSA_LOCUS444,33,72,76,14,27,28
DIATSA_LOCUS4440,33,82,86,25,50,53
DIATSA_LOCUS4441,17,33,33,9,17,19
DIATSA_LOCUS4442,6,14,15,10,15,17
DIATSA_LOCUS4443,0,0,0,0,1,1
DIATSA_LOCUS4444,2101,4190,4345,3045,6029,6273
DIATSA_LOCUS4445,15,23,24,26,43,44
DIATSA_LOCUS4446,416,779,805,370,707,729
DIATSA_LOCUS4447,341,617,646,213,410,432
DIATSA_LOCUS4448,97,161,170,41,71,74
DIATSA_LOCUS4449,185,351,369,66,114,122
DIATSA_LOCUS445,2,7,7,1,2,2
DIATSA_LOCUS4450,17,34,39,8,16,19
DIATSA_LOCUS4451,43,78,82,26,47,48
DIATSA_LOCUS4452,12,23,26,6,14,16
DIATSA_LOCUS4453,45,71,73,18,26,30
DIATSA_LOCUS4454,1040,2054,2161,966,1956,2042
DIATSA_LOCUS4455,89,170,175,37,61,67
DIATSA_LOCUS4456,249,462,483,307,577,602
DIATSA_LOCUS4457,11,20,20,26,50,51
DIATSA_LOCUS4458,0,0,0,0,0,0
DIATSA_LOCUS4459,0,0,0,0,0,0
DIATSA_LOCUS446,157,249,265,59,105,112
DIATSA_LOCUS4460,60,133,140,76,141,146
DIATSA_LOCUS4461,185910,329975,343364,176391,317422,330664
DIATSA_LOCUS4462,1,2,3,1,1,2
DIATSA_LOCUS4463,6,20,19,8,18,19
DIATSA_LOCUS4464,5,11,13,4,12,14
DIATSA_LOCUS4465,327,606,631,281,539,559
DIATSA_LOCUS4466,0,0,0,0,0,0
DIATSA_LOCUS4467,155,287,295,81,157,162
DIATSA_LOCUS4468,10,24,26,6,10,12
DIATSA_LOCUS4469,53,94,100,65,114,117
DIATSA_LOCUS447,12,23,23,8,8,10
DIATSA_LOCUS4470,113,226,235,68,128,133
DIATSA_LOCUS4471,37,62,62,26,37,38
DIATSA_LOCUS4472,36,89,92,14,32,36
DIATSA_LOCUS4473,372,807,855,346,730,754
DIATSA_LOCUS4474,28,56,57,22,49,50
DIATSA_LOCUS4475,85,156,161,53,102,106
DIATSA_LOCUS4476,3,7,7,3,5,5
DIATSA_LOCUS4477,0,2,2,9,16,16
DIATSA_LOCUS4478,4890,9438,9913,4644,9222,9683
DIATSA_LOCUS4479,4,4,5,0,0,1
DIATSA_LOCUS448,8,16,15,2,8,8
DIATSA_LOCUS4480,0,0,0,0,0,0
DIATSA_LOCUS4481,0,2,2,1,4,4
DIATSA_LOCUS4482,43,78,81,11,23,24
DIATSA_LOCUS4483,69,151,156,41,90,92
DIATSA_LOCUS4484,222,384,399,135,243,256
DIATSA_LOCUS4485,330,633,657,164,346,354
DIATSA_LOCUS4486,55,103,106,17,29,30
DIATSA_LOCUS4487,203,348,357,83,145,153
DIATSA_LOCUS4488,75,151,160,24,52,53
DIATSA_LOCUS4489,13,21,21,3,6,7
DIATSA_LOCUS449,9,17,16,4,4,4
DIATSA_LOCUS4490,77,141,147,29,54,59
DIATSA_LOCUS4491,0,0,0,0,0,0
DIATSA_LOCUS4492,67,103,106,80,140,147
DIATSA_LOCUS4493,38,68,71,20,29,29
DIATSA_LOCUS4494,922,1874,1940,761,1562,1632
DIATSA_LOCUS4495,554,1067,1116,346,666,687
DIATSA_LOCUS4496,516,881,928,433,805,862
DIATSA_LOCUS4497,155,318,358,50,127,131
DIATSA_LOCUS4498,0,1,1,1,1,1
DIATSA_LOCUS4499,2119,3875,4017,2520,5016,5180
DIATSA_LOCUS45,213,391,404,277,526,548
DIATSA_LOCUS450,35,49,49,15,24,25
DIATSA_LOCUS4500,28,67,68,20,49,51
DIATSA_LOCUS4501,16,38,40,14,26,29
DIATSA_LOCUS4502,94,172,182,119,221,225
DIATSA_LOCUS4503,119,246,264,57,131,139
DIATSA_LOCUS4504,195,407,415,205,436,453
DIATSA_LOCUS4505,296,520,536,170,310,319
DIATSA_LOCUS4506,266,587,614,261,556,581
DIATSA_LOCUS4507,252,604,628,233,522,550
DIATSA_LOCUS4508,0,0,0,0,1,1
DIATSA_LOCUS4509,61,98,99,43,75,77
DIATSA_LOCUS451,18,33,34,4,4,5
DIATSA_LOCUS4510,0,0,0,0,0,0
DIATSA_LOCUS4511,51,89,90,35,58,60
DIATSA_LOCUS4512,535,1212,1260,878,2075,2150
DIATSA_LOCUS4513,0,0,0,0,0,0
DIATSA_LOCUS4514,433,866,906,574,1089,1133
DIATSA_LOCUS4515,319,649,682,508,1039,1084
DIATSA_LOCUS4516,139,273,280,67,106,111
DIATSA_LOCUS4517,0,2,3,1,3,4
DIATSA_LOCUS4518,44,84,88,58,104,107
DIATSA_LOCUS4519,24,40,42,14,27,29
DIATSA_LOCUS452,16,22,24,3,4,6
DIATSA_LOCUS4520,4664,8290,8706,772,1511,1590
DIATSA_LOCUS4521,40,66,72,22,32,36
DIATSA_LOCUS4522,0,2,2,0,1,1
DIATSA_LOCUS4523,91,188,196,48,89,89
DIATSA_LOCUS4524,27,46,47,15,30,31
DIATSA_LOCUS4525,0,0,0,0,0,0
DIATSA_LOCUS4526,13,41,44,17,47,48
DIATSA_LOCUS4527,217,462,480,134,246,255
DIATSA_LOCUS4528,0,1,1,0,0,0
DIATSA_LOCUS4529,3,5,5,1,1,1
DIATSA_LOCUS453,27,42,43,3,4,4
DIATSA_LOCUS4530,104,232,236,97,210,215
DIATSA_LOCUS4531,80,148,154,32,50,53
DIATSA_LOCUS4532,0,0,0,0,0,0
DIATSA_LOCUS4533,4,5,5,2,4,4
DIATSA_LOCUS4534,0,0,0,0,0,0
DIATSA_LOCUS4535,51,113,118,49,124,128
DIATSA_LOCUS4536,26,48,49,9,17,19
DIATSA_LOCUS4537,0,0,0,0,0,0
DIATSA_LOCUS4538,17979,28540,29646,9744,17047,17707
DIATSA_LOCUS4539,218,417,441,99,190,195
DIATSA_LOCUS454,0,0,0,0,1,1
DIATSA_LOCUS4540,0,0,0,0,1,1
DIATSA_LOCUS4541,1,5,5,0,3,3
DIATSA_LOCUS4542,7,10,10,3,5,7
DIATSA_LOCUS4543,0,0,0,0,0,0
DIATSA_LOCUS4544,861,1511,1566,1343,2368,2453
DIATSA_LOCUS4545,263,500,525,319,582,604
DIATSA_LOCUS4546,29,62,63,10,17,18
DIATSA_LOCUS4547,52,98,102,64,118,122
DIATSA_LOCUS4548,157,374,408,242,482,529
DIATSA_LOCUS4549,12,29,29,2,4,5
DIATSA_LOCUS455,0,0,0,0,0,0
DIATSA_LOCUS4550,12,42,45,10,39,43
DIATSA_LOCUS4551,2,4,4,1,1,1
DIATSA_LOCUS4552,93,188,194,50,82,86
DIATSA_LOCUS4553,61,118,121,67,111,114
DIATSA_LOCUS4554,0,0,0,0,0,0
DIATSA_LOCUS4555,36,86,91,60,120,129
DIATSA_LOCUS4556,0,0,0,0,3,3
DIATSA_LOCUS4557,621,1298,1348,558,1117,1168
DIATSA_LOCUS4558,24,43,45,20,37,40
DIATSA_LOCUS4559,96,212,223,112,222,229
DIATSA_LOCUS456,27,51,51,6,19,20
DIATSA_LOCUS4560,3,4,5,1,1,1
DIATSA_LOCUS4561,6,9,11,14,19,19
DIATSA_LOCUS4562,329,632,652,361,700,734
DIATSA_LOCUS4563,63,124,126,77,163,164
DIATSA_LOCUS4564,87,190,199,124,262,272
DIATSA_LOCUS4565,312,710,733,296,664,700
DIATSA_LOCUS4566,1,1,1,0,0,0
DIATSA_LOCUS4567,19,56,59,18,39,39
DIATSA_LOCUS4568,65,113,124,33,54,55
DIATSA_LOCUS4569,0,0,0,0,0,0
DIATSA_LOCUS457,19,29,29,0,5,5
DIATSA_LOCUS4570,177,354,366,165,294,303
DIATSA_LOCUS4571,142,306,324,199,402,415
DIATSA_LOCUS4572,0,0,0,0,0,0
DIATSA_LOCUS4573,89,161,170,24,51,52
DIATSA_LOCUS4574,0,0,0,0,0,0
DIATSA_LOCUS4575,14,23,26,20,46,48
DIATSA_LOCUS4576,45,98,104,39,88,89
DIATSA_LOCUS4577,42,79,81,39,71,72
DIATSA_LOCUS4578,301,571,587,237,462,478
DIATSA_LOCUS4579,146,269,279,89,214,225
DIATSA_LOCUS458,102,169,174,84,145,152
DIATSA_LOCUS4580,162,309,317,122,249,260
DIATSA_LOCUS4581,30,66,68,32,55,57
DIATSA_LOCUS4582,20,33,34,12,19,21
DIATSA_LOCUS4583,21,43,45,9,18,20
DIATSA_LOCUS4584,6,11,13,3,4,5
DIATSA_LOCUS4585,0,0,0,0,0,0
DIATSA_LOCUS4586,0,0,0,1,1,1
DIATSA_LOCUS4587,1,2,2,0,0,0
DIATSA_LOCUS4588,753,1486,1540,712,1407,1467
DIATSA_LOCUS4589,3,7,8,3,6,6
DIATSA_LOCUS459,145,284,292,133,273,282
DIATSA_LOCUS4590,62,128,132,22,51,51
DIATSA_LOCUS4591,0,0,0,0,0,0
DIATSA_LOCUS4592,119,240,250,150,311,322
DIATSA_LOCUS4593,110,209,214,98,179,184
DIATSA_LOCUS4594,3,4,4,0,0,0
DIATSA_LOCUS4595,149,329,340,169,385,396
DIATSA_LOCUS4596,2,6,6,4,8,11
DIATSA_LOCUS4597,5,8,10,2,11,12
DIATSA_LOCUS4598,194,388,404,107,187,201
DIATSA_LOCUS4599,81,167,174,159,287,297
DIATSA_LOCUS46,46,82,85,31,52,54
DIATSA_LOCUS460,14,24,25,10,19,20
DIATSA_LOCUS4600,353,644,677,283,491,518
DIATSA_LOCUS4601,84,156,160,88,163,172
DIATSA_LOCUS4602,578,1168,1214,507,1036,1079
DIATSA_LOCUS4603,215,421,438,98,173,178
DIATSA_LOCUS4604,5,22,22,14,23,23
DIATSA_LOCUS4605,87,152,155,101,174,180
DIATSA_LOCUS4606,62,101,105,24,48,51
DIATSA_LOCUS4607,66,137,141,26,95,98
DIATSA_LOCUS4608,216,514,528,198,493,518
DIATSA_LOCUS4609,322,774,798,249,517,549
DIATSA_LOCUS461,4,8,8,3,8,8
DIATSA_LOCUS4610,57,136,145,38,89,95
DIATSA_LOCUS4611,1,1,1,2,2,2
DIATSA_LOCUS4612,160,310,319,125,252,264
DIATSA_LOCUS4613,381,724,755,293,543,574
DIATSA_LOCUS4614,88,142,147,56,96,101
DIATSA_LOCUS4615,29,64,64,25,54,58
DIATSA_LOCUS4616,29,64,65,36,64,66
DIATSA_LOCUS4617,0,0,0,0,0,0
DIATSA_LOCUS4618,0,0,0,0,0,0
DIATSA_LOCUS4619,0,0,0,2,3,3
DIATSA_LOCUS462,1703,3328,3478,893,1719,1789
DIATSA_LOCUS4620,1,1,1,1,2,3
DIATSA_LOCUS4621,0,1,1,0,0,0
DIATSA_LOCUS4622,1,1,1,0,0,0
DIATSA_LOCUS4623,468,934,975,560,1014,1051
DIATSA_LOCUS4624,57,113,117,50,111,116
DIATSA_LOCUS4625,6,23,24,6,14,15
DIATSA_LOCUS4626,202,426,446,180,360,381
DIATSA_LOCUS4627,676,1459,1524,603,1107,1153
DIATSA_LOCUS4628,10,34,35,22,60,64
DIATSA_LOCUS4629,60,135,139,62,127,131
DIATSA_LOCUS463,0,0,0,0,0,0
DIATSA_LOCUS4630,334,623,648,158,284,296
DIATSA_LOCUS4631,876,1501,1557,990,1920,2001
DIATSA_LOCUS4632,79,151,155,82,143,143
DIATSA_LOCUS4633,0,0,0,2,2,2
DIATSA_LOCUS4634,35,57,58,32,62,64
DIATSA_LOCUS4635,55,108,111,21,65,66
DIATSA_LOCUS4636,156,295,307,106,224,233
DIATSA_LOCUS4637,125,244,261,203,394,412
DIATSA_LOCUS4638,0,0,0,0,0,0
DIATSA_LOCUS4639,79,191,198,77,180,183
DIATSA_LOCUS464,56,126,131,32,52,58
DIATSA_LOCUS4640,176,328,339,240,523,536
DIATSA_LOCUS4641,39,90,96,20,45,45
DIATSA_LOCUS4642,12,23,25,2,13,13
DIATSA_LOCUS4643,59,83,90,23,49,53
DIATSA_LOCUS4644,101,208,216,116,218,230
DIATSA_LOCUS4645,5,6,6,1,1,1
DIATSA_LOCUS4646,0,0,0,0,0,0
DIATSA_LOCUS4647,3,5,5,0,4,5
DIATSA_LOCUS4648,0,0,0,0,0,0
DIATSA_LOCUS4649,0,0,0,1,1,1
DIATSA_LOCUS465,0,0,0,0,0,0
DIATSA_LOCUS4650,67,147,151,59,131,138
DIATSA_LOCUS4651,52,122,124,73,119,120
DIATSA_LOCUS4652,177,340,357,153,330,348
DIATSA_LOCUS4653,208,386,405,196,365,373
DIATSA_LOCUS4654,702,1586,1660,675,1515,1590
DIATSA_LOCUS4655,90,167,174,95,189,199
DIATSA_LOCUS4656,178,406,413,161,405,422
DIATSA_LOCUS4657,3,6,7,3,8,8
DIATSA_LOCUS4658,5,6,6,2,5,5
DIATSA_LOCUS4659,2,4,5,1,2,3
DIATSA_LOCUS466,4,4,5,2,6,6
DIATSA_LOCUS4660,257,539,559,409,844,878
DIATSA_LOCUS4661,2183,3830,3939,2452,4294,4445
DIATSA_LOCUS4662,1,15,15,3,18,19
DIATSA_LOCUS4663,234,550,576,123,300,317
DIATSA_LOCUS4664,0,0,0,0,0,0
DIATSA_LOCUS4665,58,118,126,41,88,96
DIATSA_LOCUS4666,351,703,719,486,951,973
DIATSA_LOCUS4667,356,696,722,222,439,458
DIATSA_LOCUS4668,2200,5058,5267,2398,6536,6842
DIATSA_LOCUS4669,56,106,109,40,104,109
DIATSA_LOCUS467,72,113,120,16,29,29
DIATSA_LOCUS4670,83,211,215,43,103,105
DIATSA_LOCUS4671,89,176,183,93,207,212
DIATSA_LOCUS4672,67,146,150,57,107,108
DIATSA_LOCUS4673,438,897,929,562,1071,1092
DIATSA_LOCUS4674,530,872,907,443,790,814
DIATSA_LOCUS4675,51,109,112,41,78,83
DIATSA_LOCUS4676,76,161,166,70,170,173
DIATSA_LOCUS4677,556,1177,1225,558,1132,1184
DIATSA_LOCUS4678,211,386,396,95,187,197
DIATSA_LOCUS4679,502,950,975,301,534,557
DIATSA_LOCUS468,236,413,424,234,422,439
DIATSA_LOCUS4680,64,115,119,64,113,121
DIATSA_LOCUS4681,1166,2254,2362,628,1323,1363
DIATSA_LOCUS4682,18,40,46,22,52,53
DIATSA_LOCUS4683,0,0,0,0,0,0
DIATSA_LOCUS4684,89,135,140,73,130,136
DIATSA_LOCUS4685,0,0,0,0,0,0
DIATSA_LOCUS4686,2993,6282,6533,2942,6390,6661
DIATSA_LOCUS4687,38,81,84,25,63,64
DIATSA_LOCUS4688,88,182,188,136,277,286
DIATSA_LOCUS4689,297,551,577,174,341,359
DIATSA_LOCUS469,4,8,8,9,26,25
DIATSA_LOCUS4690,490,953,980,427,784,824
DIATSA_LOCUS4691,305,622,646,220,428,456
DIATSA_LOCUS4692,2,3,3,6,9,9
DIATSA_LOCUS4693,63,101,105,61,127,135
DIATSA_LOCUS4694,0,0,0,0,0,0
DIATSA_LOCUS4695,4,8,8,5,5,6
DIATSA_LOCUS4696,9,18,19,5,9,8
DIATSA_LOCUS4697,795,1429,1489,830,1470,1534
DIATSA_LOCUS4698,5,13,14,2,4,4
DIATSA_LOCUS4699,134,260,269,185,352,366
DIATSA_LOCUS47,1,2,2,0,0,0
DIATSA_LOCUS470,1186,2491,2667,928,2102,2259
DIATSA_LOCUS4700,112,218,223,45,91,95
DIATSA_LOCUS4701,4,12,12,8,20,20
DIATSA_LOCUS4702,296,640,666,175,356,381
DIATSA_LOCUS4703,503,950,987,456,788,818
DIATSA_LOCUS4704,8,10,11,6,15,15
DIATSA_LOCUS4705,86,159,164,32,86,91
DIATSA_LOCUS4706,4100,7542,7812,3263,6200,6474
DIATSA_LOCUS4707,248,524,548,132,236,246
DIATSA_LOCUS4708,96,195,202,49,91,94
DIATSA_LOCUS4709,174,316,332,159,309,323
DIATSA_LOCUS471,1,2,2,0,0,0
DIATSA_LOCUS4710,33,70,72,29,60,62
DIATSA_LOCUS4711,169,340,353,142,284,294
DIATSA_LOCUS4712,252,521,544,196,402,414
DIATSA_LOCUS4713,192,332,354,131,249,259
DIATSA_LOCUS4714,14,33,33,7,22,23
DIATSA_LOCUS4715,15,43,44,22,39,45
DIATSA_LOCUS4716,416,801,825,550,1176,1222
DIATSA_LOCUS4717,3,3,4,0,2,2
DIATSA_LOCUS4718,52,116,121,42,65,71
DIATSA_LOCUS4719,112,197,201,167,280,286
DIATSA_LOCUS472,6,9,9,3,11,11
DIATSA_LOCUS4720,9,24,26,6,14,17
DIATSA_LOCUS4721,15,34,34,3,10,10
DIATSA_LOCUS4722,63,140,147,62,138,147
DIATSA_LOCUS4723,271,546,576,361,731,765
DIATSA_LOCUS4724,47,87,89,47,103,105
DIATSA_LOCUS4725,340,652,676,401,739,765
DIATSA_LOCUS4726,109,227,233,49,95,100
DIATSA_LOCUS4727,101,187,193,120,224,228
DIATSA_LOCUS4728,4,9,10,0,3,3
DIATSA_LOCUS4729,226,410,422,185,325,340
DIATSA_LOCUS473,43,74,77,40,66,68
DIATSA_LOCUS4730,516,969,1002,626,1093,1135
DIATSA_LOCUS4731,65,135,143,56,146,158
DIATSA_LOCUS4732,187,538,568,233,641,669
DIATSA_LOCUS4733,557,1063,1112,481,979,1017
DIATSA_LOCUS4734,675,1314,1364,565,1135,1174
DIATSA_LOCUS4735,297,589,606,281,573,597
DIATSA_LOCUS4736,787,1845,1902,932,2023,2083
DIATSA_LOCUS4737,262,488,505,285,555,575
DIATSA_LOCUS4738,7278,13302,13794,8030,14382,14866
DIATSA_LOCUS4739,120,263,270,183,357,368
DIATSA_LOCUS474,7,22,22,12,28,30
DIATSA_LOCUS4740,1526,2826,2952,1505,2771,2881
DIATSA_LOCUS4741,7,11,11,8,17,17
DIATSA_LOCUS4742,33,58,58,27,61,63
DIATSA_LOCUS4743,38,94,100,27,58,61
DIATSA_LOCUS4744,138,251,261,49,92,94
DIATSA_LOCUS4745,0,3,3,1,1,2
DIATSA_LOCUS4746,15,49,49,21,42,45
DIATSA_LOCUS4747,264,593,642,259,590,657
DIATSA_LOCUS4748,126,237,243,148,264,275
DIATSA_LOCUS4749,338,719,753,192,402,413
DIATSA_LOCUS475,16,31,34,26,53,54
DIATSA_LOCUS4750,153,412,426,163,383,392
DIATSA_LOCUS4751,188,384,409,106,224,234
DIATSA_LOCUS4752,0,4,4,3,9,10
DIATSA_LOCUS4753,315,552,574,145,261,271
DIATSA_LOCUS4754,38,82,86,46,89,91
DIATSA_LOCUS4755,306,681,717,243,494,507
DIATSA_LOCUS4756,75,152,160,32,49,56
DIATSA_LOCUS4757,592,1229,1273,400,805,838
DIATSA_LOCUS4758,159,388,397,154,338,348
DIATSA_LOCUS4759,157,335,346,94,208,222
DIATSA_LOCUS476,3,8,8,1,2,2
DIATSA_LOCUS4760,81,173,175,80,173,184
DIATSA_LOCUS4761,207,370,389,109,212,221
DIATSA_LOCUS4762,1,2,3,0,7,8
DIATSA_LOCUS4763,1,3,3,0,0,0
DIATSA_LOCUS4764,38,64,67,25,47,48
DIATSA_LOCUS4765,119,236,248,126,250,265
DIATSA_LOCUS4766,7,21,22,9,14,13
DIATSA_LOCUS4767,38,72,73,25,42,43
DIATSA_LOCUS4768,25,54,58,17,36,41
DIATSA_LOCUS4769,0,1,1,4,6,7
DIATSA_LOCUS477,105,194,197,40,82,88
DIATSA_LOCUS4770,74,158,165,43,92,100
DIATSA_LOCUS4771,1652,3119,3259,1783,3179,3280
DIATSA_LOCUS4772,1,3,3,1,2,2
DIATSA_LOCUS4773,829,1965,2030,1524,3178,3288
DIATSA_LOCUS4774,107,210,217,52,95,98
DIATSA_LOCUS4775,48,86,88,45,80,83
DIATSA_LOCUS4776,2,4,4,5,9,10
DIATSA_LOCUS4777,2,5,5,2,4,4
DIATSA_LOCUS4778,53,99,100,36,76,80
DIATSA_LOCUS4779,5,16,16,10,19,21
DIATSA_LOCUS478,6839,11957,12326,9288,16382,16919
DIATSA_LOCUS4780,0,0,0,1,1,1
DIATSA_LOCUS4781,15,41,42,7,17,18
DIATSA_LOCUS4782,13,24,24,26,41,43
DIATSA_LOCUS4783,166,388,404,140,369,385
DIATSA_LOCUS4784,2,5,4,6,10,12
DIATSA_LOCUS4785,467,1022,1068,519,1087,1130
DIATSA_LOCUS4786,433,982,1016,510,1183,1233
DIATSA_LOCUS4787,256,515,537,161,301,319
DIATSA_LOCUS4788,97,220,223,99,213,219
DIATSA_LOCUS4789,23,41,43,5,9,10
DIATSA_LOCUS479,3,7,8,0,4,4
DIATSA_LOCUS4790,40,71,73,18,29,30
DIATSA_LOCUS4791,69,114,120,60,87,89
DIATSA_LOCUS4792,5220,11774,12253,4895,11110,11543
DIATSA_LOCUS4793,144,320,344,103,198,208
DIATSA_LOCUS4794,496,920,960,329,663,710
DIATSA_LOCUS4795,70,189,203,45,151,162
DIATSA_LOCUS4796,141,272,279,60,131,141
DIATSA_LOCUS4797,7,16,16,7,16,16
DIATSA_LOCUS4798,61,107,110,63,109,119
DIATSA_LOCUS4799,29,66,69,18,49,52
DIATSA_LOCUS48,21,35,38,5,13,13
DIATSA_LOCUS480,301,600,622,331,679,714
DIATSA_LOCUS4800,526,1150,1188,276,618,654
DIATSA_LOCUS4801,582,1051,1091,190,359,373
DIATSA_LOCUS4802,33,65,69,23,40,42
DIATSA_LOCUS4803,52,88,91,46,82,86
DIATSA_LOCUS4804,26,49,53,10,20,26
DIATSA_LOCUS4805,0,0,0,0,0,0
DIATSA_LOCUS4806,0,0,0,0,0,0
DIATSA_LOCUS4807,528,917,961,417,768,794
DIATSA_LOCUS4808,2672,5279,5502,1502,2863,2978
DIATSA_LOCUS4809,87,152,159,82,137,146
DIATSA_LOCUS481,0,1,1,0,0,0
DIATSA_LOCUS4810,3,8,8,5,10,10
DIATSA_LOCUS4811,0,5,5,2,3,3
DIATSA_LOCUS4812,1,1,1,0,8,8
DIATSA_LOCUS4813,9,23,24,13,22,24
DIATSA_LOCUS4814,54,110,115,48,96,99
DIATSA_LOCUS4815,9,18,19,6,8,8
DIATSA_LOCUS4816,314,609,625,168,414,429
DIATSA_LOCUS4817,58,120,123,24,39,39
DIATSA_LOCUS4818,53,100,101,14,23,25
DIATSA_LOCUS4819,5,23,23,3,11,11
DIATSA_LOCUS482,0,0,0,1,1,1
DIATSA_LOCUS4820,3,6,6,3,8,9
DIATSA_LOCUS4821,139,264,275,135,253,259
DIATSA_LOCUS4822,168,357,370,179,375,384
DIATSA_LOCUS4823,1047,2273,2358,1688,4331,4520
DIATSA_LOCUS4824,2083,4014,4193,3541,6399,6659
DIATSA_LOCUS4825,374,648,672,307,535,554
DIATSA_LOCUS4826,43,98,98,37,80,82
DIATSA_LOCUS4827,2335,4609,4782,1280,2910,3028
DIATSA_LOCUS4828,7,9,10,1,4,4
DIATSA_LOCUS4829,12,20,20,9,19,20
DIATSA_LOCUS483,0,0,0,0,0,0
DIATSA_LOCUS4830,24,41,42,15,21,22
DIATSA_LOCUS4831,69,119,119,79,158,162
DIATSA_LOCUS4832,414,814,846,183,356,376
DIATSA_LOCUS4833,135,240,253,59,121,126
DIATSA_LOCUS4834,0,1,1,1,2,2
DIATSA_LOCUS4835,112,236,242,139,393,406
DIATSA_LOCUS4836,35,78,84,10,33,35
DIATSA_LOCUS4837,327,710,732,186,411,426
DIATSA_LOCUS4838,0,1,1,0,1,1
DIATSA_LOCUS4839,2,2,2,0,0,0
DIATSA_LOCUS484,0,1,1,1,2,2
DIATSA_LOCUS4840,1,1,1,0,0,0
DIATSA_LOCUS4841,18,32,33,9,16,16
DIATSA_LOCUS4842,245,449,476,167,342,354
DIATSA_LOCUS4843,1216,2482,2575,1321,2785,2875
DIATSA_LOCUS4844,94,192,199,57,143,153
DIATSA_LOCUS4845,10994,22954,23761,14141,30270,31359
DIATSA_LOCUS4846,99,156,163,21,36,39
DIATSA_LOCUS4847,124,202,210,19,35,36
DIATSA_LOCUS4848,1450,2418,2515,846,1465,1548
DIATSA_LOCUS4849,83,135,136,48,74,75
DIATSA_LOCUS485,1,4,4,0,1,1
DIATSA_LOCUS4850,60,92,97,23,52,58
DIATSA_LOCUS4851,242,404,423,161,334,345
DIATSA_LOCUS4852,32,42,45,46,80,83
DIATSA_LOCUS4853,82,124,129,37,53,54
DIATSA_LOCUS4854,42,89,90,15,37,38
DIATSA_LOCUS4855,150,277,286,58,98,106
DIATSA_LOCUS4856,2357,4484,4663,1549,2977,3099
DIATSA_LOCUS4857,51,88,91,29,62,64
DIATSA_LOCUS4858,49,97,102,59,114,118
DIATSA_LOCUS4859,151,302,330,156,357,410
DIATSA_LOCUS486,33,64,64,31,62,64
DIATSA_LOCUS4860,212,391,403,108,196,209
DIATSA_LOCUS4861,70,129,141,57,121,123
DIATSA_LOCUS4862,693,1268,1316,639,1246,1295
DIATSA_LOCUS4863,351,790,809,412,849,894
DIATSA_LOCUS4864,28,63,65,12,20,19
DIATSA_LOCUS4865,317,728,767,113,269,280
DIATSA_LOCUS4866,13,23,23,3,4,4
DIATSA_LOCUS4867,79,135,140,77,135,139
DIATSA_LOCUS4868,40,80,80,41,85,86
DIATSA_LOCUS4869,35,57,60,20,35,37
DIATSA_LOCUS487,0,0,1,0,0,1
DIATSA_LOCUS4870,34,62,66,9,32,28
DIATSA_LOCUS4871,1,1,1,0,0,0
DIATSA_LOCUS4872,1,2,2,0,0,0
DIATSA_LOCUS4873,398,698,728,183,286,297
DIATSA_LOCUS4874,85,180,193,114,225,232
DIATSA_LOCUS4875,1298,3026,3136,1428,3455,3591
DIATSA_LOCUS4876,30,58,61,11,23,27
DIATSA_LOCUS4877,13,19,20,5,11,12
DIATSA_LOCUS4878,80,148,157,45,84,102
DIATSA_LOCUS4879,190,305,317,135,243,256
DIATSA_LOCUS488,0,0,0,0,0,0
DIATSA_LOCUS4880,196,371,381,172,334,343
DIATSA_LOCUS4881,680,1247,1291,831,1541,1592
DIATSA_LOCUS4882,113,255,266,167,349,362
DIATSA_LOCUS4883,57,99,104,61,135,141
DIATSA_LOCUS4884,86,162,168,93,185,194
DIATSA_LOCUS4885,71,131,133,14,30,32
DIATSA_LOCUS4886,1,9,9,6,8,8
DIATSA_LOCUS4887,0,0,0,0,0,0
DIATSA_LOCUS4888,1,2,2,2,1,1
DIATSA_LOCUS4889,72,128,142,12,25,32
DIATSA_LOCUS489,52,84,86,24,50,52
DIATSA_LOCUS4890,0,1,1,0,0,0
DIATSA_LOCUS4891,114,221,227,95,175,183
DIATSA_LOCUS4892,171,308,315,94,181,191
DIATSA_LOCUS4893,84,135,138,20,27,28
DIATSA_LOCUS4894,2506,4540,4727,2525,4760,4949
DIATSA_LOCUS4895,101,196,206,30,72,73
DIATSA_LOCUS4896,8,23,25,14,22,22
DIATSA_LOCUS4897,1,1,1,0,1,1
DIATSA_LOCUS4898,0,0,0,0,0,0
DIATSA_LOCUS4899,44,84,87,44,69,72
DIATSA_LOCUS49,635,1001,1037,459,728,751
DIATSA_LOCUS490,0,0,0,0,0,0
DIATSA_LOCUS4900,3,5,5,2,3,3
DIATSA_LOCUS4901,10,19,19,1,6,5
DIATSA_LOCUS4902,24,41,49,8,13,13
DIATSA_LOCUS4903,410,795,855,465,861,898
DIATSA_LOCUS4904,124,238,240,106,236,246
DIATSA_LOCUS4905,80,134,137,63,146,152
DIATSA_LOCUS4906,0,0,0,0,0,0
DIATSA_LOCUS4907,95,198,224,83,155,191
DIATSA_LOCUS4908,125,191,202,92,189,197
DIATSA_LOCUS4909,15,24,26,4,9,9
DIATSA_LOCUS491,0,0,0,0,0,0
DIATSA_LOCUS4910,83,140,143,64,108,119
DIATSA_LOCUS4911,9,20,21,12,26,29
DIATSA_LOCUS4912,1,4,4,1,6,6
DIATSA_LOCUS4913,40,56,59,12,21,22
DIATSA_LOCUS4914,5,9,10,1,1,1
DIATSA_LOCUS4915,4,6,6,4,4,4
DIATSA_LOCUS4916,336,655,672,466,985,1011
DIATSA_LOCUS4917,4,10,10,14,16,19
DIATSA_LOCUS4918,2,6,6,2,4,4
DIATSA_LOCUS4919,339,724,766,462,872,931
DIATSA_LOCUS492,0,0,0,0,1,1
DIATSA_LOCUS4920,148,345,354,236,532,547
DIATSA_LOCUS4921,44,86,89,22,41,41
DIATSA_LOCUS4922,41,84,89,38,72,78
DIATSA_LOCUS4923,4,6,7,0,0,0
DIATSA_LOCUS4924,10,27,27,4,16,15
DIATSA_LOCUS4925,0,0,0,0,0,0
DIATSA_LOCUS4926,11,13,13,3,6,6
DIATSA_LOCUS4927,5,15,19,13,22,24
DIATSA_LOCUS4928,0,1,0,1,1,1
DIATSA_LOCUS4929,5,12,14,0,2,2
DIATSA_LOCUS493,0,0,0,0,0,0
DIATSA_LOCUS4930,140,280,286,45,89,90
DIATSA_LOCUS4931,164,337,357,185,352,375
DIATSA_LOCUS4932,298,507,533,342,613,637
DIATSA_LOCUS4933,161,387,394,134,272,281
DIATSA_LOCUS4934,1419,2949,3080,1514,3169,3310
DIATSA_LOCUS4935,149,350,363,145,261,270
DIATSA_LOCUS4936,302,771,818,360,837,874
DIATSA_LOCUS4937,484,1094,1162,651,1449,1514
DIATSA_LOCUS4938,36,60,62,35,70,73
DIATSA_LOCUS4939,434,820,841,426,892,924
DIATSA_LOCUS494,0,0,0,0,0,0
DIATSA_LOCUS4940,43,78,80,50,105,108
DIATSA_LOCUS4941,0,0,0,2,2,2
DIATSA_LOCUS4942,71,152,159,43,86,94
DIATSA_LOCUS4943,173,375,397,87,193,201
DIATSA_LOCUS4944,2057,4120,4290,3469,6866,7138
DIATSA_LOCUS4945,306,556,566,295,542,559
DIATSA_LOCUS4946,1591,3254,3385,1123,2471,2484
DIATSA_LOCUS4947,93,221,225,132,287,296
DIATSA_LOCUS4948,148,283,296,72,124,131
DIATSA_LOCUS4949,136,256,260,102,205,213
DIATSA_LOCUS495,0,0,0,0,0,0
DIATSA_LOCUS4950,37,68,70,27,69,71
DIATSA_LOCUS4951,0,1,1,0,4,5
DIATSA_LOCUS4952,3,7,7,1,0,0
DIATSA_LOCUS4953,135,271,281,96,196,201
DIATSA_LOCUS4954,112,232,237,133,249,258
DIATSA_LOCUS4955,1,1,1,0,0,0
DIATSA_LOCUS4956,762,1447,1501,685,1287,1342
DIATSA_LOCUS4957,13,25,25,8,12,15
DIATSA_LOCUS4958,0,0,0,0,0,0
DIATSA_LOCUS4959,1608,3069,3194,1535,3003,3129
DIATSA_LOCUS496,0,0,0,0,0,0
DIATSA_LOCUS4960,57,109,116,52,86,90
DIATSA_LOCUS4961,15,47,48,14,40,41
DIATSA_LOCUS4962,51,86,91,74,127,134
DIATSA_LOCUS4963,0,0,0,0,0,0
DIATSA_LOCUS4964,52,81,87,9,15,15
DIATSA_LOCUS4965,1166,2345,2492,1071,2195,2322
DIATSA_LOCUS4966,2,8,11,13,23,22
DIATSA_LOCUS4967,20,34,38,17,38,40
DIATSA_LOCUS4968,863,1568,1615,668,1161,1193
DIATSA_LOCUS4969,225,526,544,275,625,647
DIATSA_LOCUS497,0,0,0,0,0,0
DIATSA_LOCUS4970,437,877,924,309,629,664
DIATSA_LOCUS4971,150,321,343,172,401,423
DIATSA_LOCUS4972,22,50,54,24,62,63
DIATSA_LOCUS4973,15,20,20,12,18,19
DIATSA_LOCUS4974,53,85,89,18,26,26
DIATSA_LOCUS4975,149,249,257,152,294,309
DIATSA_LOCUS4976,353,714,738,333,688,709
DIATSA_LOCUS4977,286,593,618,228,492,520
DIATSA_LOCUS4978,13,28,30,16,32,33
DIATSA_LOCUS4979,0,0,0,0,0,0
DIATSA_LOCUS498,0,0,0,0,0,0
DIATSA_LOCUS4980,43,68,69,25,48,50
DIATSA_LOCUS4981,32,51,55,16,30,34
DIATSA_LOCUS4982,6,7,9,3,3,3
DIATSA_LOCUS4983,481,915,942,540,1051,1087
DIATSA_LOCUS4984,35,65,67,12,33,32
DIATSA_LOCUS4985,1,2,2,0,0,0
DIATSA_LOCUS4986,0,0,0,0,0,0
DIATSA_LOCUS4987,0,0,0,0,0,0
DIATSA_LOCUS4988,10,25,25,3,7,12
DIATSA_LOCUS4989,789,1534,1592,648,1256,1298
DIATSA_LOCUS499,0,0,0,0,0,0
DIATSA_LOCUS4990,0,0,0,0,0,0
DIATSA_LOCUS4991,2,3,2,1,1,1
DIATSA_LOCUS4992,1,1,2,0,0,0
DIATSA_LOCUS4993,28,42,44,9,15,18
DIATSA_LOCUS4994,0,4,4,5,7,8
DIATSA_LOCUS4995,6,9,9,1,2,2
DIATSA_LOCUS4996,11,24,24,7,15,15
DIATSA_LOCUS4997,183,333,343,111,217,225
DIATSA_LOCUS4998,36,43,44,20,37,38
DIATSA_LOCUS4999,27,39,42,6,10,10
DIATSA_LOCUS5,490,808,835,540,895,927
DIATSA_LOCUS50,7,12,12,2,9,9
DIATSA_LOCUS500,0,0,0,0,0,0
DIATSA_LOCUS5000,2938,4951,5160,3674,6280,6517
DIATSA_LOCUS5001,0,0,0,0,0,0
DIATSA_LOCUS5002,0,0,0,0,0,0
DIATSA_LOCUS5003,0,0,0,3,7,7
DIATSA_LOCUS5004,86,219,231,130,295,310
DIATSA_LOCUS5005,17,27,28,0,1,1
DIATSA_LOCUS5006,578,1130,1178,448,931,966
DIATSA_LOCUS5007,10,13,13,3,10,12
DIATSA_LOCUS5008,29,64,67,13,22,22
DIATSA_LOCUS5009,19,53,56,18,39,40
DIATSA_LOCUS501,0,0,1,0,0,0
DIATSA_LOCUS5010,0,0,0,0,0,0
DIATSA_LOCUS5011,137,247,256,112,213,216
DIATSA_LOCUS5012,9,12,12,2,9,9
DIATSA_LOCUS5013,154,325,329,82,189,195
DIATSA_LOCUS5014,23,44,46,13,20,22
DIATSA_LOCUS5015,51,104,109,27,86,102
DIATSA_LOCUS5016,6,9,9,3,4,4
DIATSA_LOCUS5017,0,0,0,0,0,0
DIATSA_LOCUS5018,0,0,0,0,0,0
DIATSA_LOCUS5019,2,2,2,0,0,0
DIATSA_LOCUS502,0,2,2,3,6,6
DIATSA_LOCUS5020,0,0,0,0,0,0
DIATSA_LOCUS5021,3,7,7,9,18,18
DIATSA_LOCUS5022,125,290,306,198,602,603
DIATSA_LOCUS5023,276,438,440,474,780,814
DIATSA_LOCUS5024,0,0,0,0,0,0
DIATSA_LOCUS5025,467,953,989,329,610,638
DIATSA_LOCUS5026,81,171,180,69,137,147
DIATSA_LOCUS5027,22,38,38,5,7,7
DIATSA_LOCUS5028,37,75,77,40,79,86
DIATSA_LOCUS5029,4,10,10,7,5,5
DIATSA_LOCUS503,55,116,118,30,62,63
DIATSA_LOCUS5030,118,240,248,116,209,213
DIATSA_LOCUS5031,0,0,0,0,0,0
DIATSA_LOCUS5032,4,8,8,2,3,3
DIATSA_LOCUS5033,1,2,2,0,0,0
DIATSA_LOCUS5034,55,98,106,48,92,96
DIATSA_LOCUS5035,93,142,149,86,151,154
DIATSA_LOCUS5036,47,111,115,73,159,167
DIATSA_LOCUS5037,223,461,480,139,281,291
DIATSA_LOCUS5038,0,0,0,0,0,1
DIATSA_LOCUS5039,74,172,180,65,145,156
DIATSA_LOCUS504,221,418,435,232,433,445
DIATSA_LOCUS5040,0,0,0,0,0,0
DIATSA_LOCUS5041,9,22,25,12,23,23
DIATSA_LOCUS5042,329,601,623,328,645,673
DIATSA_LOCUS5043,61,185,186,108,312,324
DIATSA_LOCUS5044,1,2,2,17,29,29
DIATSA_LOCUS5045,1709,3350,3493,1482,2843,2952
DIATSA_LOCUS5046,250,499,515,66,120,123
DIATSA_LOCUS5047,50,78,79,8,11,11
DIATSA_LOCUS5048,132,217,226,65,121,123
DIATSA_LOCUS5049,2,6,6,2,13,14
DIATSA_LOCUS505,30,77,81,49,105,107
DIATSA_LOCUS5050,119,267,292,129,257,269
DIATSA_LOCUS5051,0,0,0,0,0,0
DIATSA_LOCUS5052,0,0,0,0,0,0
DIATSA_LOCUS5053,2,2,2,6,6,6
DIATSA_LOCUS5054,314,638,659,538,1108,1137
DIATSA_LOCUS5055,0,0,0,1,1,1
DIATSA_LOCUS5056,11,19,19,5,14,14
DIATSA_LOCUS5057,195,407,439,240,544,580
DIATSA_LOCUS5058,30,60,62,875,1960,2024
DIATSA_LOCUS5059,121,223,229,48,97,100
DIATSA_LOCUS506,3,5,6,7,11,13
DIATSA_LOCUS5060,63,122,126,48,92,98
DIATSA_LOCUS5061,65,154,158,81,187,196
DIATSA_LOCUS5062,85,171,175,116,216,221
DIATSA_LOCUS5063,138,281,289,105,238,251
DIATSA_LOCUS5064,506,959,1003,409,848,870
DIATSA_LOCUS5065,0,1,1,2,4,4
DIATSA_LOCUS5066,6,22,22,6,19,21
DIATSA_LOCUS5067,0,0,0,0,0,0
DIATSA_LOCUS5068,0,1,1,0,0,0
DIATSA_LOCUS5069,801,1484,1535,721,1230,1283
DIATSA_LOCUS507,1,1,1,2,2,2
DIATSA_LOCUS5070,84,184,189,62,152,159
DIATSA_LOCUS5071,33,69,71,28,67,70
DIATSA_LOCUS5072,0,1,1,7,4,4
DIATSA_LOCUS5073,0,0,0,0,0,0
DIATSA_LOCUS5074,1,2,2,2,4,4
DIATSA_LOCUS5075,0,1,1,2,2,2
DIATSA_LOCUS5076,2,4,4,2,4,4
DIATSA_LOCUS5077,143,307,311,186,434,455
DIATSA_LOCUS5078,92,208,214,83,213,223
DIATSA_LOCUS5079,30,54,55,19,36,38
DIATSA_LOCUS508,87,149,154,49,77,79
DIATSA_LOCUS5080,45,78,79,50,98,103
DIATSA_LOCUS5081,0,0,0,0,0,0
DIATSA_LOCUS5082,53,106,113,45,85,88
DIATSA_LOCUS5083,0,0,0,0,0,0
DIATSA_LOCUS5084,30,52,54,28,49,53
DIATSA_LOCUS5085,171,460,477,159,455,477
DIATSA_LOCUS5086,451,880,918,324,667,692
DIATSA_LOCUS5087,0,0,0,0,0,0
DIATSA_LOCUS5088,37,87,93,31,106,114
DIATSA_LOCUS5089,0,0,0,0,1,1
DIATSA_LOCUS509,1,1,1,0,0,0
DIATSA_LOCUS5090,0,0,0,0,0,0
DIATSA_LOCUS5091,2,3,3,0,0,0
DIATSA_LOCUS5092,0,0,0,0,0,0
DIATSA_LOCUS5093,1,1,1,1,2,2
DIATSA_LOCUS5094,53,122,124,47,81,86
DIATSA_LOCUS5095,225,456,477,250,476,490
DIATSA_LOCUS5096,35,64,67,47,87,89
DIATSA_LOCUS5097,98,190,208,101,200,208
DIATSA_LOCUS5098,92,243,255,102,267,286
DIATSA_LOCUS5099,27,52,54,56,82,86
DIATSA_LOCUS51,35,75,78,11,17,17
DIATSA_LOCUS510,5,7,7,0,4,4
DIATSA_LOCUS5100,842,1618,1662,601,1181,1228
DIATSA_LOCUS5101,252,536,557,293,614,642
DIATSA_LOCUS5102,285,554,569,219,460,473
DIATSA_LOCUS5103,1,2,2,2,2,2
DIATSA_LOCUS5104,72,149,152,34,57,60
DIATSA_LOCUS5105,0,0,0,0,0,0
DIATSA_LOCUS5106,1,2,2,2,5,5
DIATSA_LOCUS5107,91,162,165,35,61,61
DIATSA_LOCUS5108,1995,3512,3663,953,1724,1774
DIATSA_LOCUS5109,76,144,151,75,199,206
DIATSA_LOCUS511,0,0,0,0,0,0
DIATSA_LOCUS5110,6,13,13,8,14,16
DIATSA_LOCUS5111,1148,2323,2407,482,935,983
DIATSA_LOCUS5112,18,48,48,19,32,32
DIATSA_LOCUS5113,0,0,0,0,0,0
DIATSA_LOCUS5114,56,111,115,53,92,96
DIATSA_LOCUS5115,305,499,516,280,481,487
DIATSA_LOCUS5116,131,244,249,214,401,411
DIATSA_LOCUS5117,1003,1897,1966,441,824,868
DIATSA_LOCUS5118,193,420,443,159,326,345
DIATSA_LOCUS5119,468,1095,1144,398,999,1049
DIATSA_LOCUS512,51,94,100,33,53,57
DIATSA_LOCUS5120,11852,20809,21762,16198,31927,33717
DIATSA_LOCUS5121,32,56,61,26,38,43
DIATSA_LOCUS5122,168,307,316,158,275,281
DIATSA_LOCUS5123,23,38,41,9,15,15
DIATSA_LOCUS5124,194,394,408,200,451,466
DIATSA_LOCUS5125,146,371,379,137,341,350
DIATSA_LOCUS5126,9016,16317,17025,10690,18905,19679
DIATSA_LOCUS5127,116,241,248,42,91,92
DIATSA_LOCUS5128,2,3,3,1,2,2
DIATSA_LOCUS5129,2,3,4,0,0,1
DIATSA_LOCUS513,15,33,33,2,4,6
DIATSA_LOCUS5130,4,10,10,2,2,3
DIATSA_LOCUS5131,13,23,23,4,7,8
DIATSA_LOCUS5132,5,14,14,3,5,5
DIATSA_LOCUS5133,488,868,898,271,521,544
DIATSA_LOCUS5134,0,0,0,0,0,0
DIATSA_LOCUS5135,1,4,4,1,2,2
DIATSA_LOCUS5136,98,229,241,83,174,179
DIATSA_LOCUS5137,3,7,7,4,8,8
DIATSA_LOCUS5138,13,23,23,6,13,13
DIATSA_LOCUS5139,547,1145,1186,514,1061,1110
DIATSA_LOCUS514,15,26,25,3,9,9
DIATSA_LOCUS5140,130,264,275,100,201,208
DIATSA_LOCUS5141,12,25,26,4,6,6
DIATSA_LOCUS5142,70,187,199,63,159,161
DIATSA_LOCUS5143,70,166,171,57,127,129
DIATSA_LOCUS5144,49,109,111,59,103,107
DIATSA_LOCUS5145,2700,4801,4985,2161,3864,3968
DIATSA_LOCUS5146,253,468,479,183,333,346
DIATSA_LOCUS5147,80,164,168,44,124,131
DIATSA_LOCUS5148,297,564,572,318,551,578
DIATSA_LOCUS5149,82,157,162,68,116,121
DIATSA_LOCUS515,860,1857,1942,959,2121,2228
DIATSA_LOCUS5150,328,671,690,271,533,558
DIATSA_LOCUS5151,111,225,231,69,123,128
DIATSA_LOCUS5152,15,29,29,3,10,10
DIATSA_LOCUS5153,0,2,2,2,2,2
DIATSA_LOCUS5154,564,1136,1188,343,717,753
DIATSA_LOCUS5155,0,0,1,0,0,0
DIATSA_LOCUS5156,9,18,18,11,29,30
DIATSA_LOCUS5157,279,523,545,102,190,203
DIATSA_LOCUS5158,67,120,123,42,72,73
DIATSA_LOCUS5159,0,0,0,0,0,2
DIATSA_LOCUS516,76,141,141,76,139,145
DIATSA_LOCUS5160,17,31,32,7,12,12
DIATSA_LOCUS5161,61,135,144,49,107,115
DIATSA_LOCUS5162,13,25,26,10,21,22
DIATSA_LOCUS5163,1,5,5,5,11,12
DIATSA_LOCUS5164,141,265,278,72,181,190
DIATSA_LOCUS5165,0,0,0,1,1,1
DIATSA_LOCUS5166,11,24,24,11,20,21
DIATSA_LOCUS5167,10,12,12,2,3,3
DIATSA_LOCUS5168,0,0,0,0,0,0
DIATSA_LOCUS5169,0,0,0,0,0,0
DIATSA_LOCUS517,34,82,83,28,65,68
DIATSA_LOCUS5170,0,0,0,0,0,0
DIATSA_LOCUS5171,0,0,0,0,0,0
DIATSA_LOCUS5172,0,0,0,0,0,0
DIATSA_LOCUS5173,0,0,0,0,0,0
DIATSA_LOCUS5174,3,4,4,0,0,0
DIATSA_LOCUS5175,0,0,0,0,0,0
DIATSA_LOCUS5176,0,0,0,0,0,0
DIATSA_LOCUS5177,0,0,0,0,0,0
DIATSA_LOCUS5178,0,0,0,0,0,0
DIATSA_LOCUS5179,1,3,5,5,5,5
DIATSA_LOCUS518,14,26,26,34,69,72
DIATSA_LOCUS5180,9,19,21,6,12,14
DIATSA_LOCUS5181,138,257,263,109,222,228
DIATSA_LOCUS5182,196,386,397,279,502,508
DIATSA_LOCUS5183,0,6,6,1,5,5
DIATSA_LOCUS5184,99,180,186,59,104,111
DIATSA_LOCUS5185,503,818,860,430,755,781
DIATSA_LOCUS5186,147,294,303,176,313,322
DIATSA_LOCUS5187,118,257,265,56,139,146
DIATSA_LOCUS5188,197,384,391,183,341,347
DIATSA_LOCUS5189,247,467,482,200,401,423
DIATSA_LOCUS519,30,76,80,21,45,48
DIATSA_LOCUS5190,155,388,404,166,351,365
DIATSA_LOCUS5191,30,73,76,17,29,33
DIATSA_LOCUS5192,72,144,149,41,97,102
DIATSA_LOCUS5193,0,0,0,0,0,0
DIATSA_LOCUS5194,0,0,0,0,0,0
DIATSA_LOCUS5195,876,1788,1860,727,1449,1506
DIATSA_LOCUS5196,1879,3881,4040,1832,3898,4071
DIATSA_LOCUS5197,2,6,6,3,5,6
DIATSA_LOCUS5198,108,168,174,48,71,74
DIATSA_LOCUS5199,5,7,7,5,7,8
DIATSA_LOCUS52,15,25,26,1,4,6
DIATSA_LOCUS520,23,70,76,4,16,17
DIATSA_LOCUS5200,135,229,241,122,196,208
DIATSA_LOCUS5201,66,144,146,11,32,33
DIATSA_LOCUS5202,2,2,2,2,4,5
DIATSA_LOCUS5203,31,64,66,39,87,93
DIATSA_LOCUS5204,81,189,203,59,124,133
DIATSA_LOCUS5205,7,14,17,4,7,10
DIATSA_LOCUS5206,0,0,0,0,0,0
DIATSA_LOCUS5207,96,179,187,47,83,83
DIATSA_LOCUS5208,144,294,307,127,270,278
DIATSA_LOCUS5209,5,10,11,3,5,6
DIATSA_LOCUS521,23,37,39,31,52,53
DIATSA_LOCUS5210,17708,30352,31522,19401,35434,36885
DIATSA_LOCUS5211,160,316,332,109,207,221
DIATSA_LOCUS5212,0,0,1,0,1,1
DIATSA_LOCUS5213,81,146,151,34,54,54
DIATSA_LOCUS5214,7138,12089,12515,9918,16998,17634
DIATSA_LOCUS5215,169,302,308,55,110,113
DIATSA_LOCUS5216,2700,7668,8095,3027,8863,9381
DIATSA_LOCUS5217,988,2112,2219,918,2007,2090
DIATSA_LOCUS5218,41,72,74,25,44,45
DIATSA_LOCUS5219,4,7,7,3,6,7
DIATSA_LOCUS522,4,8,9,3,4,4
DIATSA_LOCUS5220,264,482,504,165,291,301
DIATSA_LOCUS5221,86,196,197,102,247,253
DIATSA_LOCUS5222,9107,15268,16133,4882,8373,8972
DIATSA_LOCUS5223,1117,2172,2250,1189,2399,2492
DIATSA_LOCUS5224,0,1,1,2,2,2
DIATSA_LOCUS5225,18,38,38,15,28,30
DIATSA_LOCUS5226,1,3,3,0,0,0
DIATSA_LOCUS5227,1368,2403,2497,1226,2096,2180
DIATSA_LOCUS5228,340,547,573,355,650,689
DIATSA_LOCUS5229,2,4,4,4,5,5
DIATSA_LOCUS523,13,25,26,3,5,6
DIATSA_LOCUS5230,354,731,761,420,837,871
DIATSA_LOCUS5231,226,525,535,208,414,433
DIATSA_LOCUS5232,0,0,0,0,0,0
DIATSA_LOCUS5233,63,108,115,63,124,129
DIATSA_LOCUS5234,148,288,297,113,225,231
DIATSA_LOCUS5235,518,936,996,366,709,744
DIATSA_LOCUS5236,4905,10549,10935,4293,9128,9492
DIATSA_LOCUS5237,1,3,3,2,4,4
DIATSA_LOCUS5238,12,38,40,10,22,23
DIATSA_LOCUS5239,11,15,15,5,12,13
DIATSA_LOCUS524,192,401,434,206,386,403
DIATSA_LOCUS5240,0,0,0,0,0,0
DIATSA_LOCUS5241,2,2,2,3,3,3
DIATSA_LOCUS5242,0,3,3,4,5,5
DIATSA_LOCUS5243,4,5,5,1,2,3
DIATSA_LOCUS5244,11,15,15,1,3,3
DIATSA_LOCUS5245,3,5,5,3,6,6
DIATSA_LOCUS5246,0,2,2,4,10,10
DIATSA_LOCUS5247,0,0,0,0,0,0
DIATSA_LOCUS5248,2,8,8,2,6,6
DIATSA_LOCUS5249,0,0,0,0,0,0
DIATSA_LOCUS525,183,303,312,77,131,134
DIATSA_LOCUS5250,1,2,3,2,4,4
DIATSA_LOCUS5251,2,3,3,3,3,4
DIATSA_LOCUS5252,2,11,11,9,17,17
DIATSA_LOCUS5253,3,3,3,1,1,1
DIATSA_LOCUS5254,1,2,2,1,3,3
DIATSA_LOCUS5255,6,9,10,5,10,11
DIATSA_LOCUS5256,1,1,1,0,3,3
DIATSA_LOCUS5257,5,10,10,1,9,9
DIATSA_LOCUS5258,7,9,9,4,6,6
DIATSA_LOCUS5259,2,6,5,2,5,5
DIATSA_LOCUS526,0,0,0,0,0,0
DIATSA_LOCUS5260,0,0,0,0,3,4
DIATSA_LOCUS5261,3,8,9,2,5,5
DIATSA_LOCUS5262,4,6,6,1,2,2
DIATSA_LOCUS5263,0,1,1,0,0,0
DIATSA_LOCUS5264,35,64,62,17,40,41
DIATSA_LOCUS5265,2,5,5,6,10,11
DIATSA_LOCUS5266,1,4,4,0,1,1
DIATSA_LOCUS5267,1,2,2,1,2,2
DIATSA_LOCUS5268,14,29,28,11,19,20
DIATSA_LOCUS5269,40,60,64,7,22,22
DIATSA_LOCUS527,17,35,34,23,37,42
DIATSA_LOCUS5270,3,10,10,6,8,8
DIATSA_LOCUS5271,13,24,25,2,7,8
DIATSA_LOCUS5272,6,9,9,1,2,2
DIATSA_LOCUS5273,2,5,5,4,6,7
DIATSA_LOCUS5274,3,10,10,2,5,6
DIATSA_LOCUS5275,0,0,0,0,0,0
DIATSA_LOCUS5276,7,10,10,2,6,6
DIATSA_LOCUS5277,5,8,9,6,12,12
DIATSA_LOCUS5278,0,0,0,0,0,0
DIATSA_LOCUS5279,0,0,0,0,0,0
DIATSA_LOCUS528,0,0,0,0,0,0
DIATSA_LOCUS5280,11,18,19,20,28,28
DIATSA_LOCUS5281,0,0,0,0,0,0
DIATSA_LOCUS5282,0,0,0,0,0,0
DIATSA_LOCUS5283,4,5,5,4,4,4
DIATSA_LOCUS5284,202,427,454,219,466,494
DIATSA_LOCUS5285,45,99,100,26,45,48
DIATSA_LOCUS5286,4,12,14,2,6,6
DIATSA_LOCUS5287,68,131,135,15,47,51
DIATSA_LOCUS5288,8,18,19,7,19,20
DIATSA_LOCUS5289,76,128,130,22,38,41
DIATSA_LOCUS529,2,5,5,1,1,1
DIATSA_LOCUS5290,238,466,475,246,491,527
DIATSA_LOCUS5291,8,11,11,2,4,4
DIATSA_LOCUS5292,2,5,5,2,2,2
DIATSA_LOCUS5293,3,6,6,3,4,4
DIATSA_LOCUS5294,0,0,0,0,0,0
DIATSA_LOCUS5295,29,43,44,8,16,17
DIATSA_LOCUS5296,27,55,64,8,24,24
DIATSA_LOCUS5297,3,12,13,5,9,10
DIATSA_LOCUS5298,12,22,22,9,18,19
DIATSA_LOCUS5299,22,42,43,18,37,38
DIATSA_LOCUS53,35,78,82,32,46,50
DIATSA_LOCUS530,21,35,35,15,27,27
DIATSA_LOCUS5300,12,25,28,9,14,19
DIATSA_LOCUS5301,17,25,25,12,19,20
DIATSA_LOCUS5302,14,23,25,2,3,3
DIATSA_LOCUS5303,0,0,0,2,2,2
DIATSA_LOCUS5304,5,11,13,0,2,2
DIATSA_LOCUS5305,4,6,7,7,15,15
DIATSA_LOCUS5306,625,1139,1191,717,1376,1442
DIATSA_LOCUS5307,174,329,341,134,264,274
DIATSA_LOCUS5308,33,60,54,22,44,47
DIATSA_LOCUS5309,7,13,13,6,9,9
DIATSA_LOCUS531,3,6,6,1,2,2
DIATSA_LOCUS5310,619,1084,1129,740,1240,1296
DIATSA_LOCUS5311,93,164,168,58,94,95
DIATSA_LOCUS5312,316,531,556,292,518,539
DIATSA_LOCUS5313,1099,2210,2298,840,1567,1626
DIATSA_LOCUS5314,2087,3547,3674,1160,1982,2070
DIATSA_LOCUS5315,103,229,241,89,183,193
DIATSA_LOCUS5316,0,1,1,0,0,0
DIATSA_LOCUS5317,4,11,11,0,0,0
DIATSA_LOCUS5318,593,1248,1307,568,1174,1236
DIATSA_LOCUS5319,185,383,397,203,435,453
DIATSA_LOCUS532,165,345,360,79,156,159
DIATSA_LOCUS5320,149,258,269,117,223,229
DIATSA_LOCUS5321,86,190,197,136,253,261
DIATSA_LOCUS5322,76,161,167,72,171,173
DIATSA_LOCUS5323,69,126,135,69,110,120
DIATSA_LOCUS5324,64,110,114,8,19,19
DIATSA_LOCUS5325,25,59,63,26,43,43
DIATSA_LOCUS5326,17,40,43,5,16,15
DIATSA_LOCUS5327,0,1,1,1,2,2
DIATSA_LOCUS5328,39,56,57,43,56,61
DIATSA_LOCUS5329,70,148,151,75,154,161
DIATSA_LOCUS533,0,1,1,0,0,1
DIATSA_LOCUS5330,32,49,50,26,45,48
DIATSA_LOCUS5331,1,2,2,0,3,3
DIATSA_LOCUS5332,6,9,9,9,14,15
DIATSA_LOCUS5333,123,245,262,72,135,146
DIATSA_LOCUS5334,87,166,173,52,84,91
DIATSA_LOCUS5335,53,108,111,64,109,110
DIATSA_LOCUS5336,536,1220,1259,339,814,848
DIATSA_LOCUS5337,29,66,67,24,44,45
DIATSA_LOCUS5338,67,128,139,19,38,41
DIATSA_LOCUS5339,543,1127,1174,187,431,457
DIATSA_LOCUS534,0,0,0,0,0,0
DIATSA_LOCUS5340,157,306,321,91,153,160
DIATSA_LOCUS5341,0,0,0,0,0,0
DIATSA_LOCUS5342,4,4,4,1,1,1
DIATSA_LOCUS5343,2,3,4,1,2,2
DIATSA_LOCUS5344,4,8,9,7,7,7
DIATSA_LOCUS5345,11,22,22,5,9,9
DIATSA_LOCUS5346,9,25,27,19,36,36
DIATSA_LOCUS5347,448,812,836,421,815,838
DIATSA_LOCUS5348,7,12,12,6,10,10
DIATSA_LOCUS5349,0,1,1,0,0,0
DIATSA_LOCUS535,0,0,0,0,0,0
DIATSA_LOCUS5350,13,16,19,5,8,10
DIATSA_LOCUS5351,4,8,9,2,5,5
DIATSA_LOCUS5352,0,2,2,1,1,1
DIATSA_LOCUS5353,0,0,0,1,1,1
DIATSA_LOCUS5354,59,123,130,73,122,127
DIATSA_LOCUS5355,1,5,5,3,7,8
DIATSA_LOCUS5356,2,5,5,3,4,4
DIATSA_LOCUS5357,0,0,0,0,0,0
DIATSA_LOCUS5358,25,36,37,24,44,46
DIATSA_LOCUS5359,7,12,12,9,17,17
DIATSA_LOCUS536,68,128,141,26,47,49
DIATSA_LOCUS5360,0,2,2,1,6,6
DIATSA_LOCUS5361,62,133,133,37,72,74
DIATSA_LOCUS5362,39,76,80,12,20,20
DIATSA_LOCUS5363,4,4,4,0,1,1
DIATSA_LOCUS5364,57,117,123,40,96,99
DIATSA_LOCUS5365,156,298,317,147,297,305
DIATSA_LOCUS5366,19,36,37,43,80,84
DIATSA_LOCUS5367,13,27,27,12,21,23
DIATSA_LOCUS5368,0,0,0,1,1,1
DIATSA_LOCUS5369,1,5,5,8,9,10
DIATSA_LOCUS537,91,186,201,49,112,121
DIATSA_LOCUS5370,98,177,182,114,232,244
DIATSA_LOCUS5371,45,75,78,7,15,18
DIATSA_LOCUS5372,66,136,141,19,61,69
DIATSA_LOCUS5373,94,168,175,73,128,134
DIATSA_LOCUS5374,411,865,907,432,815,859
DIATSA_LOCUS5375,137,215,229,100,180,190
DIATSA_LOCUS5376,297,555,579,372,647,674
DIATSA_LOCUS5377,21,39,41,11,22,25
DIATSA_LOCUS5378,0,0,0,0,0,0
DIATSA_LOCUS5379,46,96,99,45,88,92
DIATSA_LOCUS538,5,11,11,7,17,19
DIATSA_LOCUS5380,0,0,0,0,1,1
DIATSA_LOCUS5381,0,0,0,0,1,1
DIATSA_LOCUS5382,0,0,0,0,0,0
DIATSA_LOCUS5383,7,15,17,2,5,5
DIATSA_LOCUS5384,22,40,41,11,18,20
DIATSA_LOCUS5385,32,62,63,21,37,38
DIATSA_LOCUS5386,0,0,0,0,0,0
DIATSA_LOCUS5387,49,83,84,23,46,47
DIATSA_LOCUS5388,5,10,10,2,9,10
DIATSA_LOCUS5389,2,4,4,1,1,1
DIATSA_LOCUS539,37,79,79,40,58,64
DIATSA_LOCUS5390,149,264,271,46,67,69
DIATSA_LOCUS5391,10,13,14,2,2,3
DIATSA_LOCUS5392,23,40,40,31,51,54
DIATSA_LOCUS5393,10,20,22,21,38,40
DIATSA_LOCUS5394,6433,13186,13750,6834,13771,14359
DIATSA_LOCUS5395,66,122,137,27,48,49
DIATSA_LOCUS5396,3524,5767,6061,4108,6512,6805
DIATSA_LOCUS5397,997,1927,2001,1015,2017,2083
DIATSA_LOCUS5398,232,396,426,167,314,330
DIATSA_LOCUS5399,0,0,0,0,0,0
DIATSA_LOCUS54,15,24,24,13,20,20
DIATSA_LOCUS540,20,64,70,33,89,91
DIATSA_LOCUS5400,146,250,257,101,168,178
DIATSA_LOCUS5401,2137,3322,3436,2800,4327,4480
DIATSA_LOCUS5402,481,882,926,505,893,927
DIATSA_LOCUS5403,9,16,15,8,13,15
DIATSA_LOCUS5404,11,17,20,6,14,16
DIATSA_LOCUS5405,36,53,55,18,28,29
DIATSA_LOCUS5406,154,328,338,147,333,342
DIATSA_LOCUS5407,7,15,15,3,10,11
DIATSA_LOCUS5408,33,65,68,54,98,100
DIATSA_LOCUS5409,162,286,307,173,284,300
DIATSA_LOCUS541,152,343,356,143,312,322
DIATSA_LOCUS5410,0,1,1,1,1,2
DIATSA_LOCUS5411,12,21,20,21,45,48
DIATSA_LOCUS5412,0,0,0,0,0,0
DIATSA_LOCUS5413,0,0,0,0,0,0
DIATSA_LOCUS5414,15,26,26,12,19,20
DIATSA_LOCUS5415,858,1990,2104,967,2344,2496
DIATSA_LOCUS5416,0,0,0,0,0,0
DIATSA_LOCUS5417,27,50,53,32,59,60
DIATSA_LOCUS5418,0,3,3,0,1,1
DIATSA_LOCUS5419,88,159,162,89,183,190
DIATSA_LOCUS542,5809,12231,12703,9388,19093,19810
DIATSA_LOCUS5420,589,1071,1124,487,975,1008
DIATSA_LOCUS5421,17,37,39,18,45,48
DIATSA_LOCUS5422,39,106,118,38,120,125
DIATSA_LOCUS5423,0,1,1,0,0,0
DIATSA_LOCUS5424,19,33,37,8,14,14
DIATSA_LOCUS5425,28,66,69,31,51,51
DIATSA_LOCUS5426,7,9,9,11,26,28
DIATSA_LOCUS5427,784,1622,1678,894,1973,2049
DIATSA_LOCUS5428,0,0,0,0,0,0
DIATSA_LOCUS5429,1431,2251,2369,1316,2029,2130
DIATSA_LOCUS543,248,462,481,142,277,295
DIATSA_LOCUS5430,0,0,0,0,0,0
DIATSA_LOCUS5431,21,36,36,11,16,16
DIATSA_LOCUS5432,65,133,137,17,32,33
DIATSA_LOCUS5433,824,1448,1512,535,983,1035
DIATSA_LOCUS5434,181,336,348,85,150,154
DIATSA_LOCUS5435,72,122,128,83,140,146
DIATSA_LOCUS5436,34,65,65,31,47,49
DIATSA_LOCUS5437,27,42,46,12,25,26
DIATSA_LOCUS5438,89,165,180,53,93,97
DIATSA_LOCUS5439,17,25,29,9,23,23
DIATSA_LOCUS544,12,27,28,14,33,35
DIATSA_LOCUS5440,263,485,505,280,507,523
DIATSA_LOCUS5441,86,137,142,78,152,158
DIATSA_LOCUS5442,112,181,186,100,167,180
DIATSA_LOCUS5443,85,149,162,72,111,117
DIATSA_LOCUS5444,123,219,218,46,82,85
DIATSA_LOCUS5445,98,184,192,40,85,89
DIATSA_LOCUS5446,73,123,127,34,58,69
DIATSA_LOCUS5447,1006,1997,2074,1028,2218,2295
DIATSA_LOCUS5448,12,32,33,28,45,47
DIATSA_LOCUS5449,249,601,620,309,682,708
DIATSA_LOCUS545,13,37,41,8,11,12
DIATSA_LOCUS5450,18,37,36,5,16,17
DIATSA_LOCUS5451,21,40,43,21,32,35
DIATSA_LOCUS5452,8,14,14,1,9,11
DIATSA_LOCUS5453,413,638,670,421,653,674
DIATSA_LOCUS5454,189,315,324,130,218,224
DIATSA_LOCUS5455,125,225,235,74,128,130
DIATSA_LOCUS5456,0,0,0,0,0,0
DIATSA_LOCUS5457,2,2,2,0,0,0
DIATSA_LOCUS5458,0,0,0,0,0,0
DIATSA_LOCUS5459,0,0,0,0,0,0
DIATSA_LOCUS546,5104,9737,10140,4443,8197,8513
DIATSA_LOCUS5460,22,37,38,11,14,14
DIATSA_LOCUS5461,1,1,1,0,1,1
DIATSA_LOCUS5462,2394,4564,4717,1044,1930,1994
DIATSA_LOCUS5463,706,1268,1327,458,891,924
DIATSA_LOCUS5464,385,801,831,294,609,633
DIATSA_LOCUS5465,109,244,255,113,230,237
DIATSA_LOCUS5466,208,432,442,134,283,291
DIATSA_LOCUS5467,576,1165,1200,637,1307,1352
DIATSA_LOCUS5468,0,0,0,0,0,0
DIATSA_LOCUS5469,1,1,1,1,1,1
DIATSA_LOCUS547,198,351,362,301,578,596
DIATSA_LOCUS5470,27,43,45,11,24,26
DIATSA_LOCUS5471,107,215,224,93,194,205
DIATSA_LOCUS5472,533,963,995,442,757,785
DIATSA_LOCUS5473,107,246,255,103,215,226
DIATSA_LOCUS5474,291,468,497,305,526,547
DIATSA_LOCUS5475,0,0,0,0,0,0
DIATSA_LOCUS5476,6,11,12,5,9,9
DIATSA_LOCUS5477,176,304,314,70,136,138
DIATSA_LOCUS5478,90,228,240,115,248,257
DIATSA_LOCUS5479,212,457,476,63,139,147
DIATSA_LOCUS548,1,1,1,4,5,5
DIATSA_LOCUS5480,134,273,286,133,229,236
DIATSA_LOCUS5481,141,257,268,124,199,206
DIATSA_LOCUS5482,121,220,220,92,162,165
DIATSA_LOCUS5483,123,269,282,58,138,140
DIATSA_LOCUS5484,130,246,253,78,130,133
DIATSA_LOCUS5485,0,0,0,0,1,1
DIATSA_LOCUS5486,202,408,426,225,452,465
DIATSA_LOCUS5487,40,70,72,24,49,49
DIATSA_LOCUS5488,76,207,210,130,318,335
DIATSA_LOCUS5489,13,37,37,31,67,71
DIATSA_LOCUS549,203,390,412,53,103,108
DIATSA_LOCUS5490,7265,13870,14467,5356,10769,11223
DIATSA_LOCUS5491,0,1,1,0,1,1
DIATSA_LOCUS5492,216,443,451,146,321,338
DIATSA_LOCUS5493,63,119,124,55,140,146
DIATSA_LOCUS5494,5,6,7,5,14,15
DIATSA_LOCUS5495,7,14,15,3,13,13
DIATSA_LOCUS5496,92,156,171,33,70,75
DIATSA_LOCUS5497,219,604,622,309,712,733
DIATSA_LOCUS5498,131,285,293,148,258,265
DIATSA_LOCUS5499,693,1256,1308,904,1632,1695
DIATSA_LOCUS55,27,47,49,8,18,19
DIATSA_LOCUS550,1,5,5,4,6,6
DIATSA_LOCUS5500,22,42,43,21,39,39
DIATSA_LOCUS5501,2,1,1,0,0,0
DIATSA_LOCUS5502,518,1035,1086,486,983,1028
DIATSA_LOCUS5503,68,136,144,47,89,100
DIATSA_LOCUS5504,58,97,99,69,132,137
DIATSA_LOCUS5505,0,0,0,1,1,1
DIATSA_LOCUS5506,122,212,222,100,199,206
DIATSA_LOCUS5507,53,135,144,33,84,91
DIATSA_LOCUS5508,85,162,169,68,123,131
DIATSA_LOCUS5509,80,156,162,69,124,129
DIATSA_LOCUS551,4,15,16,1,6,7
DIATSA_LOCUS5510,126,286,299,144,333,344
DIATSA_LOCUS5511,19,29,30,2,6,6
DIATSA_LOCUS5512,1,2,2,0,1,1
DIATSA_LOCUS5513,144,311,326,110,244,251
DIATSA_LOCUS5514,0,0,0,0,0,0
DIATSA_LOCUS5515,0,1,1,1,2,2
DIATSA_LOCUS5516,66,144,148,52,107,112
DIATSA_LOCUS5517,1,2,2,2,3,3
DIATSA_LOCUS5518,167,354,372,159,286,294
DIATSA_LOCUS5519,0,0,0,0,1,1
DIATSA_LOCUS552,7,18,18,19,29,32
DIATSA_LOCUS5520,0,0,0,0,0,0
DIATSA_LOCUS5521,9666,18839,19506,15073,29133,30167
DIATSA_LOCUS5522,47,98,102,29,56,60
DIATSA_LOCUS5523,28,54,56,13,21,22
DIATSA_LOCUS5524,9,21,21,5,19,20
DIATSA_LOCUS5525,585,1060,1099,360,712,746
DIATSA_LOCUS5526,0,2,3,0,0,0
DIATSA_LOCUS5527,443,1081,1119,775,1842,1919
DIATSA_LOCUS5528,1021,2298,2404,1091,2317,2404
DIATSA_LOCUS5529,31,76,78,26,58,60
DIATSA_LOCUS553,3,4,4,2,5,6
DIATSA_LOCUS5530,354,663,698,208,416,441
DIATSA_LOCUS5531,1,2,2,0,0,0
DIATSA_LOCUS5532,80,137,143,81,160,166
DIATSA_LOCUS5533,50,81,85,18,41,43
DIATSA_LOCUS5534,268,603,631,138,294,307
DIATSA_LOCUS5535,87,223,226,61,138,138
DIATSA_LOCUS5536,46,77,81,23,40,39
DIATSA_LOCUS5537,0,0,0,0,1,1
DIATSA_LOCUS5538,1100,2460,2561,1351,2983,3063
DIATSA_LOCUS5539,51,97,102,39,62,63
DIATSA_LOCUS554,0,2,2,2,4,4
DIATSA_LOCUS5540,0,0,0,0,0,0
DIATSA_LOCUS5541,1786,3395,3511,2536,4842,4993
DIATSA_LOCUS5542,350,612,629,481,830,857
DIATSA_LOCUS5543,35,82,86,42,94,100
DIATSA_LOCUS5544,124,245,256,108,239,249
DIATSA_LOCUS5545,669,1198,1245,345,630,648
DIATSA_LOCUS5546,108,200,203,59,117,121
DIATSA_LOCUS5547,5,9,9,3,4,4
DIATSA_LOCUS5548,38,72,77,18,46,46
DIATSA_LOCUS5549,49,97,100,13,26,28
DIATSA_LOCUS555,29,55,58,7,22,23
DIATSA_LOCUS5550,882,1640,1698,802,1675,1715
DIATSA_LOCUS5551,21,35,36,6,15,15
DIATSA_LOCUS5552,54,87,92,51,94,94
DIATSA_LOCUS5553,187,337,345,91,164,169
DIATSA_LOCUS5554,5,9,9,4,6,6
DIATSA_LOCUS5555,20,56,59,26,60,66
DIATSA_LOCUS5556,0,0,0,0,0,0
DIATSA_LOCUS5557,7,12,13,11,19,19
DIATSA_LOCUS5558,0,0,0,0,0,0
DIATSA_LOCUS5559,55,112,111,68,121,123
DIATSA_LOCUS556,0,0,0,0,0,0
DIATSA_LOCUS5560,25,53,54,16,34,37
DIATSA_LOCUS5561,3,7,8,5,12,13
DIATSA_LOCUS5562,2,9,10,2,10,10
DIATSA_LOCUS5563,238,516,531,162,316,327
DIATSA_LOCUS5564,1,2,2,4,5,5
DIATSA_LOCUS5565,0,0,0,0,1,1
DIATSA_LOCUS5566,58,124,130,37,92,100
DIATSA_LOCUS5567,1,2,2,0,1,1
DIATSA_LOCUS5568,83,162,167,86,178,183
DIATSA_LOCUS5569,113,196,201,61,113,117
DIATSA_LOCUS557,1,6,10,2,1,1
DIATSA_LOCUS5570,139,278,287,48,93,101
DIATSA_LOCUS5571,2,4,4,1,1,1
DIATSA_LOCUS5572,12,21,22,4,13,15
DIATSA_LOCUS5573,82,152,157,40,83,90
DIATSA_LOCUS5574,402,683,716,555,1023,1052
DIATSA_LOCUS5575,241,440,452,277,483,498
DIATSA_LOCUS5576,30,86,86,61,111,114
DIATSA_LOCUS5577,0,1,1,0,1,2
DIATSA_LOCUS5578,254,460,476,193,351,369
DIATSA_LOCUS5579,155,288,294,134,286,294
DIATSA_LOCUS558,6,15,17,7,14,15
DIATSA_LOCUS5580,68,130,139,33,63,67
DIATSA_LOCUS5581,318,630,658,240,462,480
DIATSA_LOCUS5582,0,0,0,0,0,0
DIATSA_LOCUS5583,295,587,601,256,540,559
DIATSA_LOCUS5584,0,0,0,1,1,1
DIATSA_LOCUS5585,1,6,6,0,2,2
DIATSA_LOCUS5586,1203,2160,2252,848,1634,1703
DIATSA_LOCUS5587,56,119,123,44,105,107
DIATSA_LOCUS5588,565,1291,1351,621,1379,1426
DIATSA_LOCUS5589,150,346,361,160,402,408
DIATSA_LOCUS559,59,120,123,26,52,51
DIATSA_LOCUS5590,0,0,0,0,0,0
DIATSA_LOCUS5591,37,86,90,26,52,52
DIATSA_LOCUS5592,1132,2113,2185,1030,1909,1983
DIATSA_LOCUS5593,43,84,85,54,107,112
DIATSA_LOCUS5594,2023,3263,3379,2991,5072,5258
DIATSA_LOCUS5595,54,115,120,34,71,76
DIATSA_LOCUS5596,72,146,151,29,58,60
DIATSA_LOCUS5597,161,293,304,56,102,114
DIATSA_LOCUS5598,59,133,136,75,160,164
DIATSA_LOCUS5599,213,436,447,195,424,441
DIATSA_LOCUS56,47,86,88,27,73,74
DIATSA_LOCUS560,167,317,329,162,334,339
DIATSA_LOCUS5600,502,939,978,598,1204,1240
DIATSA_LOCUS5601,68,143,149,55,99,99
DIATSA_LOCUS5602,125,258,263,88,176,189
DIATSA_LOCUS5603,0,1,1,0,0,1
DIATSA_LOCUS5604,0,0,0,0,0,0
DIATSA_LOCUS5605,0,0,0,0,0,0
DIATSA_LOCUS5606,0,1,1,1,2,2
DIATSA_LOCUS5607,1,14,14,3,20,22
DIATSA_LOCUS5608,35,66,68,26,58,59
DIATSA_LOCUS5609,190,322,340,100,227,247
DIATSA_LOCUS561,96,191,202,120,241,251
DIATSA_LOCUS5610,0,0,0,0,0,0
DIATSA_LOCUS5611,0,5,7,1,6,9
DIATSA_LOCUS5612,0,0,0,0,0,0
DIATSA_LOCUS5613,1,3,3,1,2,2
DIATSA_LOCUS5614,3,5,5,628,1869,1936
DIATSA_LOCUS5615,0,0,0,68,108,111
DIATSA_LOCUS5616,0,0,0,25,37,37
DIATSA_LOCUS5617,250,488,509,219,486,511
DIATSA_LOCUS5618,74,122,127,96,177,182
DIATSA_LOCUS5619,177,380,394,191,393,415
DIATSA_LOCUS562,1437,2683,2789,817,1559,1629
DIATSA_LOCUS5620,8,14,15,5,19,21
DIATSA_LOCUS5621,1,3,3,0,0,0
DIATSA_LOCUS5622,80,173,180,68,124,131
DIATSA_LOCUS5623,133,230,238,52,101,107
DIATSA_LOCUS5624,0,0,0,0,0,0
DIATSA_LOCUS5625,756,1813,1943,937,2156,2358
DIATSA_LOCUS5626,106,205,210,98,172,174
DIATSA_LOCUS5627,6199,15217,15697,2981,7013,7210
DIATSA_LOCUS5628,21,37,38,28,49,51
DIATSA_LOCUS5629,15,28,29,22,41,41
DIATSA_LOCUS563,296,555,581,151,280,292
DIATSA_LOCUS5630,55,100,104,44,73,76
DIATSA_LOCUS5631,157,331,345,165,353,359
DIATSA_LOCUS5632,18,38,40,12,25,25
DIATSA_LOCUS5633,642,1257,1295,584,1155,1209
DIATSA_LOCUS5634,9,17,17,4,11,13
DIATSA_LOCUS5635,486,1015,1059,476,1006,1043
DIATSA_LOCUS5636,751,1511,1574,673,1474,1524
DIATSA_LOCUS5637,1305,2368,2480,1356,2495,2630
DIATSA_LOCUS5638,3,5,6,3,6,7
DIATSA_LOCUS5639,316,592,613,190,369,385
DIATSA_LOCUS564,6,8,8,2,9,9
DIATSA_LOCUS5640,357,734,752,263,554,564
DIATSA_LOCUS5641,115,247,254,125,288,305
DIATSA_LOCUS5642,23,51,54,26,76,81
DIATSA_LOCUS5643,481,942,984,326,529,545
DIATSA_LOCUS5644,118,262,268,117,229,237
DIATSA_LOCUS5645,132,258,265,140,267,277
DIATSA_LOCUS5646,15,40,42,17,45,45
DIATSA_LOCUS5647,0,0,0,0,0,0
DIATSA_LOCUS5648,184,345,359,240,503,515
DIATSA_LOCUS5649,452,936,969,634,1403,1473
DIATSA_LOCUS565,6623,14413,14979,8451,18067,18722
DIATSA_LOCUS5650,105,225,236,36,79,82
DIATSA_LOCUS5651,160,344,358,115,204,212
DIATSA_LOCUS5652,96,218,228,27,64,66
DIATSA_LOCUS5653,69,116,118,27,42,42
DIATSA_LOCUS5654,38,66,70,19,55,57
DIATSA_LOCUS5655,163,332,350,97,197,207
DIATSA_LOCUS5656,67,139,142,66,122,130
DIATSA_LOCUS5657,124,295,307,196,413,428
DIATSA_LOCUS5658,1647,3393,3516,1694,3455,3586
DIATSA_LOCUS5659,11,15,15,4,7,8
DIATSA_LOCUS566,54,101,102,26,45,48
DIATSA_LOCUS5660,1,2,2,1,4,4
DIATSA_LOCUS5661,31,61,63,16,24,25
DIATSA_LOCUS5662,175,318,341,79,124,128
DIATSA_LOCUS5663,32,57,59,13,33,35
DIATSA_LOCUS5664,9816,17258,17877,14181,24794,25580
DIATSA_LOCUS5665,182,325,332,78,147,154
DIATSA_LOCUS5666,22,46,48,21,52,53
DIATSA_LOCUS5667,87,183,187,118,259,261
DIATSA_LOCUS5668,6,10,10,2,8,8
DIATSA_LOCUS5669,263,566,591,266,519,541
DIATSA_LOCUS567,46,112,117,37,82,89
DIATSA_LOCUS5670,111,220,234,97,182,192
DIATSA_LOCUS5671,9,28,28,7,14,15
DIATSA_LOCUS5672,0,0,0,0,0,0
DIATSA_LOCUS5673,0,0,0,0,0,0
DIATSA_LOCUS5674,484,989,1039,548,1095,1152
DIATSA_LOCUS5675,1042,1853,1918,1323,2372,2466
DIATSA_LOCUS5676,15,30,31,15,25,25
DIATSA_LOCUS5677,26,55,60,17,40,42
DIATSA_LOCUS5678,20,52,54,16,31,32
DIATSA_LOCUS5679,7,15,15,13,27,30
DIATSA_LOCUS568,73,135,140,55,103,102
DIATSA_LOCUS5680,5,13,13,9,20,20
DIATSA_LOCUS5681,2,2,3,1,2,2
DIATSA_LOCUS5682,863,2191,2273,1140,2734,2820
DIATSA_LOCUS5683,68,141,152,20,31,33
DIATSA_LOCUS5684,1162,2197,2259,1287,2515,2603
DIATSA_LOCUS5685,5,7,7,3,5,5
DIATSA_LOCUS5686,1,0,0,0,0,0
DIATSA_LOCUS5687,1035,1562,1611,424,649,692
DIATSA_LOCUS5688,428,676,702,133,241,253
DIATSA_LOCUS5689,1113,1473,1525,419,584,605
DIATSA_LOCUS569,130,251,265,31,63,65
DIATSA_LOCUS5690,1873,2514,2611,888,1216,1260
DIATSA_LOCUS5691,994,2059,2194,883,1937,2032
DIATSA_LOCUS5692,10,40,43,2,4,4
DIATSA_LOCUS5693,0,2,2,1,3,3
DIATSA_LOCUS5694,2,2,2,0,0,0
DIATSA_LOCUS5695,0,0,0,0,0,0
DIATSA_LOCUS5696,1,6,6,5,6,6
DIATSA_LOCUS5697,4,9,9,6,11,11
DIATSA_LOCUS5698,25,49,52,30,57,59
DIATSA_LOCUS5699,111,252,262,64,155,157
DIATSA_LOCUS57,13,31,33,8,12,12
DIATSA_LOCUS570,56,111,113,28,68,75
DIATSA_LOCUS5700,66,149,153,46,124,129
DIATSA_LOCUS5701,84,187,195,67,165,173
DIATSA_LOCUS5702,15,28,28,39,73,74
DIATSA_LOCUS5703,19,39,40,23,43,44
DIATSA_LOCUS5704,80,152,157,66,134,137
DIATSA_LOCUS5705,117,221,231,108,233,250
DIATSA_LOCUS5706,39,79,83,36,77,80
DIATSA_LOCUS5707,25,46,47,17,36,37
DIATSA_LOCUS5708,165,358,371,190,384,396
DIATSA_LOCUS5709,31,64,66,11,12,13
DIATSA_LOCUS571,0,0,0,0,0,0
DIATSA_LOCUS5710,1355,2519,2644,1036,1934,2040
DIATSA_LOCUS5711,557,1272,1307,898,1775,1840
DIATSA_LOCUS5712,139,255,267,98,177,184
DIATSA_LOCUS5713,1,3,3,7,9,9
DIATSA_LOCUS5714,823,1476,1527,5613,9385,9687
DIATSA_LOCUS5715,97,159,165,90,174,178
DIATSA_LOCUS5716,127,261,271,129,280,291
DIATSA_LOCUS5717,0,0,0,0,0,0
DIATSA_LOCUS5718,396,786,841,143,315,331
DIATSA_LOCUS5719,809,1621,1678,449,1013,1074
DIATSA_LOCUS572,0,0,0,0,0,0
DIATSA_LOCUS5720,2789,5887,6122,5163,10268,10723
DIATSA_LOCUS5721,74,168,171,63,129,132
DIATSA_LOCUS5722,270,550,571,332,575,601
DIATSA_LOCUS5723,43,94,96,19,41,46
DIATSA_LOCUS5724,0,0,0,0,0,1
DIATSA_LOCUS5725,26,42,44,27,42,42
DIATSA_LOCUS5726,0,0,0,0,0,0
DIATSA_LOCUS5727,34,78,84,53,116,121
DIATSA_LOCUS5728,1,4,5,1,2,2
DIATSA_LOCUS5729,2,4,4,4,7,7
DIATSA_LOCUS573,0,1,1,0,0,0
DIATSA_LOCUS5730,1177,2453,2606,1280,2779,2962
DIATSA_LOCUS5731,112,225,233,63,151,158
DIATSA_LOCUS5732,304,733,762,299,758,789
DIATSA_LOCUS5733,494,1069,1096,639,1347,1408
DIATSA_LOCUS5734,253,553,579,274,564,591
DIATSA_LOCUS5735,0,2,2,0,0,1
DIATSA_LOCUS5736,33,62,66,37,93,96
DIATSA_LOCUS5737,148,327,348,161,335,351
DIATSA_LOCUS5738,20,38,40,23,50,50
DIATSA_LOCUS5739,66,127,131,24,42,42
DIATSA_LOCUS574,0,1,1,0,0,0
DIATSA_LOCUS5740,28,52,54,36,56,59
DIATSA_LOCUS5741,861,1647,1713,929,1706,1760
DIATSA_LOCUS5742,42,76,75,30,52,54
DIATSA_LOCUS5743,3,10,11,5,9,10
DIATSA_LOCUS5744,0,0,0,0,0,0
DIATSA_LOCUS5745,0,0,0,0,0,0
DIATSA_LOCUS5746,844,1811,1898,598,1325,1366
DIATSA_LOCUS5747,52,76,82,32,59,59
DIATSA_LOCUS5748,109,223,227,94,234,243
DIATSA_LOCUS5749,749,1323,1395,300,560,596
DIATSA_LOCUS575,0,0,0,0,0,0
DIATSA_LOCUS5750,557,1396,1477,509,1200,1252
DIATSA_LOCUS5751,43,81,86,20,55,57
DIATSA_LOCUS5752,8,17,17,3,5,5
DIATSA_LOCUS5753,28,46,46,32,59,61
DIATSA_LOCUS5754,559,1069,1111,570,1010,1049
DIATSA_LOCUS5755,1964,3490,3599,6061,10833,11273
DIATSA_LOCUS5756,15,32,33,6,12,15
DIATSA_LOCUS5757,17,42,43,8,23,26
DIATSA_LOCUS5758,0,0,1,0,0,1
DIATSA_LOCUS5759,0,0,0,2,2,2
DIATSA_LOCUS576,0,0,0,0,0,0
DIATSA_LOCUS5760,48,82,84,33,64,68
DIATSA_LOCUS5761,207,302,318,212,335,341
DIATSA_LOCUS5762,1,4,4,2,6,6
DIATSA_LOCUS5763,1,1,1,1,5,6
DIATSA_LOCUS5764,1,5,5,2,3,3
DIATSA_LOCUS5765,224,414,428,154,297,310
DIATSA_LOCUS5766,186,415,422,108,236,238
DIATSA_LOCUS5767,1571,3143,3288,1472,2964,3070
DIATSA_LOCUS5768,1190,2243,2301,1292,2534,2611
DIATSA_LOCUS5769,30,61,61,36,73,74
DIATSA_LOCUS577,0,0,0,0,0,0
DIATSA_LOCUS5770,34,64,69,27,49,48
DIATSA_LOCUS5771,498,1065,1101,302,625,651
DIATSA_LOCUS5772,104,210,216,109,185,190
DIATSA_LOCUS5773,570,1236,1306,670,1573,1637
DIATSA_LOCUS5774,13,19,19,4,13,13
DIATSA_LOCUS5775,38,78,82,32,48,52
DIATSA_LOCUS5776,30,78,79,50,126,129
DIATSA_LOCUS5777,106,215,221,85,153,160
DIATSA_LOCUS5778,39,65,70,27,28,28
DIATSA_LOCUS5779,0,0,0,0,0,0
DIATSA_LOCUS578,0,0,0,0,0,0
DIATSA_LOCUS5780,1,2,2,0,0,0
DIATSA_LOCUS5781,9,21,21,4,5,5
DIATSA_LOCUS5782,2,1,1,1,2,2
DIATSA_LOCUS5783,8,12,13,7,10,10
DIATSA_LOCUS5784,126,264,275,57,122,127
DIATSA_LOCUS5785,185,445,484,222,482,500
DIATSA_LOCUS5786,24,57,59,17,35,35
DIATSA_LOCUS5787,142,272,282,74,131,134
DIATSA_LOCUS5788,122,210,214,69,112,118
DIATSA_LOCUS5789,1,5,7,1,5,6
DIATSA_LOCUS579,0,0,0,0,0,0
DIATSA_LOCUS5790,46,97,102,31,71,74
DIATSA_LOCUS5791,2,5,5,9,16,14
DIATSA_LOCUS5792,49,82,84,43,77,82
DIATSA_LOCUS5793,60,117,120,36,66,68
DIATSA_LOCUS5794,37,70,73,15,26,28
DIATSA_LOCUS5795,300,630,654,151,281,297
DIATSA_LOCUS5796,75,159,163,31,58,65
DIATSA_LOCUS5797,138,273,280,188,415,431
DIATSA_LOCUS5798,7401,12013,12430,10429,16827,17402
DIATSA_LOCUS5799,349,762,789,365,860,879
DIATSA_LOCUS58,7,12,13,1,7,7
DIATSA_LOCUS580,4,6,6,1,4,4
DIATSA_LOCUS5800,19,38,38,19,43,45
DIATSA_LOCUS5801,130,273,280,138,269,276
DIATSA_LOCUS5802,240,554,571,199,480,489
DIATSA_LOCUS5803,154,354,361,125,311,332
DIATSA_LOCUS5804,0,0,1,0,1,1
DIATSA_LOCUS5805,0,0,0,0,0,0
DIATSA_LOCUS5806,31,76,80,16,27,29
DIATSA_LOCUS5807,57,97,99,12,42,44
DIATSA_LOCUS5808,33,76,78,39,77,79
DIATSA_LOCUS5809,51,111,114,20,41,44
DIATSA_LOCUS581,0,1,1,0,0,0
DIATSA_LOCUS5810,5,9,9,1,3,3
DIATSA_LOCUS5811,7,9,10,2,5,5
DIATSA_LOCUS5812,9,19,21,0,1,1
DIATSA_LOCUS5813,5,7,7,0,2,2
DIATSA_LOCUS5814,2,4,4,1,1,1
DIATSA_LOCUS5815,2,5,5,0,0,0
DIATSA_LOCUS5816,4,8,11,1,1,1
DIATSA_LOCUS5817,7,9,9,0,1,1
DIATSA_LOCUS5818,199,329,342,345,591,615
DIATSA_LOCUS5819,103,169,174,95,181,193
DIATSA_LOCUS582,0,0,0,0,0,0
DIATSA_LOCUS5820,8,10,11,4,4,4
DIATSA_LOCUS5821,357,745,764,313,722,755
DIATSA_LOCUS5822,22,37,39,13,17,17
DIATSA_LOCUS5823,7272,13586,14031,10467,20130,20916
DIATSA_LOCUS5824,1845,4189,4308,2623,5945,6160
DIATSA_LOCUS5825,11,25,25,9,11,12
DIATSA_LOCUS5826,2576,5239,5433,2430,5018,5219
DIATSA_LOCUS5827,36,86,94,15,29,30
DIATSA_LOCUS5828,607,1250,1301,649,1392,1443
DIATSA_LOCUS5829,24,65,72,33,55,61
DIATSA_LOCUS583,0,0,0,0,0,0
DIATSA_LOCUS5830,28,57,58,8,18,18
DIATSA_LOCUS5831,455,817,863,636,1128,1180
DIATSA_LOCUS5832,185,478,497,213,581,614
DIATSA_LOCUS5833,54,98,99,16,39,39
DIATSA_LOCUS5834,182,358,368,158,300,308
DIATSA_LOCUS5835,376,656,693,191,365,390
DIATSA_LOCUS5836,8879,16997,17617,19271,37045,38306
DIATSA_LOCUS5837,1,1,1,0,6,6
DIATSA_LOCUS5838,10,18,21,0,5,6
DIATSA_LOCUS5839,4,7,8,3,6,6
DIATSA_LOCUS584,0,0,0,0,0,0
DIATSA_LOCUS5840,4,4,4,1,2,2
DIATSA_LOCUS5841,15,31,35,8,15,17
DIATSA_LOCUS5842,142,291,300,142,297,312
DIATSA_LOCUS5843,5241,8701,9081,5230,8896,9294
DIATSA_LOCUS5844,37,79,82,22,52,56
DIATSA_LOCUS5845,279,489,529,152,313,339
DIATSA_LOCUS5846,683,1236,1322,382,714,754
DIATSA_LOCUS5847,7,14,15,9,12,14
DIATSA_LOCUS5848,16,28,30,9,14,17
DIATSA_LOCUS5849,0,0,0,2,2,3
DIATSA_LOCUS585,0,0,0,0,0,0
DIATSA_LOCUS5850,52,76,79,48,82,85
DIATSA_LOCUS5851,10,20,19,8,16,16
DIATSA_LOCUS5852,15,31,33,7,10,10
DIATSA_LOCUS5853,384,666,692,319,606,630
DIATSA_LOCUS5854,1,3,3,0,1,1
DIATSA_LOCUS5855,0,0,0,0,0,0
DIATSA_LOCUS5856,0,0,0,0,0,0
DIATSA_LOCUS5857,0,0,0,0,0,0
DIATSA_LOCUS5858,1,12,12,0,2,3
DIATSA_LOCUS5859,174,271,286,250,424,445
DIATSA_LOCUS586,0,0,0,0,0,0
DIATSA_LOCUS5860,18,26,29,17,35,36
DIATSA_LOCUS5861,44,66,69,58,93,95
DIATSA_LOCUS5862,22,67,77,34,67,68
DIATSA_LOCUS5863,246,436,454,219,419,431
DIATSA_LOCUS5864,222,386,396,210,404,418
DIATSA_LOCUS5865,1059,1957,2036,1407,2526,2629
DIATSA_LOCUS5866,27,47,55,16,33,31
DIATSA_LOCUS5867,8,19,19,8,15,15
DIATSA_LOCUS5868,2,3,3,1,1,1
DIATSA_LOCUS5869,7,14,14,4,13,13
DIATSA_LOCUS587,0,0,0,0,0,0
DIATSA_LOCUS5870,730,1548,1618,570,1182,1228
DIATSA_LOCUS5871,7,17,18,15,35,35
DIATSA_LOCUS5872,19,44,46,14,22,23
DIATSA_LOCUS5873,23,38,40,44,77,78
DIATSA_LOCUS5874,51,109,112,65,148,151
DIATSA_LOCUS5875,93,177,182,88,174,181
DIATSA_LOCUS5876,12,22,23,10,21,22
DIATSA_LOCUS5877,920,1615,1655,709,1202,1229
DIATSA_LOCUS5878,67,119,122,24,42,41
DIATSA_LOCUS5879,190,389,403,163,295,304
DIATSA_LOCUS588,0,0,0,0,0,0
DIATSA_LOCUS5880,813,1542,1596,1249,2244,2325
DIATSA_LOCUS5881,267,577,603,265,529,549
DIATSA_LOCUS5882,0,0,0,3,3,4
DIATSA_LOCUS5883,19,47,48,7,16,17
DIATSA_LOCUS5884,159,322,328,133,296,304
DIATSA_LOCUS5885,66,146,148,34,72,77
DIATSA_LOCUS5886,5,8,8,4,5,4
DIATSA_LOCUS5887,0,0,0,0,0,0
DIATSA_LOCUS5888,0,0,0,0,0,0
DIATSA_LOCUS5889,5,8,9,8,12,13
DIATSA_LOCUS589,0,0,0,0,0,0
DIATSA_LOCUS5890,0,0,0,0,0,0
DIATSA_LOCUS5891,238,479,501,122,252,258
DIATSA_LOCUS5892,222,468,486,199,396,411
DIATSA_LOCUS5893,82,159,165,81,123,131
DIATSA_LOCUS5894,111,279,286,99,251,265
DIATSA_LOCUS5895,146,294,306,85,166,175
DIATSA_LOCUS5896,730,1546,1627,901,1902,1989
DIATSA_LOCUS5897,1217,2615,2709,1096,2293,2366
DIATSA_LOCUS5898,1,1,1,0,0,0
DIATSA_LOCUS5899,42,90,99,43,91,93
DIATSA_LOCUS59,2,2,3,3,4,4
DIATSA_LOCUS590,0,0,0,0,0,0
DIATSA_LOCUS5900,108,209,220,106,208,213
DIATSA_LOCUS5901,53,111,122,19,40,44
DIATSA_LOCUS5902,0,0,0,0,0,0
DIATSA_LOCUS5903,14,25,23,28,57,61
DIATSA_LOCUS5904,4,11,12,15,34,35
DIATSA_LOCUS5905,11,21,21,18,37,37
DIATSA_LOCUS5906,0,0,1,0,0,0
DIATSA_LOCUS5907,194,368,379,103,205,217
DIATSA_LOCUS5908,7,10,10,4,7,8
DIATSA_LOCUS5909,47,98,101,83,145,149
DIATSA_LOCUS591,0,0,0,0,0,0
DIATSA_LOCUS5910,0,1,1,0,2,2
DIATSA_LOCUS5911,76,141,146,76,140,147
DIATSA_LOCUS5912,7,13,12,4,10,10
DIATSA_LOCUS5913,0,1,1,0,0,0
DIATSA_LOCUS5914,0,0,0,1,2,2
DIATSA_LOCUS5915,76,144,150,37,71,72
DIATSA_LOCUS5916,10,40,44,14,31,35
DIATSA_LOCUS5917,3,6,6,4,12,13
DIATSA_LOCUS5918,0,0,0,0,0,0
DIATSA_LOCUS5919,1,3,3,1,4,4
DIATSA_LOCUS592,0,0,0,0,0,0
DIATSA_LOCUS5920,2,5,5,2,2,2
DIATSA_LOCUS5921,20,34,33,14,23,23
DIATSA_LOCUS5922,12,31,32,22,42,45
DIATSA_LOCUS5923,1,2,2,0,0,0
DIATSA_LOCUS5924,31,46,48,29,55,59
DIATSA_LOCUS5925,47,77,79,86,167,174
DIATSA_LOCUS5926,105,219,223,98,230,238
DIATSA_LOCUS5927,233,524,542,216,483,505
DIATSA_LOCUS5928,109,233,235,127,273,277
DIATSA_LOCUS5929,254,515,538,70,140,145
DIATSA_LOCUS593,0,0,0,0,0,0
DIATSA_LOCUS5930,296,562,590,227,406,429
DIATSA_LOCUS5931,63,129,131,8,38,39
DIATSA_LOCUS5932,5,10,11,11,17,17
DIATSA_LOCUS5933,0,0,0,2,3,3
DIATSA_LOCUS5934,0,0,0,0,0,0
DIATSA_LOCUS5935,1,3,3,1,2,2
DIATSA_LOCUS5936,0,0,0,0,0,1
DIATSA_LOCUS5937,3,8,8,2,6,6
DIATSA_LOCUS5938,47,86,88,45,91,92
DIATSA_LOCUS5939,1,5,5,0,0,1
DIATSA_LOCUS594,0,0,0,0,0,0
DIATSA_LOCUS5940,195,378,394,196,338,369
DIATSA_LOCUS5941,65,120,126,80,168,172
DIATSA_LOCUS5942,39,71,74,40,88,91
DIATSA_LOCUS5943,0,0,0,0,0,1
DIATSA_LOCUS5944,83,179,184,42,84,88
DIATSA_LOCUS5945,158,322,329,84,210,219
DIATSA_LOCUS5946,43,90,95,38,67,69
DIATSA_LOCUS5947,338,670,704,326,638,660
DIATSA_LOCUS5948,104,222,229,97,174,176
DIATSA_LOCUS5949,190,347,357,124,222,227
DIATSA_LOCUS595,2,5,5,1,1,1
DIATSA_LOCUS5950,25,38,40,31,55,56
DIATSA_LOCUS5951,10,15,15,9,14,14
DIATSA_LOCUS5952,0,0,0,0,0,0
DIATSA_LOCUS5953,10,22,24,4,9,10
DIATSA_LOCUS5954,2,3,4,2,3,3
DIATSA_LOCUS5955,20,35,36,8,17,17
DIATSA_LOCUS5956,32,56,58,16,33,35
DIATSA_LOCUS5957,231,506,533,191,400,419
DIATSA_LOCUS5958,221,381,396,214,341,357
DIATSA_LOCUS5959,0,0,0,0,0,0
DIATSA_LOCUS596,0,0,0,0,0,0
DIATSA_LOCUS5960,0,0,0,0,0,0
DIATSA_LOCUS5961,1,2,1,1,1,1
DIATSA_LOCUS5962,0,0,0,0,0,0
DIATSA_LOCUS5963,16,38,38,10,17,17
DIATSA_LOCUS5964,70,122,125,17,34,35
DIATSA_LOCUS5965,5294,9373,9741,2358,4449,4635
DIATSA_LOCUS5966,25,44,43,19,30,31
DIATSA_LOCUS5967,37,69,72,15,40,41
DIATSA_LOCUS5968,3,8,9,2,3,3
DIATSA_LOCUS5969,1,1,1,0,0,0
DIATSA_LOCUS597,45,106,111,49,101,104
DIATSA_LOCUS5970,6,8,8,6,11,12
DIATSA_LOCUS5971,0,0,0,2,2,2
DIATSA_LOCUS5972,0,0,0,0,0,0
DIATSA_LOCUS5973,298,560,585,209,424,444
DIATSA_LOCUS5974,50,96,97,20,59,60
DIATSA_LOCUS5975,123,206,209,92,179,184
DIATSA_LOCUS5976,60,121,122,14,32,33
DIATSA_LOCUS5977,40,100,106,30,62,67
DIATSA_LOCUS5978,1272,2421,2519,1144,2278,2366
DIATSA_LOCUS5979,16,34,35,5,18,20
DIATSA_LOCUS598,435,906,947,250,526,543
DIATSA_LOCUS5980,364,782,809,347,742,772
DIATSA_LOCUS5981,70,144,147,11,32,33
DIATSA_LOCUS5982,0,0,0,0,1,1
DIATSA_LOCUS5983,3,4,5,1,2,2
DIATSA_LOCUS5984,94,204,211,93,181,187
DIATSA_LOCUS5985,18,30,30,10,16,16
DIATSA_LOCUS5986,208,439,461,84,194,201
DIATSA_LOCUS5987,135,292,304,155,309,318
DIATSA_LOCUS5988,0,0,0,0,0,0
DIATSA_LOCUS5989,75,202,204,119,288,303
DIATSA_LOCUS599,15471,26246,27273,22842,39406,40881
DIATSA_LOCUS5990,101,182,188,133,265,273
DIATSA_LOCUS5991,438,816,842,360,693,712
DIATSA_LOCUS5992,459,854,889,360,700,733
DIATSA_LOCUS5993,110,225,230,119,291,305
DIATSA_LOCUS5994,449,956,997,630,1302,1358
DIATSA_LOCUS5995,857,1456,1495,1919,3157,3284
DIATSA_LOCUS5996,244,469,491,406,718,742
DIATSA_LOCUS5997,3405,6358,6621,3021,5833,6041
DIATSA_LOCUS5998,430,891,931,618,1386,1439
DIATSA_LOCUS5999,20,41,43,12,29,30
DIATSA_LOCUS6,1,0,0,0,1,1
DIATSA_LOCUS60,4,4,4,2,2,2
DIATSA_LOCUS600,112,193,196,47,90,97
DIATSA_LOCUS6000,178,357,366,180,381,403
DIATSA_LOCUS6001,4,7,8,9,17,17
DIATSA_LOCUS6002,1,4,4,3,9,9
DIATSA_LOCUS6003,24,47,47,25,48,48
DIATSA_LOCUS6004,19,65,68,34,86,90
DIATSA_LOCUS6005,1676,3115,3253,2158,4127,4277
DIATSA_LOCUS6006,1932,3020,3144,2470,3909,4039
DIATSA_LOCUS6007,1198,2446,2570,1436,2860,3015
DIATSA_LOCUS6008,70,131,141,21,37,37
DIATSA_LOCUS6009,38,81,85,42,73,75
DIATSA_LOCUS601,74,147,156,92,162,169
DIATSA_LOCUS6010,286,546,563,344,680,703
DIATSA_LOCUS6011,1353,2514,2599,1372,2651,2759
DIATSA_LOCUS6012,1656,3290,3416,1331,2596,2714
DIATSA_LOCUS6013,222,468,486,172,383,404
DIATSA_LOCUS6014,38,81,88,34,81,84
DIATSA_LOCUS6015,13931,24249,25262,15524,27901,28992
DIATSA_LOCUS6016,30,52,55,17,37,37
DIATSA_LOCUS6017,583,1235,1282,503,1086,1126
DIATSA_LOCUS6018,145,272,286,70,136,141
DIATSA_LOCUS6019,5,15,15,0,2,2
DIATSA_LOCUS602,9,15,15,7,8,8
DIATSA_LOCUS6020,0,0,0,0,0,0
DIATSA_LOCUS6021,1169,2177,2275,1147,2188,2267
DIATSA_LOCUS6022,1765,3470,3609,1910,3942,4081
DIATSA_LOCUS6023,64,114,120,38,64,66
DIATSA_LOCUS6024,50,83,85,47,71,75
DIATSA_LOCUS6025,325,562,579,187,346,354
DIATSA_LOCUS6026,1,1,1,0,1,1
DIATSA_LOCUS6027,52,117,120,25,56,57
DIATSA_LOCUS6028,110,231,238,146,278,287
DIATSA_LOCUS6029,420,863,892,536,1123,1162
DIATSA_LOCUS603,79,138,146,65,116,120
DIATSA_LOCUS6030,34,90,95,32,82,82
DIATSA_LOCUS6031,266,516,536,181,358,377
DIATSA_LOCUS6032,14,30,30,50,80,81
DIATSA_LOCUS6033,30,81,86,18,35,36
DIATSA_LOCUS6034,158,300,311,120,257,263
DIATSA_LOCUS6035,314,664,688,339,788,806
DIATSA_LOCUS6036,536,1034,1077,205,374,391
DIATSA_LOCUS6037,67,133,135,78,163,168
DIATSA_LOCUS6038,34,97,103,24,45,45
DIATSA_LOCUS6039,19,41,42,14,27,29
DIATSA_LOCUS604,139,289,300,39,85,88
DIATSA_LOCUS6040,0,0,0,0,0,0
DIATSA_LOCUS6041,0,0,0,0,0,0
DIATSA_LOCUS6042,0,0,0,0,0,0
DIATSA_LOCUS6043,0,0,0,0,0,0
DIATSA_LOCUS6044,0,0,0,0,0,0
DIATSA_LOCUS6045,88,186,193,154,298,314
DIATSA_LOCUS6046,8,19,19,4,11,11
DIATSA_LOCUS6047,28,60,63,39,73,77
DIATSA_LOCUS6048,27,85,88,30,75,76
DIATSA_LOCUS6049,118,222,230,97,199,203
DIATSA_LOCUS605,0,0,0,0,0,0
DIATSA_LOCUS6050,46,108,110,44,95,97
DIATSA_LOCUS6051,9,15,16,0,3,5
DIATSA_LOCUS6052,7,9,9,2,8,8
DIATSA_LOCUS6053,33,65,73,38,78,79
DIATSA_LOCUS6054,4,11,11,4,15,17
DIATSA_LOCUS6055,0,0,0,0,1,1
DIATSA_LOCUS6056,0,0,0,0,0,0
DIATSA_LOCUS6057,0,0,0,0,0,0
DIATSA_LOCUS6058,1,1,1,0,0,0
DIATSA_LOCUS6059,0,0,0,0,0,0
DIATSA_LOCUS606,289,531,550,292,509,531
DIATSA_LOCUS6060,0,1,1,0,0,0
DIATSA_LOCUS6061,330,894,935,328,887,921
DIATSA_LOCUS6062,12,28,29,11,14,14
DIATSA_LOCUS6063,71,120,123,81,161,169
DIATSA_LOCUS6064,88,183,193,35,71,73
DIATSA_LOCUS6065,95,240,245,130,287,305
DIATSA_LOCUS6066,1142,2225,2190,1213,2319,2421
DIATSA_LOCUS6067,0,0,0,0,0,0
DIATSA_LOCUS6068,123,239,250,36,70,72
DIATSA_LOCUS6069,39,130,133,49,124,134
DIATSA_LOCUS607,8,23,25,5,10,10
DIATSA_LOCUS6070,490,1070,1140,452,1027,1100
DIATSA_LOCUS6071,45,78,77,24,42,43
DIATSA_LOCUS6072,176,337,357,96,166,175
DIATSA_LOCUS6073,12,19,20,7,12,12
DIATSA_LOCUS6074,141,264,273,70,133,141
DIATSA_LOCUS6075,112,190,196,103,183,194
DIATSA_LOCUS6076,262,518,531,309,623,648
DIATSA_LOCUS6077,315,657,680,169,329,343
DIATSA_LOCUS6078,0,0,0,0,0,0
DIATSA_LOCUS6079,342,676,712,245,490,506
DIATSA_LOCUS608,19,34,37,7,12,13
DIATSA_LOCUS6080,72,188,196,53,109,113
DIATSA_LOCUS6081,2,4,4,0,0,0
DIATSA_LOCUS6082,251,535,568,86,202,223
DIATSA_LOCUS6083,115,205,215,61,113,118
DIATSA_LOCUS6084,56,119,124,23,51,53
DIATSA_LOCUS6085,329,965,1011,380,878,919
DIATSA_LOCUS6086,154,332,354,139,254,260
DIATSA_LOCUS6087,16,36,38,32,67,71
DIATSA_LOCUS6088,33,56,58,6,15,16
DIATSA_LOCUS6089,8,14,16,7,10,9
DIATSA_LOCUS609,86,187,197,93,189,198
DIATSA_LOCUS6090,75,132,133,69,132,138
DIATSA_LOCUS6091,547,1022,1057,421,785,815
DIATSA_LOCUS6092,0,0,0,0,0,0
DIATSA_LOCUS6093,2,6,6,0,2,2
DIATSA_LOCUS6094,55,112,115,94,209,213
DIATSA_LOCUS6095,45,107,110,37,100,109
DIATSA_LOCUS6096,818,1595,1646,780,1334,1376
DIATSA_LOCUS6097,1951,3860,4050,1404,2811,2937
DIATSA_LOCUS6098,3,4,4,0,1,1
DIATSA_LOCUS6099,35,72,77,12,34,35
DIATSA_LOCUS61,10,13,14,4,7,7
DIATSA_LOCUS610,31,61,64,20,33,34
DIATSA_LOCUS6100,50,97,98,17,30,32
DIATSA_LOCUS6101,0,0,0,0,1,1
DIATSA_LOCUS6102,0,0,0,0,0,0
DIATSA_LOCUS6103,3,5,5,4,5,5
DIATSA_LOCUS6104,140,308,319,38,82,86
DIATSA_LOCUS6105,19,69,73,17,55,57
DIATSA_LOCUS6106,0,0,0,0,0,0
DIATSA_LOCUS6107,0,0,0,0,1,1
DIATSA_LOCUS6108,40,69,72,26,41,44
DIATSA_LOCUS6109,139,233,243,135,253,261
DIATSA_LOCUS611,119,211,220,94,190,196
DIATSA_LOCUS6110,8,17,17,9,19,19
DIATSA_LOCUS6111,84,177,184,76,156,162
DIATSA_LOCUS6112,333,690,726,255,530,555
DIATSA_LOCUS6113,507,1002,1040,573,1079,1132
DIATSA_LOCUS6114,8,17,17,1,6,6
DIATSA_LOCUS6115,18,38,39,5,9,9
DIATSA_LOCUS6116,18,28,29,5,10,10
DIATSA_LOCUS6117,4,14,14,5,9,9
DIATSA_LOCUS6118,148,270,287,164,283,295
DIATSA_LOCUS6119,0,0,0,0,0,0
DIATSA_LOCUS612,50,90,93,47,85,90
DIATSA_LOCUS6120,17,24,23,34,57,58
DIATSA_LOCUS6121,378,611,627,483,805,831
DIATSA_LOCUS6122,44,60,61,28,37,38
DIATSA_LOCUS6123,53,104,110,32,81,89
DIATSA_LOCUS6124,34,90,96,35,80,84
DIATSA_LOCUS6125,194,369,388,103,227,242
DIATSA_LOCUS6126,152,314,330,97,191,196
DIATSA_LOCUS6127,173,370,383,91,204,214
DIATSA_LOCUS6128,219,484,497,161,347,363
DIATSA_LOCUS6129,15,24,24,5,19,21
DIATSA_LOCUS613,30,50,50,34,64,69
DIATSA_LOCUS6130,0,0,0,0,0,1
DIATSA_LOCUS6131,1,1,1,2,3,3
DIATSA_LOCUS6132,111,225,232,63,157,165
DIATSA_LOCUS6133,1148,2626,2745,835,1818,1896
DIATSA_LOCUS6134,44,68,73,12,17,17
DIATSA_LOCUS6135,151,277,289,157,307,333
DIATSA_LOCUS6136,836,1856,1912,1000,2286,2381
DIATSA_LOCUS6137,243,421,435,259,489,509
DIATSA_LOCUS6138,266,483,500,103,217,224
DIATSA_LOCUS6139,14,22,23,12,24,25
DIATSA_LOCUS614,6,10,10,4,7,7
DIATSA_LOCUS6140,542,1195,1264,549,1243,1312
DIATSA_LOCUS6141,10,22,25,11,28,29
DIATSA_LOCUS6142,82,175,181,34,85,94
DIATSA_LOCUS6143,179,383,401,138,291,307
DIATSA_LOCUS6144,222,533,561,337,706,746
DIATSA_LOCUS6145,0,0,0,0,0,0
DIATSA_LOCUS6146,2392,4816,5012,2517,5050,5280
DIATSA_LOCUS6147,39,76,77,32,68,70
DIATSA_LOCUS6148,21,47,49,7,13,13
DIATSA_LOCUS6149,1,0,0,0,0,0
DIATSA_LOCUS615,25,58,59,23,69,74
DIATSA_LOCUS6150,5,18,18,1,3,3
DIATSA_LOCUS6151,5490,10051,10419,3028,5459,5670
DIATSA_LOCUS6152,1368,2797,2954,2252,4358,4589
DIATSA_LOCUS6153,51,108,109,39,90,93
DIATSA_LOCUS6154,173,379,399,101,206,213
DIATSA_LOCUS6155,61,131,137,48,98,102
DIATSA_LOCUS6156,296,566,582,293,582,599
DIATSA_LOCUS6157,353,639,664,295,487,499
DIATSA_LOCUS6158,174,327,341,194,388,398
DIATSA_LOCUS6159,55,104,108,39,71,74
DIATSA_LOCUS616,85,138,142,62,101,104
DIATSA_LOCUS6160,1,2,2,0,0,0
DIATSA_LOCUS6161,0,0,0,0,0,0
DIATSA_LOCUS6162,0,0,0,0,0,0
DIATSA_LOCUS6163,9,13,13,1,2,3
DIATSA_LOCUS6164,14,34,35,16,35,38
DIATSA_LOCUS6165,28,65,68,29,69,73
DIATSA_LOCUS6166,45,91,91,15,25,28
DIATSA_LOCUS6167,159,346,355,177,333,342
DIATSA_LOCUS6168,62,122,125,72,146,156
DIATSA_LOCUS6169,72,167,184,78,214,221
DIATSA_LOCUS617,100,176,181,163,281,293
DIATSA_LOCUS6170,8169,14606,15118,11388,22123,22838
DIATSA_LOCUS6171,1349,2592,2697,1039,2011,2092
DIATSA_LOCUS6172,0,0,0,0,0,0
DIATSA_LOCUS6173,151,307,314,72,142,150
DIATSA_LOCUS6174,19,51,54,14,28,30
DIATSA_LOCUS6175,32,55,60,18,33,33
DIATSA_LOCUS6176,3,11,11,3,12,12
DIATSA_LOCUS6177,2,5,5,0,4,4
DIATSA_LOCUS6178,6,11,11,5,15,16
DIATSA_LOCUS6179,2,5,5,1,4,4
DIATSA_LOCUS618,14,24,28,11,22,21
DIATSA_LOCUS6180,7,7,8,1,3,3
DIATSA_LOCUS6181,11427,21541,22440,8581,16936,17627
DIATSA_LOCUS6182,490,873,921,317,620,651
DIATSA_LOCUS6183,140,273,280,77,148,156
DIATSA_LOCUS6184,89,163,169,37,79,82
DIATSA_LOCUS6185,30,51,54,15,29,29
DIATSA_LOCUS6186,121,238,252,85,163,165
DIATSA_LOCUS6187,4,15,15,1,0,0
DIATSA_LOCUS6188,7,18,19,9,17,17
DIATSA_LOCUS6189,11,14,18,9,16,17
DIATSA_LOCUS619,0,0,0,0,0,0
DIATSA_LOCUS6190,194,325,340,101,166,168
DIATSA_LOCUS6191,226,510,533,234,514,537
DIATSA_LOCUS6192,12,20,20,5,14,14
DIATSA_LOCUS6193,0,0,0,0,0,0
DIATSA_LOCUS6194,41,80,80,15,22,23
DIATSA_LOCUS6195,87,185,191,29,67,68
DIATSA_LOCUS6196,0,0,0,1,5,5
DIATSA_LOCUS6197,60,108,114,86,155,162
DIATSA_LOCUS6198,366,767,802,315,614,636
DIATSA_LOCUS6199,55,121,125,69,107,109
DIATSA_LOCUS62,3,3,3,0,1,1
DIATSA_LOCUS620,2,2,3,1,3,3
DIATSA_LOCUS6200,2115,4152,4321,2315,4595,4791
DIATSA_LOCUS6201,356,702,726,300,528,564
DIATSA_LOCUS6202,20,39,39,19,36,36
DIATSA_LOCUS6203,1,3,3,0,0,0
DIATSA_LOCUS6204,23,54,57,14,36,37
DIATSA_LOCUS6205,2,2,3,2,3,3
DIATSA_LOCUS6206,7,14,15,17,34,35
DIATSA_LOCUS6207,0,0,0,0,0,0
DIATSA_LOCUS6208,0,3,3,2,2,2
DIATSA_LOCUS6209,2,4,4,6,11,11
DIATSA_LOCUS621,4008,7049,7315,1382,2382,2459
DIATSA_LOCUS6210,0,1,1,0,1,1
DIATSA_LOCUS6211,0,0,0,0,2,2
DIATSA_LOCUS6212,151,283,291,107,231,238
DIATSA_LOCUS6213,5,7,7,1,1,1
DIATSA_LOCUS6214,85,152,156,45,76,78
DIATSA_LOCUS6215,9,12,13,2,3,3
DIATSA_LOCUS6216,132,254,268,99,207,225
DIATSA_LOCUS6217,271,535,560,202,411,421
DIATSA_LOCUS6218,17,37,38,10,22,23
DIATSA_LOCUS6219,29,61,61,7,8,9
DIATSA_LOCUS622,63,108,110,9,20,21
DIATSA_LOCUS6220,471,963,1040,292,619,658
DIATSA_LOCUS6221,224,461,496,169,302,321
DIATSA_LOCUS6222,26,40,43,28,40,39
DIATSA_LOCUS6223,6,10,10,3,8,8
DIATSA_LOCUS6224,14,23,23,4,7,8
DIATSA_LOCUS6225,38,59,60,11,21,22
DIATSA_LOCUS6226,624,1070,1096,1107,1807,1869
DIATSA_LOCUS6227,595,979,1025,580,1005,1035
DIATSA_LOCUS6228,313,556,583,176,280,302
DIATSA_LOCUS6229,342,738,789,370,804,869
DIATSA_LOCUS623,40,80,80,64,109,110
DIATSA_LOCUS6230,490,825,870,291,543,581
DIATSA_LOCUS6231,44,98,99,34,69,70
DIATSA_LOCUS6232,557,908,941,418,647,674
DIATSA_LOCUS6233,170,346,364,266,572,595
DIATSA_LOCUS6234,33,76,79,233,557,583
DIATSA_LOCUS6235,28,44,46,21,29,30
DIATSA_LOCUS6236,99,170,178,84,166,168
DIATSA_LOCUS6237,74,184,195,70,185,190
DIATSA_LOCUS6238,8,12,13,4,7,7
DIATSA_LOCUS6239,492,857,890,279,474,498
DIATSA_LOCUS624,17,37,39,14,25,24
DIATSA_LOCUS6240,174,385,396,121,337,353
DIATSA_LOCUS6241,357,635,646,336,588,628
DIATSA_LOCUS6242,39,88,90,33,75,76
DIATSA_LOCUS6243,127,238,247,136,236,245
DIATSA_LOCUS6244,6743,11532,11986,6428,11164,11603
DIATSA_LOCUS6245,4,6,6,5,9,10
DIATSA_LOCUS6246,14,21,21,2,7,7
DIATSA_LOCUS6247,0,0,0,0,0,0
DIATSA_LOCUS6248,12,22,23,11,28,29
DIATSA_LOCUS6249,108,164,168,97,142,146
DIATSA_LOCUS625,4,10,11,4,7,7
DIATSA_LOCUS6250,29,46,47,11,18,20
DIATSA_LOCUS6251,2,2,2,1,2,4
DIATSA_LOCUS6252,0,1,1,1,2,2
DIATSA_LOCUS6253,0,0,0,1,1,1
DIATSA_LOCUS6254,0,0,0,1,2,2
DIATSA_LOCUS6255,88,257,272,169,387,404
DIATSA_LOCUS6256,264,536,552,209,384,400
DIATSA_LOCUS6257,11805,19303,20334,17899,29997,31641
DIATSA_LOCUS6258,2,2,2,3,4,5
DIATSA_LOCUS6259,9,13,13,4,6,9
DIATSA_LOCUS626,93,170,186,37,82,91
DIATSA_LOCUS6260,8,17,17,1,1,1
DIATSA_LOCUS6261,1695,2774,2899,2944,4821,5055
DIATSA_LOCUS6262,9,18,18,7,20,22
DIATSA_LOCUS6263,6,12,13,19,38,44
DIATSA_LOCUS6264,104,186,189,58,125,136
DIATSA_LOCUS6265,1,2,2,3,8,9
DIATSA_LOCUS6266,0,0,0,0,3,5
DIATSA_LOCUS6267,16,29,30,15,20,21
DIATSA_LOCUS6268,1828,3794,3967,2312,4776,5025
DIATSA_LOCUS6269,25,58,62,26,59,62
DIATSA_LOCUS627,15,23,25,4,12,12
DIATSA_LOCUS6270,0,0,0,0,0,0
DIATSA_LOCUS6271,7,16,16,5,10,10
DIATSA_LOCUS6272,69,119,125,64,101,102
DIATSA_LOCUS6273,2,3,2,0,5,5
DIATSA_LOCUS6274,6,16,17,6,20,21
DIATSA_LOCUS6275,4,8,8,5,7,8
DIATSA_LOCUS6276,158,335,351,181,400,415
DIATSA_LOCUS6277,24,54,54,25,47,49
DIATSA_LOCUS6278,401,663,702,531,817,856
DIATSA_LOCUS6279,14,33,35,7,20,22
DIATSA_LOCUS628,2,3,3,0,2,2
DIATSA_LOCUS6280,45,73,78,47,84,86
DIATSA_LOCUS6281,174,354,365,113,233,241
DIATSA_LOCUS6282,1,2,2,0,1,1
DIATSA_LOCUS6283,43,88,96,16,40,43
DIATSA_LOCUS6284,65,139,146,83,151,161
DIATSA_LOCUS6285,68,136,141,60,135,142
DIATSA_LOCUS6286,5455,11159,11532,7657,15374,15823
DIATSA_LOCUS6287,1,7,7,2,7,7
DIATSA_LOCUS6288,60,93,97,18,28,30
DIATSA_LOCUS6289,15,29,29,7,12,13
DIATSA_LOCUS629,3,3,4,1,1,1
DIATSA_LOCUS6290,20,44,47,23,38,42
DIATSA_LOCUS6291,44,63,65,41,57,61
DIATSA_LOCUS6292,20,41,43,19,37,38
DIATSA_LOCUS6293,413,771,792,305,586,597
DIATSA_LOCUS6294,675,1241,1270,779,1705,1749
DIATSA_LOCUS6295,141,250,259,146,271,278
DIATSA_LOCUS6296,62,162,176,38,79,87
DIATSA_LOCUS6297,609,1114,1164,1061,1827,1895
DIATSA_LOCUS6298,265,486,503,511,856,889
DIATSA_LOCUS6299,7342,15750,16284,11375,23522,24340
DIATSA_LOCUS63,213,340,350,48,95,98
DIATSA_LOCUS630,0,0,0,0,0,0
DIATSA_LOCUS6300,466,1069,1098,440,986,1017
DIATSA_LOCUS6301,18,40,42,24,48,49
DIATSA_LOCUS6302,38,85,86,12,26,28
DIATSA_LOCUS6303,9,14,15,5,9,9
DIATSA_LOCUS6304,78,179,184,69,158,164
DIATSA_LOCUS6305,3916,7349,7596,3057,5866,6078
DIATSA_LOCUS6306,0,0,0,0,0,0
DIATSA_LOCUS6307,105,209,218,77,155,165
DIATSA_LOCUS6308,0,0,0,0,1,1
DIATSA_LOCUS6309,343,690,723,166,335,356
DIATSA_LOCUS631,63,129,135,120,217,219
DIATSA_LOCUS6310,68,117,118,39,82,87
DIATSA_LOCUS6311,27,50,51,42,72,73
DIATSA_LOCUS6312,1,1,1,0,2,2
DIATSA_LOCUS6313,0,0,0,0,0,0
DIATSA_LOCUS6314,148,248,257,183,304,320
DIATSA_LOCUS6315,99,166,169,70,110,114
DIATSA_LOCUS6316,161,334,347,57,121,126
DIATSA_LOCUS6317,148,330,340,149,318,330
DIATSA_LOCUS6318,36,63,67,6,8,8
DIATSA_LOCUS6319,28,46,49,8,20,23
DIATSA_LOCUS632,9,35,35,21,55,54
DIATSA_LOCUS6320,564,1002,1040,270,504,530
DIATSA_LOCUS6321,132,248,257,80,169,179
DIATSA_LOCUS6322,22,52,53,14,31,34
DIATSA_LOCUS6323,5,20,20,8,14,14
DIATSA_LOCUS6324,29,44,48,17,29,30
DIATSA_LOCUS6325,884,1654,1745,801,1438,1517
DIATSA_LOCUS6326,24,55,55,22,58,58
DIATSA_LOCUS6327,85,155,166,99,206,216
DIATSA_LOCUS6328,23,50,54,50,93,100
DIATSA_LOCUS6329,82,162,168,33,59,60
DIATSA_LOCUS633,169,306,316,75,171,179
DIATSA_LOCUS6330,112,217,224,20,42,48
DIATSA_LOCUS6331,248,469,487,133,235,246
DIATSA_LOCUS6332,40,136,142,55,132,136
DIATSA_LOCUS6333,35,81,82,17,37,39
DIATSA_LOCUS6334,25,58,60,23,49,51
DIATSA_LOCUS6335,35,64,67,36,70,72
DIATSA_LOCUS6336,6,12,12,10,21,22
DIATSA_LOCUS6337,0,0,0,0,0,0
DIATSA_LOCUS6338,97,158,166,26,49,54
DIATSA_LOCUS6339,0,4,5,0,2,2
DIATSA_LOCUS634,5,8,9,1,3,3
DIATSA_LOCUS6340,60,115,123,30,72,76
DIATSA_LOCUS6341,80,141,146,76,135,138
DIATSA_LOCUS6342,0,0,0,0,0,0
DIATSA_LOCUS6343,0,0,0,0,1,2
DIATSA_LOCUS6344,361,780,812,406,859,909
DIATSA_LOCUS6345,48,80,83,40,62,64
DIATSA_LOCUS6346,0,0,0,0,0,0
DIATSA_LOCUS6347,30,76,75,18,40,42
DIATSA_LOCUS6348,0,2,2,0,0,0
DIATSA_LOCUS6349,0,0,1,3,2,2
DIATSA_LOCUS635,525,1037,1081,160,274,284
DIATSA_LOCUS6350,31,76,79,35,78,84
DIATSA_LOCUS6351,0,1,1,0,1,1
DIATSA_LOCUS6352,0,0,0,1,1,1
DIATSA_LOCUS6353,888,1859,1925,959,2043,2125
DIATSA_LOCUS6354,1202,2341,2436,1245,2527,2643
DIATSA_LOCUS6355,42,99,107,53,96,102
DIATSA_LOCUS6356,80,160,164,43,94,98
DIATSA_LOCUS6357,1112,2327,2418,1283,2774,2892
DIATSA_LOCUS6358,228,477,497,250,482,504
DIATSA_LOCUS6359,99,233,250,49,105,112
DIATSA_LOCUS636,424,1073,1101,566,1460,1523
DIATSA_LOCUS6360,36,55,57,19,32,35
DIATSA_LOCUS6361,71,153,159,24,56,56
DIATSA_LOCUS6362,168,265,276,74,118,126
DIATSA_LOCUS6363,2,3,3,0,1,1
DIATSA_LOCUS6364,7,16,17,3,6,6
DIATSA_LOCUS6365,396,654,674,333,550,566
DIATSA_LOCUS6366,17,34,35,6,8,8
DIATSA_LOCUS6367,0,0,0,0,0,0
DIATSA_LOCUS6368,0,1,1,0,0,0
DIATSA_LOCUS6369,37,82,81,32,60,59
DIATSA_LOCUS637,1,1,1,0,1,1
DIATSA_LOCUS6370,1,4,4,4,4,4
DIATSA_LOCUS6371,1212,2424,2526,1152,2126,2213
DIATSA_LOCUS6372,39,84,88,37,84,90
DIATSA_LOCUS6373,149,290,305,114,265,270
DIATSA_LOCUS6374,181,350,353,184,358,373
DIATSA_LOCUS6375,162,291,301,71,158,161
DIATSA_LOCUS6376,6,7,7,1,1,2
DIATSA_LOCUS6377,101,204,208,110,212,219
DIATSA_LOCUS6378,313,554,573,203,364,383
DIATSA_LOCUS6379,64,115,119,32,54,56
DIATSA_LOCUS638,0,0,0,0,0,0
DIATSA_LOCUS6380,1473,2465,2564,1029,1835,1906
DIATSA_LOCUS6381,11735,22666,23593,15632,30629,31854
DIATSA_LOCUS6382,60,126,128,56,99,99
DIATSA_LOCUS6383,0,0,0,0,0,0
DIATSA_LOCUS6384,73,131,132,34,51,53
DIATSA_LOCUS6385,51,108,110,30,56,57
DIATSA_LOCUS6386,123,277,298,70,152,165
DIATSA_LOCUS6387,9,23,24,40,68,73
DIATSA_LOCUS6388,1240,1804,1868,2106,3153,3270
DIATSA_LOCUS6389,327,573,612,517,886,922
DIATSA_LOCUS639,16,24,24,12,20,20
DIATSA_LOCUS6390,40,90,94,38,80,80
DIATSA_LOCUS6391,24,43,45,24,53,54
DIATSA_LOCUS6392,1,1,1,0,2,2
DIATSA_LOCUS6393,0,0,0,0,0,0
DIATSA_LOCUS6394,134,255,263,43,93,93
DIATSA_LOCUS6395,129,355,378,90,204,226
DIATSA_LOCUS6396,90,163,174,35,58,60
DIATSA_LOCUS6397,590,1147,1186,862,1660,1746
DIATSA_LOCUS6398,245,539,556,210,441,467
DIATSA_LOCUS6399,58,114,116,52,98,100
DIATSA_LOCUS64,4,7,7,0,1,2
DIATSA_LOCUS640,0,0,0,0,0,0
DIATSA_LOCUS6400,30,72,73,29,49,52
DIATSA_LOCUS6401,2080,3866,4050,1775,3348,3473
DIATSA_LOCUS6402,89,221,234,98,285,303
DIATSA_LOCUS6403,443,845,889,278,522,550
DIATSA_LOCUS6404,1026,1994,2091,668,1244,1290
DIATSA_LOCUS6405,27,51,52,44,79,81
DIATSA_LOCUS6406,4,16,18,11,25,25
DIATSA_LOCUS6407,29433,51594,53524,31988,58277,60616
DIATSA_LOCUS6408,66,118,125,24,39,40
DIATSA_LOCUS6409,1,2,2,1,3,3
DIATSA_LOCUS641,3,8,8,0,0,0
DIATSA_LOCUS6410,58,108,112,32,51,54
DIATSA_LOCUS6411,116,255,265,106,232,237
DIATSA_LOCUS6412,118,210,219,78,150,153
DIATSA_LOCUS6413,259,473,499,136,234,242
DIATSA_LOCUS6414,0,5,7,7,13,13
DIATSA_LOCUS6415,785,1367,1421,1118,2081,2152
DIATSA_LOCUS6416,72,149,153,23,43,44
DIATSA_LOCUS6417,3,6,6,2,3,3
DIATSA_LOCUS6418,9,19,20,3,5,5
DIATSA_LOCUS6419,101,149,158,34,58,60
DIATSA_LOCUS642,3758,7438,7674,2244,4448,4587
DIATSA_LOCUS6420,0,1,1,0,0,0
DIATSA_LOCUS6421,119,258,270,104,200,205
DIATSA_LOCUS6422,182,320,324,107,189,199
DIATSA_LOCUS6423,0,0,0,0,0,0
DIATSA_LOCUS6424,12,31,30,12,29,29
DIATSA_LOCUS6425,7,11,12,4,6,6
DIATSA_LOCUS6426,13,43,44,165,464,493
DIATSA_LOCUS6427,97,218,225,165,296,306
DIATSA_LOCUS6428,14,24,24,49,180,191
DIATSA_LOCUS6429,0,0,0,0,0,0
DIATSA_LOCUS643,21,27,27,4,5,5
DIATSA_LOCUS6430,0,0,1,0,0,0
DIATSA_LOCUS6431,0,1,1,0,0,0
DIATSA_LOCUS6432,0,2,3,1,1,1
DIATSA_LOCUS6433,535,950,982,916,1677,1720
DIATSA_LOCUS6434,69,148,157,32,81,84
DIATSA_LOCUS6435,0,0,0,0,0,0
DIATSA_LOCUS6436,6,7,8,1,2,2
DIATSA_LOCUS6437,87,169,176,97,158,167
DIATSA_LOCUS6438,165,310,321,114,237,243
DIATSA_LOCUS6439,30,58,62,24,55,57
DIATSA_LOCUS644,165,337,352,123,242,260
DIATSA_LOCUS6440,19,42,43,22,40,40
DIATSA_LOCUS6441,176,304,318,127,271,280
DIATSA_LOCUS6442,30,66,72,12,29,31
DIATSA_LOCUS6443,95,251,264,124,292,309
DIATSA_LOCUS6444,91,188,198,71,115,118
DIATSA_LOCUS6445,1839,3532,3653,1766,3464,3585
DIATSA_LOCUS6446,25,45,47,16,35,35
DIATSA_LOCUS6447,98,175,182,77,164,169
DIATSA_LOCUS6448,0,0,0,0,0,0
DIATSA_LOCUS6449,1043,1703,1768,637,1142,1184
DIATSA_LOCUS645,77,166,172,53,122,125
DIATSA_LOCUS6450,0,0,0,0,0,0
DIATSA_LOCUS6451,14,26,29,10,28,31
DIATSA_LOCUS6452,22,37,39,17,33,35
DIATSA_LOCUS6453,0,0,0,0,0,0
DIATSA_LOCUS6454,10,29,33,7,17,20
DIATSA_LOCUS6455,31,61,65,21,40,40
DIATSA_LOCUS6456,332,636,658,157,349,365
DIATSA_LOCUS6457,18,27,30,18,42,45
DIATSA_LOCUS6458,12,18,18,10,24,26
DIATSA_LOCUS6459,361,788,812,319,637,662
DIATSA_LOCUS646,259,444,459,139,253,255
DIATSA_LOCUS6460,18,41,42,12,31,33
DIATSA_LOCUS6461,600,1084,1124,346,650,683
DIATSA_LOCUS6462,0,3,3,1,1,1
DIATSA_LOCUS6463,211,424,444,165,337,344
DIATSA_LOCUS6464,0,0,0,0,0,0
DIATSA_LOCUS6465,5,6,6,2,6,6
DIATSA_LOCUS6466,1,5,6,6,33,35
DIATSA_LOCUS6467,6,14,14,34,86,88
DIATSA_LOCUS6468,22951,42449,43972,35807,64239,66476
DIATSA_LOCUS6469,29636,57530,59572,69454,131899,136694
DIATSA_LOCUS647,12,15,16,3,4,4
DIATSA_LOCUS6470,23466,45001,46638,41348,77706,80095
DIATSA_LOCUS6471,11197,24215,25077,18146,39267,40860
DIATSA_LOCUS6472,17,36,36,7,15,16
DIATSA_LOCUS6473,22,34,36,20,35,39
DIATSA_LOCUS6474,2754,5309,5467,2515,4629,4796
DIATSA_LOCUS6475,46,70,71,221,424,445
DIATSA_LOCUS6476,99,148,158,54,108,133
DIATSA_LOCUS6477,0,0,0,0,0,0
DIATSA_LOCUS6478,16,27,28,47,68,70
DIATSA_LOCUS6479,58,123,126,40,89,89
DIATSA_LOCUS648,19,27,29,4,6,6
DIATSA_LOCUS6480,354,624,646,303,590,617
DIATSA_LOCUS6481,90,156,163,111,221,230
DIATSA_LOCUS6482,0,0,0,0,0,0
DIATSA_LOCUS6483,14663,28996,30173,20983,43194,44847
DIATSA_LOCUS6484,7,15,16,5,10,12
DIATSA_LOCUS6485,911,1948,2013,1308,2652,2741
DIATSA_LOCUS6486,6,6,7,1,3,3
DIATSA_LOCUS6487,1,4,4,1,5,6
DIATSA_LOCUS6488,1,5,6,1,1,2
DIATSA_LOCUS6489,94,211,224,88,190,194
DIATSA_LOCUS649,0,0,1,1,1,1
DIATSA_LOCUS6490,29,47,50,34,54,57
DIATSA_LOCUS6491,11,17,19,15,32,32
DIATSA_LOCUS6492,90,210,221,61,190,201
DIATSA_LOCUS6493,253,496,507,310,576,588
DIATSA_LOCUS6494,415,759,786,343,644,658
DIATSA_LOCUS6495,197,385,402,185,367,387
DIATSA_LOCUS6496,29,69,74,22,50,51
DIATSA_LOCUS6497,158,299,310,94,183,193
DIATSA_LOCUS6498,422,889,929,241,500,509
DIATSA_LOCUS6499,29,48,50,18,29,29
DIATSA_LOCUS65,1,1,1,0,0,0
DIATSA_LOCUS650,7,11,11,3,4,4
DIATSA_LOCUS6500,286,527,553,377,700,721
DIATSA_LOCUS6501,53,131,134,33,75,80
DIATSA_LOCUS6502,17,30,31,8,16,18
DIATSA_LOCUS6503,14,31,31,22,38,41
DIATSA_LOCUS6504,125,237,246,77,153,158
DIATSA_LOCUS6505,48,78,80,18,37,38
DIATSA_LOCUS6506,133,235,241,137,254,264
DIATSA_LOCUS6507,34,89,97,55,117,120
DIATSA_LOCUS6508,727,1523,1580,998,2067,2135
DIATSA_LOCUS6509,0,0,0,0,0,0
DIATSA_LOCUS651,19,35,35,8,19,18
DIATSA_LOCUS6510,67,126,138,65,124,132
DIATSA_LOCUS6511,6,8,8,0,2,2
DIATSA_LOCUS6512,5,13,15,3,8,9
DIATSA_LOCUS6513,960,1865,1934,1220,2299,2381
DIATSA_LOCUS6514,21,48,49,35,81,83
DIATSA_LOCUS6515,73,150,153,99,171,178
DIATSA_LOCUS6516,3611,6487,6753,3880,6854,7116
DIATSA_LOCUS6517,522,1005,1032,557,1110,1153
DIATSA_LOCUS6518,133,236,243,125,255,265
DIATSA_LOCUS6519,113,218,222,32,78,79
DIATSA_LOCUS652,130,313,338,145,326,344
DIATSA_LOCUS6520,12295,21713,22464,18160,32311,33420
DIATSA_LOCUS6521,40,73,73,36,60,62
DIATSA_LOCUS6522,2,6,6,7,15,15
DIATSA_LOCUS6523,79,184,193,27,47,54
DIATSA_LOCUS6524,324,641,667,256,488,516
DIATSA_LOCUS6525,168,346,358,110,237,250
DIATSA_LOCUS6526,69,169,178,73,137,141
DIATSA_LOCUS6527,239,496,514,199,403,420
DIATSA_LOCUS6528,78,133,140,66,133,140
DIATSA_LOCUS6529,41,84,90,32,60,62
DIATSA_LOCUS653,23,48,48,6,14,13
DIATSA_LOCUS6530,158,377,386,189,455,472
DIATSA_LOCUS6531,1,2,3,0,0,0
DIATSA_LOCUS6532,0,1,1,0,0,0
DIATSA_LOCUS6533,0,0,0,0,0,0
DIATSA_LOCUS6534,0,0,0,0,0,0
DIATSA_LOCUS6535,0,0,0,0,0,0
DIATSA_LOCUS6536,546,1150,1192,125,263,274
DIATSA_LOCUS6537,0,0,0,0,0,0
DIATSA_LOCUS6538,15,22,24,2,3,4
DIATSA_LOCUS6539,65,154,160,74,170,176
DIATSA_LOCUS654,75,149,152,60,118,122
DIATSA_LOCUS6540,957,2216,2295,1478,3397,3516
DIATSA_LOCUS6541,1172,2150,2235,964,1816,1913
DIATSA_LOCUS6542,95,207,212,86,205,211
DIATSA_LOCUS6543,226,516,532,147,347,355
DIATSA_LOCUS6544,6,8,8,2,5,6
DIATSA_LOCUS6545,260,641,663,235,554,569
DIATSA_LOCUS6546,150,275,277,145,268,275
DIATSA_LOCUS6547,77,145,147,45,99,104
DIATSA_LOCUS6548,36,73,74,21,48,50
DIATSA_LOCUS6549,145,300,316,172,354,369
DIATSA_LOCUS655,23,35,35,4,8,8
DIATSA_LOCUS6550,0,0,0,0,0,0
DIATSA_LOCUS6551,98,202,208,55,92,97
DIATSA_LOCUS6552,595,1236,1284,474,998,1027
DIATSA_LOCUS6553,51,99,102,26,57,61
DIATSA_LOCUS6554,237,510,523,229,475,489
DIATSA_LOCUS6555,42,79,83,25,49,52
DIATSA_LOCUS6556,7,13,14,10,17,17
DIATSA_LOCUS6557,19,42,43,12,24,25
DIATSA_LOCUS6558,64,108,114,59,101,104
DIATSA_LOCUS6559,28,60,62,25,70,72
DIATSA_LOCUS656,8,8,8,6,13,13
DIATSA_LOCUS6560,312,648,685,210,417,436
DIATSA_LOCUS6561,64,106,112,57,100,101
DIATSA_LOCUS6562,3,10,12,7,12,13
DIATSA_LOCUS6563,159,357,364,157,316,330
DIATSA_LOCUS6564,9,18,19,3,5,5
DIATSA_LOCUS6565,259,500,532,118,229,237
DIATSA_LOCUS6566,253,467,490,160,282,289
DIATSA_LOCUS6567,11,18,20,22,39,42
DIATSA_LOCUS6568,935,2039,2111,824,1682,1734
DIATSA_LOCUS6569,5708,10529,10931,12229,22375,23266
DIATSA_LOCUS657,145,265,274,93,194,199
DIATSA_LOCUS6570,252,471,481,153,300,304
DIATSA_LOCUS6571,280,515,552,107,227,233
DIATSA_LOCUS6572,178,305,334,46,138,144
DIATSA_LOCUS6573,7,13,13,15,25,26
DIATSA_LOCUS6574,183,361,378,209,406,426
DIATSA_LOCUS6575,77,151,153,56,109,112
DIATSA_LOCUS6576,0,0,0,0,0,0
DIATSA_LOCUS6577,38,57,62,39,79,82
DIATSA_LOCUS6578,13,32,34,18,29,29
DIATSA_LOCUS6579,12,28,28,19,27,28
DIATSA_LOCUS658,2,4,4,0,0,0
DIATSA_LOCUS6580,8,16,18,8,12,12
DIATSA_LOCUS6581,5,13,14,6,11,12
DIATSA_LOCUS6582,32,71,74,54,97,100
DIATSA_LOCUS6583,381,784,827,485,911,938
DIATSA_LOCUS6584,0,1,1,2,3,3
DIATSA_LOCUS6585,6,16,16,4,9,9
DIATSA_LOCUS6586,260,527,546,185,389,402
DIATSA_LOCUS6587,0,1,1,0,0,0
DIATSA_LOCUS6588,206,396,412,174,343,357
DIATSA_LOCUS6589,940,2035,2097,1060,2231,2295
DIATSA_LOCUS659,10,23,24,10,26,26
DIATSA_LOCUS6590,1,3,3,3,4,2
DIATSA_LOCUS6591,39,97,100,60,126,133
DIATSA_LOCUS6592,220,453,472,115,252,267
DIATSA_LOCUS6593,0,0,0,0,0,0
DIATSA_LOCUS6594,1,2,3,0,0,0
DIATSA_LOCUS6595,87,156,162,143,246,255
DIATSA_LOCUS6596,659,1300,1339,754,1422,1481
DIATSA_LOCUS6597,556,978,1011,870,1659,1759
DIATSA_LOCUS6598,5,14,16,7,16,18
DIATSA_LOCUS6599,2,7,7,4,9,10
DIATSA_LOCUS66,13,37,39,1,7,11
DIATSA_LOCUS660,0,0,0,0,0,0
DIATSA_LOCUS6600,47,64,64,43,66,68
DIATSA_LOCUS6601,26,68,71,52,116,124
DIATSA_LOCUS6602,147,269,276,156,270,280
DIATSA_LOCUS6603,1,3,5,1,1,1
DIATSA_LOCUS6604,1,3,3,0,0,0
DIATSA_LOCUS6605,37,77,79,44,88,90
DIATSA_LOCUS6606,4,6,6,4,6,6
DIATSA_LOCUS6607,687,1427,1486,645,1413,1449
DIATSA_LOCUS6608,7,11,11,0,3,3
DIATSA_LOCUS6609,13,35,38,15,22,23
DIATSA_LOCUS661,3,3,3,0,2,2
DIATSA_LOCUS6610,206,435,452,239,475,498
DIATSA_LOCUS6611,7,16,16,15,30,31
DIATSA_LOCUS6612,1042,1849,1926,981,1736,1817
DIATSA_LOCUS6613,4392,9740,10074,6218,13940,14438
DIATSA_LOCUS6614,154,348,361,177,398,409
DIATSA_LOCUS6615,85,166,177,116,205,214
DIATSA_LOCUS6616,11,32,34,16,35,35
DIATSA_LOCUS6617,52,95,94,14,32,34
DIATSA_LOCUS6618,392,710,729,390,770,792
DIATSA_LOCUS6619,4411,9706,10060,4274,9823,10231
DIATSA_LOCUS662,39,93,98,26,46,49
DIATSA_LOCUS6620,213,378,390,225,463,479
DIATSA_LOCUS6621,102,234,238,110,267,274
DIATSA_LOCUS6622,0,0,0,0,0,0
DIATSA_LOCUS6623,15,29,30,21,33,34
DIATSA_LOCUS6624,96,212,213,72,152,154
DIATSA_LOCUS6625,50,102,105,25,61,62
DIATSA_LOCUS6626,679,1295,1358,388,769,788
DIATSA_LOCUS6627,184,384,398,71,145,148
DIATSA_LOCUS6628,80,165,171,128,231,242
DIATSA_LOCUS6629,185,346,355,72,122,128
DIATSA_LOCUS663,12,20,20,4,8,8
DIATSA_LOCUS6630,729,1467,1533,537,1044,1091
DIATSA_LOCUS6631,125,208,215,102,184,188
DIATSA_LOCUS6632,286,561,589,251,423,446
DIATSA_LOCUS6633,556,1305,1356,442,903,935
DIATSA_LOCUS6634,95,218,227,89,203,207
DIATSA_LOCUS6635,214,426,437,148,260,267
DIATSA_LOCUS6636,18,34,35,19,37,38
DIATSA_LOCUS6637,202,424,434,203,382,388
DIATSA_LOCUS6638,44,86,89,17,30,35
DIATSA_LOCUS6639,40,111,112,56,104,105
DIATSA_LOCUS664,696,1530,1588,371,871,898
DIATSA_LOCUS6640,77,154,160,12,24,25
DIATSA_LOCUS6641,2,3,4,0,2,2
DIATSA_LOCUS6642,1,2,2,2,3,3
DIATSA_LOCUS6643,0,0,0,0,0,0
DIATSA_LOCUS6644,8,0,14,3,0,0
DIATSA_LOCUS6645,0,26,27,6,0,18
DIATSA_LOCUS6646,13,21,21,0,5,5
DIATSA_LOCUS6647,12,25,26,3,6,6
DIATSA_LOCUS6648,0,0,0,0,0,0
DIATSA_LOCUS6649,3,5,5,2,4,4
DIATSA_LOCUS665,11,25,25,18,33,33
DIATSA_LOCUS6650,0,14,0,0,14,14
DIATSA_LOCUS6651,12,0,0,0,18,0
DIATSA_LOCUS6652,16,24,26,12,21,21
DIATSA_LOCUS6653,0,1,1,0,0,0
DIATSA_LOCUS6654,28,81,81,13,35,37
DIATSA_LOCUS6655,6,16,18,9,20,20
DIATSA_LOCUS6656,0,0,0,0,0,0
DIATSA_LOCUS6657,303,570,592,338,697,717
DIATSA_LOCUS6658,1,1,1,0,0,0
DIATSA_LOCUS6659,22,46,47,13,26,27
DIATSA_LOCUS666,14,39,43,8,22,22
DIATSA_LOCUS6660,221,397,414,231,396,408
DIATSA_LOCUS6661,389,789,830,509,1030,1066
DIATSA_LOCUS6662,50,83,84,33,56,58
DIATSA_LOCUS6663,169,342,365,60,124,129
DIATSA_LOCUS6664,132,277,290,112,235,239
DIATSA_LOCUS6665,875,1987,2054,958,2007,2081
DIATSA_LOCUS6666,9,17,16,19,24,26
DIATSA_LOCUS6667,52,132,137,56,144,151
DIATSA_LOCUS6668,460,909,949,1064,1879,1945
DIATSA_LOCUS6669,34,55,60,1689,3237,3387
DIATSA_LOCUS667,7,16,17,20,35,35
DIATSA_LOCUS6670,103,167,173,94,161,167
DIATSA_LOCUS6671,36,59,59,37,73,77
DIATSA_LOCUS6672,45,122,127,59,141,147
DIATSA_LOCUS6673,1456,2568,2661,825,1502,1566
DIATSA_LOCUS6674,178,323,333,193,354,360
DIATSA_LOCUS6675,243,465,484,249,473,492
DIATSA_LOCUS6676,273,557,577,345,716,739
DIATSA_LOCUS6677,67,138,147,48,89,94
DIATSA_LOCUS6678,6,15,15,2,3,5
DIATSA_LOCUS6679,10,16,16,5,10,10
DIATSA_LOCUS668,12,26,29,39,64,66
DIATSA_LOCUS6680,21,53,54,11,30,30
DIATSA_LOCUS6681,15,26,27,8,21,21
DIATSA_LOCUS6682,46,77,77,20,30,30
DIATSA_LOCUS6683,29,48,51,27,58,59
DIATSA_LOCUS6684,21,59,60,20,42,43
DIATSA_LOCUS6685,902,1700,1772,1311,2579,2667
DIATSA_LOCUS6686,0,0,0,0,0,0
DIATSA_LOCUS6687,107,167,176,24,47,48
DIATSA_LOCUS6688,1,1,2,1,4,4
DIATSA_LOCUS6689,10,22,24,2,18,19
DIATSA_LOCUS669,392,734,776,445,825,856
DIATSA_LOCUS6690,275,588,614,280,607,627
DIATSA_LOCUS6691,157,322,342,52,106,112
DIATSA_LOCUS6692,6,10,11,1,7,7
DIATSA_LOCUS6693,983,1970,2035,652,1285,1338
DIATSA_LOCUS6694,209,439,454,193,407,416
DIATSA_LOCUS6695,96,182,190,30,45,45
DIATSA_LOCUS6696,403,786,837,697,1297,1336
DIATSA_LOCUS6697,2054,3878,4024,2756,5322,5560
DIATSA_LOCUS6698,132,252,265,237,400,415
DIATSA_LOCUS6699,74,151,157,88,196,198
DIATSA_LOCUS67,7,14,15,2,3,3
DIATSA_LOCUS670,4,8,8,6,10,11
DIATSA_LOCUS6700,2,3,4,6,10,11
DIATSA_LOCUS6701,63,128,133,51,105,109
DIATSA_LOCUS6702,8,21,22,16,26,27
DIATSA_LOCUS6703,142,233,245,62,102,108
DIATSA_LOCUS6704,134,228,236,155,269,282
DIATSA_LOCUS6705,27,51,59,11,17,18
DIATSA_LOCUS6706,125,216,225,83,144,148
DIATSA_LOCUS6707,1,3,3,2,4,4
DIATSA_LOCUS6708,211,447,460,81,138,148
DIATSA_LOCUS6709,0,0,0,0,0,0
DIATSA_LOCUS671,94,187,195,45,93,93
DIATSA_LOCUS6710,23,92,94,28,74,74
DIATSA_LOCUS6711,0,0,0,0,0,0
DIATSA_LOCUS6712,0,0,0,0,0,0
DIATSA_LOCUS6713,2,4,4,0,0,0
DIATSA_LOCUS6714,0,0,0,1,1,1
DIATSA_LOCUS6715,11,24,25,3,5,5
DIATSA_LOCUS6716,0,0,0,0,1,1
DIATSA_LOCUS6717,0,0,0,0,0,0
DIATSA_LOCUS6718,0,3,3,4,4,4
DIATSA_LOCUS6719,0,1,1,0,0,0
DIATSA_LOCUS672,734,1473,1521,691,1442,1500
DIATSA_LOCUS6720,173,362,373,38,109,120
DIATSA_LOCUS6721,86,179,193,47,87,89
DIATSA_LOCUS6722,74,154,157,43,90,94
DIATSA_LOCUS6723,6,12,13,1,5,6
DIATSA_LOCUS6724,50,109,114,53,125,128
DIATSA_LOCUS6725,1017,1848,1926,787,1767,1843
DIATSA_LOCUS6726,72,148,157,41,72,73
DIATSA_LOCUS6727,0,0,0,0,2,2
DIATSA_LOCUS6728,99,225,242,89,170,180
DIATSA_LOCUS6729,37,86,88,32,76,78
DIATSA_LOCUS673,203,372,382,187,321,328
DIATSA_LOCUS6730,33,68,71,26,46,46
DIATSA_LOCUS6731,18,30,30,2,8,8
DIATSA_LOCUS6732,25,43,44,7,11,13
DIATSA_LOCUS6733,247,490,506,96,231,233
DIATSA_LOCUS6734,17,38,42,27,61,64
DIATSA_LOCUS6735,7,12,13,6,10,10
DIATSA_LOCUS6736,433,777,806,151,285,297
DIATSA_LOCUS6737,0,0,0,0,0,0
DIATSA_LOCUS6738,1588,3878,4009,2033,5049,5246
DIATSA_LOCUS6739,0,0,0,0,0,0
DIATSA_LOCUS674,54,119,126,42,88,97
DIATSA_LOCUS6740,10,16,18,3,5,7
DIATSA_LOCUS6741,50,86,91,32,57,61
DIATSA_LOCUS6742,216,366,374,110,203,212
DIATSA_LOCUS6743,5,7,7,1,3,4
DIATSA_LOCUS6744,11,24,25,11,23,23
DIATSA_LOCUS6745,0,0,0,0,0,0
DIATSA_LOCUS6746,7,12,12,2,4,4
DIATSA_LOCUS6747,2,4,5,7,9,9
DIATSA_LOCUS6748,0,0,0,0,0,0
DIATSA_LOCUS6749,0,0,0,0,0,0
DIATSA_LOCUS675,104,242,254,112,215,221
DIATSA_LOCUS6750,0,0,0,0,0,0
DIATSA_LOCUS6751,2,6,6,3,3,4
DIATSA_LOCUS6752,6,9,9,6,9,8
DIATSA_LOCUS6753,0,0,0,0,0,0
DIATSA_LOCUS6754,29,50,52,23,39,39
DIATSA_LOCUS6755,8,13,14,2,8,8
DIATSA_LOCUS6756,3,9,9,0,0,0
DIATSA_LOCUS6757,3,6,6,1,4,4
DIATSA_LOCUS6758,104,239,257,64,131,135
DIATSA_LOCUS6759,93,222,230,51,103,107
DIATSA_LOCUS676,75,142,150,94,181,187
DIATSA_LOCUS6760,106,202,210,43,80,82
DIATSA_LOCUS6761,0,0,0,0,0,0
DIATSA_LOCUS6762,60,91,94,11,23,24
DIATSA_LOCUS6763,17,23,27,4,9,10
DIATSA_LOCUS6764,0,0,0,0,1,1
DIATSA_LOCUS6765,9,13,14,3,6,6
DIATSA_LOCUS6766,46,79,83,69,137,145
DIATSA_LOCUS6767,2024,4002,4117,1112,2213,2315
DIATSA_LOCUS6768,633,1211,1256,887,1595,1663
DIATSA_LOCUS6769,0,0,0,0,0,0
DIATSA_LOCUS677,54,110,113,26,59,62
DIATSA_LOCUS6770,55,101,105,34,58,62
DIATSA_LOCUS6771,94,174,180,44,82,82
DIATSA_LOCUS6772,4,11,11,1,2,2
DIATSA_LOCUS6773,10,16,16,4,6,10
DIATSA_LOCUS6774,10,25,26,11,19,20
DIATSA_LOCUS6775,164,291,303,155,291,296
DIATSA_LOCUS6776,64,151,154,84,225,232
DIATSA_LOCUS6777,2,6,6,7,17,18
DIATSA_LOCUS6778,299,533,555,92,178,181
DIATSA_LOCUS6779,85,136,142,67,121,129
DIATSA_LOCUS678,0,0,0,0,0,0
DIATSA_LOCUS6780,27,53,55,11,36,37
DIATSA_LOCUS6781,23,47,50,12,26,27
DIATSA_LOCUS6782,63,129,132,10,22,24
DIATSA_LOCUS6783,0,1,1,0,1,1
DIATSA_LOCUS6784,85,146,149,63,125,132
DIATSA_LOCUS6785,61,114,119,29,59,58
DIATSA_LOCUS6786,121,242,247,79,139,144
DIATSA_LOCUS6787,40,77,80,16,27,28
DIATSA_LOCUS6788,55925,98366,103080,59116,107405,112721
DIATSA_LOCUS6789,385,786,807,194,430,444
DIATSA_LOCUS679,0,0,0,0,1,1
DIATSA_LOCUS6790,65,153,163,40,114,115
DIATSA_LOCUS6791,76,152,158,89,194,202
DIATSA_LOCUS6792,169,305,316,71,120,128
DIATSA_LOCUS6793,0,0,1,0,0,0
DIATSA_LOCUS6794,0,0,0,0,0,0
DIATSA_LOCUS6795,1,5,5,0,2,2
DIATSA_LOCUS6796,9,10,11,6,11,11
DIATSA_LOCUS6797,142,256,267,118,234,240
DIATSA_LOCUS6798,387,663,693,603,953,978
DIATSA_LOCUS6799,1185,2063,2131,1329,2236,2313
DIATSA_LOCUS68,66,119,124,11,26,33
DIATSA_LOCUS680,0,0,0,0,0,0
DIATSA_LOCUS6800,176,325,340,297,563,598
DIATSA_LOCUS6801,0,1,1,2,6,6
DIATSA_LOCUS6802,85,173,175,102,215,225
DIATSA_LOCUS6803,134,271,297,209,411,457
DIATSA_LOCUS6804,224,422,443,255,506,533
DIATSA_LOCUS6805,0,0,0,0,0,0
DIATSA_LOCUS6806,2,3,3,0,0,0
DIATSA_LOCUS6807,37,59,64,5,17,18
DIATSA_LOCUS6808,22,39,44,6,11,11
DIATSA_LOCUS6809,165,297,312,40,80,86
DIATSA_LOCUS681,1,3,3,3,9,8
DIATSA_LOCUS6810,905,1797,1891,596,1343,1411
DIATSA_LOCUS6811,0,0,0,0,0,0
DIATSA_LOCUS6812,1,1,1,0,0,0
DIATSA_LOCUS6813,508,1246,1330,386,813,867
DIATSA_LOCUS6814,0,1,1,0,1,1
DIATSA_LOCUS6815,14,24,26,14,21,22
DIATSA_LOCUS6816,10,18,19,5,10,11
DIATSA_LOCUS6817,376,716,750,334,597,625
DIATSA_LOCUS6818,5,10,10,0,2,2
DIATSA_LOCUS6819,87,212,224,48,96,99
DIATSA_LOCUS682,0,0,0,0,0,0
DIATSA_LOCUS6820,25,39,41,5,12,12
DIATSA_LOCUS6821,94,180,194,101,210,225
DIATSA_LOCUS6822,0,1,1,0,1,1
DIATSA_LOCUS6823,39,57,57,14,23,24
DIATSA_LOCUS6824,11,17,17,6,8,8
DIATSA_LOCUS6825,1203,2207,2327,614,1210,1273
DIATSA_LOCUS6826,43,85,89,15,26,29
DIATSA_LOCUS6827,185,374,401,139,300,315
DIATSA_LOCUS6828,59,106,113,30,58,60
DIATSA_LOCUS6829,147,292,302,79,171,182
DIATSA_LOCUS683,0,9,9,0,14,16
DIATSA_LOCUS6830,12,20,22,2,8,9
DIATSA_LOCUS6831,25,47,51,22,42,44
DIATSA_LOCUS6832,1,2,2,0,0,0
DIATSA_LOCUS6833,181,353,368,203,444,463
DIATSA_LOCUS6834,60,112,112,51,83,84
DIATSA_LOCUS6835,387,723,748,247,505,529
DIATSA_LOCUS6836,18,35,36,14,19,20
DIATSA_LOCUS6837,51,74,81,38,64,68
DIATSA_LOCUS6838,21,41,45,4,12,12
DIATSA_LOCUS6839,18,24,25,9,15,15
DIATSA_LOCUS684,0,1,1,0,0,0
DIATSA_LOCUS6840,50,89,95,56,93,96
DIATSA_LOCUS6841,66,128,137,35,56,61
DIATSA_LOCUS6842,13,20,21,22,40,42
DIATSA_LOCUS6843,34,65,68,38,74,76
DIATSA_LOCUS6844,1,1,1,0,0,0
DIATSA_LOCUS6845,156,347,362,97,220,227
DIATSA_LOCUS6846,729,1364,1416,513,1040,1081
DIATSA_LOCUS6847,0,1,1,1,2,2
DIATSA_LOCUS6848,13,24,26,17,31,32
DIATSA_LOCUS6849,228,501,527,121,282,302
DIATSA_LOCUS685,0,0,0,0,0,0
DIATSA_LOCUS6850,7,11,11,3,10,11
DIATSA_LOCUS6851,24,50,52,21,49,49
DIATSA_LOCUS6852,273,590,627,414,803,825
DIATSA_LOCUS6853,36,89,89,50,126,129
DIATSA_LOCUS6854,1674,3190,3326,6325,12046,12517
DIATSA_LOCUS6855,161,308,323,66,128,134
DIATSA_LOCUS6856,127,215,227,56,90,92
DIATSA_LOCUS6857,16,29,29,20,26,26
DIATSA_LOCUS6858,3,7,7,6,13,13
DIATSA_LOCUS6859,132,255,263,59,129,134
DIATSA_LOCUS686,2,3,3,3,5,5
DIATSA_LOCUS6860,46,84,89,10,22,24
DIATSA_LOCUS6861,245,445,468,382,677,699
DIATSA_LOCUS6862,396,816,839,418,905,937
DIATSA_LOCUS6863,29,52,58,4,15,16
DIATSA_LOCUS6864,107,202,207,50,110,112
DIATSA_LOCUS6865,11,15,15,2,10,11
DIATSA_LOCUS6866,1982,3382,3522,869,1628,1703
DIATSA_LOCUS6867,341,741,784,333,728,760
DIATSA_LOCUS6868,34,64,69,8,12,13
DIATSA_LOCUS6869,12,23,24,3,6,6
DIATSA_LOCUS687,0,0,0,0,1,1
DIATSA_LOCUS6870,213,421,444,37,74,76
DIATSA_LOCUS6871,70,134,140,33,67,76
DIATSA_LOCUS6872,1288,2653,2766,475,1026,1054
DIATSA_LOCUS6873,3,11,11,5,15,15
DIATSA_LOCUS6874,0,0,0,0,0,0
DIATSA_LOCUS6875,820,1627,1690,679,1404,1463
DIATSA_LOCUS6876,393,666,693,412,734,763
DIATSA_LOCUS6877,7,26,29,15,38,38
DIATSA_LOCUS6878,27,87,90,63,125,131
DIATSA_LOCUS6879,65,123,129,37,63,65
DIATSA_LOCUS688,1,2,3,1,3,3
DIATSA_LOCUS6880,7,11,12,13,21,25
DIATSA_LOCUS6881,166,288,301,105,196,208
DIATSA_LOCUS6882,48,94,97,38,100,103
DIATSA_LOCUS6883,5767,9520,9903,7072,11653,12087
DIATSA_LOCUS6884,647,1414,1470,384,816,857
DIATSA_LOCUS6885,196,367,382,192,350,361
DIATSA_LOCUS6886,763,1466,1520,919,1689,1749
DIATSA_LOCUS6887,35,60,64,12,23,24
DIATSA_LOCUS6888,93,145,157,79,154,155
DIATSA_LOCUS6889,0,0,0,0,0,0
DIATSA_LOCUS689,0,0,0,0,0,0
DIATSA_LOCUS6890,0,1,1,0,0,0
DIATSA_LOCUS6891,20,33,36,5,10,10
DIATSA_LOCUS6892,19,27,29,3,6,6
DIATSA_LOCUS6893,0,0,0,1,1,1
DIATSA_LOCUS6894,1,1,1,1,2,2
DIATSA_LOCUS6895,19,39,43,12,28,30
DIATSA_LOCUS6896,291,647,682,150,351,377
DIATSA_LOCUS6897,42,82,84,35,78,80
DIATSA_LOCUS6898,73,134,139,76,159,168
DIATSA_LOCUS6899,598,1201,1251,410,935,973
DIATSA_LOCUS69,5,9,9,2,7,6
DIATSA_LOCUS690,0,0,0,0,0,0
DIATSA_LOCUS6900,177,398,406,167,319,331
DIATSA_LOCUS6901,107,173,174,108,189,195
DIATSA_LOCUS6902,30,64,68,16,32,32
DIATSA_LOCUS6903,310,584,600,242,483,497
DIATSA_LOCUS6904,129,259,269,21,43,46
DIATSA_LOCUS6905,7,19,19,6,7,7
DIATSA_LOCUS6906,16,56,57,31,74,75
DIATSA_LOCUS6907,57,106,108,48,94,98
DIATSA_LOCUS6908,0,0,0,0,0,0
DIATSA_LOCUS6909,161,366,375,127,277,291
DIATSA_LOCUS691,0,0,0,0,0,0
DIATSA_LOCUS6910,78,154,162,70,159,169
DIATSA_LOCUS6911,3,4,4,1,2,2
DIATSA_LOCUS6912,0,0,0,0,0,0
DIATSA_LOCUS6913,0,0,0,0,0,0
DIATSA_LOCUS6914,0,0,0,0,0,0
DIATSA_LOCUS6915,5,9,10,1,2,2
DIATSA_LOCUS6916,1,1,1,0,1,1
DIATSA_LOCUS6917,12,22,26,13,19,20
DIATSA_LOCUS6918,84,139,141,31,56,60
DIATSA_LOCUS6919,68,124,126,14,48,49
DIATSA_LOCUS692,0,0,0,0,0,0
DIATSA_LOCUS6920,52,106,110,45,87,89
DIATSA_LOCUS6921,0,0,0,0,0,0
DIATSA_LOCUS6922,0,0,0,0,0,0
DIATSA_LOCUS6923,0,1,1,0,3,3
DIATSA_LOCUS6924,0,0,0,0,0,0
DIATSA_LOCUS6925,22,56,57,26,48,48
DIATSA_LOCUS6926,3,3,3,1,2,2
DIATSA_LOCUS6927,5,7,7,0,0,0
DIATSA_LOCUS6928,0,0,0,0,0,0
DIATSA_LOCUS6929,0,0,0,0,0,0
DIATSA_LOCUS693,0,0,0,0,0,0
DIATSA_LOCUS6930,31,62,64,33,75,77
DIATSA_LOCUS6931,7,18,18,11,20,20
DIATSA_LOCUS6932,29,53,56,12,24,23
DIATSA_LOCUS6933,0,0,0,1,1,2
DIATSA_LOCUS6934,56,89,92,40,69,73
DIATSA_LOCUS6935,0,1,1,1,1,1
DIATSA_LOCUS6936,0,0,0,2,2,2
DIATSA_LOCUS6937,1,1,1,1,4,4
DIATSA_LOCUS6938,223,436,457,245,480,492
DIATSA_LOCUS6939,129,265,278,90,180,185
DIATSA_LOCUS694,0,0,0,0,0,0
DIATSA_LOCUS6940,630,1406,1464,507,1167,1211
DIATSA_LOCUS6941,88,184,190,78,174,175
DIATSA_LOCUS6942,36,76,79,24,33,33
DIATSA_LOCUS6943,168,350,361,188,395,405
DIATSA_LOCUS6944,0,0,0,0,0,0
DIATSA_LOCUS6945,160,322,333,151,312,323
DIATSA_LOCUS6946,84,165,170,44,73,75
DIATSA_LOCUS6947,274,601,615,4,14,15
DIATSA_LOCUS6948,80,151,161,56,81,84
DIATSA_LOCUS6949,168,362,367,266,594,604
DIATSA_LOCUS695,0,0,0,0,0,0
DIATSA_LOCUS6950,8,17,17,14,21,21
DIATSA_LOCUS6951,58,114,123,18,38,42
DIATSA_LOCUS6952,37,81,82,6,12,13
DIATSA_LOCUS6953,105,184,199,96,170,174
DIATSA_LOCUS6954,61,115,118,70,128,133
DIATSA_LOCUS6955,64,103,107,79,161,171
DIATSA_LOCUS6956,896,1718,1775,1045,1983,2048
DIATSA_LOCUS6957,0,0,0,0,0,0
DIATSA_LOCUS6958,113,229,235,184,472,488
DIATSA_LOCUS6959,151,349,359,131,287,297
DIATSA_LOCUS696,9,15,15,2,4,5
DIATSA_LOCUS6960,63,109,111,73,133,136
DIATSA_LOCUS6961,83,148,152,86,168,178
DIATSA_LOCUS6962,64,225,233,103,298,306
DIATSA_LOCUS6963,0,0,0,0,0,0
DIATSA_LOCUS6964,71,138,147,107,207,211
DIATSA_LOCUS6965,214,481,500,138,325,335
DIATSA_LOCUS6966,134,275,292,161,322,335
DIATSA_LOCUS6967,219,442,456,72,167,170
DIATSA_LOCUS6968,146,348,367,190,515,530
DIATSA_LOCUS6969,297,485,507,393,700,732
DIATSA_LOCUS697,50,105,108,40,97,107
DIATSA_LOCUS6970,68,132,135,71,166,170
DIATSA_LOCUS6971,234,444,473,323,664,697
DIATSA_LOCUS6972,269,544,563,251,526,541
DIATSA_LOCUS6973,133,247,254,38,83,84
DIATSA_LOCUS6974,99,174,180,98,216,227
DIATSA_LOCUS6975,89,171,177,77,162,168
DIATSA_LOCUS6976,1597,3526,3654,1861,4025,4151
DIATSA_LOCUS6977,0,0,0,0,1,1
DIATSA_LOCUS6978,2,3,3,3,3,3
DIATSA_LOCUS6979,11,18,19,1,3,4
DIATSA_LOCUS698,0,3,3,0,0,0
DIATSA_LOCUS6980,7,11,12,2,11,11
DIATSA_LOCUS6981,1,1,1,2,9,9
DIATSA_LOCUS6982,4124,8301,8655,5352,10013,10434
DIATSA_LOCUS6983,3,5,5,2,2,2
DIATSA_LOCUS6984,15,30,30,10,17,18
DIATSA_LOCUS6985,17,32,35,18,36,39
DIATSA_LOCUS6986,91,153,157,7,17,17
DIATSA_LOCUS6987,17,28,28,6,10,13
DIATSA_LOCUS6988,3,10,10,2,4,4
DIATSA_LOCUS6989,0,0,0,0,1,1
DIATSA_LOCUS699,20,37,41,28,74,74
DIATSA_LOCUS6990,9,15,16,4,13,13
DIATSA_LOCUS6991,0,0,0,0,0,0
DIATSA_LOCUS6992,0,0,0,0,0,0
DIATSA_LOCUS6993,1,3,3,0,0,0
DIATSA_LOCUS6994,3,8,8,1,3,3
DIATSA_LOCUS6995,1,1,1,2,2,2
DIATSA_LOCUS6996,0,0,0,0,1,1
DIATSA_LOCUS6997,269,532,543,466,864,889
DIATSA_LOCUS6998,148,321,326,112,251,256
DIATSA_LOCUS6999,134,283,292,114,217,225
DIATSA_LOCUS7,7,11,14,0,3,3
DIATSA_LOCUS70,43,69,73,9,18,20
DIATSA_LOCUS700,64,136,145,14,31,33
DIATSA_LOCUS7000,593,1144,1193,423,790,817
DIATSA_LOCUS7001,117,219,226,123,233,239
DIATSA_LOCUS7002,1486,3567,3685,845,2149,2201
DIATSA_LOCUS7003,1632,2545,2691,216,339,354
DIATSA_LOCUS7004,253,575,597,439,989,1032
DIATSA_LOCUS7005,195,338,356,241,398,417
DIATSA_LOCUS7006,48,99,109,54,110,113
DIATSA_LOCUS7007,0,0,0,0,0,0
DIATSA_LOCUS7008,1,4,4,4,6,6
DIATSA_LOCUS7009,2,4,4,4,7,7
DIATSA_LOCUS701,40,69,71,8,23,24
DIATSA_LOCUS7010,3,12,13,4,9,9
DIATSA_LOCUS7011,5,14,14,5,11,11
DIATSA_LOCUS7012,30,60,62,35,57,60
DIATSA_LOCUS7013,5,13,13,21,35,37
DIATSA_LOCUS7014,111,182,193,138,235,240
DIATSA_LOCUS7015,246,462,472,302,533,556
DIATSA_LOCUS7016,49,87,97,52,96,99
DIATSA_LOCUS7017,118,230,237,51,111,117
DIATSA_LOCUS7018,166,296,305,101,179,184
DIATSA_LOCUS7019,17,51,52,11,22,24
DIATSA_LOCUS702,61,104,114,97,178,194
DIATSA_LOCUS7020,56,102,106,38,73,75
DIATSA_LOCUS7021,5,14,14,5,8,8
DIATSA_LOCUS7022,0,0,0,1,1,1
DIATSA_LOCUS7023,106,201,207,122,247,250
DIATSA_LOCUS7024,61,134,139,69,144,148
DIATSA_LOCUS7025,173,354,364,100,203,212
DIATSA_LOCUS7026,0,0,0,0,0,0
DIATSA_LOCUS7027,428,918,964,385,878,911
DIATSA_LOCUS7028,0,0,0,0,0,0
DIATSA_LOCUS7029,0,0,0,0,0,0
DIATSA_LOCUS703,3,11,12,2,10,9
DIATSA_LOCUS7030,302,550,571,269,503,521
DIATSA_LOCUS7031,34,63,66,19,48,50
DIATSA_LOCUS7032,284,538,563,244,468,487
DIATSA_LOCUS7033,202,409,423,146,329,339
DIATSA_LOCUS7034,2421,4506,4719,2522,4903,5144
DIATSA_LOCUS7035,208,382,395,134,252,265
DIATSA_LOCUS7036,74,164,169,37,76,78
DIATSA_LOCUS7037,75,201,202,57,103,108
DIATSA_LOCUS7038,7,15,16,10,20,20
DIATSA_LOCUS7039,245,535,555,196,443,464
DIATSA_LOCUS704,10,19,20,13,22,22
DIATSA_LOCUS7040,86,157,164,74,148,151
DIATSA_LOCUS7041,0,0,0,1,1,1
DIATSA_LOCUS7042,119,249,251,127,293,303
DIATSA_LOCUS7043,0,0,0,0,0,0
DIATSA_LOCUS7044,0,0,0,0,0,0
DIATSA_LOCUS7045,0,0,0,0,0,0
DIATSA_LOCUS7046,0,0,0,0,0,0
DIATSA_LOCUS7047,0,0,0,0,0,0
DIATSA_LOCUS7048,0,0,0,0,0,0
DIATSA_LOCUS7049,0,0,0,0,0,0
DIATSA_LOCUS705,14,24,24,18,27,27
DIATSA_LOCUS7050,50,116,119,30,70,74
DIATSA_LOCUS7051,0,0,0,0,0,0
DIATSA_LOCUS7052,195,364,380,155,314,331
DIATSA_LOCUS7053,359,644,678,233,440,457
DIATSA_LOCUS7054,11,19,20,7,17,18
DIATSA_LOCUS7055,14,28,31,7,11,11
DIATSA_LOCUS7056,122,273,276,114,295,303
DIATSA_LOCUS7057,494,922,958,417,809,838
DIATSA_LOCUS7058,248,470,492,118,217,230
DIATSA_LOCUS7059,348,633,658,200,387,407
DIATSA_LOCUS706,18,36,36,2,10,10
DIATSA_LOCUS7060,139,269,282,177,391,403
DIATSA_LOCUS7061,36,81,83,38,81,83
DIATSA_LOCUS7062,102,228,237,99,235,243
DIATSA_LOCUS7063,62,128,135,41,69,71
DIATSA_LOCUS7064,57,93,98,71,108,111
DIATSA_LOCUS7065,323,695,727,202,432,449
DIATSA_LOCUS7066,992,1910,2011,861,1637,1723
DIATSA_LOCUS7067,86,203,213,99,235,252
DIATSA_LOCUS7068,552,991,1031,451,812,848
DIATSA_LOCUS7069,0,0,0,0,1,1
DIATSA_LOCUS707,2,11,11,3,7,7
DIATSA_LOCUS7070,130,238,250,44,85,88
DIATSA_LOCUS7071,178,270,282,169,259,269
DIATSA_LOCUS7072,6,23,22,22,48,50
DIATSA_LOCUS7073,463,908,945,249,458,473
DIATSA_LOCUS7074,63,119,122,24,47,48
DIATSA_LOCUS7075,46,104,107,71,156,163
DIATSA_LOCUS7076,67,118,121,88,98,102
DIATSA_LOCUS7077,0,0,0,0,0,0
DIATSA_LOCUS7078,701,1381,1435,497,1043,1076
DIATSA_LOCUS7079,31,68,70,14,21,21
DIATSA_LOCUS708,15,26,28,16,27,27
DIATSA_LOCUS7080,162,318,336,144,288,306
DIATSA_LOCUS7081,32,84,84,38,90,98
DIATSA_LOCUS7082,82,170,174,107,199,207
DIATSA_LOCUS7083,60,138,141,73,177,179
DIATSA_LOCUS7084,59,141,147,101,208,210
DIATSA_LOCUS7085,214,415,434,213,419,434
DIATSA_LOCUS7086,135,271,285,125,236,241
DIATSA_LOCUS7087,97,196,202,74,162,167
DIATSA_LOCUS7088,13,31,31,7,20,22
DIATSA_LOCUS7089,316,624,645,264,536,568
DIATSA_LOCUS709,2,2,2,0,1,1
DIATSA_LOCUS7090,178,353,371,140,261,272
DIATSA_LOCUS7091,257,484,495,284,515,533
DIATSA_LOCUS7092,48,84,86,23,42,43
DIATSA_LOCUS7093,19,39,41,19,61,63
DIATSA_LOCUS7094,28,52,54,29,52,53
DIATSA_LOCUS7095,83,189,197,107,242,251
DIATSA_LOCUS7096,13,32,32,22,36,37
DIATSA_LOCUS7097,10,16,16,1,3,3
DIATSA_LOCUS7098,497,1015,1052,203,437,461
DIATSA_LOCUS7099,165,312,327,152,263,269
DIATSA_LOCUS71,13,26,28,2,9,10
DIATSA_LOCUS710,11,19,20,2,9,11
DIATSA_LOCUS7100,0,0,0,0,0,0
DIATSA_LOCUS7101,1016,1754,1832,1218,2174,2258
DIATSA_LOCUS7102,628,1247,1289,477,903,942
DIATSA_LOCUS7103,47,109,113,72,123,125
DIATSA_LOCUS7104,29,80,84,22,59,63
DIATSA_LOCUS7105,0,0,0,0,0,0
DIATSA_LOCUS7106,0,0,0,0,0,0
DIATSA_LOCUS7107,0,0,0,0,0,0
DIATSA_LOCUS7108,1,2,2,0,0,0
DIATSA_LOCUS7109,17,38,38,9,23,24
DIATSA_LOCUS711,0,0,0,2,3,3
DIATSA_LOCUS7110,9,21,22,9,22,24
DIATSA_LOCUS7111,334,738,770,329,838,798
DIATSA_LOCUS7112,28,49,53,20,50,51
DIATSA_LOCUS7113,25,59,61,17,38,40
DIATSA_LOCUS7114,12,31,31,27,51,52
DIATSA_LOCUS7115,2,2,2,0,3,3
DIATSA_LOCUS7116,1092,1754,1827,764,1404,1456
DIATSA_LOCUS7117,249,493,512,339,750,776
DIATSA_LOCUS7118,38,63,64,36,80,83
DIATSA_LOCUS7119,10850,17487,18137,17538,29000,30037
DIATSA_LOCUS712,561,953,986,472,773,793
DIATSA_LOCUS7120,133,292,306,145,287,294
DIATSA_LOCUS7121,406,799,824,331,669,700
DIATSA_LOCUS7122,0,0,0,0,0,0
DIATSA_LOCUS7123,2,5,5,2,2,2
DIATSA_LOCUS7124,4,4,4,4,10,12
DIATSA_LOCUS7125,248,437,454,184,353,368
DIATSA_LOCUS7126,48,98,102,16,22,23
DIATSA_LOCUS7127,0,0,0,0,0,0
DIATSA_LOCUS7128,28,51,57,85,122,124
DIATSA_LOCUS7129,2,2,5,2,2,2
DIATSA_LOCUS713,0,0,0,0,0,0
DIATSA_LOCUS7130,5,14,16,3,4,4
DIATSA_LOCUS7131,0,0,0,0,0,0
DIATSA_LOCUS7132,242,479,497,60,127,133
DIATSA_LOCUS7133,85,176,182,36,70,70
DIATSA_LOCUS7134,17,31,31,5,9,9
DIATSA_LOCUS7135,567,1235,1281,406,893,922
DIATSA_LOCUS7136,16,34,37,9,25,25
DIATSA_LOCUS7137,138,259,266,131,248,260
DIATSA_LOCUS7138,66,162,168,95,192,201
DIATSA_LOCUS7139,157,271,274,78,137,145
DIATSA_LOCUS714,8,16,16,1,1,1
DIATSA_LOCUS7140,41,89,92,31,71,71
DIATSA_LOCUS7141,191,419,429,196,443,455
DIATSA_LOCUS7142,402,788,816,489,879,906
DIATSA_LOCUS7143,471,974,1021,231,475,501
DIATSA_LOCUS7144,2436,5269,5500,2409,4686,4911
DIATSA_LOCUS7145,18,33,34,16,29,30
DIATSA_LOCUS7146,1,3,4,2,3,3
DIATSA_LOCUS7147,14,56,27,19,36,38
DIATSA_LOCUS7148,4,3,24,0,0,0
DIATSA_LOCUS7149,6,15,15,10,20,21
DIATSA_LOCUS715,275,550,569,123,284,295
DIATSA_LOCUS7150,124,264,276,155,302,319
DIATSA_LOCUS7151,1,2,2,1,1,1
DIATSA_LOCUS7152,14,25,29,10,23,25
DIATSA_LOCUS7153,33,70,71,14,22,22
DIATSA_LOCUS7154,17,34,35,12,20,20
DIATSA_LOCUS7155,13,23,27,10,22,24
DIATSA_LOCUS7156,177,421,435,212,541,562
DIATSA_LOCUS7157,378,770,805,379,770,799
DIATSA_LOCUS7158,466,847,869,402,788,813
DIATSA_LOCUS7159,500,1203,1282,687,1506,1579
DIATSA_LOCUS716,84,135,138,61,118,124
DIATSA_LOCUS7160,146,276,294,87,181,187
DIATSA_LOCUS7161,97,190,193,93,171,176
DIATSA_LOCUS7162,316,634,667,402,817,874
DIATSA_LOCUS7163,477,910,959,686,1319,1365
DIATSA_LOCUS7164,655,1191,1229,655,1314,1356
DIATSA_LOCUS7165,209,516,542,193,457,477
DIATSA_LOCUS7166,550,1063,1100,616,1176,1221
DIATSA_LOCUS7167,195,427,446,125,241,254
DIATSA_LOCUS7168,393,753,779,336,636,658
DIATSA_LOCUS7169,1331,2312,2406,901,1543,1599
DIATSA_LOCUS717,0,0,0,0,1,4
DIATSA_LOCUS7170,0,0,0,2,2,2
DIATSA_LOCUS7171,132,325,335,81,182,189
DIATSA_LOCUS7172,4,5,5,4,5,5
DIATSA_LOCUS7173,99,216,228,75,180,185
DIATSA_LOCUS7174,0,0,0,0,0,0
DIATSA_LOCUS7175,5,13,13,4,8,8
DIATSA_LOCUS7176,9,20,25,19,34,34
DIATSA_LOCUS7177,3,8,8,4,8,9
DIATSA_LOCUS7178,8,20,21,11,19,21
DIATSA_LOCUS7179,78,137,143,15,34,38
DIATSA_LOCUS718,3409,6616,6862,4961,9334,9655
DIATSA_LOCUS7180,278,479,502,186,320,334
DIATSA_LOCUS7181,19,48,49,7,18,16
DIATSA_LOCUS7182,251,550,573,298,581,612
DIATSA_LOCUS7183,1,3,4,1,4,5
DIATSA_LOCUS7184,326,597,613,297,552,570
DIATSA_LOCUS7185,113,241,252,106,266,271
DIATSA_LOCUS7186,46,92,95,78,154,158
DIATSA_LOCUS7187,11,19,19,5,15,17
DIATSA_LOCUS7188,80,198,201,41,80,83
DIATSA_LOCUS7189,4027,7196,7442,2107,3876,4044
DIATSA_LOCUS719,291,487,500,333,605,624
DIATSA_LOCUS7190,687,1343,1401,612,1159,1205
DIATSA_LOCUS7191,2645,4920,5091,2816,5632,5871
DIATSA_LOCUS7192,3917,6777,7039,4197,7380,7628
DIATSA_LOCUS7193,46,93,99,58,132,135
DIATSA_LOCUS7194,0,0,0,0,0,0
DIATSA_LOCUS7195,1,3,3,0,1,1
DIATSA_LOCUS7196,0,0,0,0,1,1
DIATSA_LOCUS7197,0,1,1,0,0,0
DIATSA_LOCUS7198,0,1,1,0,1,1
DIATSA_LOCUS7199,87,167,171,83,130,132
DIATSA_LOCUS72,524,1001,1038,200,376,390
DIATSA_LOCUS720,0,1,1,0,0,0
DIATSA_LOCUS7200,0,0,0,0,0,0
DIATSA_LOCUS7201,983,1671,1733,965,1590,1632
DIATSA_LOCUS7202,464,884,915,355,782,810
DIATSA_LOCUS7203,689,1242,1301,870,1521,1575
DIATSA_LOCUS7204,16,24,27,15,25,26
DIATSA_LOCUS7205,11,21,21,13,26,26
DIATSA_LOCUS7206,1115,1895,1943,1065,1813,1869
DIATSA_LOCUS7207,556,1142,1175,516,935,966
DIATSA_LOCUS7208,80,143,116,81,159,151
DIATSA_LOCUS7209,94,77,115,80,142,167
DIATSA_LOCUS721,1,3,3,1,4,4
DIATSA_LOCUS7210,1063,2335,2427,916,2008,2084
DIATSA_LOCUS7211,0,0,0,0,2,2
DIATSA_LOCUS7212,135,213,216,128,175,185
DIATSA_LOCUS7213,164,341,355,151,341,361
DIATSA_LOCUS7214,110,162,165,82,140,137
DIATSA_LOCUS7215,77,147,147,69,121,131
DIATSA_LOCUS7216,0,3,3,0,0,0
DIATSA_LOCUS7217,1,2,2,0,0,0
DIATSA_LOCUS7218,36,88,91,14,41,41
DIATSA_LOCUS7219,13,46,48,25,61,62
DIATSA_LOCUS722,0,0,0,0,0,0
DIATSA_LOCUS7220,19,41,45,14,36,36
DIATSA_LOCUS7221,0,1,1,0,1,1
DIATSA_LOCUS7222,26,61,64,42,89,92
DIATSA_LOCUS7223,65,115,123,37,85,87
DIATSA_LOCUS7224,203,408,422,167,370,387
DIATSA_LOCUS7225,19,26,30,17,32,32
DIATSA_LOCUS7226,33,58,65,9,19,20
DIATSA_LOCUS7227,7,8,8,13,21,22
DIATSA_LOCUS7228,116,225,234,73,152,159
DIATSA_LOCUS7229,187,381,392,146,307,319
DIATSA_LOCUS723,0,0,0,0,0,0
DIATSA_LOCUS7230,664,1138,1181,446,749,779
DIATSA_LOCUS7231,62,133,139,29,55,56
DIATSA_LOCUS7232,71,110,113,75,137,145
DIATSA_LOCUS7233,39,66,69,27,49,51
DIATSA_LOCUS7234,0,5,5,2,4,4
DIATSA_LOCUS7235,966,1643,1726,1247,2043,2132
DIATSA_LOCUS7236,23,38,39,15,22,22
DIATSA_LOCUS7237,908,1738,1790,1286,2310,2394
DIATSA_LOCUS7238,308,566,584,261,480,485
DIATSA_LOCUS7239,33,71,74,32,74,80
DIATSA_LOCUS724,0,0,0,0,0,0
DIATSA_LOCUS7240,5,7,8,8,11,12
DIATSA_LOCUS7241,32,52,57,28,33,33
DIATSA_LOCUS7242,214,545,564,157,416,431
DIATSA_LOCUS7243,1,3,3,1,3,3
DIATSA_LOCUS7244,0,0,0,0,0,0
DIATSA_LOCUS7245,129,283,290,140,256,267
DIATSA_LOCUS7246,15,29,30,23,40,45
DIATSA_LOCUS7247,141,287,299,101,194,199
DIATSA_LOCUS7248,10,24,25,9,15,15
DIATSA_LOCUS7249,68,140,149,86,166,172
DIATSA_LOCUS725,0,0,0,0,0,0
DIATSA_LOCUS7250,35,78,85,48,82,84
DIATSA_LOCUS7251,506,980,1025,543,1142,1189
DIATSA_LOCUS7252,139,240,247,85,162,170
DIATSA_LOCUS7253,22,52,53,36,66,69
DIATSA_LOCUS7254,32,62,64,27,67,69
DIATSA_LOCUS7255,9,13,13,2,5,5
DIATSA_LOCUS7256,31,57,61,2,8,9
DIATSA_LOCUS7257,308,553,577,297,525,545
DIATSA_LOCUS7258,64,149,154,89,163,168
DIATSA_LOCUS7259,0,1,1,0,0,0
DIATSA_LOCUS726,2,5,5,1,1,1
DIATSA_LOCUS7260,0,1,0,0,5,5
DIATSA_LOCUS7261,398,810,849,283,546,579
DIATSA_LOCUS7262,48,91,94,46,112,116
DIATSA_LOCUS7263,36,57,62,33,73,75
DIATSA_LOCUS7264,459,772,809,421,712,746
DIATSA_LOCUS7265,1324,2182,2242,1463,2459,2528
DIATSA_LOCUS7266,1,6,6,3,6,6
DIATSA_LOCUS7267,85,163,177,84,148,146
DIATSA_LOCUS7268,41,58,63,64,100,109
DIATSA_LOCUS7269,297,552,570,368,689,717
DIATSA_LOCUS727,0,0,0,0,0,1
DIATSA_LOCUS7270,266,447,476,137,243,256
DIATSA_LOCUS7271,148,217,229,87,134,137
DIATSA_LOCUS7272,85,179,185,64,127,130
DIATSA_LOCUS7273,51,117,122,61,142,146
DIATSA_LOCUS7274,25,46,46,15,27,27
DIATSA_LOCUS7275,22,53,54,24,37,38
DIATSA_LOCUS7276,2,3,3,0,0,0
DIATSA_LOCUS7277,151,233,242,147,235,243
DIATSA_LOCUS7278,95,162,168,55,117,122
DIATSA_LOCUS7279,34,61,62,23,39,40
DIATSA_LOCUS728,0,0,0,0,0,0
DIATSA_LOCUS7280,0,0,0,0,0,0
DIATSA_LOCUS7281,2,10,10,4,15,15
DIATSA_LOCUS7282,47,97,102,81,143,156
DIATSA_LOCUS7283,37,75,80,32,59,62
DIATSA_LOCUS7284,186,297,303,92,171,178
DIATSA_LOCUS7285,389,666,685,104,182,195
DIATSA_LOCUS7286,101,201,204,97,165,168
DIATSA_LOCUS7287,4,10,10,4,5,6
DIATSA_LOCUS7288,140,271,278,123,233,246
DIATSA_LOCUS7289,122,291,298,106,231,246
DIATSA_LOCUS729,0,0,0,0,0,0
DIATSA_LOCUS7290,232,433,454,162,324,344
DIATSA_LOCUS7291,0,0,1,2,2,2
DIATSA_LOCUS7292,141,270,278,222,383,395
DIATSA_LOCUS7293,143,295,306,80,214,224
DIATSA_LOCUS7294,8,23,25,1,5,5
DIATSA_LOCUS7295,30,51,53,17,31,33
DIATSA_LOCUS7296,0,0,0,0,0,0
DIATSA_LOCUS7297,179,300,319,243,417,450
DIATSA_LOCUS7298,0,1,1,0,1,1
DIATSA_LOCUS7299,384,801,839,511,1052,1094
DIATSA_LOCUS73,25,43,44,5,6,6
DIATSA_LOCUS730,0,0,0,0,0,0
DIATSA_LOCUS7300,6,47,47,21,81,92
DIATSA_LOCUS7301,465,907,936,537,988,1014
DIATSA_LOCUS7302,474,886,923,459,977,1013
DIATSA_LOCUS7303,65,128,131,59,130,134
DIATSA_LOCUS7304,34,54,55,39,82,86
DIATSA_LOCUS7305,6,16,16,10,19,19
DIATSA_LOCUS7306,3,11,11,5,13,14
DIATSA_LOCUS7307,5,6,6,4,6,8
DIATSA_LOCUS7308,5,12,12,3,4,4
DIATSA_LOCUS7309,14,41,42,20,30,29
DIATSA_LOCUS731,0,0,0,0,0,0
DIATSA_LOCUS7310,87,189,193,102,188,194
DIATSA_LOCUS7311,0,2,2,7,9,9
DIATSA_LOCUS7312,62,106,109,30,62,67
DIATSA_LOCUS7313,94,177,183,77,136,138
DIATSA_LOCUS7314,26,48,47,13,42,41
DIATSA_LOCUS7315,164,263,273,120,205,211
DIATSA_LOCUS7316,40,86,88,10,33,36
DIATSA_LOCUS7317,0,0,0,0,0,0
DIATSA_LOCUS7318,0,0,0,0,0,0
DIATSA_LOCUS7319,1,1,1,0,2,2
DIATSA_LOCUS732,0,0,0,0,0,0
DIATSA_LOCUS7320,0,0,0,0,0,0
DIATSA_LOCUS7321,0,3,3,1,2,2
DIATSA_LOCUS7322,0,0,0,0,0,0
DIATSA_LOCUS7323,0,0,0,0,0,0
DIATSA_LOCUS7324,0,0,0,0,0,0
DIATSA_LOCUS7325,2,3,3,3,6,6
DIATSA_LOCUS7326,0,0,0,0,0,0
DIATSA_LOCUS7327,0,0,0,0,0,0
DIATSA_LOCUS7328,0,0,0,0,0,0
DIATSA_LOCUS7329,20,56,57,31,59,60
DIATSA_LOCUS733,0,2,2,0,3,4
DIATSA_LOCUS7330,3,3,3,0,1,1
DIATSA_LOCUS7331,0,0,0,0,0,0
DIATSA_LOCUS7332,0,0,0,0,0,0
DIATSA_LOCUS7333,0,2,2,0,0,0
DIATSA_LOCUS7334,0,0,0,0,0,0
DIATSA_LOCUS7335,0,0,0,0,0,0
DIATSA_LOCUS7336,0,0,0,0,0,0
DIATSA_LOCUS7337,10,24,24,1,4,4
DIATSA_LOCUS7338,0,0,0,0,0,0
DIATSA_LOCUS7339,0,0,0,0,0,0
DIATSA_LOCUS734,0,0,0,0,0,0
DIATSA_LOCUS7340,0,0,0,0,0,0
DIATSA_LOCUS7341,0,0,0,0,0,0
DIATSA_LOCUS7342,0,0,0,0,0,0
DIATSA_LOCUS7343,19,32,33,8,20,21
DIATSA_LOCUS7344,13,30,30,8,22,22
DIATSA_LOCUS7345,55,128,130,61,104,109
DIATSA_LOCUS7346,0,0,0,0,0,0
DIATSA_LOCUS7347,0,0,0,0,0,0
DIATSA_LOCUS7348,0,0,0,0,0,0
DIATSA_LOCUS7349,0,0,0,1,0,0
DIATSA_LOCUS735,43,88,92,25,43,44
DIATSA_LOCUS7350,0,0,0,0,0,0
DIATSA_LOCUS7351,0,0,0,0,0,0
DIATSA_LOCUS7352,0,0,0,0,0,0
DIATSA_LOCUS7353,0,0,0,0,0,0
DIATSA_LOCUS7354,0,0,0,0,0,0
DIATSA_LOCUS7355,0,1,1,0,0,0
DIATSA_LOCUS7356,0,0,0,0,0,0
DIATSA_LOCUS7357,0,0,0,0,0,0
DIATSA_LOCUS7358,0,0,0,0,0,0
DIATSA_LOCUS7359,19,47,47,10,17,19
DIATSA_LOCUS736,0,2,3,0,1,1
DIATSA_LOCUS7360,36,74,77,18,30,30
DIATSA_LOCUS7361,16,41,45,21,40,43
DIATSA_LOCUS7362,16,34,34,4,9,10
DIATSA_LOCUS7363,55,98,108,50,108,112
DIATSA_LOCUS7364,27,69,70,15,41,42
DIATSA_LOCUS7365,0,2,2,1,1,1
DIATSA_LOCUS7366,52,110,120,44,104,108
DIATSA_LOCUS7367,2,6,6,0,2,2
DIATSA_LOCUS7368,3,6,6,5,12,12
DIATSA_LOCUS7369,8,18,19,12,30,30
DIATSA_LOCUS737,179,292,300,95,147,156
DIATSA_LOCUS7370,6,11,11,3,14,15
DIATSA_LOCUS7371,4,13,13,8,18,19
DIATSA_LOCUS7372,64,148,160,49,113,116
DIATSA_LOCUS7373,11,34,37,5,12,12
DIATSA_LOCUS7374,14,30,33,8,24,27
DIATSA_LOCUS7375,113,224,229,62,157,161
DIATSA_LOCUS7376,50,102,105,61,118,123
DIATSA_LOCUS7377,161,328,335,143,282,293
DIATSA_LOCUS7378,45,90,91,9,20,23
DIATSA_LOCUS7379,72,139,148,16,38,39
DIATSA_LOCUS738,84,162,167,86,171,183
DIATSA_LOCUS7380,31,60,61,17,35,37
DIATSA_LOCUS7381,21,37,38,26,47,50
DIATSA_LOCUS7382,7,9,9,4,9,10
DIATSA_LOCUS7383,2244,4577,4767,1513,3282,3418
DIATSA_LOCUS7384,2,6,6,2,7,7
DIATSA_LOCUS7385,2695,5415,5634,3680,7681,7972
DIATSA_LOCUS7386,31,69,75,57,119,125
DIATSA_LOCUS7387,0,0,0,2,8,8
DIATSA_LOCUS7388,6,11,12,17,29,29
DIATSA_LOCUS7389,212,421,441,212,469,486
DIATSA_LOCUS739,768,1341,1393,516,819,852
DIATSA_LOCUS7390,4518,8413,8734,1187,2192,2280
DIATSA_LOCUS7391,18,29,33,9,16,17
DIATSA_LOCUS7392,34,53,55,21,64,65
DIATSA_LOCUS7393,1240,2314,2412,614,1204,1253
DIATSA_LOCUS7394,6,10,10,7,19,19
DIATSA_LOCUS7395,0,0,0,0,0,0
DIATSA_LOCUS7396,15,44,45,8,14,16
DIATSA_LOCUS7397,28,49,49,30,47,48
DIATSA_LOCUS7398,10,13,13,4,5,5
DIATSA_LOCUS7399,570,1209,1259,494,1061,1101
DIATSA_LOCUS74,102,185,192,11,17,17
DIATSA_LOCUS740,28,61,62,28,46,47
DIATSA_LOCUS7400,68,122,125,61,109,116
DIATSA_LOCUS7401,93,193,202,86,195,209
DIATSA_LOCUS7402,0,3,3,1,1,1
DIATSA_LOCUS7403,464,865,894,416,817,873
DIATSA_LOCUS7404,49,103,103,67,146,151
DIATSA_LOCUS7405,17,37,38,7,17,18
DIATSA_LOCUS7406,145,265,279,96,173,181
DIATSA_LOCUS7407,0,0,0,0,0,0
DIATSA_LOCUS7408,27,50,50,43,65,67
DIATSA_LOCUS7409,70,142,146,43,94,99
DIATSA_LOCUS741,67,140,146,47,129,139
DIATSA_LOCUS7410,2,3,3,0,1,1
DIATSA_LOCUS7411,608,1027,1058,520,931,959
DIATSA_LOCUS7412,2,4,4,0,0,0
DIATSA_LOCUS7413,94,192,199,37,87,89
DIATSA_LOCUS7414,20,40,40,13,23,25
DIATSA_LOCUS7415,9388,17675,18371,11093,20743,21539
DIATSA_LOCUS7416,37,68,68,32,66,69
DIATSA_LOCUS7417,374,679,697,718,1396,1448
DIATSA_LOCUS7418,13,21,21,13,22,27
DIATSA_LOCUS7419,209,371,383,284,524,546
DIATSA_LOCUS742,420,840,869,140,281,291
DIATSA_LOCUS7420,6,13,15,7,20,22
DIATSA_LOCUS7421,4,18,20,2,5,5
DIATSA_LOCUS7422,1029,1674,1747,1706,2962,3112
DIATSA_LOCUS7423,184,374,389,99,193,196
DIATSA_LOCUS7424,0,0,0,1,1,1
DIATSA_LOCUS7425,0,0,0,0,0,0
DIATSA_LOCUS7426,49,88,92,43,84,90
DIATSA_LOCUS7427,123,205,213,78,147,154
DIATSA_LOCUS7428,3,6,7,4,5,6
DIATSA_LOCUS7429,18,25,25,23,34,34
DIATSA_LOCUS743,13,22,23,6,10,10
DIATSA_LOCUS7430,25,55,56,16,36,36
DIATSA_LOCUS7431,20,42,46,26,41,43
DIATSA_LOCUS7432,39,74,77,14,28,28
DIATSA_LOCUS7433,44,99,103,23,40,43
DIATSA_LOCUS7434,0,0,0,0,0,0
DIATSA_LOCUS7435,42,101,108,39,77,80
DIATSA_LOCUS7436,15,43,46,7,19,19
DIATSA_LOCUS7437,2,2,2,1,3,3
DIATSA_LOCUS7438,8,16,19,5,10,12
DIATSA_LOCUS7439,6,12,13,0,1,2
DIATSA_LOCUS744,32,61,62,10,16,18
DIATSA_LOCUS7440,2800,4846,5032,2297,4022,4176
DIATSA_LOCUS7441,1,1,1,2,3,3
DIATSA_LOCUS7442,27,47,49,10,16,17
DIATSA_LOCUS7443,0,0,0,0,1,1
DIATSA_LOCUS7444,0,0,0,0,0,0
DIATSA_LOCUS7445,30,49,50,46,70,72
DIATSA_LOCUS7446,18,45,46,105,199,210
DIATSA_LOCUS7447,17,30,31,52,80,83
DIATSA_LOCUS7448,16,32,35,8,12,12
DIATSA_LOCUS7449,126,197,200,163,253,261
DIATSA_LOCUS745,0,0,0,0,0,0
DIATSA_LOCUS7450,23,41,44,2,5,5
DIATSA_LOCUS7451,15,33,33,7,15,15
DIATSA_LOCUS7452,3,4,4,1,2,2
DIATSA_LOCUS7453,76,161,166,45,103,104
DIATSA_LOCUS7454,18,27,28,5,13,15
DIATSA_LOCUS7455,9,21,22,23,32,34
DIATSA_LOCUS7456,921,1484,1553,1216,2010,2101
DIATSA_LOCUS7457,45,80,83,30,41,42
DIATSA_LOCUS7458,16,37,40,10,22,22
DIATSA_LOCUS7459,90,158,172,62,106,111
DIATSA_LOCUS746,80,147,154,65,120,126
DIATSA_LOCUS7460,3,7,8,2,4,4
DIATSA_LOCUS7461,68,120,127,35,73,80
DIATSA_LOCUS7462,39,75,78,31,59,61
DIATSA_LOCUS7463,54,87,90,37,69,75
DIATSA_LOCUS7464,271,560,592,203,413,426
DIATSA_LOCUS7465,10,16,18,13,17,17
DIATSA_LOCUS7466,14,31,34,6,10,10
DIATSA_LOCUS7467,5,12,12,2,3,3
DIATSA_LOCUS7468,0,1,1,0,0,0
DIATSA_LOCUS7469,26,46,50,21,51,51
DIATSA_LOCUS747,651,1173,1217,465,854,892
DIATSA_LOCUS7470,9,24,26,4,12,13
DIATSA_LOCUS7471,0,2,3,1,1,1
DIATSA_LOCUS7472,19,37,37,9,18,18
DIATSA_LOCUS7473,18,34,37,4,8,8
DIATSA_LOCUS7474,65,128,133,30,61,64
DIATSA_LOCUS7475,27,59,64,12,32,32
DIATSA_LOCUS7476,1,1,1,0,0,0
DIATSA_LOCUS7477,3,3,3,4,7,7
DIATSA_LOCUS7478,16,26,26,14,24,26
DIATSA_LOCUS7479,17,36,39,22,39,41
DIATSA_LOCUS748,21,37,36,5,8,8
DIATSA_LOCUS7480,17,31,31,10,16,17
DIATSA_LOCUS7481,14,31,36,2,5,5
DIATSA_LOCUS7482,16,32,31,2,7,7
DIATSA_LOCUS7483,3,7,7,0,3,3
DIATSA_LOCUS7484,84,148,156,31,49,50
DIATSA_LOCUS7485,411,689,712,548,998,1036
DIATSA_LOCUS7486,28,40,46,10,17,19
DIATSA_LOCUS7487,181,350,364,101,169,175
DIATSA_LOCUS7488,1,1,1,0,0,0
DIATSA_LOCUS7489,0,0,0,0,0,0
DIATSA_LOCUS749,76,124,130,111,206,221
DIATSA_LOCUS7490,0,0,0,0,0,0
DIATSA_LOCUS7491,45,73,74,14,25,26
DIATSA_LOCUS7492,184,331,343,106,191,196
DIATSA_LOCUS7493,1,1,1,2,3,3
DIATSA_LOCUS7494,110,222,227,150,302,313
DIATSA_LOCUS7495,0,1,1,1,3,4
DIATSA_LOCUS7496,0,0,0,0,0,0
DIATSA_LOCUS7497,123,286,305,63,141,148
DIATSA_LOCUS7498,4185,12270,12746,7665,19826,20576
DIATSA_LOCUS7499,1,2,2,1,1,1
DIATSA_LOCUS75,0,0,0,0,0,0
DIATSA_LOCUS750,6,7,7,9,15,15
DIATSA_LOCUS7500,2,11,13,6,21,24
DIATSA_LOCUS7501,43,109,112,79,154,157
DIATSA_LOCUS7502,1659,3241,3371,1093,2139,2231
DIATSA_LOCUS7503,4,9,12,8,17,19
DIATSA_LOCUS7504,792,1490,1580,1330,2329,2441
DIATSA_LOCUS7505,27,61,66,20,41,48
DIATSA_LOCUS7506,28,62,63,23,44,47
DIATSA_LOCUS7507,24,36,39,21,35,35
DIATSA_LOCUS7508,25,41,42,10,18,19
DIATSA_LOCUS7509,36,59,63,19,25,26
DIATSA_LOCUS751,213,413,429,126,235,254
DIATSA_LOCUS7510,157,271,281,59,110,115
DIATSA_LOCUS7511,12,21,21,18,40,42
DIATSA_LOCUS7512,489,853,887,621,1014,1058
DIATSA_LOCUS7513,79,139,144,88,166,175
DIATSA_LOCUS7514,0,0,0,0,0,1
DIATSA_LOCUS7515,23,50,51,21,39,41
DIATSA_LOCUS7516,915,1532,1579,2171,3536,3661
DIATSA_LOCUS7517,1,1,1,1,1,1
DIATSA_LOCUS7518,61,122,127,17,43,44
DIATSA_LOCUS7519,34,65,68,24,44,45
DIATSA_LOCUS752,27,77,79,37,96,98
DIATSA_LOCUS7520,5,12,12,8,11,13
DIATSA_LOCUS7521,38,54,59,13,21,21
DIATSA_LOCUS7522,90,181,187,42,74,75
DIATSA_LOCUS7523,300,450,473,196,295,308
DIATSA_LOCUS7524,223,427,444,334,552,577
DIATSA_LOCUS7525,4324,7858,8153,4739,8832,9128
DIATSA_LOCUS7526,3320,5566,5730,4174,6953,7203
DIATSA_LOCUS7527,481,811,838,330,521,543
DIATSA_LOCUS7528,0,0,0,0,0,0
DIATSA_LOCUS7529,65,136,141,56,99,102
DIATSA_LOCUS753,68,126,137,58,95,98
DIATSA_LOCUS7530,94,171,177,84,142,145
DIATSA_LOCUS7531,334,702,731,179,457,471
DIATSA_LOCUS7532,697,1332,1378,359,697,746
DIATSA_LOCUS7533,872,1711,1868,437,779,835
DIATSA_LOCUS7534,54,142,141,74,158,164
DIATSA_LOCUS7535,72,170,175,58,121,125
DIATSA_LOCUS7536,410,728,770,149,295,303
DIATSA_LOCUS7537,49,82,86,20,37,39
DIATSA_LOCUS7538,0,0,1,0,0,0
DIATSA_LOCUS7539,15,21,21,25,38,39
DIATSA_LOCUS754,21,41,43,17,27,27
DIATSA_LOCUS7540,23,37,38,16,18,18
DIATSA_LOCUS7541,10,27,29,1,4,4
DIATSA_LOCUS7542,42,76,77,39,63,65
DIATSA_LOCUS7543,114,190,196,81,148,150
DIATSA_LOCUS7544,839,1580,1667,294,535,564
DIATSA_LOCUS7545,12,24,24,6,14,15
DIATSA_LOCUS7546,3,3,3,2,3,3
DIATSA_LOCUS7547,15,24,27,10,27,29
DIATSA_LOCUS7548,42,96,101,30,55,58
DIATSA_LOCUS7549,91,159,163,27,48,50
DIATSA_LOCUS755,8,15,16,15,26,26
DIATSA_LOCUS7550,119,225,232,78,125,131
DIATSA_LOCUS7551,26,43,46,23,41,41
DIATSA_LOCUS7552,102,207,212,139,239,246
DIATSA_LOCUS7553,11,21,22,7,23,23
DIATSA_LOCUS7554,556,1111,1145,529,1040,1079
DIATSA_LOCUS7555,405,957,1018,677,1236,1306
DIATSA_LOCUS7556,107,185,196,33,49,51
DIATSA_LOCUS7557,31,50,50,41,67,70
DIATSA_LOCUS7558,137,326,337,175,425,443
DIATSA_LOCUS7559,424,860,905,241,540,566
DIATSA_LOCUS756,252,428,451,142,242,247
DIATSA_LOCUS7560,23,48,51,31,63,66
DIATSA_LOCUS7561,155,280,297,171,315,331
DIATSA_LOCUS7562,27,46,50,22,41,43
DIATSA_LOCUS7563,90,189,196,67,132,142
DIATSA_LOCUS7564,0,0,0,0,0,0
DIATSA_LOCUS7565,7,10,10,2,3,3
DIATSA_LOCUS7566,0,0,0,0,0,0
DIATSA_LOCUS7567,0,0,0,1,3,3
DIATSA_LOCUS7568,148,331,342,82,176,182
DIATSA_LOCUS7569,61,115,119,75,113,117
DIATSA_LOCUS757,44,66,69,34,63,65
DIATSA_LOCUS7570,27,61,63,19,39,39
DIATSA_LOCUS7571,254,526,551,154,348,368
DIATSA_LOCUS7572,7,14,14,0,0,0
DIATSA_LOCUS7573,43,63,66,20,41,41
DIATSA_LOCUS7574,1265,2167,2252,1585,2812,2910
DIATSA_LOCUS7575,407,778,810,333,626,655
DIATSA_LOCUS7576,1041,2144,2222,762,1470,1511
DIATSA_LOCUS7577,329,562,586,240,475,492
DIATSA_LOCUS7578,91,174,183,43,104,105
DIATSA_LOCUS7579,0,0,0,1,1,2
DIATSA_LOCUS758,12,21,22,10,31,33
DIATSA_LOCUS7580,4,9,9,2,4,4
DIATSA_LOCUS7581,47,95,105,28,43,45
DIATSA_LOCUS7582,2,1,1,1,3,3
DIATSA_LOCUS7583,13,32,32,8,17,16
DIATSA_LOCUS7584,40,102,103,8,20,21
DIATSA_LOCUS7585,80,152,155,27,52,53
DIATSA_LOCUS7586,928,1615,1702,422,720,745
DIATSA_LOCUS7587,45,100,105,28,65,69
DIATSA_LOCUS7588,21,48,49,7,24,24
DIATSA_LOCUS7589,38,63,67,20,36,36
DIATSA_LOCUS759,1,1,1,0,0,0
DIATSA_LOCUS7590,110,198,212,33,68,66
DIATSA_LOCUS7591,78,131,134,86,139,145
DIATSA_LOCUS7592,217,407,425,246,523,553
DIATSA_LOCUS7593,236,424,432,163,285,301
DIATSA_LOCUS7594,43,80,85,17,41,47
DIATSA_LOCUS7595,24,52,51,18,53,53
DIATSA_LOCUS7596,94,162,167,89,180,186
DIATSA_LOCUS7597,17,32,32,6,15,15
DIATSA_LOCUS7598,14,27,27,6,18,19
DIATSA_LOCUS7599,416,785,824,253,493,519
DIATSA_LOCUS76,0,0,0,0,0,0
DIATSA_LOCUS760,3,5,5,3,3,5
DIATSA_LOCUS7600,246,497,517,318,569,588
DIATSA_LOCUS7601,644,1219,1268,669,1155,1208
DIATSA_LOCUS7602,438,839,886,452,916,959
DIATSA_LOCUS7603,395,672,688,270,527,561
DIATSA_LOCUS7604,1,3,3,0,0,0
DIATSA_LOCUS7605,171,310,319,92,166,177
DIATSA_LOCUS7606,29,65,64,39,67,70
DIATSA_LOCUS7607,40,84,86,40,71,74
DIATSA_LOCUS7608,11,37,39,8,12,13
DIATSA_LOCUS7609,35,83,86,40,65,67
DIATSA_LOCUS761,4,4,5,1,4,4
DIATSA_LOCUS7610,205,311,328,263,396,415
DIATSA_LOCUS7611,49,105,108,36,72,75
DIATSA_LOCUS7612,165,365,382,198,451,469
DIATSA_LOCUS7613,24,37,37,16,31,31
DIATSA_LOCUS7614,0,0,0,0,0,0
DIATSA_LOCUS7615,53,91,97,49,85,90
DIATSA_LOCUS7616,637,1200,1252,711,1343,1385
DIATSA_LOCUS7617,1,2,2,1,1,1
DIATSA_LOCUS7618,2228,4215,4376,761,1505,1560
DIATSA_LOCUS7619,0,0,1,1,2,2
DIATSA_LOCUS762,275,517,539,307,546,569
DIATSA_LOCUS7620,0,2,3,0,1,1
DIATSA_LOCUS7621,5,9,10,3,4,4
DIATSA_LOCUS7622,0,0,0,0,0,0
DIATSA_LOCUS7623,2,1,1,0,0,0
DIATSA_LOCUS7624,74,132,139,47,92,97
DIATSA_LOCUS7625,41,71,76,32,55,55
DIATSA_LOCUS7626,3,6,7,0,2,2
DIATSA_LOCUS7627,722,1352,1400,587,1130,1175
DIATSA_LOCUS7628,219,486,514,353,813,846
DIATSA_LOCUS7629,32,60,66,110,223,229
DIATSA_LOCUS763,3,6,6,2,2,3
DIATSA_LOCUS7630,34,54,55,58,102,105
DIATSA_LOCUS7631,177,260,267,129,224,230
DIATSA_LOCUS7632,152,292,300,136,238,240
DIATSA_LOCUS7633,73,124,127,26,47,47
DIATSA_LOCUS7634,47,82,83,44,98,102
DIATSA_LOCUS7635,31,95,97,65,140,144
DIATSA_LOCUS7636,24,60,62,24,58,61
DIATSA_LOCUS7637,238,385,397,77,141,149
DIATSA_LOCUS7638,150,329,349,55,133,139
DIATSA_LOCUS7639,0,1,1,2,2,2
DIATSA_LOCUS764,174,358,376,71,150,159
DIATSA_LOCUS7640,2,3,3,2,3,4
DIATSA_LOCUS7641,19,34,34,2,5,5
DIATSA_LOCUS7642,2,2,2,0,0,1
DIATSA_LOCUS7643,197,412,436,87,178,186
DIATSA_LOCUS7644,10,28,28,3,13,13
DIATSA_LOCUS7645,530,971,1003,631,1140,1195
DIATSA_LOCUS7646,586,1067,1112,327,663,689
DIATSA_LOCUS7647,0,3,3,1,2,4
DIATSA_LOCUS7648,34,69,69,12,26,27
DIATSA_LOCUS7649,3,7,8,2,3,3
DIATSA_LOCUS765,93,224,229,44,112,114
DIATSA_LOCUS7650,1,2,3,4,5,5
DIATSA_LOCUS7651,0,0,0,0,0,0
DIATSA_LOCUS7652,80,161,167,108,217,228
DIATSA_LOCUS7653,0,0,0,1,1,1
DIATSA_LOCUS7654,78,159,166,88,163,172
DIATSA_LOCUS7655,11,20,19,8,23,25
DIATSA_LOCUS7656,7,17,17,8,16,19
DIATSA_LOCUS7657,3,9,8,7,12,14
DIATSA_LOCUS7658,0,0,0,0,0,0
DIATSA_LOCUS7659,179,369,384,105,195,203
DIATSA_LOCUS766,1,3,3,1,1,1
DIATSA_LOCUS7660,3607,6925,7207,1404,2767,2894
DIATSA_LOCUS7661,21,40,42,19,30,31
DIATSA_LOCUS7662,26,61,65,23,48,48
DIATSA_LOCUS7663,175,330,343,138,284,299
DIATSA_LOCUS7664,63,192,198,85,204,209
DIATSA_LOCUS7665,0,0,0,0,0,0
DIATSA_LOCUS7666,3441,6891,7100,836,1547,1598
DIATSA_LOCUS7667,22,43,44,23,48,49
DIATSA_LOCUS7668,17,36,36,15,33,32
DIATSA_LOCUS7669,4,11,11,5,5,5
DIATSA_LOCUS767,84,198,207,38,95,102
DIATSA_LOCUS7670,1,1,1,0,0,0
DIATSA_LOCUS7671,0,0,0,0,0,0
DIATSA_LOCUS7672,0,0,1,0,0,0
DIATSA_LOCUS7673,230,481,502,102,259,267
DIATSA_LOCUS7674,1507,2720,2831,1996,3511,3624
DIATSA_LOCUS7675,438,798,838,483,916,970
DIATSA_LOCUS7676,24,48,48,8,21,21
DIATSA_LOCUS7677,78,163,169,39,80,83
DIATSA_LOCUS7678,13,23,24,10,19,19
DIATSA_LOCUS7679,33,64,66,25,50,52
DIATSA_LOCUS768,149,268,279,43,79,87
DIATSA_LOCUS7680,23,30,30,9,22,24
DIATSA_LOCUS7681,5,6,6,0,0,0
DIATSA_LOCUS7682,8,10,11,3,6,6
DIATSA_LOCUS7683,232,538,560,129,302,318
DIATSA_LOCUS7684,199,375,396,106,203,214
DIATSA_LOCUS7685,12,26,26,14,32,34
DIATSA_LOCUS7686,0,3,3,3,5,5
DIATSA_LOCUS7687,40,97,106,30,50,52
DIATSA_LOCUS7688,26,58,61,41,78,78
DIATSA_LOCUS7689,265,602,643,264,577,603
DIATSA_LOCUS769,5,6,6,3,3,3
DIATSA_LOCUS7690,366,769,787,335,677,705
DIATSA_LOCUS7691,444,1015,1058,263,543,563
DIATSA_LOCUS7692,46,83,85,33,56,61
DIATSA_LOCUS7693,649,1483,1547,482,1165,1214
DIATSA_LOCUS7694,33,0,0,270,419,427
DIATSA_LOCUS7695,0,0,0,1,1,1
DIATSA_LOCUS7696,7,14,16,3,7,8
DIATSA_LOCUS7697,43,92,98,16,33,33
DIATSA_LOCUS7698,253,470,486,297,543,567
DIATSA_LOCUS7699,330,746,773,143,353,367
DIATSA_LOCUS77,306,555,571,80,159,172
DIATSA_LOCUS770,0,0,2,1,2,2
DIATSA_LOCUS7700,13,27,27,20,30,32
DIATSA_LOCUS7701,12,34,35,29,63,64
DIATSA_LOCUS7702,131,260,267,265,495,513
DIATSA_LOCUS7703,9179,18544,19105,8273,16565,17148
DIATSA_LOCUS7704,0,0,0,1,2,2
DIATSA_LOCUS7705,51,108,111,36,78,83
DIATSA_LOCUS7706,0,0,0,0,1,2
DIATSA_LOCUS7707,5,10,10,9,15,16
DIATSA_LOCUS7708,153,360,373,80,162,171
DIATSA_LOCUS7709,62,160,165,70,155,162
DIATSA_LOCUS771,155,265,273,52,95,105
DIATSA_LOCUS7710,28,57,56,28,44,51
DIATSA_LOCUS7711,149,234,243,105,160,168
DIATSA_LOCUS7712,53,152,160,45,114,121
DIATSA_LOCUS7713,253,495,517,303,590,626
DIATSA_LOCUS7714,16,26,28,8,10,10
DIATSA_LOCUS7715,10,28,29,17,27,27
DIATSA_LOCUS7716,38,65,67,35,66,69
DIATSA_LOCUS7717,120,267,279,100,218,232
DIATSA_LOCUS7718,0,0,0,0,0,0
DIATSA_LOCUS7719,0,1,1,1,3,3
DIATSA_LOCUS772,41,79,83,22,54,57
DIATSA_LOCUS7720,2,7,7,0,2,2
DIATSA_LOCUS7721,284,631,655,234,482,501
DIATSA_LOCUS7722,14,19,19,5,13,13
DIATSA_LOCUS7723,60,126,131,16,35,37
DIATSA_LOCUS7724,44,86,89,7,20,23
DIATSA_LOCUS7725,66,135,139,21,35,35
DIATSA_LOCUS7726,163,266,272,149,303,310
DIATSA_LOCUS7727,12,26,26,27,53,57
DIATSA_LOCUS7728,4,19,20,6,17,17
DIATSA_LOCUS7729,72,139,140,42,111,115
DIATSA_LOCUS773,28,61,61,33,56,58
DIATSA_LOCUS7730,0,0,0,0,1,1
DIATSA_LOCUS7731,0,0,1,0,0,0
DIATSA_LOCUS7732,40,68,73,31,55,57
DIATSA_LOCUS7733,0,0,0,0,0,0
DIATSA_LOCUS7734,8,14,17,15,42,43
DIATSA_LOCUS7735,0,0,0,0,0,0
DIATSA_LOCUS7736,33,64,67,32,68,70
DIATSA_LOCUS7737,33,65,66,18,29,28
DIATSA_LOCUS7738,1175,2208,2284,669,1253,1299
DIATSA_LOCUS7739,134,252,261,178,332,338
DIATSA_LOCUS774,49,110,117,9,25,27
DIATSA_LOCUS7740,97,213,224,72,151,157
DIATSA_LOCUS7741,38,64,64,25,52,55
DIATSA_LOCUS7742,0,0,0,0,0,0
DIATSA_LOCUS7743,84,164,170,71,130,134
DIATSA_LOCUS7744,56,78,83,18,30,31
DIATSA_LOCUS7745,7,12,12,3,6,7
DIATSA_LOCUS7746,97,201,206,81,170,176
DIATSA_LOCUS7747,0,1,1,1,2,2
DIATSA_LOCUS7748,2,8,8,0,1,1
DIATSA_LOCUS7749,101,203,207,77,171,179
DIATSA_LOCUS775,1076,2290,2374,877,1847,1914
DIATSA_LOCUS7750,109,192,200,90,168,175
DIATSA_LOCUS7751,399,668,689,226,376,390
DIATSA_LOCUS7752,0,0,0,0,0,0
DIATSA_LOCUS7753,105,176,181,44,81,83
DIATSA_LOCUS7754,957,1953,2016,686,1432,1475
DIATSA_LOCUS7755,0,0,0,0,0,0
DIATSA_LOCUS7756,0,0,0,0,0,0
DIATSA_LOCUS7757,30,62,63,55,86,90
DIATSA_LOCUS7758,40,96,99,13,35,35
DIATSA_LOCUS7759,3,6,6,2,2,2
DIATSA_LOCUS776,16,26,26,13,27,27
DIATSA_LOCUS7760,10,22,24,1,3,5
DIATSA_LOCUS7761,234,543,566,160,380,396
DIATSA_LOCUS7762,108,196,208,132,239,245
DIATSA_LOCUS7763,379,718,746,533,953,978
DIATSA_LOCUS7764,354,724,741,209,400,411
DIATSA_LOCUS7765,217,396,413,226,438,453
DIATSA_LOCUS7766,257,535,563,192,399,409
DIATSA_LOCUS7767,123,302,323,162,369,397
DIATSA_LOCUS7768,0,0,0,1,1,1
DIATSA_LOCUS7769,364,762,795,461,821,870
DIATSA_LOCUS777,13,19,19,12,19,23
DIATSA_LOCUS7770,415,785,819,243,480,498
DIATSA_LOCUS7771,0,0,0,0,1,1
DIATSA_LOCUS7772,26,47,48,17,27,28
DIATSA_LOCUS7773,7,12,12,15,26,26
DIATSA_LOCUS7774,138,306,320,99,229,233
DIATSA_LOCUS7775,198,409,427,104,227,233
DIATSA_LOCUS7776,71,161,172,42,85,90
DIATSA_LOCUS7777,89,221,235,73,153,162
DIATSA_LOCUS7778,25,49,49,22,27,28
DIATSA_LOCUS7779,99,235,245,96,212,225
DIATSA_LOCUS778,1,4,4,1,1,1
DIATSA_LOCUS7780,50,99,104,53,101,104
DIATSA_LOCUS7781,138,234,243,100,192,201
DIATSA_LOCUS7782,62,148,151,57,135,141
DIATSA_LOCUS7783,831,1509,1572,749,1437,1507
DIATSA_LOCUS7784,135,269,277,138,297,307
DIATSA_LOCUS7785,0,0,0,0,0,0
DIATSA_LOCUS7786,57,96,98,50,87,90
DIATSA_LOCUS7787,0,0,0,0,0,0
DIATSA_LOCUS7788,4,7,8,10,15,16
DIATSA_LOCUS7789,0,0,0,0,0,0
DIATSA_LOCUS779,2,5,6,2,7,7
DIATSA_LOCUS7790,0,0,0,0,0,0
DIATSA_LOCUS7791,1,0,0,0,0,0
DIATSA_LOCUS7792,0,0,0,0,0,0
DIATSA_LOCUS7793,0,0,0,1,1,1
DIATSA_LOCUS7794,0,1,1,3,6,7
DIATSA_LOCUS7795,0,0,0,0,0,0
DIATSA_LOCUS7796,25,50,53,20,26,27
DIATSA_LOCUS7797,115,281,306,67,169,193
DIATSA_LOCUS7798,25,36,37,5,10,11
DIATSA_LOCUS7799,929,1832,1900,481,1118,1165
DIATSA_LOCUS78,0,1,1,0,0,0
DIATSA_LOCUS780,0,0,0,0,0,0
DIATSA_LOCUS7800,15,25,27,2,4,4
DIATSA_LOCUS7801,1,1,1,0,0,0
DIATSA_LOCUS7802,140,288,295,187,390,401
DIATSA_LOCUS7803,9,20,20,4,16,19
DIATSA_LOCUS7804,28,50,53,20,41,43
DIATSA_LOCUS7805,13,29,30,13,31,33
DIATSA_LOCUS7806,15,29,29,23,43,48
DIATSA_LOCUS7807,215,398,412,108,215,229
DIATSA_LOCUS7808,0,0,0,0,0,0
DIATSA_LOCUS7809,0,0,0,0,0,0
DIATSA_LOCUS781,2,2,2,1,1,1
DIATSA_LOCUS7810,0,0,0,0,0,0
DIATSA_LOCUS7811,0,0,0,0,0,0
DIATSA_LOCUS7812,214,438,471,86,198,208
DIATSA_LOCUS7813,403,737,762,288,572,596
DIATSA_LOCUS7814,5,11,11,4,12,13
DIATSA_LOCUS7815,1,3,4,0,0,0
DIATSA_LOCUS7816,0,0,0,0,0,0
DIATSA_LOCUS7817,212,366,384,140,234,240
DIATSA_LOCUS7818,13,27,27,21,25,27
DIATSA_LOCUS7819,16,26,26,10,12,13
DIATSA_LOCUS782,0,0,0,0,0,0
DIATSA_LOCUS7820,95,199,205,31,53,63
DIATSA_LOCUS7821,1,1,1,0,0,0
DIATSA_LOCUS7822,78,143,149,55,92,96
DIATSA_LOCUS7823,1,2,2,0,1,1
DIATSA_LOCUS7824,0,0,0,0,0,0
DIATSA_LOCUS7825,0,0,0,1,4,4
DIATSA_LOCUS7826,83,184,196,32,57,58
DIATSA_LOCUS7827,52,93,96,241,455,468
DIATSA_LOCUS7828,0,0,0,0,0,0
DIATSA_LOCUS7829,0,1,1,0,0,0
DIATSA_LOCUS783,0,0,0,0,0,0
DIATSA_LOCUS7830,34,51,51,18,28,29
DIATSA_LOCUS7831,248,530,548,167,334,341
DIATSA_LOCUS7832,134,243,252,102,194,204
DIATSA_LOCUS7833,42,95,107,38,74,74
DIATSA_LOCUS7834,57,125,131,68,164,174
DIATSA_LOCUS7835,374,689,714,433,850,883
DIATSA_LOCUS7836,296,572,594,337,618,653
DIATSA_LOCUS7837,626,1186,1233,184,403,424
DIATSA_LOCUS7838,23,67,69,12,39,41
DIATSA_LOCUS7839,13,25,25,8,18,19
DIATSA_LOCUS784,76,120,125,31,46,46
DIATSA_LOCUS7840,25,64,66,30,54,55
DIATSA_LOCUS7841,282,555,585,326,649,669
DIATSA_LOCUS7842,42,77,80,17,25,26
DIATSA_LOCUS7843,1536,2729,2816,917,1650,1723
DIATSA_LOCUS7844,23,52,52,24,60,61
DIATSA_LOCUS7845,96,186,192,35,80,84
DIATSA_LOCUS7846,47,128,136,20,69,74
DIATSA_LOCUS7847,19,36,38,8,12,13
DIATSA_LOCUS7848,92,177,182,30,61,61
DIATSA_LOCUS7849,18,35,38,21,30,30
DIATSA_LOCUS785,132,259,271,136,250,261
DIATSA_LOCUS7850,0,0,0,0,0,0
DIATSA_LOCUS7851,48,94,94,31,61,63
DIATSA_LOCUS7852,249,439,460,185,423,435
DIATSA_LOCUS7853,0,1,2,0,3,7
DIATSA_LOCUS7854,492,1113,1126,621,1403,1566
DIATSA_LOCUS7855,0,1,1,0,0,0
DIATSA_LOCUS7856,55,72,77,29,27,37
DIATSA_LOCUS7857,3,7,7,1,6,5
DIATSA_LOCUS7858,0,0,0,0,0,0
DIATSA_LOCUS7859,0,0,0,0,0,0
DIATSA_LOCUS786,1427,3009,3155,953,1968,2054
DIATSA_LOCUS7860,0,0,0,0,0,0
DIATSA_LOCUS7861,5,9,11,1,2,2
DIATSA_LOCUS7862,24,51,53,30,55,54
DIATSA_LOCUS7863,150,307,326,99,270,274
DIATSA_LOCUS7864,69,148,158,21,42,45
DIATSA_LOCUS7865,27,49,50,24,44,46
DIATSA_LOCUS7866,237,421,435,305,489,512
DIATSA_LOCUS7867,24,58,60,56,99,106
DIATSA_LOCUS7868,0,0,0,0,0,0
DIATSA_LOCUS7869,0,2,3,0,1,1
DIATSA_LOCUS787,97,179,192,34,55,54
DIATSA_LOCUS7870,0,1,1,0,0,0
DIATSA_LOCUS7871,0,0,0,0,0,0
DIATSA_LOCUS7872,0,0,0,0,0,0
DIATSA_LOCUS7873,0,0,0,0,0,0
DIATSA_LOCUS7874,0,0,0,0,0,0
DIATSA_LOCUS7875,8,15,15,0,2,2
DIATSA_LOCUS7876,0,0,0,0,0,0
DIATSA_LOCUS7877,0,0,0,0,0,0
DIATSA_LOCUS7878,0,0,0,0,0,0
DIATSA_LOCUS7879,0,0,0,0,0,0
DIATSA_LOCUS788,69,150,159,25,64,70
DIATSA_LOCUS7880,0,0,0,0,0,0
DIATSA_LOCUS7881,0,0,0,0,0,0
DIATSA_LOCUS7882,0,0,0,0,0,0
DIATSA_LOCUS7883,0,0,0,0,0,0
DIATSA_LOCUS7884,0,0,0,0,0,0
DIATSA_LOCUS7885,116,214,230,52,104,105
DIATSA_LOCUS7886,0,0,0,2,2,2
DIATSA_LOCUS7887,2,2,2,0,0,0
DIATSA_LOCUS7888,0,0,0,0,0,0
DIATSA_LOCUS7889,0,0,0,0,0,0
DIATSA_LOCUS789,2,3,3,0,3,3
DIATSA_LOCUS7890,0,0,0,0,0,0
DIATSA_LOCUS7891,0,0,0,0,0,0
DIATSA_LOCUS7892,0,0,0,0,0,0
DIATSA_LOCUS7893,4,7,7,7,9,9
DIATSA_LOCUS7894,0,0,0,0,0,1
DIATSA_LOCUS7895,0,0,0,0,0,0
DIATSA_LOCUS7896,57,117,129,100,246,259
DIATSA_LOCUS7897,126,260,279,254,487,511
DIATSA_LOCUS7898,0,0,0,0,0,0
DIATSA_LOCUS7899,0,0,2,0,2,3
DIATSA_LOCUS79,0,0,0,0,0,0
DIATSA_LOCUS790,27,58,59,11,24,24
DIATSA_LOCUS7900,0,0,0,0,0,2
DIATSA_LOCUS7901,1,1,1,0,0,0
DIATSA_LOCUS7902,0,0,0,0,0,0
DIATSA_LOCUS7903,0,7,7,0,1,1
DIATSA_LOCUS7904,0,0,0,0,0,0
DIATSA_LOCUS7905,0,0,0,0,1,1
DIATSA_LOCUS7906,0,1,1,0,0,0
DIATSA_LOCUS7907,0,0,0,0,0,0
DIATSA_LOCUS7908,0,0,0,0,0,0
DIATSA_LOCUS7909,0,0,0,0,0,0
DIATSA_LOCUS791,80,196,211,63,145,158
DIATSA_LOCUS7910,0,0,0,0,0,0
DIATSA_LOCUS7911,0,0,0,0,0,0
DIATSA_LOCUS7912,0,0,0,0,0,0
DIATSA_LOCUS7913,0,0,0,0,0,0
DIATSA_LOCUS7914,0,3,2,0,0,0
DIATSA_LOCUS7915,0,0,0,0,0,0
DIATSA_LOCUS7916,0,0,0,0,0,1
DIATSA_LOCUS7917,0,0,0,0,0,1
DIATSA_LOCUS7918,0,0,0,0,0,0
DIATSA_LOCUS7919,0,0,0,0,0,1
DIATSA_LOCUS792,7,21,22,2,3,3
DIATSA_LOCUS7920,0,0,0,0,0,0
DIATSA_LOCUS7921,0,0,0,0,0,0
DIATSA_LOCUS7922,0,0,0,0,0,0
DIATSA_LOCUS7923,0,0,0,0,1,1
DIATSA_LOCUS7924,0,0,0,0,0,0
DIATSA_LOCUS7925,0,0,0,0,1,1
DIATSA_LOCUS7926,0,0,0,0,0,0
DIATSA_LOCUS7927,0,0,0,2,4,5
DIATSA_LOCUS7928,0,0,0,0,0,0
DIATSA_LOCUS7929,3,4,4,4,8,9
DIATSA_LOCUS793,13,38,39,7,13,14
DIATSA_LOCUS7930,0,0,0,0,0,0
DIATSA_LOCUS7931,0,0,0,0,0,0
DIATSA_LOCUS7932,0,1,1,0,0,1
DIATSA_LOCUS7933,0,0,0,0,0,0
DIATSA_LOCUS7934,0,0,0,0,0,0
DIATSA_LOCUS7935,0,0,0,0,0,0
DIATSA_LOCUS7936,2,8,8,4,5,5
DIATSA_LOCUS7937,0,0,0,0,0,0
DIATSA_LOCUS7938,0,0,0,0,0,0
DIATSA_LOCUS7939,0,0,0,0,0,0
DIATSA_LOCUS794,11,31,33,5,13,14
DIATSA_LOCUS7940,10,28,30,4,8,9
DIATSA_LOCUS7941,6,12,12,2,8,10
DIATSA_LOCUS7942,0,0,0,0,0,0
DIATSA_LOCUS7943,0,0,0,0,0,0
DIATSA_LOCUS7944,0,0,0,0,0,0
DIATSA_LOCUS7945,1,10,10,4,11,11
DIATSA_LOCUS7946,0,0,0,0,0,0
DIATSA_LOCUS7947,0,0,0,0,0,0
DIATSA_LOCUS7948,0,0,0,0,0,0
DIATSA_LOCUS7949,0,0,0,0,0,0
DIATSA_LOCUS795,0,0,0,0,0,0
DIATSA_LOCUS7950,0,0,0,0,0,0
DIATSA_LOCUS7951,0,0,0,0,0,0
DIATSA_LOCUS7952,0,0,0,0,0,0
DIATSA_LOCUS7953,0,0,0,0,0,0
DIATSA_LOCUS7954,0,0,0,0,0,0
DIATSA_LOCUS7955,0,0,0,0,0,0
DIATSA_LOCUS7956,0,0,0,0,0,0
DIATSA_LOCUS7957,15,27,28,6,14,14
DIATSA_LOCUS7958,0,0,0,0,0,0
DIATSA_LOCUS7959,0,0,0,0,0,0
DIATSA_LOCUS796,27,51,51,18,45,46
DIATSA_LOCUS7960,0,0,0,0,1,1
DIATSA_LOCUS7961,0,0,0,0,0,0
DIATSA_LOCUS7962,4,8,7,4,9,9
DIATSA_LOCUS7963,2,4,4,3,5,6
DIATSA_LOCUS7964,0,0,0,0,0,0
DIATSA_LOCUS7965,0,1,1,0,0,0
DIATSA_LOCUS7966,0,0,0,0,0,0
DIATSA_LOCUS7967,0,0,0,0,0,0
DIATSA_LOCUS7968,0,0,0,0,0,0
DIATSA_LOCUS7969,0,1,1,1,1,1
DIATSA_LOCUS797,0,0,1,0,1,0
DIATSA_LOCUS7970,5,5,5,0,0,0
DIATSA_LOCUS7971,0,0,0,0,0,0
DIATSA_LOCUS7972,0,0,0,0,0,0
DIATSA_LOCUS7973,0,0,0,0,0,0
DIATSA_LOCUS7974,0,0,0,0,0,0
DIATSA_LOCUS7975,2,2,2,0,0,0
DIATSA_LOCUS7976,0,0,0,0,0,0
DIATSA_LOCUS7977,0,0,0,0,0,0
DIATSA_LOCUS7978,0,0,0,0,0,0
DIATSA_LOCUS7979,6,9,9,4,14,15
DIATSA_LOCUS798,0,0,0,0,0,0
DIATSA_LOCUS7980,0,0,0,0,0,0
DIATSA_LOCUS7981,0,0,0,0,0,0
DIATSA_LOCUS7982,0,0,0,0,1,1
DIATSA_LOCUS7983,8,12,12,3,4,4
DIATSA_LOCUS7984,0,2,2,0,0,0
DIATSA_LOCUS7985,0,0,0,0,0,0
DIATSA_LOCUS7986,0,0,0,0,0,0
DIATSA_LOCUS7987,0,0,0,0,0,0
DIATSA_LOCUS7988,0,0,0,0,0,0
DIATSA_LOCUS7989,0,0,0,0,0,0
DIATSA_LOCUS799,0,0,0,0,0,0
DIATSA_LOCUS7990,0,1,1,0,0,0
DIATSA_LOCUS7991,0,0,0,0,0,0
DIATSA_LOCUS7992,25,51,52,2,9,9
DIATSA_LOCUS7993,0,1,1,0,3,4
DIATSA_LOCUS7994,0,0,0,0,0,0
DIATSA_LOCUS7995,0,0,0,0,0,0
DIATSA_LOCUS7996,0,0,0,1,1,1
DIATSA_LOCUS7997,0,0,0,0,0,0
DIATSA_LOCUS7998,0,0,0,0,0,0
DIATSA_LOCUS7999,2,2,2,0,0,0
DIATSA_LOCUS8,0,2,3,0,0,0
DIATSA_LOCUS80,12,34,37,3,7,7
DIATSA_LOCUS800,70,124,127,55,96,100
DIATSA_LOCUS8000,0,0,0,1,2,2
DIATSA_LOCUS8001,0,0,0,0,0,0
DIATSA_LOCUS8002,0,0,0,0,1,1
DIATSA_LOCUS8003,3,0,0,0,0,0
DIATSA_LOCUS8004,0,0,0,0,0,0
DIATSA_LOCUS8005,0,0,0,0,0,0
DIATSA_LOCUS8006,0,0,0,0,0,0
DIATSA_LOCUS8007,0,0,1,0,0,0
DIATSA_LOCUS8008,8,12,12,5,6,6
DIATSA_LOCUS8009,0,0,0,0,0,0
DIATSA_LOCUS801,0,0,0,1,2,3
DIATSA_LOCUS8010,1,2,2,0,0,0
DIATSA_LOCUS8011,0,1,1,0,1,2
DIATSA_LOCUS8012,0,1,1,0,0,0
DIATSA_LOCUS8013,0,0,0,0,0,0
DIATSA_LOCUS8014,0,0,0,0,0,0
DIATSA_LOCUS8015,0,0,0,0,0,0
DIATSA_LOCUS8016,0,0,0,0,0,0
DIATSA_LOCUS8017,0,0,0,0,0,0
DIATSA_LOCUS8018,1,3,3,0,1,1
DIATSA_LOCUS8019,0,0,0,0,0,0
DIATSA_LOCUS802,5,9,9,1,2,2
DIATSA_LOCUS8020,0,0,0,0,0,0
DIATSA_LOCUS8021,0,0,0,0,0,0
DIATSA_LOCUS8022,0,0,0,0,0,0
DIATSA_LOCUS8023,0,0,0,0,0,0
DIATSA_LOCUS8024,0,0,0,0,0,0
DIATSA_LOCUS8025,15,40,42,11,16,16
DIATSA_LOCUS8026,41,76,79,17,27,28
DIATSA_LOCUS8027,138,242,253,66,125,129
DIATSA_LOCUS8028,63,113,116,34,57,58
DIATSA_LOCUS8029,46,70,72,107,163,175
DIATSA_LOCUS803,19,44,44,22,44,44
DIATSA_LOCUS8030,0,0,0,0,0,0
DIATSA_LOCUS8031,0,0,0,0,0,0
DIATSA_LOCUS8032,110,182,193,135,224,232
DIATSA_LOCUS8033,0,0,0,0,0,0
DIATSA_LOCUS8034,1,13,14,4,5,7
DIATSA_LOCUS8035,0,0,0,0,0,0
DIATSA_LOCUS8036,3,5,5,2,3,3
DIATSA_LOCUS8037,0,0,0,0,0,0
DIATSA_LOCUS8038,0,0,0,0,0,0
DIATSA_LOCUS8039,0,0,0,0,0,0
DIATSA_LOCUS804,48,78,80,34,50,51
DIATSA_LOCUS8040,0,0,0,0,1,1
DIATSA_LOCUS8041,750,1388,1424,808,1155,1201
DIATSA_LOCUS8042,206,388,400,249,510,522
DIATSA_LOCUS8043,2,7,9,12,22,22
DIATSA_LOCUS8044,0,0,0,0,0,0
DIATSA_LOCUS8045,0,0,0,0,0,1
DIATSA_LOCUS8046,280,542,558,265,431,455
DIATSA_LOCUS8047,0,0,0,0,0,0
DIATSA_LOCUS8048,0,0,0,0,0,0
DIATSA_LOCUS8049,0,0,0,0,0,0
DIATSA_LOCUS805,102,181,191,67,118,120
DIATSA_LOCUS8050,0,0,0,0,0,0
DIATSA_LOCUS8051,0,0,0,0,0,0
DIATSA_LOCUS8052,2,8,9,1,1,2
DIATSA_LOCUS8053,6,12,12,5,6,6
DIATSA_LOCUS8054,0,0,0,0,0,0
DIATSA_LOCUS8055,1,2,2,0,0,0
DIATSA_LOCUS8056,0,0,0,0,1,1
DIATSA_LOCUS8057,2,0,0,0,10,10
DIATSA_LOCUS8058,0,0,0,0,0,0
DIATSA_LOCUS8059,0,0,0,0,0,0
DIATSA_LOCUS806,0,0,0,0,0,0
DIATSA_LOCUS8060,0,0,0,0,0,0
DIATSA_LOCUS8061,0,0,0,0,0,0
DIATSA_LOCUS8062,0,0,0,0,0,0
DIATSA_LOCUS8063,0,0,0,0,0,0
DIATSA_LOCUS8064,0,0,0,0,0,0
DIATSA_LOCUS8065,0,0,0,0,0,0
DIATSA_LOCUS8066,0,0,0,0,0,0
DIATSA_LOCUS8067,8,9,11,5,7,7
DIATSA_LOCUS8068,0,0,0,0,0,0
DIATSA_LOCUS8069,0,0,0,0,0,0
DIATSA_LOCUS807,28,48,47,44,87,94
DIATSA_LOCUS8070,0,1,0,0,0,0
DIATSA_LOCUS8071,0,0,0,0,0,0
DIATSA_LOCUS8072,0,0,0,0,0,0
DIATSA_LOCUS8073,0,0,0,0,0,0
DIATSA_LOCUS8074,1,4,4,2,4,4
DIATSA_LOCUS8075,0,0,0,0,0,0
DIATSA_LOCUS8076,0,0,0,0,0,0
DIATSA_LOCUS8077,0,0,0,0,0,1
DIATSA_LOCUS8078,0,0,0,0,0,0
DIATSA_LOCUS8079,0,0,0,0,0,1
DIATSA_LOCUS808,35,70,74,12,23,26
DIATSA_LOCUS8080,0,0,0,0,0,0
DIATSA_LOCUS8081,0,0,0,0,0,0
DIATSA_LOCUS8082,15,29,32,19,41,45
DIATSA_LOCUS8083,3391,6126,6375,5581,9953,10405
DIATSA_LOCUS8084,0,0,0,0,1,1
DIATSA_LOCUS8085,5,10,11,1,12,14
DIATSA_LOCUS8086,8,16,17,9,15,16
DIATSA_LOCUS8087,3818,8170,8503,3643,8573,8934
DIATSA_LOCUS8088,0,0,0,0,0,0
DIATSA_LOCUS8089,0,0,0,0,0,0
DIATSA_LOCUS809,362,755,803,266,541,564
DIATSA_LOCUS8090,0,0,0,0,0,0
DIATSA_LOCUS8091,0,0,0,0,0,0
DIATSA_LOCUS8092,0,0,0,0,0,0
DIATSA_LOCUS8093,0,0,0,0,0,0
DIATSA_LOCUS8094,64,96,98,45,72,74
DIATSA_LOCUS8095,19,57,58,7,18,19
DIATSA_LOCUS8096,120,214,220,28,56,57
DIATSA_LOCUS8097,60,122,126,29,66,69
DIATSA_LOCUS8098,73,180,184,97,180,190
DIATSA_LOCUS8099,2,6,5,2,2,3
DIATSA_LOCUS81,17,39,42,8,25,25
DIATSA_LOCUS810,109,211,220,82,164,175
DIATSA_LOCUS8100,2,2,2,0,2,3
DIATSA_LOCUS8101,22,53,55,14,24,25
DIATSA_LOCUS8102,1,2,2,0,0,0
DIATSA_LOCUS8103,69,125,126,56,109,111
DIATSA_LOCUS8104,2,4,4,1,2,2
DIATSA_LOCUS8105,4,7,6,1,4,4
DIATSA_LOCUS8106,31,60,61,31,71,73
DIATSA_LOCUS8107,72,188,198,97,250,256
DIATSA_LOCUS8108,72,130,138,15,40,48
DIATSA_LOCUS8109,17,41,41,16,41,43
DIATSA_LOCUS811,5,14,14,3,6,6
DIATSA_LOCUS8110,18,36,38,11,17,19
DIATSA_LOCUS8111,30,70,70,9,27,27
DIATSA_LOCUS8112,0,2,2,0,3,3
DIATSA_LOCUS8113,26,59,62,62,102,105
DIATSA_LOCUS8114,53,82,87,31,59,63
DIATSA_LOCUS8115,46,70,75,20,32,33
DIATSA_LOCUS8116,74,131,137,27,58,60
DIATSA_LOCUS8117,164,269,289,101,164,171
DIATSA_LOCUS8118,20,42,43,8,15,14
DIATSA_LOCUS8119,175,365,382,126,283,291
DIATSA_LOCUS812,0,0,0,0,0,0
DIATSA_LOCUS8120,0,0,0,0,0,0
DIATSA_LOCUS8121,9,20,19,2,11,11
DIATSA_LOCUS8122,3,5,5,1,1,1
DIATSA_LOCUS8123,19,40,40,6,9,10
DIATSA_LOCUS8124,3,9,11,2,3,3
DIATSA_LOCUS8125,54,111,114,38,68,72
DIATSA_LOCUS8126,2,6,7,0,7,8
DIATSA_LOCUS8127,3,3,3,3,9,7
DIATSA_LOCUS8128,0,1,2,0,1,3
DIATSA_LOCUS8129,1,5,5,1,1,1
DIATSA_LOCUS813,24,51,53,8,25,28
DIATSA_LOCUS8130,0,0,0,0,0,0
DIATSA_LOCUS8131,15,26,25,5,9,9
DIATSA_LOCUS8132,25,39,39,24,48,48
DIATSA_LOCUS8133,10,18,18,24,34,34
DIATSA_LOCUS8134,1,5,5,0,0,0
DIATSA_LOCUS8135,55,104,111,56,101,103
DIATSA_LOCUS8136,39,77,81,8,29,31
DIATSA_LOCUS8137,11,32,34,10,31,32
DIATSA_LOCUS8138,12,26,29,2,5,5
DIATSA_LOCUS8139,20,39,40,6,16,16
DIATSA_LOCUS814,25,51,51,7,20,20
DIATSA_LOCUS8140,977,1836,1916,725,1453,1526
DIATSA_LOCUS8141,624,1438,1486,596,1233,1270
DIATSA_LOCUS8142,184,631,648,176,601,625
DIATSA_LOCUS8143,76,129,131,109,203,214
DIATSA_LOCUS8144,399,848,892,317,655,677
DIATSA_LOCUS8145,1,1,1,4,4,4
DIATSA_LOCUS8146,0,0,0,0,0,0
DIATSA_LOCUS8147,25,42,41,19,32,32
DIATSA_LOCUS8148,537,986,1013,13,26,26
DIATSA_LOCUS8149,2477,5095,5331,2076,3993,4173
DIATSA_LOCUS815,0,0,0,0,0,0
DIATSA_LOCUS8150,40,72,72,25,42,43
DIATSA_LOCUS8151,6,13,13,8,15,14
DIATSA_LOCUS8152,0,2,3,1,1,1
DIATSA_LOCUS8153,0,0,0,1,2,2
DIATSA_LOCUS8154,727,1621,1687,1151,2507,2621
DIATSA_LOCUS8155,9,13,15,1,3,3
DIATSA_LOCUS8156,36,109,115,18,54,55
DIATSA_LOCUS8157,3,5,5,0,1,1
DIATSA_LOCUS8158,0,1,1,0,0,0
DIATSA_LOCUS8159,3,4,5,1,1,1
DIATSA_LOCUS816,0,0,0,0,0,0
DIATSA_LOCUS8160,1,2,2,1,0,0
DIATSA_LOCUS8161,33,60,63,29,50,51
DIATSA_LOCUS8162,139,258,272,78,167,179
DIATSA_LOCUS8163,7,10,12,3,6,6
DIATSA_LOCUS8164,0,0,0,0,0,0
DIATSA_LOCUS8165,19,38,41,15,29,29
DIATSA_LOCUS8166,71,146,151,35,76,79
DIATSA_LOCUS8167,23,46,48,8,11,11
DIATSA_LOCUS8168,5,12,12,2,3,3
DIATSA_LOCUS8169,17,26,27,18,28,30
DIATSA_LOCUS817,488,902,934,512,987,1016
DIATSA_LOCUS8170,16,34,35,5,18,18
DIATSA_LOCUS8171,162,290,300,105,235,242
DIATSA_LOCUS8172,4,4,4,3,5,5
DIATSA_LOCUS8173,1127,1908,2002,500,920,952
DIATSA_LOCUS8174,110,165,168,195,254,264
DIATSA_LOCUS8175,932,1529,1601,1478,2442,2531
DIATSA_LOCUS8176,366,577,599,532,822,849
DIATSA_LOCUS8177,366,644,666,686,1093,1132
DIATSA_LOCUS8178,229,454,478,422,784,821
DIATSA_LOCUS8179,0,0,0,1,1,1
DIATSA_LOCUS818,173,338,354,79,170,174
DIATSA_LOCUS8180,185,364,379,158,313,334
DIATSA_LOCUS8181,8,14,18,0,5,5
DIATSA_LOCUS8182,8,23,23,8,20,20
DIATSA_LOCUS8183,12,26,29,6,10,10
DIATSA_LOCUS8184,0,0,0,0,1,0
DIATSA_LOCUS8185,86,171,180,72,140,147
DIATSA_LOCUS8186,89,154,162,139,226,235
DIATSA_LOCUS8187,17,46,44,15,32,32
DIATSA_LOCUS8188,44,99,106,58,112,117
DIATSA_LOCUS8189,10,15,15,9,14,15
DIATSA_LOCUS819,891,1737,1807,321,582,613
DIATSA_LOCUS8190,18,35,37,3,8,9
DIATSA_LOCUS8191,3,7,7,4,8,8
DIATSA_LOCUS8192,9,18,18,0,7,8
DIATSA_LOCUS8193,182,327,348,219,410,424
DIATSA_LOCUS8194,18,34,34,23,50,56
DIATSA_LOCUS8195,8,14,15,8,20,20
DIATSA_LOCUS8196,35,63,65,6,7,7
DIATSA_LOCUS8197,24,51,53,6,11,12
DIATSA_LOCUS8198,18,26,29,15,29,29
DIATSA_LOCUS8199,692,1980,2029,343,931,966
DIATSA_LOCUS82,1,1,1,0,2,2
DIATSA_LOCUS820,3,3,3,1,2,2
DIATSA_LOCUS8200,73,158,163,16,56,57
DIATSA_LOCUS8201,10,30,31,9,24,25
DIATSA_LOCUS8202,33,60,63,54,112,120
DIATSA_LOCUS8203,22,40,42,2,8,9
DIATSA_LOCUS8204,0,0,0,7,8,9
DIATSA_LOCUS8205,376,878,890,390,1086,1115
DIATSA_LOCUS8206,72,110,114,32,55,59
DIATSA_LOCUS8207,0,1,1,0,1,1
DIATSA_LOCUS8208,0,0,0,0,0,0
DIATSA_LOCUS8209,0,0,0,0,0,0
DIATSA_LOCUS821,37,71,81,7,13,14
DIATSA_LOCUS8210,18,35,35,5,8,8
DIATSA_LOCUS8211,14,30,30,21,37,37
DIATSA_LOCUS8212,0,0,1,0,0,0
DIATSA_LOCUS8213,22,33,34,28,62,64
DIATSA_LOCUS8214,72,180,187,72,186,196
DIATSA_LOCUS8215,0,1,1,0,0,0
DIATSA_LOCUS8216,161,321,345,130,274,283
DIATSA_LOCUS8217,117,203,209,121,242,251
DIATSA_LOCUS8218,15,24,24,3,7,7
DIATSA_LOCUS8219,16617,31565,33060,24381,43888,45991
DIATSA_LOCUS822,15,34,37,22,46,46
DIATSA_LOCUS8220,122,211,220,33,60,66
DIATSA_LOCUS8221,229,464,485,204,478,503
DIATSA_LOCUS8222,22,42,45,22,35,36
DIATSA_LOCUS8223,32,65,65,36,61,60
DIATSA_LOCUS8224,8,14,14,4,9,9
DIATSA_LOCUS8225,353,651,688,131,261,274
DIATSA_LOCUS8226,28,59,58,33,59,58
DIATSA_LOCUS8227,25,74,81,30,91,95
DIATSA_LOCUS8228,61,100,103,30,58,62
DIATSA_LOCUS8229,36,70,74,26,66,69
DIATSA_LOCUS823,4,10,10,9,20,20
DIATSA_LOCUS8230,0,0,0,0,0,0
DIATSA_LOCUS8231,0,0,0,0,0,0
DIATSA_LOCUS8232,28,51,51,21,37,38
DIATSA_LOCUS8233,6,10,11,1,2,2
DIATSA_LOCUS8234,4,6,7,1,6,5
DIATSA_LOCUS8235,6488,23124,23272,1901,3360,4128
DIATSA_LOCUS8236,62,151,157,32,82,85
DIATSA_LOCUS8237,173,347,360,81,156,167
DIATSA_LOCUS8238,0,0,0,0,0,0
DIATSA_LOCUS8239,127,290,293,200,456,472
DIATSA_LOCUS824,109,239,244,47,107,112
DIATSA_LOCUS8240,95,257,265,124,377,389
DIATSA_LOCUS8241,5,9,10,0,7,7
DIATSA_LOCUS8242,1,2,2,1,1,1
DIATSA_LOCUS8243,0,0,0,0,0,0
DIATSA_LOCUS8244,0,2,4,0,1,1
DIATSA_LOCUS8245,23,48,52,7,10,10
DIATSA_LOCUS8246,1,1,1,0,1,1
DIATSA_LOCUS8247,6,10,10,1,7,9
DIATSA_LOCUS8248,27,61,70,32,73,76
DIATSA_LOCUS8249,13,23,23,14,18,19
DIATSA_LOCUS825,32,57,60,46,64,68
DIATSA_LOCUS8250,98,222,230,84,197,202
DIATSA_LOCUS8251,40,81,86,22,49,51
DIATSA_LOCUS8252,167,322,338,180,348,364
DIATSA_LOCUS8253,1,3,3,0,2,2
DIATSA_LOCUS8254,0,0,0,0,0,0
DIATSA_LOCUS8255,0,1,1,0,0,1
DIATSA_LOCUS8256,1,1,2,1,1,1
DIATSA_LOCUS8257,69,143,147,140,240,247
DIATSA_LOCUS8258,149,275,281,79,173,180
DIATSA_LOCUS8259,31,60,62,10,24,25
DIATSA_LOCUS826,15,26,26,11,32,35
DIATSA_LOCUS8260,61,104,110,18,27,28
DIATSA_LOCUS8261,4,8,8,2,2,2
DIATSA_LOCUS8262,27,46,46,12,21,21
DIATSA_LOCUS8263,27,37,40,13,18,20
DIATSA_LOCUS8264,316,702,753,182,365,394
DIATSA_LOCUS8265,0,0,0,0,0,0
DIATSA_LOCUS8266,0,1,1,0,0,0
DIATSA_LOCUS8267,0,0,0,0,0,0
DIATSA_LOCUS8268,0,0,0,0,0,0
DIATSA_LOCUS8269,40,85,86,11,27,28
DIATSA_LOCUS827,0,1,1,0,1,1
DIATSA_LOCUS8270,4,8,8,3,4,4
DIATSA_LOCUS8271,16,30,32,8,15,15
DIATSA_LOCUS8272,10,22,23,0,1,1
DIATSA_LOCUS8273,32,73,75,25,87,82
DIATSA_LOCUS8274,19,46,46,12,35,37
DIATSA_LOCUS8275,38,75,76,20,47,46
DIATSA_LOCUS8276,12,15,16,8,18,18
DIATSA_LOCUS8277,63,120,128,130,254,261
DIATSA_LOCUS8278,602,1121,1168,704,1358,1403
DIATSA_LOCUS8279,119,183,191,102,170,177
DIATSA_LOCUS828,245,447,463,134,226,234
DIATSA_LOCUS8280,6,13,13,3,8,9
DIATSA_LOCUS8281,71,187,189,64,182,191
DIATSA_LOCUS8282,4,9,10,6,19,19
DIATSA_LOCUS8283,0,0,0,0,0,0
DIATSA_LOCUS8284,1,1,1,1,2,3
DIATSA_LOCUS8285,39,78,78,22,44,45
DIATSA_LOCUS8286,3,2,2,3,3,4
DIATSA_LOCUS8287,3,6,6,8,14,15
DIATSA_LOCUS8288,0,0,0,0,0,0
DIATSA_LOCUS8289,19,27,32,5,14,14
DIATSA_LOCUS829,3,4,4,0,0,0
DIATSA_LOCUS8290,416,746,771,536,973,1010
DIATSA_LOCUS8291,6251,13123,13704,4054,8579,9000
DIATSA_LOCUS8292,98,152,161,78,161,163
DIATSA_LOCUS8293,13,29,32,9,27,30
DIATSA_LOCUS8294,11,23,24,3,12,13
DIATSA_LOCUS8295,0,0,0,0,0,0
DIATSA_LOCUS8296,14,25,26,5,9,9
DIATSA_LOCUS8297,4,11,12,3,10,10
DIATSA_LOCUS8298,0,0,0,1,1,1
DIATSA_LOCUS8299,21,38,40,7,18,21
DIATSA_LOCUS83,8,11,11,2,4,4
DIATSA_LOCUS830,83,148,154,43,91,92
DIATSA_LOCUS8300,33,59,61,13,29,29
DIATSA_LOCUS8301,0,0,0,0,0,0
DIATSA_LOCUS8302,191,370,379,108,208,221
DIATSA_LOCUS8303,7,14,16,8,11,14
DIATSA_LOCUS8304,160,369,380,148,305,337
DIATSA_LOCUS8305,11,27,30,4,10,11
DIATSA_LOCUS8306,2,5,9,4,16,16
DIATSA_LOCUS8307,12,23,24,15,31,32
DIATSA_LOCUS8308,6,13,14,9,12,13
DIATSA_LOCUS8309,2,5,5,0,1,1
DIATSA_LOCUS831,70,123,124,18,24,28
DIATSA_LOCUS8310,0,0,0,0,0,0
DIATSA_LOCUS8311,13,29,31,12,18,18
DIATSA_LOCUS8312,94,170,181,27,48,49
DIATSA_LOCUS8313,18,31,31,17,37,37
DIATSA_LOCUS8314,0,0,0,0,0,0
DIATSA_LOCUS8315,54,119,124,30,68,67
DIATSA_LOCUS8316,4,9,9,1,2,2
DIATSA_LOCUS8317,0,0,0,0,0,0
DIATSA_LOCUS8318,9,23,24,1,4,4
DIATSA_LOCUS8319,1,1,1,1,3,3
DIATSA_LOCUS832,7,11,11,0,3,4
DIATSA_LOCUS8320,1196,2301,2404,1045,2041,2129
DIATSA_LOCUS8321,24,76,78,19,37,40
DIATSA_LOCUS8322,36,85,90,19,33,37
DIATSA_LOCUS8323,0,0,0,1,1,1
DIATSA_LOCUS8324,24,44,47,30,47,51
DIATSA_LOCUS8325,44,90,93,27,51,52
DIATSA_LOCUS8326,146,330,350,96,232,238
DIATSA_LOCUS8327,4,9,9,6,8,9
DIATSA_LOCUS8328,2,5,5,0,0,0
DIATSA_LOCUS8329,1,1,1,1,6,6
DIATSA_LOCUS833,5,8,8,0,0,0
DIATSA_LOCUS8330,0,0,0,0,1,1
DIATSA_LOCUS8331,152,294,299,91,233,242
DIATSA_LOCUS8332,3,4,4,0,0,0
DIATSA_LOCUS8333,0,0,0,1,2,3
DIATSA_LOCUS8334,120,201,211,160,242,253
DIATSA_LOCUS8335,451,846,881,237,422,436
DIATSA_LOCUS8336,1,3,3,2,2,2
DIATSA_LOCUS8337,0,0,0,0,0,0
DIATSA_LOCUS8338,0,1,1,1,1,2
DIATSA_LOCUS8339,12,37,40,14,51,53
DIATSA_LOCUS834,1,1,1,0,0,0
DIATSA_LOCUS8340,6,8,8,5,7,8
DIATSA_LOCUS8341,7,12,14,5,7,7
DIATSA_LOCUS8342,0,0,0,0,0,0
DIATSA_LOCUS8343,10,19,21,7,12,12
DIATSA_LOCUS8344,21,47,50,12,36,38
DIATSA_LOCUS8345,9,17,17,3,14,15
DIATSA_LOCUS8346,0,0,0,0,0,0
DIATSA_LOCUS8347,10,20,22,16,23,23
DIATSA_LOCUS8348,0,0,0,0,2,2
DIATSA_LOCUS8349,19,44,46,12,26,27
DIATSA_LOCUS835,476,1067,1097,313,652,653
DIATSA_LOCUS8350,11,27,29,4,14,15
DIATSA_LOCUS8351,257,449,468,307,582,606
DIATSA_LOCUS8352,0,0,0,0,0,0
DIATSA_LOCUS8353,6,12,12,19,25,27
DIATSA_LOCUS8354,0,0,0,0,0,0
DIATSA_LOCUS8355,0,0,0,0,0,0
DIATSA_LOCUS8356,0,0,0,0,0,0
DIATSA_LOCUS8357,0,1,1,0,1,1
DIATSA_LOCUS8358,0,0,0,0,0,0
DIATSA_LOCUS8359,0,0,0,0,0,0
DIATSA_LOCUS836,48,102,104,13,49,51
DIATSA_LOCUS8360,0,0,0,0,0,0
DIATSA_LOCUS8361,2,4,5,1,3,3
DIATSA_LOCUS8362,0,0,0,0,0,0
DIATSA_LOCUS8363,0,0,0,0,0,0
DIATSA_LOCUS8364,0,0,0,0,0,0
DIATSA_LOCUS8365,0,0,0,0,0,0
DIATSA_LOCUS8366,0,0,0,0,0,0
DIATSA_LOCUS8367,0,0,1,0,0,0
DIATSA_LOCUS8368,0,0,0,0,1,1
DIATSA_LOCUS8369,0,0,0,1,1,1
DIATSA_LOCUS837,121,281,299,92,293,308
DIATSA_LOCUS8370,0,4,4,0,0,0
DIATSA_LOCUS8371,33,65,67,15,27,29
DIATSA_LOCUS8372,0,0,0,0,0,0
DIATSA_LOCUS8373,0,0,0,0,0,0
DIATSA_LOCUS8374,1,2,2,0,0,0
DIATSA_LOCUS8375,0,0,0,0,4,5
DIATSA_LOCUS8376,150,289,314,146,276,306
DIATSA_LOCUS8377,521,1111,1166,577,1391,1438
DIATSA_LOCUS8378,22,40,45,7,13,14
DIATSA_LOCUS8379,4,6,7,2,3,3
DIATSA_LOCUS838,177,379,388,229,450,456
DIATSA_LOCUS8380,34,72,75,29,42,42
DIATSA_LOCUS8381,47,75,77,28,45,46
DIATSA_LOCUS8382,18,25,29,10,22,22
DIATSA_LOCUS8383,0,0,0,0,0,0
DIATSA_LOCUS8384,26,45,46,7,14,14
DIATSA_LOCUS8385,0,1,2,0,2,3
DIATSA_LOCUS8386,0,0,0,1,3,3
DIATSA_LOCUS8387,1,2,2,2,2,3
DIATSA_LOCUS8388,461,910,925,655,1187,1228
DIATSA_LOCUS8389,127,260,265,93,202,208
DIATSA_LOCUS839,4,6,7,1,1,1
DIATSA_LOCUS8390,289,695,725,322,797,823
DIATSA_LOCUS8391,54,119,119,54,119,123
DIATSA_LOCUS8392,303,520,540,224,383,398
DIATSA_LOCUS8393,7,11,11,1,1,1
DIATSA_LOCUS8394,23,37,39,7,9,9
DIATSA_LOCUS8395,426,802,811,126,246,256
DIATSA_LOCUS8396,10,25,27,2,5,8
DIATSA_LOCUS8397,9,14,14,3,3,3
DIATSA_LOCUS8398,287,704,727,423,1012,1036
DIATSA_LOCUS8399,61,162,166,72,183,192
DIATSA_LOCUS84,3,16,18,3,6,7
DIATSA_LOCUS840,0,0,0,0,0,0
DIATSA_LOCUS8400,296,599,634,356,703,734
DIATSA_LOCUS8401,0,1,1,0,1,1
DIATSA_LOCUS8402,10,20,20,23,35,36
DIATSA_LOCUS8403,113,224,235,71,133,145
DIATSA_LOCUS8404,651,1136,1193,691,1256,1295
DIATSA_LOCUS8405,30,65,65,28,49,54
DIATSA_LOCUS8406,118,233,241,70,149,150
DIATSA_LOCUS8407,6,15,16,4,9,9
DIATSA_LOCUS8408,0,0,0,0,0,0
DIATSA_LOCUS8409,0,1,2,0,0,0
DIATSA_LOCUS841,0,0,0,0,0,0
DIATSA_LOCUS8410,0,0,0,2,2,2
DIATSA_LOCUS8411,0,0,0,0,0,0
DIATSA_LOCUS8412,68,142,154,63,123,130
DIATSA_LOCUS8413,375,755,782,243,508,524
DIATSA_LOCUS8414,5,8,8,2,3,4
DIATSA_LOCUS8415,7,19,23,2,5,5
DIATSA_LOCUS8416,0,0,0,0,0,0
DIATSA_LOCUS8417,0,2,3,0,1,2
DIATSA_LOCUS8418,16,44,46,28,64,67
DIATSA_LOCUS8419,43,89,90,13,29,30
DIATSA_LOCUS842,0,0,0,0,2,2
DIATSA_LOCUS8420,236,389,406,140,245,251
DIATSA_LOCUS8421,91,199,206,88,164,169
DIATSA_LOCUS8422,73,152,153,94,180,182
DIATSA_LOCUS8423,35,71,75,12,24,25
DIATSA_LOCUS8424,74,138,141,83,190,195
DIATSA_LOCUS8425,65,150,153,66,176,183
DIATSA_LOCUS8426,39,87,88,55,112,112
DIATSA_LOCUS8427,112,291,307,117,251,262
DIATSA_LOCUS8428,6,16,15,5,5,5
DIATSA_LOCUS8429,5,14,14,4,4,5
DIATSA_LOCUS843,0,0,0,0,0,0
DIATSA_LOCUS8430,30,51,54,14,26,27
DIATSA_LOCUS8431,45,91,97,54,119,122
DIATSA_LOCUS8432,124,224,232,142,264,269
DIATSA_LOCUS8433,13,25,26,5,12,12
DIATSA_LOCUS8434,97,168,170,37,59,65
DIATSA_LOCUS8435,88,190,201,142,276,280
DIATSA_LOCUS8436,1340,2344,2441,2638,4599,4797
DIATSA_LOCUS8437,1,2,2,0,7,7
DIATSA_LOCUS8438,2,5,6,2,5,5
DIATSA_LOCUS8439,2,2,2,4,4,4
DIATSA_LOCUS844,0,0,0,0,0,0
DIATSA_LOCUS8440,0,0,0,0,0,0
DIATSA_LOCUS8441,44,45,47,63,86,90
DIATSA_LOCUS8442,0,0,0,0,0,0
DIATSA_LOCUS8443,0,0,0,0,0,0
DIATSA_LOCUS8444,2,6,6,3,5,5
DIATSA_LOCUS8445,3,10,10,0,1,1
DIATSA_LOCUS8446,0,0,1,0,0,0
DIATSA_LOCUS8447,5,14,14,4,14,14
DIATSA_LOCUS8448,2,5,4,1,1,1
DIATSA_LOCUS8449,36,58,64,6,21,20
DIATSA_LOCUS845,0,0,0,0,1,1
DIATSA_LOCUS8450,98,184,189,83,167,174
DIATSA_LOCUS8451,28,49,51,29,49,53
DIATSA_LOCUS8452,374,704,731,293,578,606
DIATSA_LOCUS8453,7438,18398,19172,14151,33896,35179
DIATSA_LOCUS8454,32,62,65,37,64,65
DIATSA_LOCUS8455,74,142,145,34,62,63
DIATSA_LOCUS8456,86,166,174,43,90,92
DIATSA_LOCUS8457,45,107,111,32,66,71
DIATSA_LOCUS8458,0,0,0,0,0,0
DIATSA_LOCUS8459,2,1,1,1,2,2
DIATSA_LOCUS846,119,190,202,113,209,223
DIATSA_LOCUS8460,0,0,0,0,2,2
DIATSA_LOCUS8461,0,0,0,0,0,0
DIATSA_LOCUS8462,2,3,3,6,8,8
DIATSA_LOCUS8463,632,1134,1167,810,1394,1441
DIATSA_LOCUS8464,70,164,170,23,58,62
DIATSA_LOCUS8465,52,102,111,29,58,60
DIATSA_LOCUS8466,79,137,144,56,91,97
DIATSA_LOCUS8467,6,6,6,2,2,2
DIATSA_LOCUS8468,3765,6604,6854,6884,12025,12485
DIATSA_LOCUS8469,74,157,166,70,165,169
DIATSA_LOCUS847,20,40,41,21,53,56
DIATSA_LOCUS8470,672,1133,1176,1012,1686,1754
DIATSA_LOCUS8471,70,157,170,17,40,45
DIATSA_LOCUS8472,74,154,160,45,79,80
DIATSA_LOCUS8473,825,1655,1714,1285,2561,2657
DIATSA_LOCUS8474,17,33,35,14,39,40
DIATSA_LOCUS8475,4,11,11,5,13,13
DIATSA_LOCUS8476,126,219,232,59,111,118
DIATSA_LOCUS8477,50,67,70,20,27,27
DIATSA_LOCUS8478,4,8,10,2,5,5
DIATSA_LOCUS8479,4,7,7,0,1,1
DIATSA_LOCUS848,33,57,64,25,41,42
DIATSA_LOCUS8480,29842,60244,62560,43091,87389,91180
DIATSA_LOCUS8481,27553,59666,62652,43821,91173,96177
DIATSA_LOCUS8482,111,230,236,165,312,335
DIATSA_LOCUS8483,1345,2419,2522,1758,3175,3290
DIATSA_LOCUS8484,183,354,366,101,189,194
DIATSA_LOCUS8485,1,5,6,0,2,2
DIATSA_LOCUS8486,49,99,102,40,84,85
DIATSA_LOCUS8487,34,82,83,31,72,74
DIATSA_LOCUS8488,555,1035,1077,457,872,906
DIATSA_LOCUS8489,38,100,104,28,72,74
DIATSA_LOCUS849,2,5,5,2,4,4
DIATSA_LOCUS8490,54,109,101,59,105,111
DIATSA_LOCUS8491,49,117,122,45,78,80
DIATSA_LOCUS8492,42,82,84,42,83,86
DIATSA_LOCUS8493,204,406,412,96,208,215
DIATSA_LOCUS8494,0,0,0,0,0,0
DIATSA_LOCUS8495,1091,2147,2239,1030,1942,2029
DIATSA_LOCUS8496,10,26,28,8,18,18
DIATSA_LOCUS8497,89,166,171,76,170,177
DIATSA_LOCUS8498,12,27,27,7,14,14
DIATSA_LOCUS8499,57,105,106,43,90,94
DIATSA_LOCUS85,14,52,51,39,72,75
DIATSA_LOCUS850,2,4,4,0,2,2
DIATSA_LOCUS8500,324,729,755,309,690,711
DIATSA_LOCUS8501,108,232,246,77,169,179
DIATSA_LOCUS8502,269,650,670,181,447,468
DIATSA_LOCUS8503,0,0,0,0,0,0
DIATSA_LOCUS8504,62,123,125,42,94,99
DIATSA_LOCUS8505,35,77,81,23,43,47
DIATSA_LOCUS8506,1,2,2,0,3,3
DIATSA_LOCUS8507,0,0,0,0,0,0
DIATSA_LOCUS8508,1,3,3,2,2,2
DIATSA_LOCUS8509,36,84,84,27,56,57
DIATSA_LOCUS851,2,2,2,0,0,1
DIATSA_LOCUS8510,66,115,122,18,37,38
DIATSA_LOCUS8511,3015,5623,5823,2000,3528,3671
DIATSA_LOCUS8512,218,415,436,121,288,304
DIATSA_LOCUS8513,462,868,897,133,289,303
DIATSA_LOCUS8514,523,1041,1085,414,844,885
DIATSA_LOCUS8515,14,27,28,7,24,25
DIATSA_LOCUS8516,138,278,289,91,176,183
DIATSA_LOCUS8517,21,48,51,9,17,17
DIATSA_LOCUS8518,34,64,64,22,46,47
DIATSA_LOCUS8519,485,1012,1057,556,1078,1148
DIATSA_LOCUS852,1,3,3,0,1,1
DIATSA_LOCUS8520,55,123,134,53,99,103
DIATSA_LOCUS8521,90,191,198,16,27,27
DIATSA_LOCUS8522,47,104,107,49,78,84
DIATSA_LOCUS8523,661,1286,1367,381,847,916
DIATSA_LOCUS8524,84,176,181,113,236,244
DIATSA_LOCUS8525,32,62,66,5,14,19
DIATSA_LOCUS8526,245,451,459,97,235,250
DIATSA_LOCUS8527,435,837,872,388,830,872
DIATSA_LOCUS8528,62,121,123,14,24,23
DIATSA_LOCUS8529,2,2,2,0,0,0
DIATSA_LOCUS853,2,4,4,0,0,0
DIATSA_LOCUS8530,0,0,0,0,0,0
DIATSA_LOCUS8531,1304,2198,2269,701,1235,1293
DIATSA_LOCUS8532,54,113,116,57,113,119
DIATSA_LOCUS8533,6860,11707,12134,6177,9216,10040
DIATSA_LOCUS8534,32,105,111,58,130,135
DIATSA_LOCUS8535,173,298,312,97,174,185
DIATSA_LOCUS8536,19,39,43,25,63,65
DIATSA_LOCUS8537,49,111,115,49,98,101
DIATSA_LOCUS8538,656,1202,1251,592,1152,1197
DIATSA_LOCUS8539,50,109,115,40,86,88
DIATSA_LOCUS854,181,345,357,163,302,319
DIATSA_LOCUS8540,39,64,67,12,29,31
DIATSA_LOCUS8541,19,43,44,15,25,26
DIATSA_LOCUS8542,102,234,246,60,139,145
DIATSA_LOCUS8543,101,198,203,72,150,153
DIATSA_LOCUS8544,132,220,227,73,126,129
DIATSA_LOCUS8545,240,542,556,221,545,561
DIATSA_LOCUS8546,934,1903,1979,1421,2672,2756
DIATSA_LOCUS8547,358,773,808,389,856,876
DIATSA_LOCUS8548,118,251,265,106,256,277
DIATSA_LOCUS8549,10,12,12,2,10,10
DIATSA_LOCUS855,36,76,82,66,109,113
DIATSA_LOCUS8550,114,223,232,143,297,309
DIATSA_LOCUS8551,48,102,108,49,101,107
DIATSA_LOCUS8552,21,34,34,8,14,14
DIATSA_LOCUS8553,1,4,4,1,1,1
DIATSA_LOCUS8554,54,91,101,34,51,54
DIATSA_LOCUS8555,166,309,319,116,243,255
DIATSA_LOCUS8556,1,3,3,1,1,1
DIATSA_LOCUS8557,794,1389,1435,232,400,422
DIATSA_LOCUS8558,2,5,5,2,2,2
DIATSA_LOCUS8559,13,17,18,7,16,19
DIATSA_LOCUS856,0,0,0,0,0,0
DIATSA_LOCUS8560,206,472,482,210,443,462
DIATSA_LOCUS8561,139,283,295,96,196,199
DIATSA_LOCUS8562,171,371,391,94,190,195
DIATSA_LOCUS8563,4,10,10,3,6,6
DIATSA_LOCUS8564,1,1,1,0,0,0
DIATSA_LOCUS8565,23,51,51,7,9,11
DIATSA_LOCUS8566,2,5,5,1,3,3
DIATSA_LOCUS8567,1,5,5,3,4,4
DIATSA_LOCUS8568,3,3,3,3,4,4
DIATSA_LOCUS8569,104,210,219,101,199,208
DIATSA_LOCUS857,0,0,0,0,0,0
DIATSA_LOCUS8570,61,142,146,52,142,143
DIATSA_LOCUS8571,57,98,101,28,56,56
DIATSA_LOCUS8572,3,5,5,5,5,5
DIATSA_LOCUS8573,118,278,291,131,242,246
DIATSA_LOCUS8574,99,209,219,31,85,89
DIATSA_LOCUS8575,0,0,0,0,0,0
DIATSA_LOCUS8576,0,0,0,0,0,0
DIATSA_LOCUS8577,196,361,369,109,191,200
DIATSA_LOCUS8578,1706,3379,3536,1687,3174,3310
DIATSA_LOCUS8579,482,912,932,151,331,338
DIATSA_LOCUS858,397,760,777,271,527,543
DIATSA_LOCUS8580,134,280,286,146,284,296
DIATSA_LOCUS8581,57,113,115,52,112,114
DIATSA_LOCUS8582,20,48,50,18,39,41
DIATSA_LOCUS8583,24,41,44,12,21,21
DIATSA_LOCUS8584,29,71,75,29,72,72
DIATSA_LOCUS8585,8,15,15,4,6,7
DIATSA_LOCUS8586,16,20,20,6,8,8
DIATSA_LOCUS8587,70,111,113,7,14,15
DIATSA_LOCUS8588,115,243,250,122,291,306
DIATSA_LOCUS8589,251,515,534,254,521,538
DIATSA_LOCUS859,59,94,96,102,167,172
DIATSA_LOCUS8590,2,2,2,0,7,7
DIATSA_LOCUS8591,320,662,678,278,594,603
DIATSA_LOCUS8592,677,1108,1140,1051,1701,1756
DIATSA_LOCUS8593,0,0,0,1,1,1
DIATSA_LOCUS8594,1328,2392,2458,1331,2341,2426
DIATSA_LOCUS8595,0,0,0,0,0,0
DIATSA_LOCUS8596,2,2,2,0,0,0
DIATSA_LOCUS8597,0,0,0,0,0,0
DIATSA_LOCUS8598,81,161,171,56,105,110
DIATSA_LOCUS8599,98,191,199,101,183,184
DIATSA_LOCUS86,129,234,245,78,148,152
DIATSA_LOCUS860,13,23,24,12,25,27
DIATSA_LOCUS8600,15033,27861,28848,22607,42059,43961
DIATSA_LOCUS8601,88,146,151,78,129,132
DIATSA_LOCUS8602,124,206,209,156,273,280
DIATSA_LOCUS8603,137,222,229,53,114,120
DIATSA_LOCUS8604,60,137,146,31,64,65
DIATSA_LOCUS8605,35,86,88,25,69,73
DIATSA_LOCUS8606,411,855,893,269,508,529
DIATSA_LOCUS8607,21158,38975,40659,15294,28201,29412
DIATSA_LOCUS8608,41,81,83,9,25,25
DIATSA_LOCUS8609,7,9,10,0,0,0
DIATSA_LOCUS861,9,10,10,3,4,4
DIATSA_LOCUS8610,51,95,96,49,111,114
DIATSA_LOCUS8611,9780,17595,18252,13548,24767,25720
DIATSA_LOCUS8612,183,353,364,115,236,245
DIATSA_LOCUS8613,195,369,382,157,343,356
DIATSA_LOCUS8614,0,0,0,1,1,1
DIATSA_LOCUS8615,83,174,178,102,188,196
DIATSA_LOCUS8616,86,162,169,80,163,168
DIATSA_LOCUS8617,172,317,334,91,174,182
DIATSA_LOCUS8618,125,221,237,121,256,265
DIATSA_LOCUS8619,226,544,562,229,487,501
DIATSA_LOCUS862,9,15,17,2,4,4
DIATSA_LOCUS8620,217,404,413,173,345,358
DIATSA_LOCUS8621,279,582,604,195,422,436
DIATSA_LOCUS8622,92,209,213,66,159,168
DIATSA_LOCUS8623,138,261,266,99,199,204
DIATSA_LOCUS8624,32,60,62,20,35,39
DIATSA_LOCUS8625,3,6,6,3,7,6
DIATSA_LOCUS8626,5728,10433,10756,6103,10205,10651
DIATSA_LOCUS8627,876,1569,1705,1248,2252,2393
DIATSA_LOCUS8628,58,123,132,120,202,212
DIATSA_LOCUS8629,0,0,0,0,0,0
DIATSA_LOCUS863,22,46,51,18,45,45
DIATSA_LOCUS8630,0,0,0,0,0,0
DIATSA_LOCUS8631,0,0,0,0,0,0
DIATSA_LOCUS8632,0,0,0,0,0,0
DIATSA_LOCUS8633,0,0,0,0,0,0
DIATSA_LOCUS8634,0,0,0,0,0,0
DIATSA_LOCUS8635,0,0,0,0,0,0
DIATSA_LOCUS8636,0,0,0,0,0,0
DIATSA_LOCUS8637,0,0,0,0,0,0
DIATSA_LOCUS8638,143,296,305,212,405,418
DIATSA_LOCUS8639,318,765,819,217,505,541
DIATSA_LOCUS864,127,227,234,49,81,88
DIATSA_LOCUS8640,9312,16484,16990,13339,23170,23995
DIATSA_LOCUS8641,64,137,141,60,134,138
DIATSA_LOCUS8642,1,2,2,1,2,2
DIATSA_LOCUS8643,2,5,6,2,4,4
DIATSA_LOCUS8644,2,4,4,1,5,5
DIATSA_LOCUS8645,320,515,534,137,232,250
DIATSA_LOCUS8646,354,539,556,129,181,188
DIATSA_LOCUS8647,122,196,202,134,238,248
DIATSA_LOCUS8648,185,413,428,184,362,373
DIATSA_LOCUS8649,360,689,715,196,356,374
DIATSA_LOCUS865,26,41,43,21,34,35
DIATSA_LOCUS8650,353,598,618,135,222,230
DIATSA_LOCUS8651,93,188,195,43,104,110
DIATSA_LOCUS8652,0,0,0,0,0,0
DIATSA_LOCUS8653,2,5,6,1,1,2
DIATSA_LOCUS8654,6,8,7,4,1,1
DIATSA_LOCUS8655,2,4,5,1,1,1
DIATSA_LOCUS8656,2,8,8,0,1,1
DIATSA_LOCUS8657,141,236,243,86,135,140
DIATSA_LOCUS8658,105,222,226,60,130,138
DIATSA_LOCUS8659,23,45,46,15,35,36
DIATSA_LOCUS866,11,20,21,4,16,19
DIATSA_LOCUS8660,226,433,452,192,350,366
DIATSA_LOCUS8661,1,1,1,0,0,0
DIATSA_LOCUS8662,9644,17239,17836,17741,32272,33525
DIATSA_LOCUS8663,68,115,122,60,110,117
DIATSA_LOCUS8664,51,89,90,18,35,39
DIATSA_LOCUS8665,13,23,23,16,26,28
DIATSA_LOCUS8666,4,16,17,14,18,18
DIATSA_LOCUS8667,7,9,9,4,9,10
DIATSA_LOCUS8668,3,5,5,0,1,1
DIATSA_LOCUS8669,1,4,4,1,3,3
DIATSA_LOCUS867,215,374,397,249,447,469
DIATSA_LOCUS8670,0,2,2,4,4,4
DIATSA_LOCUS8671,0,0,0,0,2,2
DIATSA_LOCUS8672,0,0,0,0,0,0
DIATSA_LOCUS8673,1,2,2,0,0,0
DIATSA_LOCUS8674,24,41,44,23,40,42
DIATSA_LOCUS8675,0,1,1,3,3,3
DIATSA_LOCUS8676,1,3,3,0,0,0
DIATSA_LOCUS8677,19,33,33,16,24,25
DIATSA_LOCUS8678,0,0,0,0,0,0
DIATSA_LOCUS8679,0,0,0,0,0,0
DIATSA_LOCUS868,59,100,102,71,105,110
DIATSA_LOCUS8680,0,0,0,0,0,0
DIATSA_LOCUS8681,0,0,0,0,0,0
DIATSA_LOCUS8682,0,0,0,0,0,0
DIATSA_LOCUS8683,6,7,8,2,2,3
DIATSA_LOCUS8684,10,19,20,8,22,22
DIATSA_LOCUS8685,9,20,21,20,31,31
DIATSA_LOCUS8686,376,764,791,218,474,501
DIATSA_LOCUS8687,47,95,98,92,188,191
DIATSA_LOCUS8688,102,204,215,143,286,296
DIATSA_LOCUS8689,93,166,180,26,58,59
DIATSA_LOCUS869,93,202,208,73,166,177
DIATSA_LOCUS8690,23,58,61,32,80,82
DIATSA_LOCUS8691,0,0,0,0,0,0
DIATSA_LOCUS8692,420,736,770,265,413,433
DIATSA_LOCUS8693,1,2,2,0,1,1
DIATSA_LOCUS8694,35,69,69,34,65,68
DIATSA_LOCUS8695,50,87,92,30,57,60
DIATSA_LOCUS8696,7,15,15,11,27,27
DIATSA_LOCUS8697,10,13,13,8,15,15
DIATSA_LOCUS8698,8,19,20,13,22,22
DIATSA_LOCUS8699,58,91,94,81,141,145
DIATSA_LOCUS87,1138,2081,2151,492,920,963
DIATSA_LOCUS870,1,2,2,0,0,0
DIATSA_LOCUS8700,427,813,846,485,926,951
DIATSA_LOCUS8701,30,55,60,17,29,29
DIATSA_LOCUS8702,91,162,172,67,104,106
DIATSA_LOCUS8703,19,33,37,5,12,12
DIATSA_LOCUS8704,1,3,3,0,2,2
DIATSA_LOCUS8705,57,116,121,57,124,127
DIATSA_LOCUS8706,0,0,0,0,0,0
DIATSA_LOCUS8707,50,107,110,33,85,93
DIATSA_LOCUS8708,145,296,312,133,274,292
DIATSA_LOCUS8709,5,13,15,2,5,5
DIATSA_LOCUS871,95,156,165,93,186,193
DIATSA_LOCUS8710,11,19,19,12,26,29
DIATSA_LOCUS8711,139,275,284,149,272,283
DIATSA_LOCUS8712,343,591,611,162,266,270
DIATSA_LOCUS8713,138,266,272,103,177,182
DIATSA_LOCUS8714,29,60,63,53,101,106
DIATSA_LOCUS8715,71,137,146,43,87,88
DIATSA_LOCUS8716,43,91,91,48,88,92
DIATSA_LOCUS8717,182,339,347,160,297,316
DIATSA_LOCUS8718,2,3,3,1,1,1
DIATSA_LOCUS8719,237,482,508,345,613,632
DIATSA_LOCUS872,160,263,276,208,360,379
DIATSA_LOCUS8720,61,111,118,22,45,46
DIATSA_LOCUS8721,82,122,128,23,33,34
DIATSA_LOCUS8722,36,70,74,22,40,40
DIATSA_LOCUS8723,47,66,69,21,35,35
DIATSA_LOCUS8724,0,2,3,0,0,0
DIATSA_LOCUS8725,11,15,15,5,6,7
DIATSA_LOCUS8726,64,142,145,48,95,99
DIATSA_LOCUS8727,5,18,19,4,16,17
DIATSA_LOCUS8728,1153,2638,2747,1663,3824,3978
DIATSA_LOCUS8729,8,15,15,15,24,25
DIATSA_LOCUS873,62,95,99,104,166,177
DIATSA_LOCUS8730,19,34,36,7,15,15
DIATSA_LOCUS8731,9,19,20,5,9,10
DIATSA_LOCUS8732,5718,8763,9184,1756,2698,2799
DIATSA_LOCUS8733,66,135,138,23,40,41
DIATSA_LOCUS8734,54,100,107,13,30,32
DIATSA_LOCUS8735,26,53,56,24,29,31
DIATSA_LOCUS8736,751,1306,1361,573,1001,1042
DIATSA_LOCUS8737,23,51,54,18,46,48
DIATSA_LOCUS8738,60,135,143,87,200,211
DIATSA_LOCUS8739,677,1104,1166,212,377,387
DIATSA_LOCUS874,17,36,39,39,67,69
DIATSA_LOCUS8740,26,47,49,27,55,60
DIATSA_LOCUS8741,0,0,0,0,0,0
DIATSA_LOCUS8742,0,0,0,0,0,0
DIATSA_LOCUS8743,0,0,0,0,0,0
DIATSA_LOCUS8744,0,0,0,0,0,0
DIATSA_LOCUS8745,145,278,285,100,172,179
DIATSA_LOCUS8746,200,408,428,107,278,290
DIATSA_LOCUS8747,141,288,297,113,198,201
DIATSA_LOCUS8748,76,158,162,80,161,164
DIATSA_LOCUS8749,44,80,84,30,53,54
DIATSA_LOCUS875,1,5,6,0,2,2
DIATSA_LOCUS8750,0,1,5,3,6,6
DIATSA_LOCUS8751,224,332,347,147,227,244
DIATSA_LOCUS8752,0,0,0,0,1,1
DIATSA_LOCUS8753,7442,13558,14094,7500,20172,20902
DIATSA_LOCUS8754,298,513,544,441,710,751
DIATSA_LOCUS8755,2,5,5,7,16,16
DIATSA_LOCUS8756,10,28,30,22,39,42
DIATSA_LOCUS8757,4,7,7,9,15,16
DIATSA_LOCUS8758,0,0,0,0,0,0
DIATSA_LOCUS8759,10,27,31,7,10,10
DIATSA_LOCUS876,20,29,31,45,71,75
DIATSA_LOCUS8760,14,16,17,11,27,27
DIATSA_LOCUS8761,4,7,7,4,11,12
DIATSA_LOCUS8762,7,12,12,3,6,7
DIATSA_LOCUS8763,15,19,24,12,33,32
DIATSA_LOCUS8764,184,414,428,219,472,484
DIATSA_LOCUS8765,77,127,136,37,73,78
DIATSA_LOCUS8766,2,3,3,0,0,0
DIATSA_LOCUS8767,178,304,315,77,156,161
DIATSA_LOCUS8768,5,14,14,1,4,4
DIATSA_LOCUS8769,295,489,507,247,380,398
DIATSA_LOCUS877,0,0,0,0,0,0
DIATSA_LOCUS8770,0,0,0,0,0,0
DIATSA_LOCUS8771,14,22,23,28,67,68
DIATSA_LOCUS8772,15,32,33,19,46,48
DIATSA_LOCUS8773,58,90,94,52,107,111
DIATSA_LOCUS8774,464,931,971,372,800,828
DIATSA_LOCUS8775,1920,3187,3312,2089,3642,3775
DIATSA_LOCUS8776,1052,1673,1729,362,561,573
DIATSA_LOCUS8777,20,26,26,3,6,6
DIATSA_LOCUS8778,7,22,22,7,10,10
DIATSA_LOCUS8779,36,80,81,19,46,49
DIATSA_LOCUS878,0,0,0,0,0,0
DIATSA_LOCUS8780,89,175,179,5,19,19
DIATSA_LOCUS8781,245,415,431,158,282,293
DIATSA_LOCUS8782,4,8,8,5,8,8
DIATSA_LOCUS8783,38,73,77,15,32,33
DIATSA_LOCUS8784,586,1099,1141,369,718,742
DIATSA_LOCUS8785,56,105,111,63,126,132
DIATSA_LOCUS8786,5,22,21,14,38,39
DIATSA_LOCUS8787,16,28,29,12,27,31
DIATSA_LOCUS8788,853,1915,2021,887,2041,2118
DIATSA_LOCUS8789,385,823,847,343,785,811
DIATSA_LOCUS879,0,0,0,0,0,0
DIATSA_LOCUS8790,107,208,208,65,136,145
DIATSA_LOCUS8791,30,43,44,7,18,18
DIATSA_LOCUS8792,107,195,203,80,169,176
DIATSA_LOCUS8793,82,159,167,77,158,161
DIATSA_LOCUS8794,145,363,382,167,391,408
DIATSA_LOCUS8795,113,200,214,26,46,47
DIATSA_LOCUS8796,0,0,0,0,0,0
DIATSA_LOCUS8797,16,25,26,2,4,4
DIATSA_LOCUS8798,759,1473,1537,760,1379,1431
DIATSA_LOCUS8799,7,14,14,2,4,4
DIATSA_LOCUS88,95,188,192,80,167,176
DIATSA_LOCUS880,0,0,0,0,0,0
DIATSA_LOCUS8800,5,14,14,1,7,7
DIATSA_LOCUS8801,153,245,258,103,196,218
DIATSA_LOCUS8802,23,44,45,13,23,23
DIATSA_LOCUS8803,250,473,506,264,442,447
DIATSA_LOCUS8804,5,10,10,0,3,3
DIATSA_LOCUS8805,38,69,70,19,33,33
DIATSA_LOCUS8806,88,244,256,152,354,367
DIATSA_LOCUS8807,33,72,75,7,15,16
DIATSA_LOCUS8808,15,24,26,4,12,12
DIATSA_LOCUS8809,14,40,43,2,7,7
DIATSA_LOCUS881,0,4,4,0,3,3
DIATSA_LOCUS8810,261,613,638,137,322,331
DIATSA_LOCUS8811,108,213,232,94,162,168
DIATSA_LOCUS8812,52,156,168,54,143,147
DIATSA_LOCUS8813,147,306,324,71,138,148
DIATSA_LOCUS8814,168,365,377,71,140,149
DIATSA_LOCUS8815,63,105,110,23,51,54
DIATSA_LOCUS8816,114,183,189,160,246,250
DIATSA_LOCUS8817,0,0,0,0,0,1
DIATSA_LOCUS8818,0,0,0,0,0,0
DIATSA_LOCUS8819,1612,2586,2699,2725,4345,4492
DIATSA_LOCUS882,395,793,834,337,633,660
DIATSA_LOCUS8820,35,76,79,16,44,46
DIATSA_LOCUS8821,30,48,48,20,33,37
DIATSA_LOCUS8822,9,14,15,0,0,0
DIATSA_LOCUS8823,0,0,0,0,0,0
DIATSA_LOCUS8824,80,138,149,120,218,220
DIATSA_LOCUS8825,0,0,0,0,0,0
DIATSA_LOCUS8826,3,6,6,2,8,8
DIATSA_LOCUS8827,0,0,0,0,0,0
DIATSA_LOCUS8828,0,0,0,0,0,0
DIATSA_LOCUS8829,6,9,9,2,5,5
DIATSA_LOCUS883,0,1,1,0,2,2
DIATSA_LOCUS8830,38,86,88,38,65,69
DIATSA_LOCUS8831,53,111,113,23,44,46
DIATSA_LOCUS8832,48,96,101,40,84,87
DIATSA_LOCUS8833,197,387,396,260,480,488
DIATSA_LOCUS8834,30,56,58,31,53,54
DIATSA_LOCUS8835,2,2,4,0,0,0
DIATSA_LOCUS8836,1,3,3,0,0,0
DIATSA_LOCUS8837,0,0,0,0,0,0
DIATSA_LOCUS8838,19,30,31,8,19,21
DIATSA_LOCUS8839,15,32,32,9,20,20
DIATSA_LOCUS884,214,361,389,253,434,446
DIATSA_LOCUS8840,1179,2065,2157,481,936,965
DIATSA_LOCUS8841,0,0,2,0,0,0
DIATSA_LOCUS8842,0,0,0,0,0,0
DIATSA_LOCUS8843,58,81,85,42,68,71
DIATSA_LOCUS8844,0,0,0,0,0,0
DIATSA_LOCUS8845,5,6,6,1,10,10
DIATSA_LOCUS8846,698,1086,1128,773,1186,1237
DIATSA_LOCUS8847,51,95,101,72,124,125
DIATSA_LOCUS8848,11,22,22,2,6,8
DIATSA_LOCUS8849,167,315,328,154,289,307
DIATSA_LOCUS885,3,3,3,1,5,5
DIATSA_LOCUS8850,74,166,171,17,25,25
DIATSA_LOCUS8851,43,113,117,33,74,77
DIATSA_LOCUS8852,9,15,16,0,1,1
DIATSA_LOCUS8853,60,107,113,65,98,99
DIATSA_LOCUS8854,97,176,184,102,176,186
DIATSA_LOCUS8855,80,139,142,98,169,174
DIATSA_LOCUS8856,92,204,210,71,139,141
DIATSA_LOCUS8857,256,483,496,172,344,354
DIATSA_LOCUS8858,29,65,68,12,25,25
DIATSA_LOCUS8859,58,128,131,26,64,66
DIATSA_LOCUS886,15,24,24,10,20,21
DIATSA_LOCUS8860,323,594,613,197,369,370
DIATSA_LOCUS8861,62,126,130,12,36,38
DIATSA_LOCUS8862,11,21,21,9,15,16
DIATSA_LOCUS8863,7,11,11,13,20,20
DIATSA_LOCUS8864,7,11,10,6,13,15
DIATSA_LOCUS8865,517,1032,1075,410,838,887
DIATSA_LOCUS8866,86,163,168,36,86,88
DIATSA_LOCUS8867,4,7,8,4,7,7
DIATSA_LOCUS8868,64,128,135,12,30,33
DIATSA_LOCUS8869,0,0,0,0,0,0
DIATSA_LOCUS887,33,64,65,26,62,64
DIATSA_LOCUS8870,691,1222,1277,194,343,359
DIATSA_LOCUS8871,183,300,308,173,309,316
DIATSA_LOCUS8872,0,1,1,2,2,2
DIATSA_LOCUS8873,22,45,48,0,5,6
DIATSA_LOCUS8874,95,224,239,120,230,241
DIATSA_LOCUS8875,88,144,157,41,74,80
DIATSA_LOCUS8876,11,22,26,23,41,42
DIATSA_LOCUS8877,2326,4541,4705,1968,3976,4121
DIATSA_LOCUS8878,425,845,887,315,722,757
DIATSA_LOCUS8879,0,0,0,0,0,0
DIATSA_LOCUS888,56,115,119,27,55,56
DIATSA_LOCUS8880,0,0,0,0,0,0
DIATSA_LOCUS8881,5,6,6,1,2,3
DIATSA_LOCUS8882,51,150,167,68,160,177
DIATSA_LOCUS8883,0,0,0,0,0,0
DIATSA_LOCUS8884,1,4,4,1,1,1
DIATSA_LOCUS8885,274,569,589,251,449,465
DIATSA_LOCUS8886,157,338,346,140,255,265
DIATSA_LOCUS8887,810,1451,1486,875,1696,1757
DIATSA_LOCUS8888,5,11,11,4,7,7
DIATSA_LOCUS8889,11,24,25,5,17,17
DIATSA_LOCUS889,7,9,12,2,2,2
DIATSA_LOCUS8890,87,151,155,53,78,78
DIATSA_LOCUS8891,88,157,169,50,99,102
DIATSA_LOCUS8892,4650,7552,7823,8575,13545,14028
DIATSA_LOCUS8893,65,134,143,61,130,132
DIATSA_LOCUS8894,83,199,205,101,239,252
DIATSA_LOCUS8895,14,22,23,20,31,31
DIATSA_LOCUS8896,86,158,164,134,255,267
DIATSA_LOCUS8897,145,282,295,95,217,225
DIATSA_LOCUS8898,31,49,51,25,53,56
DIATSA_LOCUS8899,39,68,73,12,35,35
DIATSA_LOCUS89,5,6,6,3,5,5
DIATSA_LOCUS890,1,3,3,2,2,2
DIATSA_LOCUS8900,8157,16446,17391,11822,24844,26206
DIATSA_LOCUS8901,9,13,13,10,18,18
DIATSA_LOCUS8902,214,443,461,209,419,431
DIATSA_LOCUS8903,0,0,0,0,0,0
DIATSA_LOCUS8904,44,92,94,77,162,166
DIATSA_LOCUS8905,116,240,255,86,180,182
DIATSA_LOCUS8906,18,34,36,14,32,32
DIATSA_LOCUS8907,957,1795,1878,653,1317,1414
DIATSA_LOCUS8908,117,254,262,74,159,163
DIATSA_LOCUS8909,0,0,0,1,2,2
DIATSA_LOCUS891,1,8,8,2,3,3
DIATSA_LOCUS8910,14,26,27,11,25,27
DIATSA_LOCUS8911,39,65,67,49,80,86
DIATSA_LOCUS8912,7838,13389,13891,7668,13348,13839
DIATSA_LOCUS8913,6,9,10,4,6,6
DIATSA_LOCUS8914,0,1,1,0,2,2
DIATSA_LOCUS8915,0,0,0,0,0,0
DIATSA_LOCUS8916,0,0,0,0,0,0
DIATSA_LOCUS8917,426,905,927,336,719,754
DIATSA_LOCUS8918,94,198,206,84,169,179
DIATSA_LOCUS8919,316,636,659,312,703,730
DIATSA_LOCUS892,295,602,619,285,485,505
DIATSA_LOCUS8920,569,1093,1128,266,565,590
DIATSA_LOCUS8921,105,159,165,45,91,96
DIATSA_LOCUS8922,1035,2105,2189,1114,2317,2405
DIATSA_LOCUS8923,588,1037,1075,530,1035,1071
DIATSA_LOCUS8924,39,97,99,67,146,151
DIATSA_LOCUS8925,1,1,1,0,2,2
DIATSA_LOCUS8926,177,277,284,135,262,272
DIATSA_LOCUS8927,97,178,185,84,154,158
DIATSA_LOCUS8928,46,112,116,32,55,56
DIATSA_LOCUS8929,41,102,101,20,41,41
DIATSA_LOCUS893,8240,16279,16868,12694,25395,26389
DIATSA_LOCUS8930,91,169,178,18,38,39
DIATSA_LOCUS8931,428,790,812,325,560,586
DIATSA_LOCUS8932,1,17,17,7,7,7
DIATSA_LOCUS8933,0,0,0,0,0,0
DIATSA_LOCUS8934,4,5,5,2,5,5
DIATSA_LOCUS8935,6,7,7,1,3,3
DIATSA_LOCUS8936,0,3,3,2,2,2
DIATSA_LOCUS8937,12,35,36,5,9,10
DIATSA_LOCUS8938,5,7,8,5,7,7
DIATSA_LOCUS8939,1,2,1,2,3,3
DIATSA_LOCUS894,452,874,899,375,752,784
DIATSA_LOCUS8940,25,49,53,10,19,21
DIATSA_LOCUS8941,270,622,646,245,509,530
DIATSA_LOCUS8942,37,56,61,28,51,55
DIATSA_LOCUS8943,1,1,1,0,0,0
DIATSA_LOCUS8944,0,0,0,0,0,0
DIATSA_LOCUS8945,526,812,836,466,763,792
DIATSA_LOCUS8946,0,0,0,0,0,0
DIATSA_LOCUS8947,135,257,264,96,179,186
DIATSA_LOCUS8948,124,230,246,106,246,255
DIATSA_LOCUS8949,4,8,11,1,1,1
DIATSA_LOCUS895,1,1,1,1,4,4
DIATSA_LOCUS8950,0,0,0,0,0,0
DIATSA_LOCUS8951,1,3,3,3,10,10
DIATSA_LOCUS8952,125,232,240,56,97,101
DIATSA_LOCUS8953,1160,1933,1999,650,1110,1162
DIATSA_LOCUS8954,243,534,554,195,427,443
DIATSA_LOCUS8955,29,48,48,12,23,24
DIATSA_LOCUS8956,94,196,212,75,136,143
DIATSA_LOCUS8957,55,128,131,49,102,109
DIATSA_LOCUS8958,0,1,2,0,0,0
DIATSA_LOCUS8959,7,16,16,6,11,11
DIATSA_LOCUS896,2130,4131,4271,1916,3829,3970
DIATSA_LOCUS8960,0,0,0,0,0,0
DIATSA_LOCUS8961,2,3,4,2,6,9
DIATSA_LOCUS8962,0,0,0,0,0,0
DIATSA_LOCUS8963,0,0,0,0,0,0
DIATSA_LOCUS8964,10,12,12,3,19,20
DIATSA_LOCUS8965,13,26,29,2,11,10
DIATSA_LOCUS8966,177,317,334,82,137,142
DIATSA_LOCUS8967,144,271,284,110,220,224
DIATSA_LOCUS8968,207,400,420,225,430,445
DIATSA_LOCUS8969,81,232,237,79,252,263
DIATSA_LOCUS897,0,0,0,0,0,0
DIATSA_LOCUS8970,44,75,80,14,25,24
DIATSA_LOCUS8971,60,176,179,90,248,253
DIATSA_LOCUS8972,255,501,530,164,309,324
DIATSA_LOCUS8973,695,1355,1412,506,942,984
DIATSA_LOCUS8974,105,188,197,50,87,93
DIATSA_LOCUS8975,51,85,89,22,28,29
DIATSA_LOCUS8976,926,1714,1778,825,1555,1609
DIATSA_LOCUS8977,1562,3071,3172,1632,3229,3362
DIATSA_LOCUS8978,334,660,692,218,461,486
DIATSA_LOCUS8979,0,0,0,0,0,0
DIATSA_LOCUS898,0,0,0,0,0,0
DIATSA_LOCUS8980,2575,4610,4800,1331,2298,2404
DIATSA_LOCUS8981,190,419,434,292,549,577
DIATSA_LOCUS8982,48,109,112,46,120,121
DIATSA_LOCUS8983,0,0,0,0,0,0
DIATSA_LOCUS8984,52,115,116,42,102,103
DIATSA_LOCUS8985,40,120,123,30,103,106
DIATSA_LOCUS8986,355,761,817,395,810,865
DIATSA_LOCUS8987,286,600,623,243,480,498
DIATSA_LOCUS8988,463,964,995,435,948,985
DIATSA_LOCUS8989,72,151,156,86,178,186
DIATSA_LOCUS899,0,0,0,0,0,0
DIATSA_LOCUS8990,0,0,0,0,0,0
DIATSA_LOCUS8991,3,9,9,4,5,5
DIATSA_LOCUS8992,53,106,109,15,28,28
DIATSA_LOCUS8993,155,250,258,221,355,361
DIATSA_LOCUS8994,20,64,65,18,33,33
DIATSA_LOCUS8995,45,77,80,19,37,39
DIATSA_LOCUS8996,47,72,74,26,42,43
DIATSA_LOCUS8997,335,652,680,326,696,723
DIATSA_LOCUS8998,1132,2393,2480,743,1646,1709
DIATSA_LOCUS8999,192,387,401,217,454,465
DIATSA_LOCUS9,0,0,0,0,0,0
DIATSA_LOCUS90,1,1,1,0,0,0
DIATSA_LOCUS900,0,0,0,0,0,0
DIATSA_LOCUS9000,59,116,117,60,115,121
DIATSA_LOCUS9001,726,1399,1451,609,1237,1288
DIATSA_LOCUS9002,79,159,165,390,715,748
DIATSA_LOCUS9003,335,632,666,400,886,913
DIATSA_LOCUS9004,4,8,9,5,7,8
DIATSA_LOCUS9005,5,7,8,1,1,2
DIATSA_LOCUS9006,6,9,9,4,6,6
DIATSA_LOCUS9007,8,19,19,7,14,13
DIATSA_LOCUS9008,7,12,12,2,4,4
DIATSA_LOCUS9009,7,25,26,4,6,8
DIATSA_LOCUS901,0,1,2,0,0,0
DIATSA_LOCUS9010,74,155,164,14,34,36
DIATSA_LOCUS9011,9,18,19,5,11,11
DIATSA_LOCUS9012,2,3,5,2,2,2
DIATSA_LOCUS9013,70,128,131,57,114,122
DIATSA_LOCUS9014,18,30,31,17,28,30
DIATSA_LOCUS9015,72,165,174,38,95,102
DIATSA_LOCUS9016,40,80,90,55,117,121
DIATSA_LOCUS9017,1,1,1,1,2,2
DIATSA_LOCUS9018,63,141,147,25,41,42
DIATSA_LOCUS9019,39,98,103,34,59,60
DIATSA_LOCUS902,1,1,1,1,1,1
DIATSA_LOCUS9020,0,0,1,0,0,0
DIATSA_LOCUS9021,22,34,34,23,41,41
DIATSA_LOCUS9022,77,157,162,26,43,45
DIATSA_LOCUS9023,1,2,2,2,3,4
DIATSA_LOCUS9024,3,4,4,2,4,5
DIATSA_LOCUS9025,0,2,2,0,0,0
DIATSA_LOCUS9026,0,0,0,0,0,0
DIATSA_LOCUS9027,6,11,11,4,6,6
DIATSA_LOCUS9028,19,35,35,18,31,34
DIATSA_LOCUS9029,1,3,3,0,0,0
DIATSA_LOCUS903,0,3,3,1,1,1
DIATSA_LOCUS9030,11,25,26,9,10,13
DIATSA_LOCUS9031,1,1,1,0,0,0
DIATSA_LOCUS9032,12,32,32,15,20,20
DIATSA_LOCUS9033,167,342,357,108,211,219
DIATSA_LOCUS9034,869,1798,1893,703,1553,1620
DIATSA_LOCUS9035,441,915,971,446,933,974
DIATSA_LOCUS9036,10,21,22,13,20,20
DIATSA_LOCUS9037,17,38,41,10,25,28
DIATSA_LOCUS9038,447,807,836,452,830,872
DIATSA_LOCUS9039,67,167,176,93,207,215
DIATSA_LOCUS904,68,162,167,63,123,126
DIATSA_LOCUS9040,23,35,36,31,48,49
DIATSA_LOCUS9041,20,33,35,11,19,19
DIATSA_LOCUS9042,1,4,4,0,1,1
DIATSA_LOCUS9043,70,135,140,44,87,90
DIATSA_LOCUS9044,521,1211,1249,616,1520,1571
DIATSA_LOCUS9045,56,117,122,125,255,272
DIATSA_LOCUS9046,4,10,10,4,4,4
DIATSA_LOCUS9047,55,93,96,27,45,45
DIATSA_LOCUS9048,178,354,364,115,235,248
DIATSA_LOCUS9049,800,1534,1579,1139,2142,2208
DIATSA_LOCUS905,30,61,61,30,68,72
DIATSA_LOCUS9050,31,58,60,15,29,30
DIATSA_LOCUS9051,28,60,65,15,33,33
DIATSA_LOCUS9052,90,162,168,27,59,60
DIATSA_LOCUS9053,171,300,310,144,291,299
DIATSA_LOCUS9054,460,948,980,219,469,485
DIATSA_LOCUS9055,135,308,324,68,119,123
DIATSA_LOCUS9056,75,122,125,29,41,42
DIATSA_LOCUS9057,133,278,286,76,156,166
DIATSA_LOCUS9058,77,165,174,54,118,122
DIATSA_LOCUS9059,53,119,119,32,67,69
DIATSA_LOCUS906,6,11,11,2,3,3
DIATSA_LOCUS9060,2,6,6,2,15,16
DIATSA_LOCUS9061,0,0,0,0,0,0
DIATSA_LOCUS9062,18,24,24,23,31,33
DIATSA_LOCUS9063,0,0,0,0,0,0
DIATSA_LOCUS9064,0,0,0,0,0,0
DIATSA_LOCUS9065,0,0,0,0,0,0
DIATSA_LOCUS9066,0,0,0,0,0,0
DIATSA_LOCUS9067,0,0,0,0,0,0
DIATSA_LOCUS9068,3,5,5,1,2,2
DIATSA_LOCUS9069,0,0,0,0,0,0
DIATSA_LOCUS907,0,1,2,0,2,2
DIATSA_LOCUS9070,1,0,0,0,0,0
DIATSA_LOCUS9071,0,0,0,0,0,0
DIATSA_LOCUS9072,0,4,5,1,6,6
DIATSA_LOCUS9073,0,0,0,0,0,0
DIATSA_LOCUS9074,0,0,0,0,0,0
DIATSA_LOCUS9075,0,1,1,0,0,0
DIATSA_LOCUS9076,0,0,0,0,1,1
DIATSA_LOCUS9077,0,0,0,3,4,4
DIATSA_LOCUS9078,0,0,0,0,0,0
DIATSA_LOCUS9079,0,0,0,0,0,0
DIATSA_LOCUS908,0,1,1,0,1,1
DIATSA_LOCUS9080,0,0,0,0,1,1
DIATSA_LOCUS9081,0,0,0,0,0,0
DIATSA_LOCUS9082,180,396,417,90,169,175
DIATSA_LOCUS9083,2516,4269,4426,4307,7216,7454
DIATSA_LOCUS9084,925,1547,1615,1307,2127,2226
DIATSA_LOCUS9085,257,493,503,255,498,525
DIATSA_LOCUS9086,121,266,281,133,252,264
DIATSA_LOCUS9087,0,1,1,0,0,0
DIATSA_LOCUS9088,564,1351,1396,458,1131,1180
DIATSA_LOCUS9089,129,206,224,139,231,251
DIATSA_LOCUS909,0,0,0,0,0,0
DIATSA_LOCUS9090,96,151,155,138,224,228
DIATSA_LOCUS9091,108,181,187,41,72,75
DIATSA_LOCUS9092,24,36,36,7,10,11
DIATSA_LOCUS9093,86,216,227,99,225,229
DIATSA_LOCUS9094,91,220,232,73,166,172
DIATSA_LOCUS9095,146,350,366,88,203,214
DIATSA_LOCUS9096,178,305,316,79,174,184
DIATSA_LOCUS9097,98,238,249,60,135,137
DIATSA_LOCUS9098,88,187,200,53,127,137
DIATSA_LOCUS9099,0,0,0,0,0,0
DIATSA_LOCUS91,0,0,0,0,0,0
DIATSA_LOCUS910,1,2,2,0,1,1
DIATSA_LOCUS9100,527,954,994,558,1104,1152
DIATSA_LOCUS9101,226,431,445,107,223,232
DIATSA_LOCUS9102,71,130,137,44,104,107
DIATSA_LOCUS9103,206,437,467,199,381,395
DIATSA_LOCUS9104,19,56,56,10,30,31
DIATSA_LOCUS9105,3,9,9,1,1,2
DIATSA_LOCUS9106,506,1040,1085,517,1013,1024
DIATSA_LOCUS9107,64,175,183,87,184,190
DIATSA_LOCUS9108,116,190,192,64,121,123
DIATSA_LOCUS9109,14,25,27,10,19,20
DIATSA_LOCUS911,5,7,7,2,3,3
DIATSA_LOCUS9110,1056,1945,2011,460,958,1001
DIATSA_LOCUS9111,8,32,34,3,10,10
DIATSA_LOCUS9112,9,22,22,3,6,6
DIATSA_LOCUS9113,98,241,251,87,181,185
DIATSA_LOCUS9114,127,233,246,128,248,256
DIATSA_LOCUS9115,43,82,89,14,32,36
DIATSA_LOCUS9116,14,30,30,8,21,21
DIATSA_LOCUS9117,268,494,511,139,253,266
DIATSA_LOCUS9118,83,149,157,23,47,50
DIATSA_LOCUS9119,0,0,9,0,0,0
DIATSA_LOCUS912,28,56,59,27,40,43
DIATSA_LOCUS9120,10,14,14,8,11,11
DIATSA_LOCUS9121,41,87,88,24,46,47
DIATSA_LOCUS9122,162,389,406,171,349,365
DIATSA_LOCUS9123,95,205,213,33,74,82
DIATSA_LOCUS9124,246,482,499,241,479,508
DIATSA_LOCUS9125,730,1579,1632,662,1445,1504
DIATSA_LOCUS9126,15,21,24,7,18,19
DIATSA_LOCUS9127,24,58,62,24,52,53
DIATSA_LOCUS9128,53,123,130,29,65,67
DIATSA_LOCUS9129,0,0,0,0,0,0
DIATSA_LOCUS913,24,45,45,19,32,32
DIATSA_LOCUS9130,0,0,0,0,0,0
DIATSA_LOCUS9131,3,9,9,10,13,13
DIATSA_LOCUS9132,8,12,12,8,13,14
DIATSA_LOCUS9133,66,134,139,127,223,228
DIATSA_LOCUS9134,44,124,126,30,88,90
DIATSA_LOCUS9135,57,96,99,40,88,90
DIATSA_LOCUS9136,9,23,24,6,17,17
DIATSA_LOCUS9137,0,1,2,0,2,2
DIATSA_LOCUS9138,94,165,167,197,365,377
DIATSA_LOCUS9139,123,300,309,134,272,289
DIATSA_LOCUS914,85,184,194,47,110,114
DIATSA_LOCUS9140,67,154,154,42,100,105
DIATSA_LOCUS9141,1,3,3,0,0,0
DIATSA_LOCUS9142,238,473,487,127,257,271
DIATSA_LOCUS9143,0,0,0,0,0,0
DIATSA_LOCUS9144,9,18,18,5,7,7
DIATSA_LOCUS9145,10,17,17,6,11,11
DIATSA_LOCUS9146,429,835,860,385,778,803
DIATSA_LOCUS9147,119,270,286,99,205,210
DIATSA_LOCUS9148,54,97,98,40,89,92
DIATSA_LOCUS9149,153,306,315,123,250,252
DIATSA_LOCUS915,17,30,32,13,24,25
DIATSA_LOCUS9150,47,77,80,31,65,67
DIATSA_LOCUS9151,182,312,326,200,372,387
DIATSA_LOCUS9152,36,56,57,29,45,50
DIATSA_LOCUS9153,13,27,30,10,26,24
DIATSA_LOCUS9154,91,215,225,63,124,132
DIATSA_LOCUS9155,20,25,25,8,13,14
DIATSA_LOCUS9156,7,18,17,5,9,9
DIATSA_LOCUS9157,1217,2460,2570,1536,3065,3173
DIATSA_LOCUS9158,481,892,922,502,998,1032
DIATSA_LOCUS9159,48,121,123,32,84,85
DIATSA_LOCUS916,0,0,0,0,0,0
DIATSA_LOCUS9160,0,0,0,0,0,0
DIATSA_LOCUS9161,172,363,377,101,214,224
DIATSA_LOCUS9162,37,80,81,58,185,196
DIATSA_LOCUS9163,82,140,144,61,112,114
DIATSA_LOCUS9164,62,111,111,38,76,79
DIATSA_LOCUS9165,22,34,33,13,19,19
DIATSA_LOCUS9166,48,100,103,33,57,60
DIATSA_LOCUS9167,38,72,75,52,95,98
DIATSA_LOCUS9168,149,275,284,127,245,252
DIATSA_LOCUS9169,1645,3234,3376,674,1443,1493
DIATSA_LOCUS917,80,140,147,92,209,217
DIATSA_LOCUS9170,155,303,315,193,428,445
DIATSA_LOCUS9171,179,355,370,158,313,324
DIATSA_LOCUS9172,231,514,525,210,417,436
DIATSA_LOCUS9173,528,1009,1058,790,1397,1446
DIATSA_LOCUS9174,99,192,201,45,91,93
DIATSA_LOCUS9175,105,259,269,125,297,305
DIATSA_LOCUS9176,349,636,657,295,585,609
DIATSA_LOCUS9177,1,1,1,0,0,0
DIATSA_LOCUS9178,0,0,1,0,0,0
DIATSA_LOCUS9179,48,88,93,37,61,63
DIATSA_LOCUS918,1105,1804,1875,1602,2797,2905
DIATSA_LOCUS9180,2,5,5,3,3,4
DIATSA_LOCUS9181,5,19,21,6,11,12
DIATSA_LOCUS9182,19,37,37,8,14,15
DIATSA_LOCUS9183,12,38,40,16,44,47
DIATSA_LOCUS9184,35,73,76,44,65,69
DIATSA_LOCUS9185,0,0,0,0,0,0
DIATSA_LOCUS9186,177,354,365,48,105,105
DIATSA_LOCUS9187,685,1309,1357,526,1039,1064
DIATSA_LOCUS9188,374,736,767,263,503,529
DIATSA_LOCUS9189,21,35,38,0,6,8
DIATSA_LOCUS919,2,8,8,4,12,13
DIATSA_LOCUS9190,9,19,17,6,7,7
DIATSA_LOCUS9191,171,270,276,102,198,206
DIATSA_LOCUS9192,0,0,0,0,0,0
DIATSA_LOCUS9193,1450,2392,2479,2092,3526,3659
DIATSA_LOCUS9194,26,43,45,11,20,21
DIATSA_LOCUS9195,394,640,663,426,730,749
DIATSA_LOCUS9196,80,145,146,40,74,80
DIATSA_LOCUS9197,0,0,0,0,0,0
DIATSA_LOCUS9198,0,0,0,0,0,0
DIATSA_LOCUS9199,38,73,76,21,41,43
DIATSA_LOCUS92,0,0,0,0,0,0
DIATSA_LOCUS920,80,153,161,32,79,85
DIATSA_LOCUS9200,16,48,48,12,25,25
DIATSA_LOCUS9201,27,60,62,31,71,71
DIATSA_LOCUS9202,7,16,16,9,23,24
DIATSA_LOCUS9203,3,11,12,0,1,1
DIATSA_LOCUS9204,0,0,0,0,0,0
DIATSA_LOCUS9205,3,3,3,2,2,2
DIATSA_LOCUS9206,7,15,14,8,20,22
DIATSA_LOCUS9207,330,546,577,132,226,237
DIATSA_LOCUS9208,122,177,187,66,107,114
DIATSA_LOCUS9209,257,474,492,109,200,214
DIATSA_LOCUS921,94,142,146,67,130,133
DIATSA_LOCUS9210,50,88,89,31,55,56
DIATSA_LOCUS9211,59,141,145,70,173,186
DIATSA_LOCUS9212,9,10,10,2,4,4
DIATSA_LOCUS9213,121,218,223,96,191,199
DIATSA_LOCUS9214,27,60,62,44,81,83
DIATSA_LOCUS9215,0,4,4,0,10,12
DIATSA_LOCUS9216,63,121,127,60,124,128
DIATSA_LOCUS9217,18,29,30,18,24,25
DIATSA_LOCUS9218,1,4,4,2,3,3
DIATSA_LOCUS9219,565,994,1028,578,1102,1138
DIATSA_LOCUS922,78,148,153,40,77,78
DIATSA_LOCUS9220,799,1563,1636,1030,2019,2124
DIATSA_LOCUS9221,14,23,26,33,67,71
DIATSA_LOCUS9222,51,117,123,33,60,62
DIATSA_LOCUS9223,24,40,41,7,15,15
DIATSA_LOCUS9224,71,138,145,71,145,149
DIATSA_LOCUS9225,0,0,0,0,0,0
DIATSA_LOCUS9226,0,1,1,0,0,0
DIATSA_LOCUS9227,1,3,3,0,2,2
DIATSA_LOCUS9228,0,0,0,0,0,0
DIATSA_LOCUS9229,1,1,1,0,0,0
DIATSA_LOCUS923,1658,3007,3121,2363,4628,4811
DIATSA_LOCUS9230,154,255,272,83,149,159
DIATSA_LOCUS9231,34,69,73,57,102,103
DIATSA_LOCUS9232,876,1686,1739,727,1419,1474
DIATSA_LOCUS9233,46,106,112,10,20,20
DIATSA_LOCUS9234,3,5,5,1,1,1
DIATSA_LOCUS9235,60,143,152,71,166,172
DIATSA_LOCUS9236,12,21,23,2,11,12
DIATSA_LOCUS9237,55,103,108,39,78,80
DIATSA_LOCUS9238,1,1,1,1,1,1
DIATSA_LOCUS9239,9,36,36,12,29,29
DIATSA_LOCUS924,2,2,2,0,0,0
DIATSA_LOCUS9240,0,0,0,0,0,0
DIATSA_LOCUS9241,222,474,496,154,350,367
DIATSA_LOCUS9242,20,40,43,7,12,12
DIATSA_LOCUS9243,9,22,24,2,8,8
DIATSA_LOCUS9244,109,276,289,185,388,405
DIATSA_LOCUS9245,17,40,43,35,78,80
DIATSA_LOCUS9246,2185,4695,4927,1780,3810,4009
DIATSA_LOCUS9247,72,148,158,61,137,151
DIATSA_LOCUS9248,197,379,395,84,168,182
DIATSA_LOCUS9249,1,4,4,9,12,12
DIATSA_LOCUS925,66,130,138,94,192,201
DIATSA_LOCUS9250,16,31,31,13,29,29
DIATSA_LOCUS9251,539,1125,1162,323,685,703
DIATSA_LOCUS9252,110,217,224,74,159,168
DIATSA_LOCUS9253,538,1021,1058,636,1236,1269
DIATSA_LOCUS9254,45,75,83,31,48,50
DIATSA_LOCUS9255,0,0,0,0,0,0
DIATSA_LOCUS9256,351,805,824,374,969,1017
DIATSA_LOCUS9257,0,0,0,0,0,0
DIATSA_LOCUS9258,242,517,551,185,344,365
DIATSA_LOCUS9259,25,47,50,29,53,52
DIATSA_LOCUS926,259,527,542,252,525,545
DIATSA_LOCUS9260,55,117,124,73,138,145
DIATSA_LOCUS9261,25,45,44,22,32,34
DIATSA_LOCUS9262,4100,8336,8782,4865,9944,10478
DIATSA_LOCUS9263,11,31,32,10,19,20
DIATSA_LOCUS9264,33,42,44,7,10,10
DIATSA_LOCUS9265,13,29,29,1,2,3
DIATSA_LOCUS9266,62,102,108,9,24,23
DIATSA_LOCUS9267,27,46,49,16,36,37
DIATSA_LOCUS9268,0,0,0,1,1,1
DIATSA_LOCUS9269,47,72,76,23,46,48
DIATSA_LOCUS927,46,91,97,23,45,50
DIATSA_LOCUS9270,0,0,0,0,0,0
DIATSA_LOCUS9271,30,54,57,8,13,14
DIATSA_LOCUS9272,161,333,349,125,287,299
DIATSA_LOCUS9273,590,920,963,475,848,872
DIATSA_LOCUS9274,26,57,56,18,51,52
DIATSA_LOCUS9275,10,19,20,7,15,16
DIATSA_LOCUS9276,4,15,16,9,26,26
DIATSA_LOCUS9277,2,3,2,5,9,8
DIATSA_LOCUS9278,2,11,11,5,9,9
DIATSA_LOCUS9279,40,64,69,27,47,49
DIATSA_LOCUS928,251,507,529,180,405,422
DIATSA_LOCUS9280,141,233,243,142,226,240
DIATSA_LOCUS9281,0,0,0,0,0,0
DIATSA_LOCUS9282,3,10,11,6,18,17
DIATSA_LOCUS9283,34,67,69,5,18,18
DIATSA_LOCUS9284,1051,2054,2147,1441,2964,3079
DIATSA_LOCUS9285,4,12,12,3,7,8
DIATSA_LOCUS9286,11,40,42,17,39,37
DIATSA_LOCUS9287,176,298,311,47,93,94
DIATSA_LOCUS9288,21,29,29,6,11,11
DIATSA_LOCUS9289,9,12,14,5,15,16
DIATSA_LOCUS929,40,92,95,27,83,83
DIATSA_LOCUS9290,4571,8848,9317,7752,14767,15521
DIATSA_LOCUS9291,27,43,45,30,40,40
DIATSA_LOCUS9292,1094,2023,2100,988,1852,1926
DIATSA_LOCUS9293,0,0,0,0,0,0
DIATSA_LOCUS9294,54,119,124,63,140,149
DIATSA_LOCUS9295,3,7,8,4,6,6
DIATSA_LOCUS9296,0,0,0,0,0,0
DIATSA_LOCUS9297,194,342,366,171,303,327
DIATSA_LOCUS9298,34,70,70,31,66,68
DIATSA_LOCUS9299,53,88,89,23,43,48
DIATSA_LOCUS93,0,0,0,0,0,0
DIATSA_LOCUS930,454,906,952,527,1105,1151
DIATSA_LOCUS9300,20,46,47,21,48,53
DIATSA_LOCUS9301,3,8,8,1,2,2
DIATSA_LOCUS9302,13,37,40,13,33,38
DIATSA_LOCUS9303,120,221,236,52,104,115
DIATSA_LOCUS9304,1,1,1,0,0,0
DIATSA_LOCUS9305,3,4,4,2,2,2
DIATSA_LOCUS9306,0,0,0,0,1,1
DIATSA_LOCUS9307,3,3,3,0,0,1
DIATSA_LOCUS9308,0,0,0,0,0,0
DIATSA_LOCUS9309,5,8,9,1,6,8
DIATSA_LOCUS931,53,85,85,34,68,71
DIATSA_LOCUS9310,37,60,66,55,100,110
DIATSA_LOCUS9311,24,55,55,16,29,32
DIATSA_LOCUS9312,38246,81444,86365,53548,112513,119518
DIATSA_LOCUS9313,86,138,144,30,53,55
DIATSA_LOCUS9314,0,0,0,0,1,1
DIATSA_LOCUS9315,0,0,0,0,0,0
DIATSA_LOCUS9316,163,338,348,199,416,432
DIATSA_LOCUS9317,14,22,24,4,11,11
DIATSA_LOCUS9318,9,15,17,6,8,9
DIATSA_LOCUS9319,118,239,247,61,131,138
DIATSA_LOCUS932,58,100,106,42,63,67
DIATSA_LOCUS9320,40,81,85,30,59,59
DIATSA_LOCUS9321,272,422,448,696,1062,1103
DIATSA_LOCUS9322,483,960,1005,573,1107,1151
DIATSA_LOCUS9323,29,52,54,11,20,19
DIATSA_LOCUS9324,43,74,81,36,78,80
DIATSA_LOCUS9325,109,218,225,127,234,243
DIATSA_LOCUS9326,0,0,0,0,0,0
DIATSA_LOCUS9327,0,0,0,0,1,1
DIATSA_LOCUS9328,0,1,1,0,0,1
DIATSA_LOCUS9329,0,0,0,0,0,0
DIATSA_LOCUS933,112,263,282,75,155,162
DIATSA_LOCUS9330,8,16,16,4,6,6
DIATSA_LOCUS9331,0,0,0,0,0,0
DIATSA_LOCUS9332,0,0,0,0,0,0
DIATSA_LOCUS9333,1,2,2,0,0,0
DIATSA_LOCUS9334,0,0,0,0,0,0
DIATSA_LOCUS9335,2,5,5,3,8,8
DIATSA_LOCUS9336,25,50,50,24,60,60
DIATSA_LOCUS9337,62,123,125,52,110,117
DIATSA_LOCUS9338,174,320,332,127,251,258
DIATSA_LOCUS9339,16,34,37,14,29,31
DIATSA_LOCUS934,42,93,96,42,84,86
DIATSA_LOCUS9340,0,0,0,0,0,0
DIATSA_LOCUS9341,2,6,6,2,4,4
DIATSA_LOCUS9342,56,127,136,62,115,119
DIATSA_LOCUS9343,286,743,761,298,755,778
DIATSA_LOCUS9344,13761,25920,27126,16044,30104,31398
DIATSA_LOCUS9345,166,337,349,172,335,351
DIATSA_LOCUS9346,104,203,212,132,241,255
DIATSA_LOCUS9347,5,9,10,0,4,4
DIATSA_LOCUS9348,140,306,321,129,226,235
DIATSA_LOCUS9349,180,415,426,113,252,258
DIATSA_LOCUS935,17760,31935,33188,22413,40809,42614
DIATSA_LOCUS9350,0,0,0,0,0,0
DIATSA_LOCUS9351,0,1,1,0,0,0
DIATSA_LOCUS9352,1,2,2,1,1,1
DIATSA_LOCUS9353,44,90,94,40,84,85
DIATSA_LOCUS9354,0,0,0,0,0,0
DIATSA_LOCUS9355,41,92,100,18,38,41
DIATSA_LOCUS9356,152,309,321,214,421,433
DIATSA_LOCUS9357,0,0,0,0,0,0
DIATSA_LOCUS9358,0,0,0,0,0,0
DIATSA_LOCUS9359,13,31,32,6,10,11
DIATSA_LOCUS936,24,51,51,9,17,17
DIATSA_LOCUS9360,21,31,33,8,21,24
DIATSA_LOCUS9361,199,429,447,152,330,349
DIATSA_LOCUS9362,55,148,157,9,23,23
DIATSA_LOCUS9363,24,50,52,10,14,15
DIATSA_LOCUS9364,47,86,87,15,28,32
DIATSA_LOCUS9365,118,205,211,42,69,71
DIATSA_LOCUS9366,77,160,167,51,134,143
DIATSA_LOCUS9367,155,272,280,76,166,173
DIATSA_LOCUS9368,22,43,46,15,27,29
DIATSA_LOCUS9369,64,162,169,65,148,152
DIATSA_LOCUS937,79,129,135,63,109,117
DIATSA_LOCUS9370,39,74,78,10,26,28
DIATSA_LOCUS9371,199,503,510,220,489,500
DIATSA_LOCUS9372,752,1502,1575,571,1130,1171
DIATSA_LOCUS9373,213,462,476,101,238,245
DIATSA_LOCUS9374,303,549,566,173,320,335
DIATSA_LOCUS9375,11,27,29,10,19,21
DIATSA_LOCUS9376,35,49,55,8,14,14
DIATSA_LOCUS9377,22,48,48,3,6,8
DIATSA_LOCUS9378,46,95,101,25,52,53
DIATSA_LOCUS9379,7,13,14,3,4,4
DIATSA_LOCUS938,106,230,244,39,90,93
DIATSA_LOCUS9380,244,456,469,154,302,313
DIATSA_LOCUS9381,345,736,775,312,708,736
DIATSA_LOCUS9382,92,181,187,41,75,79
DIATSA_LOCUS9383,1,2,2,3,3,3
DIATSA_LOCUS9384,1,2,2,0,3,3
DIATSA_LOCUS9385,0,0,0,0,0,0
DIATSA_LOCUS9386,503,1069,1117,514,1087,1135
DIATSA_LOCUS9387,290,492,512,707,1198,1237
DIATSA_LOCUS9388,257,591,607,202,462,491
DIATSA_LOCUS9389,45,104,113,47,83,84
DIATSA_LOCUS939,53,91,98,19,30,30
DIATSA_LOCUS9390,188,356,363,392,936,971
DIATSA_LOCUS9391,0,0,0,0,0,0
DIATSA_LOCUS9392,37,87,89,42,122,127
DIATSA_LOCUS9393,777,1299,1332,940,1588,1651
DIATSA_LOCUS9394,156,393,406,227,530,534
DIATSA_LOCUS9395,149,305,314,105,229,239
DIATSA_LOCUS9396,175,369,384,157,306,320
DIATSA_LOCUS9397,140,248,257,119,238,247
DIATSA_LOCUS9398,99,201,215,140,253,266
DIATSA_LOCUS9399,56,126,129,67,169,170
DIATSA_LOCUS94,0,0,0,0,0,0
DIATSA_LOCUS940,31,53,55,7,19,20
DIATSA_LOCUS9400,119,268,276,116,255,269
DIATSA_LOCUS9401,146,283,295,183,379,401
DIATSA_LOCUS9402,149,286,302,135,284,298
DIATSA_LOCUS9403,13667,24361,25430,20263,35727,37376
DIATSA_LOCUS9404,12,87,101,26,148,168
DIATSA_LOCUS9405,14,28,31,22,52,54
DIATSA_LOCUS9406,0,3,3,2,4,4
DIATSA_LOCUS9407,0,0,0,1,1,1
DIATSA_LOCUS9408,0,0,0,0,0,0
DIATSA_LOCUS9409,63,117,119,31,65,68
DIATSA_LOCUS941,692,1334,1385,712,1382,1425
DIATSA_LOCUS9410,0,0,0,0,0,0
DIATSA_LOCUS9411,0,0,0,0,0,0
DIATSA_LOCUS9412,2,3,3,16,20,20
DIATSA_LOCUS9413,963,1719,1796,725,1480,1530
DIATSA_LOCUS9414,228,513,534,267,623,648
DIATSA_LOCUS9415,106,230,233,117,243,254
DIATSA_LOCUS9416,22,53,54,22,64,66
DIATSA_LOCUS9417,0,1,1,1,1,1
DIATSA_LOCUS9418,3,8,9,0,3,3
DIATSA_LOCUS9419,763,1332,1383,343,605,641
DIATSA_LOCUS942,320,746,770,216,487,501
DIATSA_LOCUS9420,25,43,44,26,52,54
DIATSA_LOCUS9421,2,7,8,1,4,4
DIATSA_LOCUS9422,94,192,197,91,177,180
DIATSA_LOCUS9423,58,123,125,26,55,57
DIATSA_LOCUS9424,93,173,182,39,82,84
DIATSA_LOCUS9425,97,169,178,126,224,236
DIATSA_LOCUS9426,230,458,472,260,504,515
DIATSA_LOCUS9427,13,31,30,3,3,3
DIATSA_LOCUS9428,429,847,876,171,371,393
DIATSA_LOCUS9429,30,49,51,31,49,52
DIATSA_LOCUS943,56,106,108,43,93,95
DIATSA_LOCUS9430,441,868,889,417,791,815
DIATSA_LOCUS9431,12,22,24,2,4,4
DIATSA_LOCUS9432,169,316,333,207,420,449
DIATSA_LOCUS9433,636,1446,1484,640,1431,1493
DIATSA_LOCUS9434,148,292,299,110,244,251
DIATSA_LOCUS9435,37,58,58,41,97,103
DIATSA_LOCUS9436,64,141,145,75,144,150
DIATSA_LOCUS9437,460,846,876,518,960,991
DIATSA_LOCUS9438,220,344,356,301,477,490
DIATSA_LOCUS9439,64,145,152,60,159,165
DIATSA_LOCUS944,0,0,0,0,0,0
DIATSA_LOCUS9440,205,352,366,105,191,195
DIATSA_LOCUS9441,435,783,809,556,1033,1071
DIATSA_LOCUS9442,68,114,117,60,111,116
DIATSA_LOCUS9443,362,700,743,259,560,592
DIATSA_LOCUS9444,32,51,55,16,26,28
DIATSA_LOCUS9445,25,70,72,9,21,25
DIATSA_LOCUS9446,0,0,0,0,0,0
DIATSA_LOCUS9447,511,989,1026,265,522,536
DIATSA_LOCUS9448,3,7,7,4,6,6
DIATSA_LOCUS9449,60,129,133,18,40,42
DIATSA_LOCUS945,34,60,63,29,63,68
DIATSA_LOCUS9450,94,145,153,97,147,156
DIATSA_LOCUS9451,42,76,79,30,58,60
DIATSA_LOCUS9452,18,40,40,10,15,17
DIATSA_LOCUS9453,99,209,217,58,115,117
DIATSA_LOCUS9454,2,2,2,0,0,0
DIATSA_LOCUS9455,0,0,0,0,0,0
DIATSA_LOCUS9456,74,159,169,24,52,52
DIATSA_LOCUS9457,0,1,1,0,0,0
DIATSA_LOCUS9458,104,239,248,66,125,134
DIATSA_LOCUS9459,6,8,8,0,0,0
DIATSA_LOCUS946,563,1047,1110,183,347,369
DIATSA_LOCUS9460,453,857,887,209,389,396
DIATSA_LOCUS9461,581,1263,1299,735,1524,1588
DIATSA_LOCUS9462,1043,2081,2145,562,1183,1226
DIATSA_LOCUS9463,84,158,166,29,66,70
DIATSA_LOCUS9464,77,162,171,106,175,179
DIATSA_LOCUS9465,125,325,348,175,390,401
DIATSA_LOCUS9466,92,205,210,69,181,187
DIATSA_LOCUS9467,42,95,98,53,111,116
DIATSA_LOCUS9468,275,444,461,65,98,105
DIATSA_LOCUS9469,5,8,8,1,4,4
DIATSA_LOCUS947,137,255,265,39,85,88
DIATSA_LOCUS9470,75,135,138,50,91,94
DIATSA_LOCUS9471,966,1856,1922,1188,2188,2268
DIATSA_LOCUS9472,6119,10289,10631,10603,17121,17723
DIATSA_LOCUS9473,300,551,565,441,775,801
DIATSA_LOCUS9474,18,39,39,8,27,28
DIATSA_LOCUS9475,45,93,94,27,61,62
DIATSA_LOCUS9476,554,1170,1204,504,1204,1244
DIATSA_LOCUS9477,153,301,320,108,208,221
DIATSA_LOCUS9478,13,23,23,15,27,27
DIATSA_LOCUS9479,52,137,149,66,156,166
DIATSA_LOCUS948,14,28,28,10,14,15
DIATSA_LOCUS9480,411,858,904,371,796,826
DIATSA_LOCUS9481,0,2,2,0,1,1
DIATSA_LOCUS9482,180,370,381,112,253,262
DIATSA_LOCUS9483,365,781,817,261,579,607
DIATSA_LOCUS9484,39,62,63,35,57,58
DIATSA_LOCUS9485,565,1055,1089,485,883,919
DIATSA_LOCUS9486,93,181,185,110,210,220
DIATSA_LOCUS9487,877,1860,1933,358,732,755
DIATSA_LOCUS9488,2,3,3,0,0,0
DIATSA_LOCUS9489,6,8,9,2,3,3
DIATSA_LOCUS949,138,243,258,59,108,109
DIATSA_LOCUS9490,16,34,35,15,22,24
DIATSA_LOCUS9491,36,71,76,30,69,74
DIATSA_LOCUS9492,1,2,2,5,4,4
DIATSA_LOCUS9493,7,14,15,6,10,11
DIATSA_LOCUS9494,32,75,78,6,14,15
DIATSA_LOCUS9495,414,906,934,356,851,882
DIATSA_LOCUS9496,18,44,46,19,38,40
DIATSA_LOCUS9497,90,158,166,123,242,251
DIATSA_LOCUS9498,24,59,62,8,27,29
DIATSA_LOCUS9499,642,1118,1158,771,1485,1541
DIATSA_LOCUS95,118,242,248,122,239,245
DIATSA_LOCUS950,92,186,197,40,77,82
DIATSA_LOCUS9500,133,242,250,150,277,290
DIATSA_LOCUS9501,109,205,216,104,182,192
DIATSA_LOCUS9502,300,581,595,217,460,482
DIATSA_LOCUS9503,11,22,23,10,26,27
DIATSA_LOCUS9504,32,73,76,21,49,52
DIATSA_LOCUS9505,4,8,9,5,9,10
DIATSA_LOCUS9506,11,16,16,9,28,30
DIATSA_LOCUS9507,1,2,2,0,0,0
DIATSA_LOCUS9508,3,4,4,1,1,1
DIATSA_LOCUS9509,40,85,88,36,72,74
DIATSA_LOCUS951,40,76,79,41,89,99
DIATSA_LOCUS9510,124,250,256,133,317,326
DIATSA_LOCUS9511,414,886,931,505,1023,1063
DIATSA_LOCUS9512,132,323,341,122,316,331
DIATSA_LOCUS9513,51,112,105,21,53,53
DIATSA_LOCUS9514,190,418,431,239,530,549
DIATSA_LOCUS9515,111,218,226,60,120,123
DIATSA_LOCUS9516,223,793,819,231,900,945
DIATSA_LOCUS9517,143,280,286,159,317,325
DIATSA_LOCUS9518,71,175,180,81,207,216
DIATSA_LOCUS9519,0,0,0,0,0,0
DIATSA_LOCUS952,260,493,528,257,530,588
DIATSA_LOCUS9520,2693,5493,5678,1900,3817,3935
DIATSA_LOCUS9521,1603,2923,3028,1164,2239,2319
DIATSA_LOCUS9522,0,0,0,0,0,0
DIATSA_LOCUS9523,0,3,3,0,2,2
DIATSA_LOCUS9524,30,72,75,11,36,36
DIATSA_LOCUS9525,18,54,55,25,42,42
DIATSA_LOCUS9526,169,330,347,168,320,328
DIATSA_LOCUS9527,44,89,94,36,69,71
DIATSA_LOCUS9528,426,987,1024,275,666,679
DIATSA_LOCUS9529,107,238,243,93,181,194
DIATSA_LOCUS953,97,210,218,103,200,209
DIATSA_LOCUS9530,44,84,87,24,53,54
DIATSA_LOCUS9531,119,207,218,80,136,144
DIATSA_LOCUS9532,0,1,1,0,1,1
DIATSA_LOCUS9533,6,14,16,10,21,22
DIATSA_LOCUS9534,23,40,40,21,39,43
DIATSA_LOCUS9535,231,433,460,115,231,241
DIATSA_LOCUS9536,170,313,322,133,247,255
DIATSA_LOCUS9537,490,896,932,560,1000,1038
DIATSA_LOCUS9538,7,11,11,1,3,3
DIATSA_LOCUS9539,0,4,4,1,2,2
DIATSA_LOCUS954,4,12,14,13,28,29
DIATSA_LOCUS9540,10,18,18,7,15,16
DIATSA_LOCUS9541,173,367,379,175,291,301
DIATSA_LOCUS9542,65,117,121,58,110,111
DIATSA_LOCUS9543,216,442,453,162,334,346
DIATSA_LOCUS9544,16,31,31,7,21,21
DIATSA_LOCUS9545,221,424,444,264,467,479
DIATSA_LOCUS9546,345,580,600,428,724,741
DIATSA_LOCUS9547,103,228,233,113,211,217
DIATSA_LOCUS9548,71,137,139,74,131,138
DIATSA_LOCUS9549,8,24,25,10,24,24
DIATSA_LOCUS955,416,873,903,244,475,498
DIATSA_LOCUS9550,51,161,167,58,150,154
DIATSA_LOCUS9551,16,30,32,16,41,42
DIATSA_LOCUS9552,6,7,7,3,10,11
DIATSA_LOCUS9553,8,15,16,1,8,8
DIATSA_LOCUS9554,111,203,212,46,81,85
DIATSA_LOCUS9555,0,0,0,0,0,0
DIATSA_LOCUS9556,957,1796,1853,822,1583,1638
DIATSA_LOCUS9557,599,1298,1345,554,1282,1318
DIATSA_LOCUS9558,9276,17704,18427,10251,20274,21081
DIATSA_LOCUS9559,56,99,103,72,139,144
DIATSA_LOCUS956,127,300,310,146,306,317
DIATSA_LOCUS9560,0,0,0,0,0,0
DIATSA_LOCUS9561,100,182,190,76,135,140
DIATSA_LOCUS9562,0,0,0,0,0,1
DIATSA_LOCUS9563,58,126,129,26,68,75
DIATSA_LOCUS9564,40078,65446,67931,60122,97628,101306
DIATSA_LOCUS9565,222,457,466,312,595,610
DIATSA_LOCUS9566,25704,48820,50588,30804,56379,58358
DIATSA_LOCUS9567,0,0,0,0,0,0
DIATSA_LOCUS9568,2,3,3,0,2,3
DIATSA_LOCUS9569,27,74,77,24,70,71
DIATSA_LOCUS957,45,94,102,13,32,35
DIATSA_LOCUS9570,208,397,412,201,392,411
DIATSA_LOCUS9571,0,2,2,1,2,2
DIATSA_LOCUS9572,1,3,3,1,3,3
DIATSA_LOCUS9573,74,144,147,59,159,164
DIATSA_LOCUS9574,619,1375,1432,548,1171,1233
DIATSA_LOCUS9575,85,157,162,44,80,82
DIATSA_LOCUS9576,27,49,53,14,28,28
DIATSA_LOCUS9577,200,450,465,171,374,395
DIATSA_LOCUS9578,205,408,434,234,457,479
DIATSA_LOCUS9579,93,198,204,83,196,202
DIATSA_LOCUS958,608,1173,1207,641,1211,1259
DIATSA_LOCUS9580,933,4538,4874,965,4822,5188
DIATSA_LOCUS9581,248,503,530,284,517,528
DIATSA_LOCUS9582,148,281,286,63,122,130
DIATSA_LOCUS9583,797,1352,1401,690,1251,1295
DIATSA_LOCUS9584,0,1,1,0,0,0
DIATSA_LOCUS9585,495,1054,1107,425,895,928
DIATSA_LOCUS9586,115,205,210,124,215,218
DIATSA_LOCUS9587,43,89,94,17,45,48
DIATSA_LOCUS9588,251,478,495,147,306,327
DIATSA_LOCUS9589,83,157,161,114,232,241
DIATSA_LOCUS959,17,33,33,6,10,10
DIATSA_LOCUS9590,5870,14154,14652,9392,20024,20739
DIATSA_LOCUS9591,0,0,0,0,0,0
DIATSA_LOCUS9592,0,0,0,0,0,0
DIATSA_LOCUS9593,0,1,1,1,1,1
DIATSA_LOCUS9594,0,0,0,0,0,1
DIATSA_LOCUS9595,69,103,111,16,26,26
DIATSA_LOCUS9596,336,655,669,195,348,356
DIATSA_LOCUS9597,11,26,29,4,7,8
DIATSA_LOCUS9598,59,131,137,71,153,159
DIATSA_LOCUS9599,85,168,172,22,35,39
DIATSA_LOCUS96,26,36,36,2,5,5
DIATSA_LOCUS960,1653,3115,3219,2435,4396,4558
DIATSA_LOCUS9600,157,307,317,116,261,274
DIATSA_LOCUS9601,0,4,4,1,2,3
DIATSA_LOCUS9602,381,693,726,199,394,415
DIATSA_LOCUS9603,3992,7649,7926,2976,5609,5790
DIATSA_LOCUS9604,13,28,30,16,38,39
DIATSA_LOCUS9605,505,1031,1068,757,1465,1517
DIATSA_LOCUS9606,70,123,130,81,154,153
DIATSA_LOCUS9607,78,172,183,78,160,169
DIATSA_LOCUS9608,336,800,821,285,604,623
DIATSA_LOCUS9609,82,173,176,69,131,140
DIATSA_LOCUS961,32,51,54,29,47,49
DIATSA_LOCUS9610,31,75,76,12,19,20
DIATSA_LOCUS9611,50,97,97,30,69,69
DIATSA_LOCUS9612,2166,3602,3733,1798,3067,3201
DIATSA_LOCUS9613,2,3,3,0,0,0
DIATSA_LOCUS9614,60,128,142,28,64,72
DIATSA_LOCUS9615,90,172,179,26,66,66
DIATSA_LOCUS9616,148,288,299,67,131,137
DIATSA_LOCUS9617,360,706,732,258,516,534
DIATSA_LOCUS9618,1763,3179,3303,1413,2445,2539
DIATSA_LOCUS9619,47,114,118,56,152,156
DIATSA_LOCUS962,2,6,6,1,1,1
DIATSA_LOCUS9620,591,1065,1130,401,784,834
DIATSA_LOCUS9621,1,3,4,3,5,6
DIATSA_LOCUS9622,49,103,107,29,55,56
DIATSA_LOCUS9623,389,779,807,274,589,602
DIATSA_LOCUS9624,6,10,10,8,11,12
DIATSA_LOCUS9625,178,310,325,75,128,136
DIATSA_LOCUS9626,34,67,68,36,81,86
DIATSA_LOCUS9627,231,465,489,187,371,391
DIATSA_LOCUS9628,233,435,449,67,158,162
DIATSA_LOCUS9629,69,152,156,63,130,136
DIATSA_LOCUS963,1,1,1,0,0,0
DIATSA_LOCUS9630,6,16,17,3,5,6
DIATSA_LOCUS9631,9158,18484,19235,9371,19218,20015
DIATSA_LOCUS9632,7,17,20,9,26,27
DIATSA_LOCUS9633,173,348,373,68,139,149
DIATSA_LOCUS9634,185,458,482,305,735,760
DIATSA_LOCUS9635,0,0,0,0,0,0
DIATSA_LOCUS9636,116,206,218,53,105,113
DIATSA_LOCUS9637,0,0,0,1,1,1
DIATSA_LOCUS9638,10,15,18,18,29,29
DIATSA_LOCUS9639,0,1,2,2,5,5
DIATSA_LOCUS964,338,710,731,202,428,442
DIATSA_LOCUS9640,0,0,0,0,1,2
DIATSA_LOCUS9641,248,551,575,158,389,394
DIATSA_LOCUS9642,86,172,177,50,103,113
DIATSA_LOCUS9643,355,787,810,267,601,618
DIATSA_LOCUS9644,12,26,26,1,3,4
DIATSA_LOCUS9645,86,196,203,99,222,239
DIATSA_LOCUS9646,1,0,0,0,0,0
DIATSA_LOCUS9647,0,2,2,1,0,0
DIATSA_LOCUS9648,39,102,110,66,147,152
DIATSA_LOCUS9649,18,37,39,10,13,14
DIATSA_LOCUS965,0,0,0,0,0,0
DIATSA_LOCUS9650,19,33,37,29,64,65
DIATSA_LOCUS9651,28,63,67,35,76,85
DIATSA_LOCUS9652,32,63,67,25,55,55
DIATSA_LOCUS9653,336,699,724,282,604,625
DIATSA_LOCUS9654,94,193,198,89,199,209
DIATSA_LOCUS9655,16,43,44,9,21,23
DIATSA_LOCUS9656,9,13,15,15,27,29
DIATSA_LOCUS9657,17,26,26,6,11,11
DIATSA_LOCUS9658,0,3,3,0,3,4
DIATSA_LOCUS9659,698,1369,1408,554,1089,1139
DIATSA_LOCUS966,45,106,110,62,130,132
DIATSA_LOCUS9660,0,0,0,0,0,0
DIATSA_LOCUS9661,404,716,746,387,762,790
DIATSA_LOCUS9662,53,98,101,58,114,115
DIATSA_LOCUS9663,13,19,21,10,20,21
DIATSA_LOCUS9664,62,107,109,41,79,83
DIATSA_LOCUS9665,164,364,388,166,304,322
DIATSA_LOCUS9666,0,0,0,0,0,0
DIATSA_LOCUS9667,0,0,0,0,0,0
DIATSA_LOCUS9668,10,14,14,11,17,17
DIATSA_LOCUS9669,1,1,1,0,2,2
DIATSA_LOCUS967,72,138,148,66,134,144
DIATSA_LOCUS9670,48,110,112,46,103,105
DIATSA_LOCUS9671,815,1944,2009,936,2159,2243
DIATSA_LOCUS9672,10,19,19,3,9,11
DIATSA_LOCUS9673,102,213,222,21,67,70
DIATSA_LOCUS9674,167,314,323,75,159,166
DIATSA_LOCUS9675,344,683,707,294,574,588
DIATSA_LOCUS9676,5,8,8,3,5,5
DIATSA_LOCUS9677,13,28,28,6,19,19
DIATSA_LOCUS9678,125,176,178,82,150,155
DIATSA_LOCUS9679,114,163,171,108,176,182
DIATSA_LOCUS968,130,265,276,135,256,270
DIATSA_LOCUS9680,61,123,130,80,155,164
DIATSA_LOCUS9681,379,729,749,471,914,949
DIATSA_LOCUS9682,5,12,15,8,19,19
DIATSA_LOCUS9683,60,113,116,75,139,142
DIATSA_LOCUS9684,98,211,219,61,131,133
DIATSA_LOCUS9685,58,118,124,55,125,127
DIATSA_LOCUS9686,63,134,137,71,149,157
DIATSA_LOCUS9687,349,684,706,511,979,1010
DIATSA_LOCUS9688,139,316,326,91,217,227
DIATSA_LOCUS9689,118,228,236,72,144,151
DIATSA_LOCUS969,0,0,0,0,0,0
DIATSA_LOCUS9690,19,30,32,20,42,43
DIATSA_LOCUS9691,54,116,119,90,179,186
DIATSA_LOCUS9692,69,155,162,33,76,80
DIATSA_LOCUS9693,0,0,0,0,0,0
DIATSA_LOCUS9694,227,454,469,148,328,340
DIATSA_LOCUS9695,30,72,73,14,25,26
DIATSA_LOCUS9696,97,165,167,61,105,109
DIATSA_LOCUS9697,67,114,116,37,67,69
DIATSA_LOCUS9698,0,0,0,0,0,0
DIATSA_LOCUS9699,66,122,126,21,46,49
DIATSA_LOCUS97,44,94,97,15,32,34
DIATSA_LOCUS970,31,39,38,29,53,55
DIATSA_LOCUS9700,37,77,77,13,36,36
DIATSA_LOCUS9701,9,17,17,8,16,16
DIATSA_LOCUS9702,95,208,214,33,80,82
DIATSA_LOCUS9703,380,808,847,379,792,816
DIATSA_LOCUS9704,337,677,692,431,829,861
DIATSA_LOCUS9705,250,529,549,107,218,227
DIATSA_LOCUS9706,0,0,0,0,0,0
DIATSA_LOCUS9707,807,1514,1578,763,1691,1749
DIATSA_LOCUS9708,90,173,186,45,88,89
DIATSA_LOCUS9709,1,1,1,2,2,2
DIATSA_LOCUS971,0,0,0,0,0,0
DIATSA_LOCUS9710,170,338,359,84,174,181
DIATSA_LOCUS9711,83,199,206,74,152,155
DIATSA_LOCUS9712,78,185,194,93,189,193
DIATSA_LOCUS9713,12,25,25,8,20,21
DIATSA_LOCUS9714,251,525,554,236,451,474
DIATSA_LOCUS9715,402,924,955,324,722,762
DIATSA_LOCUS9716,16,23,23,2,5,5
DIATSA_LOCUS9717,451,891,915,381,759,789
DIATSA_LOCUS9718,20711,46957,49227,27664,64916,68119
DIATSA_LOCUS9719,22,49,52,8,12,13
DIATSA_LOCUS972,0,0,0,0,0,0
DIATSA_LOCUS9720,0,0,0,0,0,0
DIATSA_LOCUS9721,90,167,173,39,62,63
DIATSA_LOCUS9722,538,1227,1277,647,1323,1381
DIATSA_LOCUS9723,32,65,66,28,57,60
DIATSA_LOCUS9724,0,0,0,0,0,0
DIATSA_LOCUS9725,346,696,728,333,720,754
DIATSA_LOCUS9726,130,301,311,80,148,153
DIATSA_LOCUS9727,65,138,142,68,159,162
DIATSA_LOCUS9728,69,171,184,68,138,145
DIATSA_LOCUS9729,177,339,349,206,402,423
DIATSA_LOCUS973,2,3,3,0,1,2
DIATSA_LOCUS9730,168,380,389,153,372,389
DIATSA_LOCUS9731,492,1025,1057,411,860,896
DIATSA_LOCUS9732,315,573,589,280,497,522
DIATSA_LOCUS9733,24,72,72,23,46,47
DIATSA_LOCUS9734,178,356,374,76,168,173
DIATSA_LOCUS9735,89,195,211,83,172,182
DIATSA_LOCUS9736,10,32,32,13,28,30
DIATSA_LOCUS9737,41,53,53,35,72,76
DIATSA_LOCUS9738,36,66,68,22,35,35
DIATSA_LOCUS9739,0,0,0,0,0,0
DIATSA_LOCUS974,0,0,0,0,0,0
DIATSA_LOCUS9740,63,150,163,52,145,149
DIATSA_LOCUS9741,2166,4075,4215,1689,3306,3423
DIATSA_LOCUS9742,93,167,171,21,47,52
DIATSA_LOCUS9743,86,171,177,44,107,112
DIATSA_LOCUS9744,90,189,199,48,110,112
DIATSA_LOCUS9745,95,151,159,84,157,164
DIATSA_LOCUS9746,128,290,295,157,301,309
DIATSA_LOCUS9747,285,557,571,272,548,566
DIATSA_LOCUS9748,0,0,0,2,5,6
DIATSA_LOCUS9749,0,0,0,0,0,0
DIATSA_LOCUS975,40,104,107,55,131,136
DIATSA_LOCUS9750,105,231,237,75,137,139
DIATSA_LOCUS9751,109,185,187,68,150,152
DIATSA_LOCUS9752,24,35,36,25,39,39
DIATSA_LOCUS9753,131,244,251,135,300,308
DIATSA_LOCUS9754,724,1614,1681,887,1925,1986
DIATSA_LOCUS9755,63,127,128,73,132,138
DIATSA_LOCUS9756,172,360,377,218,472,486
DIATSA_LOCUS9757,201,357,374,196,376,384
DIATSA_LOCUS9758,374,758,777,176,322,331
DIATSA_LOCUS9759,62,138,140,19,64,67
DIATSA_LOCUS976,51,90,90,34,55,55
DIATSA_LOCUS9760,10983,20202,20900,14729,28661,29709
DIATSA_LOCUS9761,109,280,287,165,340,348
DIATSA_LOCUS9762,49,100,101,27,59,60
DIATSA_LOCUS9763,6332,16083,16722,11359,27687,28781
DIATSA_LOCUS9764,150,284,288,133,268,281
DIATSA_LOCUS9765,582,1204,1269,298,608,638
DIATSA_LOCUS9766,1050,2095,2167,284,555,569
DIATSA_LOCUS9767,447,798,841,181,301,312
DIATSA_LOCUS9768,0,0,0,0,0,0
DIATSA_LOCUS9769,0,2,2,0,0,0
DIATSA_LOCUS977,21,42,44,5,9,9
DIATSA_LOCUS9770,0,0,0,0,0,0
DIATSA_LOCUS9771,0,0,0,0,0,0
DIATSA_LOCUS9772,0,0,0,0,0,0
DIATSA_LOCUS9773,0,0,0,0,0,0
DIATSA_LOCUS9774,0,1,1,0,0,0
DIATSA_LOCUS9775,15,24,24,11,23,23
DIATSA_LOCUS9776,0,0,0,0,0,0
DIATSA_LOCUS9777,1,0,0,0,0,0
DIATSA_LOCUS9778,212,382,390,161,309,315
DIATSA_LOCUS9779,386,701,735,279,534,559
DIATSA_LOCUS978,563,1084,1124,726,1442,1516
DIATSA_LOCUS9780,9,17,17,10,17,17
DIATSA_LOCUS9781,0,0,0,0,0,0
DIATSA_LOCUS9782,1,1,1,0,0,0
DIATSA_LOCUS9783,86,142,149,21,37,38
DIATSA_LOCUS9784,0,0,3,0,0,0
DIATSA_LOCUS9785,238,396,412,161,260,270
DIATSA_LOCUS9786,82,168,175,40,77,80
DIATSA_LOCUS9787,848,1732,1800,361,730,754
DIATSA_LOCUS9788,15,24,26,2,4,5
DIATSA_LOCUS9789,0,0,0,0,1,1
DIATSA_LOCUS979,326,641,672,227,459,474
DIATSA_LOCUS9790,0,0,0,0,0,0
DIATSA_LOCUS9791,0,0,0,0,0,0
DIATSA_LOCUS9792,107,225,236,156,285,298
DIATSA_LOCUS9793,69,113,118,22,45,47
DIATSA_LOCUS9794,16,22,22,44,77,80
DIATSA_LOCUS9795,72,174,177,63,163,168
DIATSA_LOCUS9796,2,4,4,5,5,5
DIATSA_LOCUS9797,121,198,206,80,159,175
DIATSA_LOCUS9798,121,210,221,78,141,148
DIATSA_LOCUS9799,226,409,432,105,179,185
DIATSA_LOCUS98,0,0,0,0,1,1
DIATSA_LOCUS980,0,0,0,0,0,0
DIATSA_LOCUS9800,704,1491,1561,517,1062,1095
DIATSA_LOCUS9801,1576,2575,2680,1224,2051,2147
DIATSA_LOCUS9802,6,22,24,11,37,39
DIATSA_LOCUS9803,3,9,9,6,8,8
DIATSA_LOCUS9804,160,289,303,172,319,326
DIATSA_LOCUS9805,26,46,49,13,30,30
DIATSA_LOCUS9806,0,0,0,0,0,0
DIATSA_LOCUS9807,2,5,5,1,1,1
DIATSA_LOCUS9808,0,1,1,0,0,2
DIATSA_LOCUS9809,75,132,135,45,93,95
DIATSA_LOCUS981,102,193,199,91,193,205
DIATSA_LOCUS9810,71,148,149,43,87,91
DIATSA_LOCUS9811,95,153,156,27,42,44
DIATSA_LOCUS9812,34,49,52,11,19,19
DIATSA_LOCUS9813,113,191,207,64,99,108
DIATSA_LOCUS9814,239,475,492,119,230,237
DIATSA_LOCUS9815,941,1795,1891,1174,2270,2357
DIATSA_LOCUS9816,61,115,122,61,128,135
DIATSA_LOCUS9817,999,1651,1732,1406,2446,2540
DIATSA_LOCUS9818,63,115,123,38,55,57
DIATSA_LOCUS9819,395,732,771,408,852,885
DIATSA_LOCUS982,10881,18271,19037,19102,33364,34709
DIATSA_LOCUS9820,3,5,5,1,3,3
DIATSA_LOCUS9821,45,107,106,48,125,129
DIATSA_LOCUS9822,43,77,79,14,30,32
DIATSA_LOCUS9823,2,2,2,2,5,5
DIATSA_LOCUS9824,12,18,19,7,12,13
DIATSA_LOCUS9825,3,4,4,4,6,6
DIATSA_LOCUS9826,19,71,76,16,47,49
DIATSA_LOCUS9827,138,228,235,62,112,117
DIATSA_LOCUS9828,163,278,290,3111,5890,6122
DIATSA_LOCUS9829,0,0,0,9,15,17
DIATSA_LOCUS983,104,240,250,88,226,241
DIATSA_LOCUS9830,12,27,28,11,19,22
DIATSA_LOCUS9831,267,491,525,127,261,270
DIATSA_LOCUS9832,96,162,172,98,191,195
DIATSA_LOCUS9833,0,1,1,0,0,0
DIATSA_LOCUS9834,4,4,5,2,3,5
DIATSA_LOCUS9835,0,0,0,1,2,2
DIATSA_LOCUS9836,778,1504,1560,700,1277,1329
DIATSA_LOCUS9837,0,2,2,1,1,1
DIATSA_LOCUS9838,26,58,62,9,21,23
DIATSA_LOCUS9839,9,17,17,8,12,12
DIATSA_LOCUS984,85,181,191,58,130,137
DIATSA_LOCUS9840,1982,3790,3913,1330,2651,2761
DIATSA_LOCUS9841,67,128,130,30,83,87
DIATSA_LOCUS9842,220,463,474,213,450,465
DIATSA_LOCUS9843,7,10,11,14,27,27
DIATSA_LOCUS9844,3,12,13,1,4,4
DIATSA_LOCUS9845,1,2,2,0,0,0
DIATSA_LOCUS9846,60,105,113,58,118,121
DIATSA_LOCUS9847,105,214,230,20,51,56
DIATSA_LOCUS9848,450,801,843,197,340,355
DIATSA_LOCUS9849,13,28,28,2,10,10
DIATSA_LOCUS985,13893,24866,25695,21673,37856,39164
DIATSA_LOCUS9850,5,16,17,4,11,12
DIATSA_LOCUS9851,65,119,125,23,40,40
DIATSA_LOCUS9852,5959,12496,12942,8287,18103,18787
DIATSA_LOCUS9853,170,372,386,168,372,385
DIATSA_LOCUS9854,248,570,599,151,319,328
DIATSA_LOCUS9855,81,155,159,30,57,58
DIATSA_LOCUS9856,223,393,407,156,278,293
DIATSA_LOCUS9857,1,5,5,2,5,6
DIATSA_LOCUS9858,73,148,155,96,198,203
DIATSA_LOCUS9859,116,186,189,94,215,224
DIATSA_LOCUS986,4,10,10,7,12,12
DIATSA_LOCUS9860,0,0,0,0,0,0
DIATSA_LOCUS9861,0,0,0,0,0,0
DIATSA_LOCUS9862,23,52,53,21,53,55
DIATSA_LOCUS9863,9,12,12,4,9,9
DIATSA_LOCUS9864,2,4,4,0,0,0
DIATSA_LOCUS9865,53,116,117,69,120,132
DIATSA_LOCUS9866,20,51,54,28,77,81
DIATSA_LOCUS9867,123,231,238,105,194,200
DIATSA_LOCUS9868,0,1,1,0,0,0
DIATSA_LOCUS9869,0,0,0,0,1,1
DIATSA_LOCUS987,189,325,343,234,398,413
DIATSA_LOCUS9870,0,0,1,0,0,0
DIATSA_LOCUS9871,0,0,0,0,0,0
DIATSA_LOCUS9872,3,4,4,2,3,3
DIATSA_LOCUS9873,1,5,5,2,3,3
DIATSA_LOCUS9874,200,334,346,74,144,151
DIATSA_LOCUS9875,4,7,7,0,2,2
DIATSA_LOCUS9876,45,93,94,38,86,89
DIATSA_LOCUS9877,0,1,1,0,0,0
DIATSA_LOCUS9878,768,1442,1489,711,1365,1404
DIATSA_LOCUS9879,208,438,458,184,425,437
DIATSA_LOCUS988,75,166,173,48,125,130
DIATSA_LOCUS9880,1,1,1,0,0,0
DIATSA_LOCUS9881,44,90,94,17,38,40
DIATSA_LOCUS9882,17,40,46,137,307,313
DIATSA_LOCUS9883,115,264,266,140,358,383
DIATSA_LOCUS9884,143,338,352,121,243,262
DIATSA_LOCUS9885,99,216,221,48,108,112
DIATSA_LOCUS9886,18,36,38,23,35,37
DIATSA_LOCUS9887,268,480,491,197,408,421
DIATSA_LOCUS9888,0,0,0,0,1,1
DIATSA_LOCUS9889,2,3,4,4,5,5
DIATSA_LOCUS989,120,217,229,77,123,126
DIATSA_LOCUS9890,8,24,26,8,17,16
DIATSA_LOCUS9891,95,199,202,97,184,190
DIATSA_LOCUS9892,64,140,147,15,37,39
DIATSA_LOCUS9893,31,65,67,12,29,31
DIATSA_LOCUS9894,0,0,0,0,0,0
DIATSA_LOCUS9895,1,1,1,0,0,0
DIATSA_LOCUS9896,24,47,46,42,74,76
DIATSA_LOCUS9897,21,34,34,14,24,28
DIATSA_LOCUS9898,35,43,44,25,40,46
DIATSA_LOCUS9899,1947,3784,3912,1692,3272,3417
DIATSA_LOCUS99,0,0,0,0,0,0
DIATSA_LOCUS990,24,41,43,13,28,29
DIATSA_LOCUS9900,891,1768,1836,1079,2178,2256
DIATSA_LOCUS9901,248,506,514,95,218,222
DIATSA_LOCUS9902,50,115,118,65,113,117
DIATSA_LOCUS9903,0,0,0,0,1,1
DIATSA_LOCUS9904,0,0,0,0,0,0
DIATSA_LOCUS9905,1,1,1,1,1,1
DIATSA_LOCUS9906,1021,1845,1854,1085,1801,1826
DIATSA_LOCUS9907,46,76,81,15,39,44
DIATSA_LOCUS9908,3,3,4,0,3,3
DIATSA_LOCUS9909,865,1698,1766,359,738,769
DIATSA_LOCUS991,656,1392,1452,388,811,827
DIATSA_LOCUS9910,65,165,170,87,147,152
DIATSA_LOCUS9911,136,219,229,86,151,161
DIATSA_LOCUS9912,312,531,554,256,470,489
DIATSA_LOCUS9913,732,1406,1458,606,1098,1137
DIATSA_LOCUS9914,0,3,3,0,0,0
DIATSA_LOCUS9915,61,102,105,63,112,114
DIATSA_LOCUS9916,246,489,505,129,285,291
DIATSA_LOCUS9917,455,886,927,548,1056,1097
DIATSA_LOCUS9918,424,899,930,352,743,778
DIATSA_LOCUS9919,5,5,5,2,9,9
DIATSA_LOCUS992,1023,1615,1670,843,1271,1326
DIATSA_LOCUS9920,0,0,0,0,0,0
DIATSA_LOCUS9921,0,0,0,0,0,0
DIATSA_LOCUS9922,0,0,0,0,0,0
DIATSA_LOCUS9923,0,0,0,0,0,0
DIATSA_LOCUS9924,15,27,28,16,27,28
DIATSA_LOCUS9925,68,139,143,50,144,150
DIATSA_LOCUS9926,32,59,63,42,90,94
DIATSA_LOCUS9927,130,244,254,153,293,309
DIATSA_LOCUS9928,11,39,39,13,33,33
DIATSA_LOCUS9929,0,1,1,0,0,0
DIATSA_LOCUS993,4,15,17,2,9,10
DIATSA_LOCUS9930,629,1190,1251,915,1799,1880
DIATSA_LOCUS9931,4417,8710,9014,4459,8877,9266
DIATSA_LOCUS9932,494,1146,1187,485,1291,1337
DIATSA_LOCUS9933,5760,12433,12859,6965,15417,15992
DIATSA_LOCUS9934,6,21,21,9,19,19
DIATSA_LOCUS9935,2,4,4,3,4,4
DIATSA_LOCUS9936,2,4,4,4,7,8
DIATSA_LOCUS9937,1,1,1,0,0,0
DIATSA_LOCUS9938,0,0,0,0,0,0
DIATSA_LOCUS9939,0,0,0,0,0,0
DIATSA_LOCUS994,57,147,151,26,67,69
DIATSA_LOCUS9940,0,0,0,0,0,0
DIATSA_LOCUS9941,14,21,21,10,29,29
DIATSA_LOCUS9942,185,391,406,124,272,300
DIATSA_LOCUS9943,20,44,46,22,55,55
DIATSA_LOCUS9944,162,311,322,59,119,124
DIATSA_LOCUS9945,56,89,92,437,740,771
DIATSA_LOCUS9946,1323,2316,2392,1162,2025,2114
DIATSA_LOCUS9947,440,776,806,436,798,826
DIATSA_LOCUS9948,10,19,19,125,196,205
DIATSA_LOCUS9949,36,59,60,304,507,528
DIATSA_LOCUS995,0,0,0,0,0,0
DIATSA_LOCUS9950,16,21,22,126,174,181
DIATSA_LOCUS9951,23,36,37,146,221,231
DIATSA_LOCUS9952,2,5,6,0,2,2
DIATSA_LOCUS9953,0,0,0,0,0,0
DIATSA_LOCUS9954,13,24,25,8,22,23
DIATSA_LOCUS9955,1,3,3,2,5,5
DIATSA_LOCUS9956,8,14,15,11,27,27
DIATSA_LOCUS9957,0,0,1,20,36,39
DIATSA_LOCUS9958,2,5,7,47,83,88
DIATSA_LOCUS9959,6,11,11,20,67,67
DIATSA_LOCUS996,1,2,2,1,1,1
DIATSA_LOCUS9960,11,24,26,13,18,18
DIATSA_LOCUS9961,8,22,22,4,11,12
DIATSA_LOCUS9962,0,0,0,0,0,0
DIATSA_LOCUS9963,516,1075,1113,426,820,851
DIATSA_LOCUS9964,22,53,52,19,40,43
DIATSA_LOCUS9965,251,515,524,275,550,568
DIATSA_LOCUS9966,96,179,186,104,186,186
DIATSA_LOCUS9967,14,18,19,7,16,16
DIATSA_LOCUS9968,4,6,6,7,13,13
DIATSA_LOCUS9969,28,51,54,15,37,37
DIATSA_LOCUS997,1033,1915,1966,693,1364,1403
DIATSA_LOCUS9970,36,63,64,59,91,91
DIATSA_LOCUS9971,82,179,179,65,136,139
DIATSA_LOCUS9972,71,124,124,55,105,105
DIATSA_LOCUS9973,144,245,249,98,148,151
DIATSA_LOCUS9974,10,17,19,21,54,57
DIATSA_LOCUS9975,1,2,2,2,4,4
DIATSA_LOCUS9976,218,396,411,143,260,275
DIATSA_LOCUS9977,126,226,235,126,237,243
DIATSA_LOCUS9978,14,27,30,5,9,9
DIATSA_LOCUS9979,2,5,6,2,5,5
DIATSA_LOCUS998,47,77,80,40,38,41
DIATSA_LOCUS9980,330,745,776,745,1572,1626
DIATSA_LOCUS9981,35,64,68,21,59,61
DIATSA_LOCUS9982,15,26,26,7,16,17
DIATSA_LOCUS9983,2,13,13,4,13,13
DIATSA_LOCUS9984,41,81,85,114,214,223
DIATSA_LOCUS9985,89,171,179,243,488,512
DIATSA_LOCUS9986,15,28,28,7,18,18
DIATSA_LOCUS9987,259,529,550,303,636,666
DIATSA_LOCUS9988,2,2,2,2,3,3
DIATSA_LOCUS9989,9,14,14,2,6,6
DIATSA_LOCUS999,72,128,134,77,131,141
DIATSA_LOCUS9990,0,0,0,0,0,0
DIATSA_LOCUS9991,1,1,1,5,9,9
DIATSA_LOCUS9992,16,27,29,7,10,10
DIATSA_LOCUS9993,1,2,2,6,8,8
DIATSA_LOCUS9994,31,40,43,5,6,7
DIATSA_LOCUS9995,149,254,267,722,1277,1327
DIATSA_LOCUS9996,8,18,17,32,48,49
DIATSA_LOCUS9997,146,249,258,645,1085,1126
DIATSA_LOCUS9998,949,2144,2236,1932,4139,4326
DIATSA_LOCUS9999,135,314,320,139,326,340
