control_rep1	control_rep2	control_rep3	infected_rep1	infected_rep2	infected_rep3
DIATSA_LOCUS1	172	178	177	99	96	95
DIATSA_LOCUS10	0	0	0	0	0	0
DIATSA_LOCUS100	0	0	0	0	0	0
DIATSA_LOCUS1000	0	0	0	0	0	0
DIATSA_LOCUS10000	0	0	0	0	0	0
DIATSA_LOCUS10001	2	2	2	3	2	2
DIATSA_LOCUS10002	0	0	0	0	0	0
DIATSA_LOCUS10003	1	1	0	1	1	1
DIATSA_LOCUS10004	0	0	0	0	0	0
DIATSA_LOCUS10005	0	0	0	0	0	0
DIATSA_LOCUS10006	0	0	0	0	0	0
DIATSA_LOCUS10007	20	21	21	34	33	33
DIATSA_LOCUS10008	2	2	2	4	4	4
DIATSA_LOCUS10009	0	0	0	0	0	0
DIATSA_LOCUS1001	2	1	1	0	0	0
DIATSA_LOCUS10010	0	0	0	0	0	0
DIATSA_LOCUS10011	0	0	0	0	0	0
DIATSA_LOCUS10012	0	0	0	0	0	0
DIATSA_LOCUS10013	52	48	48	43	47	47
DIATSA_LOCUS10014	2	2	2	3	3	3
DIATSA_LOCUS10015	1	1	1	1	1	1
DIATSA_LOCUS10016	0	0	0	0	0	0
DIATSA_LOCUS10017	5	5	5	5	5	5
DIATSA_LOCUS10018	0	0	0	0	0	0
DIATSA_LOCUS10019	0	0	0	0	0	0
DIATSA_LOCUS1002	2	2	2	0	0	0
DIATSA_LOCUS10020	0	0	0	0	0	0
DIATSA_LOCUS10021	0	0	0	0	0	0
DIATSA_LOCUS10022	0	0	0	1	1	1
DIATSA_LOCUS10023	30	30	30	77	78	77
DIATSA_LOCUS10024	0	1	1	2	2	2
DIATSA_LOCUS10025	0	0	0	0	0	0
DIATSA_LOCUS10026	0	0	0	0	0	0
DIATSA_LOCUS10027	5	5	5	4	4	4
DIATSA_LOCUS10028	0	0	0	0	0	0
DIATSA_LOCUS10029	1	1	1	1	1	1
DIATSA_LOCUS1003	4	4	4	7	7	7
DIATSA_LOCUS10030	14	14	14	18	17	17
DIATSA_LOCUS10031	0	0	0	0	0	0
DIATSA_LOCUS10032	0	0	0	0	0	0
DIATSA_LOCUS10033	0	0	0	0	0	0
DIATSA_LOCUS10034	0	0	0	0	0	0
DIATSA_LOCUS10035	0	0	0	0	0	0
DIATSA_LOCUS10036	0	0	0	0	0	0
DIATSA_LOCUS10037	13	8	9	5	7	8
DIATSA_LOCUS10038	0	0	0	0	0	0
DIATSA_LOCUS10039	1	1	1	0	0	0
DIATSA_LOCUS1004	0	0	0	0	0	0
DIATSA_LOCUS10040	0	1	1	0	0	0
DIATSA_LOCUS10041	7	7	7	17	18	18
DIATSA_LOCUS10042	1	1	1	2	2	2
DIATSA_LOCUS10043	0	0	0	0	0	0
DIATSA_LOCUS10044	2	2	2	0	0	0
DIATSA_LOCUS10045	0	0	0	0	0	0
DIATSA_LOCUS10046	8728	8661	8780	14097	14012	14175
DIATSA_LOCUS10047	0	0	0	0	0	0
DIATSA_LOCUS10048	0	0	0	0	0	0
DIATSA_LOCUS10049	0	0	0	0	0	0
DIATSA_LOCUS1005	0	0	0	0	1	1
DIATSA_LOCUS10050	0	0	0	0	0	0
DIATSA_LOCUS10051	1	1	1	0	0	0
DIATSA_LOCUS10052	0	0	0	0	0	0
DIATSA_LOCUS10053	0	0	0	0	0	0
DIATSA_LOCUS10054	3	3	3	12	12	12
DIATSA_LOCUS10055	0	0	0	0	0	0
DIATSA_LOCUS10056	1	1	1	1	1	1
DIATSA_LOCUS10057	0	0	0	0	0	0
DIATSA_LOCUS10058	7	7	7	2	2	2
DIATSA_LOCUS10059	2	2	2	6	6	6
DIATSA_LOCUS1006	0	0	0	0	0	0
DIATSA_LOCUS10060	0	0	0	0	0	0
DIATSA_LOCUS10061	0	0	0	0	0	0
DIATSA_LOCUS10062	8	8	8	9	9	9
DIATSA_LOCUS10063	4	4	4	4	4	4
DIATSA_LOCUS10064	0	0	0	0	0	0
DIATSA_LOCUS10065	0	0	0	0	0	0
DIATSA_LOCUS10066	14	14	14	15	15	15
DIATSA_LOCUS10067	46	46	46	91	89	90
DIATSA_LOCUS10068	20	21	21	28	27	27
DIATSA_LOCUS10069	0	0	0	0	0	0
DIATSA_LOCUS1007	7	7	7	5	4	4
DIATSA_LOCUS10070	3	3	3	9	9	9
DIATSA_LOCUS10071	0	0	0	0	0	0
DIATSA_LOCUS10072	0	0	0	0	0	0
DIATSA_LOCUS10073	0	0	0	0	0	0
DIATSA_LOCUS10074	6	5	5	6	6	6
DIATSA_LOCUS10075	3	3	3	5	5	5
DIATSA_LOCUS10076	75	74	74	102	103	103
DIATSA_LOCUS10077	200	203	205	266	260	262
DIATSA_LOCUS10078	0	0	0	0	0	0
DIATSA_LOCUS10079	0	0	0	0	0	0
DIATSA_LOCUS1008	0	0	0	0	0	0
DIATSA_LOCUS10080	0	0	0	0	0	0
DIATSA_LOCUS10081	0	0	0	0	0	0
DIATSA_LOCUS10082	0	0	0	0	0	0
DIATSA_LOCUS10083	0	0	0	0	0	0
DIATSA_LOCUS10084	0	0	0	0	0	0
DIATSA_LOCUS10085	0	0	0	0	0	0
DIATSA_LOCUS10086	0	0	0	0	0	0
DIATSA_LOCUS10087	0	0	0	0	0	0
DIATSA_LOCUS10088	0	0	0	0	0	0
DIATSA_LOCUS10089	0	0	0	1	1	1
DIATSA_LOCUS1009	1	1	1	2	2	1
DIATSA_LOCUS10090	0	0	0	0	0	0
DIATSA_LOCUS10091	0	0	0	0	0	0
DIATSA_LOCUS10092	1	1	1	0	0	0
DIATSA_LOCUS10093	0	0	0	0	0	0
DIATSA_LOCUS10094	21	20	21	24	24	25
DIATSA_LOCUS10095	0	0	0	0	0	0
DIATSA_LOCUS10096	2	3	3	4	3	3
DIATSA_LOCUS10097	8	8	8	5	5	5
DIATSA_LOCUS10098	0	0	0	0	0	0
DIATSA_LOCUS10099	0	0	0	0	0	0
DIATSA_LOCUS101	12	12	12	6	6	6
DIATSA_LOCUS1010	227	241	239	473	451	446
DIATSA_LOCUS10100	0	0	0	0	0	0
DIATSA_LOCUS10101	0	0	0	0	0	0
DIATSA_LOCUS10102	2	2	2	0	0	0
DIATSA_LOCUS10103	0	0	0	1	1	1
DIATSA_LOCUS10104	9	9	9	4	4	4
DIATSA_LOCUS10105	0	0	0	0	0	0
DIATSA_LOCUS10106	0	0	0	0	0	0
DIATSA_LOCUS10107	0	0	0	0	0	0
DIATSA_LOCUS10108	0	0	0	0	0	0
DIATSA_LOCUS10109	0	0	0	0	1	1
DIATSA_LOCUS1011	0	0	0	0	0	0
DIATSA_LOCUS10110	0	0	0	0	0	0
DIATSA_LOCUS10111	0	1	1	2	2	2
DIATSA_LOCUS10112	0	0	0	0	0	0
DIATSA_LOCUS10113	1	1	1	1	1	1
DIATSA_LOCUS10114	4	5	5	3	3	3
DIATSA_LOCUS10115	0	0	0	0	0	0
DIATSA_LOCUS10116	1	1	1	1	1	1
DIATSA_LOCUS10117	0	0	0	0	0	0
DIATSA_LOCUS10118	0	0	0	0	0	0
DIATSA_LOCUS10119	0	0	0	3	2	3
DIATSA_LOCUS1012	9	9	9	7	7	7
DIATSA_LOCUS10120	0	0	0	0	0	0
DIATSA_LOCUS10121	1	1	1	0	0	0
DIATSA_LOCUS10122	0	0	0	0	0	0
DIATSA_LOCUS10123	0	0	0	0	0	0
DIATSA_LOCUS10124	4	4	4	10	10	10
DIATSA_LOCUS10125	0	0	0	0	0	0
DIATSA_LOCUS10126	91	89	89	135	138	138
DIATSA_LOCUS10127	19	19	20	20	20	20
DIATSA_LOCUS10128	7	7	7	4	4	4
DIATSA_LOCUS10129	0	0	0	0	0	0
DIATSA_LOCUS1013	0	0	0	0	0	0
DIATSA_LOCUS10130	2	2	2	0	0	0
DIATSA_LOCUS10131	0	0	0	0	0	0
DIATSA_LOCUS10132	0	0	0	0	0	0
DIATSA_LOCUS10133	0	0	0	0	0	0
DIATSA_LOCUS10134	0	0	0	0	0	0
DIATSA_LOCUS10135	0	0	0	0	0	0
DIATSA_LOCUS10136	12	11	11	9	9	9
DIATSA_LOCUS10137	7	7	7	5	5	5
DIATSA_LOCUS10138	0	0	0	0	0	0
DIATSA_LOCUS10139	0	0	0	0	0	0
DIATSA_LOCUS1014	1	1	1	1	1	1
DIATSA_LOCUS10140	0	0	0	0	0	0
DIATSA_LOCUS10141	0	0	0	0	0	0
DIATSA_LOCUS10142	0	0	0	0	0	0
DIATSA_LOCUS10143	0	0	0	0	0	0
DIATSA_LOCUS10144	0	0	0	0	0	0
DIATSA_LOCUS10145	1	1	1	0	0	0
DIATSA_LOCUS10146	0	0	0	0	0	0
DIATSA_LOCUS10147	0	0	0	0	0	0
DIATSA_LOCUS10148	0	0	0	0	0	0
DIATSA_LOCUS10149	9	10	10	15	14	14
DIATSA_LOCUS1015	4	4	4	2	2	2
DIATSA_LOCUS10150	1	1	1	2	2	2
DIATSA_LOCUS10151	4	4	4	1	1	1
DIATSA_LOCUS10152	0	0	0	0	0	0
DIATSA_LOCUS10153	0	0	0	0	0	0
DIATSA_LOCUS10154	1	1	1	0	0	0
DIATSA_LOCUS10155	1	1	1	1	1	1
DIATSA_LOCUS10156	0	0	0	0	0	0
DIATSA_LOCUS10157	460	471	472	720	700	704
DIATSA_LOCUS10158	4	4	4	2	2	2
DIATSA_LOCUS10159	0	0	0	0	0	0
DIATSA_LOCUS1016	2	2	2	3	3	3
DIATSA_LOCUS10160	0	0	0	0	0	0
DIATSA_LOCUS10161	0	0	0	0	0	0
DIATSA_LOCUS10162	1	1	1	1	1	1
DIATSA_LOCUS10163	0	0	0	0	0	0
DIATSA_LOCUS10164	13	12	12	11	11	11
DIATSA_LOCUS10165	0	0	0	0	0	0
DIATSA_LOCUS10166	0	0	0	0	0	0
DIATSA_LOCUS10167	0	0	0	0	0	0
DIATSA_LOCUS10168	0	0	0	0	0	0
DIATSA_LOCUS10169	0	0	0	0	0	0
DIATSA_LOCUS1017	0	0	0	0	0	0
DIATSA_LOCUS10170	0	0	0	0	0	0
DIATSA_LOCUS10171	0	0	0	0	0	0
DIATSA_LOCUS10172	4	5	5	4	3	3
DIATSA_LOCUS10173	1	1	1	0	0	0
DIATSA_LOCUS10174	0	0	0	0	0	0
DIATSA_LOCUS10175	0	0	0	0	0	0
DIATSA_LOCUS10176	0	0	0	0	0	0
DIATSA_LOCUS10177	0	0	0	0	0	0
DIATSA_LOCUS10178	0	0	0	0	0	0
DIATSA_LOCUS10179	7	7	7	7	7	7
DIATSA_LOCUS1018	0	0	0	0	0	0
DIATSA_LOCUS10180	0	0	0	0	0	0
DIATSA_LOCUS10181	0	0	0	0	0	0
DIATSA_LOCUS10182	1	1	1	0	0	0
DIATSA_LOCUS10183	0	0	0	0	0	0
DIATSA_LOCUS10184	0	0	0	0	0	0
DIATSA_LOCUS10185	0	0	0	0	0	0
DIATSA_LOCUS10186	0	0	0	0	0	0
DIATSA_LOCUS10187	0	0	0	0	0	0
DIATSA_LOCUS10188	0	0	0	0	0	0
DIATSA_LOCUS10189	0	0	0	0	0	0
DIATSA_LOCUS1019	11	11	11	14	14	14
DIATSA_LOCUS10190	0	0	0	0	0	0
DIATSA_LOCUS10191	0	0	0	0	0	0
DIATSA_LOCUS10192	0	0	0	0	0	0
DIATSA_LOCUS10193	0	0	0	0	0	0
DIATSA_LOCUS10194	0	0	0	0	0	0
DIATSA_LOCUS10195	0	0	0	0	0	0
DIATSA_LOCUS10196	0	0	0	0	0	0
DIATSA_LOCUS10197	0	0	0	0	0	0
DIATSA_LOCUS10198	0	0	0	0	0	0
DIATSA_LOCUS10199	0	0	0	0	0	0
DIATSA_LOCUS102	0	0	0	0	0	0
DIATSA_LOCUS1020	0	0	0	1	1	1
DIATSA_LOCUS10200	1	1	1	2	2	2
DIATSA_LOCUS10201	0	0	0	0	0	0
DIATSA_LOCUS10202	0	0	0	0	0	0
DIATSA_LOCUS10203	0	0	0	0	0	0
DIATSA_LOCUS10204	0	0	0	0	0	0
DIATSA_LOCUS10205	0	0	0	0	0	0
DIATSA_LOCUS10206	0	0	0	0	0	0
DIATSA_LOCUS10207	0	0	0	0	0	0
DIATSA_LOCUS10208	0	0	0	0	0	0
DIATSA_LOCUS10209	0	0	0	0	0	0
DIATSA_LOCUS1021	0	0	0	0	0	0
DIATSA_LOCUS10210	0	0	0	0	0	0
DIATSA_LOCUS10211	0	0	0	0	0	0
DIATSA_LOCUS10212	3	3	3	1	1	1
DIATSA_LOCUS10213	0	0	0	0	0	0
DIATSA_LOCUS10214	0	0	0	0	0	0
DIATSA_LOCUS10215	0	0	0	0	0	0
DIATSA_LOCUS10216	0	0	0	1	1	1
DIATSA_LOCUS10217	0	0	0	0	0	0
DIATSA_LOCUS10218	0	0	0	0	0	0
DIATSA_LOCUS10219	0	0	0	0	0	0
DIATSA_LOCUS1022	0	0	0	0	0	0
DIATSA_LOCUS10220	0	0	0	0	0	0
DIATSA_LOCUS10221	0	0	0	0	0	0
DIATSA_LOCUS10222	582	1850	1933	882	22	2151
DIATSA_LOCUS10223	0	0	0	0	0	0
DIATSA_LOCUS10224	0	0	0	0	0	0
DIATSA_LOCUS10225	0	0	0	0	0	0
DIATSA_LOCUS10226	3	4	4	3	2	2
DIATSA_LOCUS10227	2	2	2	0	0	0
DIATSA_LOCUS10228	0	0	0	0	0	0
DIATSA_LOCUS10229	0	0	0	0	0	0
DIATSA_LOCUS1023	0	0	0	0	0	0
DIATSA_LOCUS10230	0	0	0	0	0	0
DIATSA_LOCUS10231	0	0	0	0	0	0
DIATSA_LOCUS10232	1	1	1	0	1	1
DIATSA_LOCUS10233	0	0	0	0	0	0
DIATSA_LOCUS10234	0	0	0	0	0	0
DIATSA_LOCUS10235	0	0	0	0	0	0
DIATSA_LOCUS10236	0	0	0	0	0	0
DIATSA_LOCUS10237	0	0	0	0	0	0
DIATSA_LOCUS10238	0	0	0	0	0	0
DIATSA_LOCUS10239	0	0	0	0	0	0
DIATSA_LOCUS1024	0	0	0	0	0	0
DIATSA_LOCUS10240	0	0	0	0	0	0
DIATSA_LOCUS10241	0	0	0	0	0	0
DIATSA_LOCUS10242	0	0	0	0	0	0
DIATSA_LOCUS10243	1	1	1	1	1	1
DIATSA_LOCUS10244	55	78	79	30	16	26
DIATSA_LOCUS10245	318	316	317	653	656	655
DIATSA_LOCUS10246	0	0	0	0	0	0
DIATSA_LOCUS10247	244	245	244	458	458	454
DIATSA_LOCUS10248	0	0	0	0	0	0
DIATSA_LOCUS10249	0	0	0	0	0	0
DIATSA_LOCUS1025	0	0	0	0	0	0
DIATSA_LOCUS10250	0	0	0	0	0	0
DIATSA_LOCUS10251	17	17	17	28	28	28
DIATSA_LOCUS10252	1	1	1	1	1	1
DIATSA_LOCUS10253	11	11	11	11	11	11
DIATSA_LOCUS10254	0	0	0	0	0	0
DIATSA_LOCUS10255	11	10	10	18	19	19
DIATSA_LOCUS10256	0	0	0	0	0	0
DIATSA_LOCUS10257	8	8	9	6	6	6
DIATSA_LOCUS10258	0	0	0	0	0	0
DIATSA_LOCUS10259	0	0	0	0	0	0
DIATSA_LOCUS1026	0	0	0	0	0	0
DIATSA_LOCUS10260	0	0	0	1	1	1
DIATSA_LOCUS10261	0	0	0	0	0	0
DIATSA_LOCUS10262	0	0	0	0	0	0
DIATSA_LOCUS10263	0	0	0	0	0	0
DIATSA_LOCUS10264	0	0	0	0	0	0
DIATSA_LOCUS10265	0	0	0	0	0	0
DIATSA_LOCUS10266	0	0	0	0	0	0
DIATSA_LOCUS10267	0	0	0	1	0	0
DIATSA_LOCUS10268	0	0	0	0	0	0
DIATSA_LOCUS10269	1	1	0	1	1	1
DIATSA_LOCUS1027	4	4	4	4	5	5
DIATSA_LOCUS10270	0	0	0	0	0	0
DIATSA_LOCUS10271	0	0	0	0	0	0
DIATSA_LOCUS10272	0	0	0	0	0	0
DIATSA_LOCUS10273	4	4	4	6	6	6
DIATSA_LOCUS10274	0	0	0	0	0	0
DIATSA_LOCUS10275	0	0	0	0	0	0
DIATSA_LOCUS10276	0	0	0	0	0	0
DIATSA_LOCUS10277	0	0	0	0	0	0
DIATSA_LOCUS10278	0	0	0	0	0	0
DIATSA_LOCUS10279	0	0	0	0	0	0
DIATSA_LOCUS1028	1	1	1	1	1	1
DIATSA_LOCUS10280	3	3	3	3	3	3
DIATSA_LOCUS10281	1	1	1	0	0	0
DIATSA_LOCUS10282	1	1	1	3	3	3
DIATSA_LOCUS10283	0	0	0	0	0	0
DIATSA_LOCUS10284	0	0	0	0	0	0
DIATSA_LOCUS10285	0	0	0	0	0	0
DIATSA_LOCUS10286	8	8	8	4	4	4
DIATSA_LOCUS10287	5	5	5	7	7	7
DIATSA_LOCUS10288	0	0	0	0	0	0
DIATSA_LOCUS10289	48	47	48	78	78	79
DIATSA_LOCUS1029	2	2	2	3	3	3
DIATSA_LOCUS10290	0	0	0	0	0	0
DIATSA_LOCUS10291	1	1	1	0	0	0
DIATSA_LOCUS10292	163	164	165	98	97	98
DIATSA_LOCUS10293	1	1	1	1	1	1
DIATSA_LOCUS10294	0	0	0	1	1	1
DIATSA_LOCUS10295	0	0	0	0	0	0
DIATSA_LOCUS10296	1	1	1	2	3	3
DIATSA_LOCUS10297	0	0	0	0	0	0
DIATSA_LOCUS10298	0	0	0	0	0	0
DIATSA_LOCUS10299	1	1	1	0	0	0
DIATSA_LOCUS103	7	7	7	6	7	6
DIATSA_LOCUS1030	0	0	0	0	0	0
DIATSA_LOCUS10300	0	0	0	0	0	0
DIATSA_LOCUS10301	1	1	1	0	0	0
DIATSA_LOCUS10302	1	1	1	1	1	1
DIATSA_LOCUS10303	7	7	7	8	8	8
DIATSA_LOCUS10304	71	69	70	47	47	48
DIATSA_LOCUS10305	0	0	0	0	0	0
DIATSA_LOCUS10306	1	2	2	1	1	1
DIATSA_LOCUS10307	0	0	0	4	4	4
DIATSA_LOCUS10308	0	0	0	0	0	0
DIATSA_LOCUS10309	0	0	0	0	0	0
DIATSA_LOCUS1031	267	267	268	286	285	285
DIATSA_LOCUS10310	0	0	0	0	0	0
DIATSA_LOCUS10311	0	0	0	0	1	1
DIATSA_LOCUS10312	2	2	2	4	4	4
DIATSA_LOCUS10313	0	0	0	0	0	0
DIATSA_LOCUS10314	0	0	0	0	0	0
DIATSA_LOCUS10315	0	0	0	0	0	0
DIATSA_LOCUS10316	0	0	0	0	0	0
DIATSA_LOCUS10317	1	1	1	1	0	0
DIATSA_LOCUS10318	0	0	0	0	0	0
DIATSA_LOCUS10319	0	0	0	0	0	0
DIATSA_LOCUS1032	17	17	18	28	27	27
DIATSA_LOCUS10320	0	0	0	0	0	0
DIATSA_LOCUS10321	0	0	0	0	0	0
DIATSA_LOCUS10322	1	1	1	0	0	0
DIATSA_LOCUS10323	0	0	0	0	0	0
DIATSA_LOCUS10324	0	0	0	0	0	0
DIATSA_LOCUS10325	4	4	4	4	4	4
DIATSA_LOCUS10326	0	0	0	0	0	0
DIATSA_LOCUS10327	0	0	0	0	0	0
DIATSA_LOCUS10328	1	1	1	2	2	2
DIATSA_LOCUS10329	0	0	0	0	0	0
DIATSA_LOCUS1033	2	2	2	2	2	2
DIATSA_LOCUS10330	0	0	0	0	0	0
DIATSA_LOCUS10331	0	0	0	0	0	0
DIATSA_LOCUS10332	0	0	0	0	0	0
DIATSA_LOCUS10333	0	0	0	0	0	0
DIATSA_LOCUS10334	0	0	0	0	0	0
DIATSA_LOCUS10335	0	0	0	0	0	0
DIATSA_LOCUS10336	1	0	0	0	0	0
DIATSA_LOCUS10337	0	0	0	0	0	0
DIATSA_LOCUS10338	3	2	2	3	3	4
DIATSA_LOCUS10339	1	1	1	1	1	1
DIATSA_LOCUS1034	0	0	0	0	0	0
DIATSA_LOCUS10340	3	4	4	3	3	3
DIATSA_LOCUS10341	0	0	0	0	0	0
DIATSA_LOCUS10342	1	1	1	0	1	1
DIATSA_LOCUS10343	0	0	0	0	0	0
DIATSA_LOCUS10344	0	0	0	0	0	0
DIATSA_LOCUS10345	0	0	0	0	0	0
DIATSA_LOCUS10346	1	1	1	2	2	2
DIATSA_LOCUS10347	13	14	14	8	8	8
DIATSA_LOCUS10348	2	2	2	1	1	1
DIATSA_LOCUS10349	0	0	0	0	0	0
DIATSA_LOCUS1035	0	0	0	0	0	0
DIATSA_LOCUS10350	1	1	1	0	0	0
DIATSA_LOCUS10351	0	0	0	0	0	0
DIATSA_LOCUS10352	0	0	0	0	0	0
DIATSA_LOCUS10353	1	1	1	1	1	1
DIATSA_LOCUS10354	0	0	0	0	0	0
DIATSA_LOCUS10355	4	4	4	7	7	7
DIATSA_LOCUS10356	1	2	2	3	3	3
DIATSA_LOCUS10357	1	0	0	0	0	1
DIATSA_LOCUS10358	2	2	2	4	4	4
DIATSA_LOCUS10359	5	4	5	8	8	8
DIATSA_LOCUS1036	0	0	0	0	0	0
DIATSA_LOCUS10360	6	7	7	18	17	17
DIATSA_LOCUS10361	0	0	0	1	1	1
DIATSA_LOCUS10362	0	0	0	0	0	0
DIATSA_LOCUS10363	1	1	1	2	2	2
DIATSA_LOCUS10364	3	3	3	5	5	5
DIATSA_LOCUS10365	4	4	4	2	2	2
DIATSA_LOCUS10366	0	0	0	0	0	0
DIATSA_LOCUS10367	1	0	0	1	1	1
DIATSA_LOCUS10368	0	0	0	0	0	0
DIATSA_LOCUS10369	0	0	0	0	0	0
DIATSA_LOCUS1037	1	1	1	1	1	1
DIATSA_LOCUS10370	0	0	0	0	0	0
DIATSA_LOCUS10371	1	2	2	1	1	1
DIATSA_LOCUS10372	1	1	0	0	1	1
DIATSA_LOCUS10373	4	4	4	4	3	3
DIATSA_LOCUS10374	0	0	0	0	0	0
DIATSA_LOCUS10375	1	1	1	2	2	2
DIATSA_LOCUS10376	9	9	9	6	6	7
DIATSA_LOCUS10377	0	0	0	1	1	1
DIATSA_LOCUS10378	0	0	0	0	0	0
DIATSA_LOCUS10379	0	0	0	0	0	0
DIATSA_LOCUS1038	0	0	0	1	1	1
DIATSA_LOCUS10380	0	0	0	0	0	0
DIATSA_LOCUS10381	5	6	6	7	6	6
DIATSA_LOCUS10382	15	15	15	15	15	15
DIATSA_LOCUS10383	3	3	3	5	4	4
DIATSA_LOCUS10384	0	0	0	0	0	0
DIATSA_LOCUS10385	0	0	0	0	0	0
DIATSA_LOCUS10386	0	0	0	0	0	0
DIATSA_LOCUS10387	1	1	1	2	2	2
DIATSA_LOCUS10388	0	0	0	0	0	0
DIATSA_LOCUS10389	0	0	0	0	0	0
DIATSA_LOCUS1039	6	5	5	3	4	4
DIATSA_LOCUS10390	29	30	30	34	33	34
DIATSA_LOCUS10391	0	0	0	0	0	0
DIATSA_LOCUS10392	0	0	0	2	2	2
DIATSA_LOCUS10393	1	1	1	0	0	0
DIATSA_LOCUS10394	0	0	0	0	0	0
DIATSA_LOCUS10395	22	23	23	33	32	31
DIATSA_LOCUS10396	0	0	0	0	0	0
DIATSA_LOCUS10397	0	0	0	0	0	0
DIATSA_LOCUS10398	1	1	1	0	1	1
DIATSA_LOCUS10399	0	0	0	0	0	0
DIATSA_LOCUS104	22	23	23	11	11	11
DIATSA_LOCUS1040	0	0	0	1	1	1
DIATSA_LOCUS10400	1	1	1	0	0	0
DIATSA_LOCUS10401	0	0	0	0	0	0
DIATSA_LOCUS10402	0	0	0	0	0	0
DIATSA_LOCUS10403	96	97	99	173	169	169
DIATSA_LOCUS10404	0	0	0	1	1	1
DIATSA_LOCUS10405	9	9	9	5	4	4
DIATSA_LOCUS10406	0	0	0	0	0	0
DIATSA_LOCUS10407	21	21	21	37	36	36
DIATSA_LOCUS10408	6	6	6	14	14	14
DIATSA_LOCUS10409	0	0	0	0	0	0
DIATSA_LOCUS1041	16	15	15	15	16	16
DIATSA_LOCUS10410	7	7	7	11	11	11
DIATSA_LOCUS10411	3	3	3	1	1	1
DIATSA_LOCUS10412	4	4	4	4	4	4
DIATSA_LOCUS10413	0	0	0	0	0	0
DIATSA_LOCUS10414	0	0	0	0	0	0
DIATSA_LOCUS10415	50	50	50	35	35	35
DIATSA_LOCUS10416	0	0	0	0	0	0
DIATSA_LOCUS10417	0	0	0	0	0	0
DIATSA_LOCUS10418	0	0	0	0	0	0
DIATSA_LOCUS10419	0	0	0	0	0	0
DIATSA_LOCUS1042	0	0	0	0	0	0
DIATSA_LOCUS10420	1	1	1	3	2	2
DIATSA_LOCUS10421	0	0	0	0	0	0
DIATSA_LOCUS10422	2	2	2	0	0	0
DIATSA_LOCUS10423	0	0	0	0	0	0
DIATSA_LOCUS10424	0	0	0	0	0	0
DIATSA_LOCUS10425	1	1	1	0	0	0
DIATSA_LOCUS10426	0	0	0	0	0	0
DIATSA_LOCUS10427	6	6	6	5	5	5
DIATSA_LOCUS10428	1	1	1	2	2	2
DIATSA_LOCUS10429	53	54	54	85	84	84
DIATSA_LOCUS1043	0	0	0	0	0	0
DIATSA_LOCUS10430	30	30	30	43	43	43
DIATSA_LOCUS10431	0	0	0	0	0	0
DIATSA_LOCUS10432	0	0	0	0	0	0
DIATSA_LOCUS10433	0	0	0	0	0	0
DIATSA_LOCUS10434	0	0	0	0	0	0
DIATSA_LOCUS10435	0	0	0	0	0	0
DIATSA_LOCUS10436	0	0	0	0	0	0
DIATSA_LOCUS10437	2	2	2	1	1	1
DIATSA_LOCUS10438	0	0	0	0	0	0
DIATSA_LOCUS10439	0	0	0	0	0	0
DIATSA_LOCUS1044	0	0	0	0	0	0
DIATSA_LOCUS10440	1	1	1	0	0	0
DIATSA_LOCUS10441	0	0	0	0	0	0
DIATSA_LOCUS10442	0	0	0	0	0	0
DIATSA_LOCUS10443	0	0	0	0	0	0
DIATSA_LOCUS10444	0	0	0	0	0	0
DIATSA_LOCUS10445	0	0	0	0	0	0
DIATSA_LOCUS10446	0	0	0	0	0	0
DIATSA_LOCUS10447	0	0	0	0	0	0
DIATSA_LOCUS10448	0	0	0	0	0	0
DIATSA_LOCUS10449	0	0	0	0	0	0
DIATSA_LOCUS1045	0	0	0	0	0	0
DIATSA_LOCUS10450	0	0	0	0	0	0
DIATSA_LOCUS10451	0	0	0	0	0	0
DIATSA_LOCUS10452	0	0	0	0	0	0
DIATSA_LOCUS10453	0	0	0	0	0	0
DIATSA_LOCUS10454	5	6	6	10	9	9
DIATSA_LOCUS10455	50	53	53	84	79	80
DIATSA_LOCUS10456	0	0	0	0	0	0
DIATSA_LOCUS10457	16	16	17	23	22	22
DIATSA_LOCUS10458	2	2	2	0	0	0
DIATSA_LOCUS10459	0	0	0	0	0	0
DIATSA_LOCUS1046	0	0	0	1	1	1
DIATSA_LOCUS10460	0	0	0	0	0	0
DIATSA_LOCUS10461	0	0	0	0	0	0
DIATSA_LOCUS10462	0	0	0	0	0	0
DIATSA_LOCUS10463	1	1	1	2	2	2
DIATSA_LOCUS10464	0	0	0	0	0	0
DIATSA_LOCUS10465	0	0	0	1	1	0
DIATSA_LOCUS10466	0	0	0	0	0	0
DIATSA_LOCUS10467	3	3	3	0	1	0
DIATSA_LOCUS10468	0	0	0	0	0	0
DIATSA_LOCUS10469	1	1	1	0	0	0
DIATSA_LOCUS1047	0	0	0	0	0	0
DIATSA_LOCUS10470	0	0	0	0	0	0
DIATSA_LOCUS10471	11	12	12	17	16	16
DIATSA_LOCUS10472	0	0	0	0	0	0
DIATSA_LOCUS10473	33	33	33	64	64	64
DIATSA_LOCUS10474	2	2	2	1	0	1
DIATSA_LOCUS10475	0	0	0	0	0	0
DIATSA_LOCUS10476	4	4	4	11	11	11
DIATSA_LOCUS10477	0	0	0	0	0	0
DIATSA_LOCUS10478	0	0	0	0	0	0
DIATSA_LOCUS10479	5	4	4	2	3	3
DIATSA_LOCUS1048	0	0	0	0	0	0
DIATSA_LOCUS10480	0	0	0	1	1	1
DIATSA_LOCUS10481	0	0	0	0	0	0
DIATSA_LOCUS10482	0	0	0	1	1	1
DIATSA_LOCUS10483	0	0	0	0	0	0
DIATSA_LOCUS10484	0	0	0	0	0	0
DIATSA_LOCUS10485	0	0	0	0	0	0
DIATSA_LOCUS10486	9	9	9	4	4	4
DIATSA_LOCUS10487	0	0	0	0	0	0
DIATSA_LOCUS10488	0	0	0	0	0	0
DIATSA_LOCUS10489	1	2	2	0	0	0
DIATSA_LOCUS1049	2	2	2	0	0	0
DIATSA_LOCUS10490	0	0	0	0	0	0
DIATSA_LOCUS10491	0	0	0	0	0	0
DIATSA_LOCUS10492	1	1	1	1	1	1
DIATSA_LOCUS10493	0	0	0	0	0	0
DIATSA_LOCUS10494	4	4	4	3	3	3
DIATSA_LOCUS10495	0	0	0	0	0	0
DIATSA_LOCUS10496	1	1	1	0	0	0
DIATSA_LOCUS10497	5	5	5	5	4	4
DIATSA_LOCUS10498	57	57	57	56	56	56
DIATSA_LOCUS10499	0	0	0	0	0	0
DIATSA_LOCUS105	0	1	1	0	0	0
DIATSA_LOCUS1050	0	0	0	0	0	0
DIATSA_LOCUS10500	0	0	0	0	0	0
DIATSA_LOCUS10501	3	3	3	1	1	1
DIATSA_LOCUS10502	0	0	0	0	0	0
DIATSA_LOCUS10503	0	0	0	0	0	0
DIATSA_LOCUS10504	0	0	0	0	0	0
DIATSA_LOCUS10505	0	0	0	0	0	0
DIATSA_LOCUS10506	0	0	0	0	0	0
DIATSA_LOCUS10507	0	0	0	0	0	0
DIATSA_LOCUS10508	0	0	0	0	0	0
DIATSA_LOCUS10509	0	0	0	0	0	0
DIATSA_LOCUS1051	0	0	0	0	0	0
DIATSA_LOCUS10510	0	0	0	0	0	0
DIATSA_LOCUS10511	0	0	0	0	0	0
DIATSA_LOCUS10512	0	0	0	0	0	0
DIATSA_LOCUS10513	0	0	0	0	0	0
DIATSA_LOCUS10514	0	0	0	0	0	0
DIATSA_LOCUS10515	0	0	0	0	0	0
DIATSA_LOCUS10516	0	0	0	0	0	0
DIATSA_LOCUS10517	0	0	0	0	0	0
DIATSA_LOCUS10518	0	0	0	0	0	0
DIATSA_LOCUS10519	0	0	0	0	0	0
DIATSA_LOCUS1052	0	0	1	0	0	0
DIATSA_LOCUS10520	0	0	0	0	0	0
DIATSA_LOCUS10521	0	0	0	0	0	0
DIATSA_LOCUS10522	0	0	0	0	0	0
DIATSA_LOCUS10523	0	0	0	0	0	0
DIATSA_LOCUS10524	0	0	0	0	0	0
DIATSA_LOCUS10525	0	0	0	0	0	0
DIATSA_LOCUS10526	0	0	0	0	0	0
DIATSA_LOCUS10527	0	0	0	0	0	0
DIATSA_LOCUS10528	0	0	0	0	0	0
DIATSA_LOCUS10529	0	0	0	0	0	0
DIATSA_LOCUS1053	0	0	0	0	0	0
DIATSA_LOCUS10530	0	0	0	0	0	0
DIATSA_LOCUS10531	0	0	0	0	0	0
DIATSA_LOCUS10532	0	0	0	0	0	0
DIATSA_LOCUS10533	1	1	1	0	0	0
DIATSA_LOCUS10534	0	0	0	0	0	0
DIATSA_LOCUS10535	0	0	0	0	0	0
DIATSA_LOCUS10536	44	46	45	37	36	36
DIATSA_LOCUS10537	0	0	0	1	1	1
DIATSA_LOCUS10538	0	0	0	0	0	0
DIATSA_LOCUS10539	0	0	0	0	0	0
DIATSA_LOCUS1054	0	0	0	0	0	0
DIATSA_LOCUS10540	5	5	5	1	1	1
DIATSA_LOCUS10541	3	3	3	3	2	2
DIATSA_LOCUS10542	1	1	1	3	3	3
DIATSA_LOCUS10543	0	0	0	0	0	0
DIATSA_LOCUS10544	0	0	0	0	0	0
DIATSA_LOCUS10545	0	0	0	0	0	0
DIATSA_LOCUS10546	0	0	0	0	0	0
DIATSA_LOCUS10547	0	0	0	0	0	0
DIATSA_LOCUS10548	0	0	0	0	0	0
DIATSA_LOCUS10549	0	0	0	0	0	0
DIATSA_LOCUS1055	1	1	1	0	0	0
DIATSA_LOCUS10550	0	0	0	0	0	0
DIATSA_LOCUS10551	0	0	0	0	0	0
DIATSA_LOCUS10552	0	0	0	0	0	0
DIATSA_LOCUS10553	0	0	0	0	0	0
DIATSA_LOCUS10554	0	0	0	0	0	0
DIATSA_LOCUS10555	0	0	0	0	0	0
DIATSA_LOCUS10556	0	0	0	0	0	0
DIATSA_LOCUS10557	0	0	0	0	0	0
DIATSA_LOCUS10558	0	0	0	0	0	0
DIATSA_LOCUS10559	0	0	0	0	0	0
DIATSA_LOCUS1056	6	5	5	1	1	1
DIATSA_LOCUS10560	0	0	0	0	0	0
DIATSA_LOCUS10561	0	0	0	0	0	0
DIATSA_LOCUS10562	0	0	0	0	0	0
DIATSA_LOCUS10563	0	0	0	0	0	0
DIATSA_LOCUS10564	0	0	0	0	0	0
DIATSA_LOCUS10565	0	0	0	0	0	0
DIATSA_LOCUS10566	0	0	0	0	0	0
DIATSA_LOCUS10567	0	0	0	0	0	0
DIATSA_LOCUS10568	0	1	1	1	0	1
DIATSA_LOCUS10569	0	0	0	0	0	0
DIATSA_LOCUS1057	0	0	0	0	0	0
DIATSA_LOCUS10570	0	0	0	0	1	0
DIATSA_LOCUS10571	0	0	0	0	0	0
DIATSA_LOCUS10572	140	137	139	186	187	190
DIATSA_LOCUS10573	0	0	0	1	1	1
DIATSA_LOCUS10574	625	606	612	703	718	723
DIATSA_LOCUS10575	493	489	493	589	589	593
DIATSA_LOCUS10576	591	582	589	1019	1023	1032
DIATSA_LOCUS10577	1	1	1	1	1	1
DIATSA_LOCUS10578	0	0	0	0	0	0
DIATSA_LOCUS10579	3	3	3	6	6	5
DIATSA_LOCUS1058	0	0	0	0	0	0
DIATSA_LOCUS10580	5	5	5	3	3	3
DIATSA_LOCUS10581	0	0	0	0	0	0
DIATSA_LOCUS10582	0	0	0	0	0	0
DIATSA_LOCUS10583	0	0	0	1	1	1
DIATSA_LOCUS10584	1	1	1	0	0	0
DIATSA_LOCUS10585	0	0	0	0	0	0
DIATSA_LOCUS10586	2	1	1	1	1	1
DIATSA_LOCUS10587	0	1	1	1	0	0
DIATSA_LOCUS10588	0	0	0	0	1	1
DIATSA_LOCUS10589	27	26	26	9	9	10
DIATSA_LOCUS1059	0	0	0	0	0	0
DIATSA_LOCUS10590	0	0	0	0	0	0
DIATSA_LOCUS10591	0	0	0	0	0	0
DIATSA_LOCUS10592	0	0	0	0	0	0
DIATSA_LOCUS10593	0	1	1	0	0	0
DIATSA_LOCUS10594	1	1	1	0	0	0
DIATSA_LOCUS10595	0	0	0	0	0	0
DIATSA_LOCUS10596	0	0	0	0	0	0
DIATSA_LOCUS10597	0	0	0	0	0	0
DIATSA_LOCUS10598	0	0	0	0	1	1
DIATSA_LOCUS10599	0	0	0	0	0	0
DIATSA_LOCUS106	0	0	0	0	0	0
DIATSA_LOCUS1060	7	7	7	7	7	7
DIATSA_LOCUS10600	0	0	0	0	0	0
DIATSA_LOCUS10601	2	2	2	0	0	0
DIATSA_LOCUS10602	0	0	0	0	0	0
DIATSA_LOCUS10603	0	0	0	0	0	0
DIATSA_LOCUS10604	2	2	2	2	2	2
DIATSA_LOCUS10605	0	0	0	0	0	0
DIATSA_LOCUS10606	0	0	0	0	0	0
DIATSA_LOCUS10607	0	0	0	0	0	0
DIATSA_LOCUS10608	0	0	0	0	0	0
DIATSA_LOCUS10609	0	0	0	0	0	0
DIATSA_LOCUS1061	0	0	0	0	0	0
DIATSA_LOCUS10610	0	0	0	0	0	0
DIATSA_LOCUS10611	0	0	0	1	1	1
DIATSA_LOCUS10612	0	0	0	0	0	0
DIATSA_LOCUS10613	0	0	0	0	0	0
DIATSA_LOCUS10614	1	1	1	0	0	0
DIATSA_LOCUS10615	0	0	0	0	0	0
DIATSA_LOCUS10616	5	5	5	1	1	1
DIATSA_LOCUS10617	2	2	2	1	1	1
DIATSA_LOCUS10618	0	0	0	2	1	1
DIATSA_LOCUS10619	4	5	5	12	10	10
DIATSA_LOCUS1062	9	9	9	8	8	8
DIATSA_LOCUS10620	0	0	0	0	0	0
DIATSA_LOCUS10621	15	16	16	6	6	6
DIATSA_LOCUS10622	2	2	2	3	3	3
DIATSA_LOCUS10623	0	0	0	0	0	0
DIATSA_LOCUS10624	0	0	0	0	0	0
DIATSA_LOCUS10625	1	1	1	0	0	0
DIATSA_LOCUS10626	3	3	3	0	0	0
DIATSA_LOCUS10627	0	0	0	0	0	0
DIATSA_LOCUS10628	6	6	6	2	2	2
DIATSA_LOCUS10629	1	1	1	0	0	0
DIATSA_LOCUS1063	0	0	0	0	0	0
DIATSA_LOCUS10630	0	0	0	0	0	0
DIATSA_LOCUS10631	0	0	0	0	0	0
DIATSA_LOCUS10632	0	0	0	0	0	0
DIATSA_LOCUS10633	3	3	3	1	1	1
DIATSA_LOCUS10634	0	0	0	0	0	0
DIATSA_LOCUS10635	0	0	0	0	0	0
DIATSA_LOCUS10636	1	0	0	0	0	0
DIATSA_LOCUS10637	9	10	10	7	7	7
DIATSA_LOCUS10638	0	0	0	0	0	0
DIATSA_LOCUS10639	1	1	1	0	0	0
DIATSA_LOCUS1064	2	2	2	1	1	1
DIATSA_LOCUS10640	0	0	0	0	0	0
DIATSA_LOCUS10641	0	0	0	0	0	0
DIATSA_LOCUS10642	0	0	0	0	0	0
DIATSA_LOCUS10643	25	27	27	19	17	18
DIATSA_LOCUS10644	0	0	0	0	0	0
DIATSA_LOCUS10645	0	0	0	0	0	0
DIATSA_LOCUS10646	1	1	1	1	1	1
DIATSA_LOCUS10647	0	0	0	0	0	0
DIATSA_LOCUS10648	0	0	0	0	0	0
DIATSA_LOCUS10649	1	1	1	0	0	0
DIATSA_LOCUS1065	1	1	1	1	1	1
DIATSA_LOCUS10650	0	0	0	0	0	0
DIATSA_LOCUS10651	0	0	0	0	0	0
DIATSA_LOCUS10652	0	0	0	0	0	0
DIATSA_LOCUS10653	8	11	11	4	3	3
DIATSA_LOCUS10654	0	0	0	0	0	0
DIATSA_LOCUS10655	0	0	0	0	0	0
DIATSA_LOCUS10656	0	0	0	0	0	0
DIATSA_LOCUS10657	0	0	0	0	0	0
DIATSA_LOCUS10658	0	0	0	0	0	0
DIATSA_LOCUS10659	8	8	8	8	9	9
DIATSA_LOCUS1066	10	11	11	9	8	8
DIATSA_LOCUS10660	11	11	11	13	13	13
DIATSA_LOCUS10661	1	1	1	0	0	0
DIATSA_LOCUS10662	73	70	70	81	84	84
DIATSA_LOCUS10663	0	1	1	2	1	2
DIATSA_LOCUS10664	53	56	56	113	107	107
DIATSA_LOCUS10665	0	0	0	0	0	0
DIATSA_LOCUS10666	0	0	0	0	0	0
DIATSA_LOCUS10667	0	0	0	0	0	0
DIATSA_LOCUS10668	0	0	0	0	0	0
DIATSA_LOCUS10669	0	0	0	0	0	0
DIATSA_LOCUS1067	2	2	2	3	2	2
DIATSA_LOCUS10670	3	3	3	3	3	3
DIATSA_LOCUS10671	2	2	2	2	1	1
DIATSA_LOCUS10672	0	0	0	1	1	1
DIATSA_LOCUS10673	1	1	1	3	3	3
DIATSA_LOCUS10674	0	0	0	0	0	0
DIATSA_LOCUS10675	0	0	0	0	0	0
DIATSA_LOCUS10676	0	0	0	0	0	0
DIATSA_LOCUS10677	2	2	2	3	3	3
DIATSA_LOCUS10678	5	5	5	3	3	3
DIATSA_LOCUS10679	1	1	1	2	2	2
DIATSA_LOCUS1068	1	1	1	1	1	1
DIATSA_LOCUS10680	92	92	95	177	171	176
DIATSA_LOCUS10681	0	0	0	0	0	0
DIATSA_LOCUS10682	0	0	0	1	1	1
DIATSA_LOCUS10683	0	0	0	0	0	0
DIATSA_LOCUS10684	7	9	9	5	4	3
DIATSA_LOCUS10685	0	0	0	0	0	0
DIATSA_LOCUS10686	1	1	1	1	1	1
DIATSA_LOCUS10687	2	2	2	4	4	4
DIATSA_LOCUS10688	8	9	9	23	22	22
DIATSA_LOCUS10689	0	0	0	0	0	0
DIATSA_LOCUS1069	0	0	0	0	0	0
DIATSA_LOCUS10690	5	5	5	2	2	2
DIATSA_LOCUS10691	0	0	0	0	0	0
DIATSA_LOCUS10692	0	1	1	0	0	0
DIATSA_LOCUS10693	0	0	0	0	0	0
DIATSA_LOCUS10694	1	1	1	1	1	1
DIATSA_LOCUS10695	0	0	0	0	0	0
DIATSA_LOCUS10696	2	2	2	2	2	2
DIATSA_LOCUS10697	0	0	0	0	0	0
DIATSA_LOCUS10698	0	0	0	0	0	0
DIATSA_LOCUS10699	0	0	0	0	0	0
DIATSA_LOCUS107	2	2	2	4	4	4
DIATSA_LOCUS1070	0	0	0	0	0	0
DIATSA_LOCUS10700	0	0	0	0	0	0
DIATSA_LOCUS10701	0	0	0	0	0	0
DIATSA_LOCUS10702	0	0	0	0	0	0
DIATSA_LOCUS10703	0	0	0	0	0	0
DIATSA_LOCUS10704	0	0	0	0	0	0
DIATSA_LOCUS10705	0	0	0	0	0	0
DIATSA_LOCUS10706	0	0	0	0	0	0
DIATSA_LOCUS10707	0	0	0	0	0	0
DIATSA_LOCUS10708	0	0	0	0	0	0
DIATSA_LOCUS10709	0	0	0	0	0	0
DIATSA_LOCUS1071	0	0	0	0	0	0
DIATSA_LOCUS10710	0	0	0	0	0	0
DIATSA_LOCUS10711	0	0	0	0	0	0
DIATSA_LOCUS10712	0	0	0	0	0	0
DIATSA_LOCUS10713	0	0	0	0	0	0
DIATSA_LOCUS10714	0	1	1	0	0	0
DIATSA_LOCUS10715	0	0	0	0	0	0
DIATSA_LOCUS10716	0	0	0	0	0	0
DIATSA_LOCUS10717	0	0	0	0	0	0
DIATSA_LOCUS10718	4	4	4	4	4	4
DIATSA_LOCUS10719	115	117	118	144	141	141
DIATSA_LOCUS1072	0	0	0	0	0	0
DIATSA_LOCUS10720	2	2	2	3	3	3
DIATSA_LOCUS10721	16	16	16	28	28	29
DIATSA_LOCUS10722	0	0	0	0	0	0
DIATSA_LOCUS10723	0	0	0	0	0	0
DIATSA_LOCUS10724	0	0	0	0	0	0
DIATSA_LOCUS10725	9	10	10	4	3	3
DIATSA_LOCUS10726	0	0	0	1	1	1
DIATSA_LOCUS10727	0	0	0	0	0	0
DIATSA_LOCUS10728	0	0	0	6	5	5
DIATSA_LOCUS10729	0	0	0	0	0	0
DIATSA_LOCUS1073	0	0	0	0	0	0
DIATSA_LOCUS10730	0	0	0	0	0	0
DIATSA_LOCUS10731	0	0	0	0	0	0
DIATSA_LOCUS10732	0	0	0	0	0	0
DIATSA_LOCUS10733	0	0	0	0	0	0
DIATSA_LOCUS10734	0	0	0	0	0	0
DIATSA_LOCUS10735	1	1	1	0	0	0
DIATSA_LOCUS10736	7	7	7	7	7	7
DIATSA_LOCUS10737	6	6	6	10	11	11
DIATSA_LOCUS10738	156	157	160	214	209	212
DIATSA_LOCUS10739	0	0	0	0	0	0
DIATSA_LOCUS1074	1	1	1	0	0	0
DIATSA_LOCUS10740	0	0	0	0	0	0
DIATSA_LOCUS10741	0	0	0	0	0	0
DIATSA_LOCUS10742	6	6	6	9	9	9
DIATSA_LOCUS10743	5	5	5	4	4	4
DIATSA_LOCUS10744	0	0	0	1	1	1
DIATSA_LOCUS10745	0	0	0	0	0	0
DIATSA_LOCUS10746	0	0	0	0	0	0
DIATSA_LOCUS10747	1	1	1	2	2	2
DIATSA_LOCUS10748	0	0	0	0	0	0
DIATSA_LOCUS10749	110	113	113	202	198	197
DIATSA_LOCUS1075	2	2	2	1	1	1
DIATSA_LOCUS10750	179	177	178	244	246	246
DIATSA_LOCUS10751	0	0	0	0	0	0
DIATSA_LOCUS10752	27	26	27	18	18	19
DIATSA_LOCUS10753	0	0	0	0	0	0
DIATSA_LOCUS10754	0	0	0	0	0	0
DIATSA_LOCUS10755	0	0	0	0	0	0
DIATSA_LOCUS10756	0	0	0	0	0	0
DIATSA_LOCUS10757	0	0	0	0	0	0
DIATSA_LOCUS10758	0	0	0	0	0	0
DIATSA_LOCUS10759	11	11	11	14	14	14
DIATSA_LOCUS1076	1	1	1	2	2	2
DIATSA_LOCUS10760	1	1	1	1	1	1
DIATSA_LOCUS10761	0	1	1	0	0	0
DIATSA_LOCUS10762	0	0	0	0	0	0
DIATSA_LOCUS10763	2	2	2	2	2	2
DIATSA_LOCUS10764	0	0	0	0	0	0
DIATSA_LOCUS10765	86	88	88	118	115	116
DIATSA_LOCUS10766	0	0	0	0	0	0
DIATSA_LOCUS10767	1	1	1	1	1	1
DIATSA_LOCUS10768	0	0	0	0	0	0
DIATSA_LOCUS10769	3	3	3	2	2	2
DIATSA_LOCUS1077	1	1	1	0	0	0
DIATSA_LOCUS10770	4	4	4	4	4	4
DIATSA_LOCUS10771	7	7	8	6	6	6
DIATSA_LOCUS10772	2	2	2	3	2	2
DIATSA_LOCUS10773	0	0	0	0	0	0
DIATSA_LOCUS10774	0	0	0	0	0	0
DIATSA_LOCUS10775	7	7	7	8	8	8
DIATSA_LOCUS10776	6	6	6	2	2	2
DIATSA_LOCUS10777	0	0	0	0	0	0
DIATSA_LOCUS10778	13	14	14	12	12	12
DIATSA_LOCUS10779	54	55	55	44	43	43
DIATSA_LOCUS1078	0	0	0	0	0	0
DIATSA_LOCUS10780	173	175	176	81	80	80
DIATSA_LOCUS10781	0	0	0	0	0	0
DIATSA_LOCUS10782	0	0	0	0	0	0
DIATSA_LOCUS10783	0	0	0	0	0	0
DIATSA_LOCUS10784	0	0	0	0	0	0
DIATSA_LOCUS10785	0	0	0	0	0	0
DIATSA_LOCUS10786	3	2	3	2	2	2
DIATSA_LOCUS10787	10	10	10	11	11	12
DIATSA_LOCUS10788	0	0	0	0	0	0
DIATSA_LOCUS10789	0	0	0	0	0	0
DIATSA_LOCUS1079	0	0	0	0	0	0
DIATSA_LOCUS10790	0	0	0	0	0	0
DIATSA_LOCUS10791	0	0	0	0	0	0
DIATSA_LOCUS10792	50	53	53	58	56	56
DIATSA_LOCUS10793	0	0	0	0	0	0
DIATSA_LOCUS10794	3	3	3	3	3	3
DIATSA_LOCUS10795	20	19	19	6	6	6
DIATSA_LOCUS10796	0	0	0	0	0	0
DIATSA_LOCUS10797	2	2	2	3	3	3
DIATSA_LOCUS10798	0	0	0	0	0	0
DIATSA_LOCUS10799	0	0	0	0	0	0
DIATSA_LOCUS108	0	0	0	0	0	0
DIATSA_LOCUS1080	2	2	2	0	0	0
DIATSA_LOCUS10800	6	6	6	4	4	4
DIATSA_LOCUS10801	0	0	0	0	0	0
DIATSA_LOCUS10802	5	5	5	8	7	7
DIATSA_LOCUS10803	2	2	2	2	2	2
DIATSA_LOCUS10804	2	3	3	4	3	3
DIATSA_LOCUS10805	1	1	1	2	2	2
DIATSA_LOCUS10806	3	3	3	3	4	4
DIATSA_LOCUS10807	2	2	2	3	2	2
DIATSA_LOCUS10808	0	0	0	0	0	0
DIATSA_LOCUS10809	0	0	0	0	0	0
DIATSA_LOCUS1081	14	14	14	9	9	9
DIATSA_LOCUS10810	0	0	0	0	0	0
DIATSA_LOCUS10811	1	1	1	0	0	0
DIATSA_LOCUS10812	0	0	0	0	0	0
DIATSA_LOCUS10813	0	0	0	0	0	0
DIATSA_LOCUS10814	4	3	4	1	1	1
DIATSA_LOCUS10815	0	0	0	0	0	0
DIATSA_LOCUS10816	0	0	0	0	0	0
DIATSA_LOCUS10817	2	2	2	3	3	3
DIATSA_LOCUS10818	0	0	0	0	0	0
DIATSA_LOCUS10819	1	1	1	3	3	3
DIATSA_LOCUS1082	0	0	0	0	0	0
DIATSA_LOCUS10820	3	4	4	3	3	3
DIATSA_LOCUS10821	0	0	0	0	0	0
DIATSA_LOCUS10822	12	11	11	7	7	7
DIATSA_LOCUS10823	15	15	15	14	14	14
DIATSA_LOCUS10824	12	14	14	9	8	7
DIATSA_LOCUS10825	0	1	1	1	0	0
DIATSA_LOCUS10826	0	0	0	1	1	0
DIATSA_LOCUS10827	3	4	4	3	2	3
DIATSA_LOCUS10828	0	0	0	0	0	0
DIATSA_LOCUS10829	0	0	0	0	0	0
DIATSA_LOCUS1083	1	1	1	1	1	1
DIATSA_LOCUS10830	6	6	6	7	7	7
DIATSA_LOCUS10831	0	0	0	0	0	0
DIATSA_LOCUS10832	1	1	1	0	0	0
DIATSA_LOCUS10833	0	0	0	0	0	0
DIATSA_LOCUS10834	5	4	4	0	0	0
DIATSA_LOCUS10835	0	0	0	0	0	0
DIATSA_LOCUS10836	0	0	0	0	0	0
DIATSA_LOCUS10837	0	0	0	0	0	0
DIATSA_LOCUS10838	1	1	1	1	1	0
DIATSA_LOCUS10839	1	1	1	0	0	0
DIATSA_LOCUS1084	0	0	0	2	1	1
DIATSA_LOCUS10840	0	0	0	0	0	0
DIATSA_LOCUS10841	1	1	1	0	0	0
DIATSA_LOCUS10842	2	2	2	2	2	2
DIATSA_LOCUS10843	11	11	11	17	17	17
DIATSA_LOCUS10844	0	1	1	0	0	0
DIATSA_LOCUS10845	0	0	0	0	0	0
DIATSA_LOCUS10846	1	1	1	1	1	1
DIATSA_LOCUS10847	153	154	153	285	286	283
DIATSA_LOCUS10848	1	1	1	2	2	1
DIATSA_LOCUS10849	3	3	3	2	2	2
DIATSA_LOCUS1085	0	0	0	1	1	1
DIATSA_LOCUS10850	0	0	0	1	0	0
DIATSA_LOCUS10851	0	0	0	1	1	1
DIATSA_LOCUS10852	0	0	0	0	1	0
DIATSA_LOCUS10853	2	2	2	1	1	1
DIATSA_LOCUS10854	1	1	1	0	0	0
DIATSA_LOCUS10855	2	2	2	2	1	2
DIATSA_LOCUS10856	0	0	0	0	0	0
DIATSA_LOCUS10857	1	0	0	1	1	1
DIATSA_LOCUS10858	310	308	313	212	208	215
DIATSA_LOCUS10859	134	132	135	67	66	68
DIATSA_LOCUS1086	0	0	0	0	0	0
DIATSA_LOCUS10860	95	96	97	2	2	2
DIATSA_LOCUS10861	0	0	0	1	1	1
DIATSA_LOCUS10862	434	431	442	309	303	310
DIATSA_LOCUS10863	2	3	3	0	0	0
DIATSA_LOCUS10864	94	96	98	1	1	1
DIATSA_LOCUS10865	0	0	0	0	0	0
DIATSA_LOCUS10866	2	2	2	1	1	1
DIATSA_LOCUS10867	0	0	0	0	0	0
DIATSA_LOCUS10868	0	0	0	0	0	0
DIATSA_LOCUS10869	1	1	1	3	3	3
DIATSA_LOCUS1087	2	2	2	1	1	1
DIATSA_LOCUS10870	0	0	0	0	0	0
DIATSA_LOCUS10871	0	0	0	0	0	0
DIATSA_LOCUS10872	4	4	4	2	2	2
DIATSA_LOCUS10873	5	5	5	6	6	6
DIATSA_LOCUS10874	0	0	0	0	0	0
DIATSA_LOCUS10875	1	1	1	0	0	0
DIATSA_LOCUS10876	8	9	8	13	13	12
DIATSA_LOCUS10877	5	5	5	9	9	9
DIATSA_LOCUS10878	0	0	0	0	0	0
DIATSA_LOCUS10879	9	9	9	11	12	11
DIATSA_LOCUS1088	202	206	206	305	300	298
DIATSA_LOCUS10880	0	0	0	0	0	0
DIATSA_LOCUS10881	1	0	0	0	1	0
DIATSA_LOCUS10882	0	0	0	1	1	1
DIATSA_LOCUS10883	12	12	12	6	6	6
DIATSA_LOCUS10884	0	0	0	0	0	0
DIATSA_LOCUS10885	1	1	1	1	1	1
DIATSA_LOCUS10886	1	1	1	1	1	1
DIATSA_LOCUS10887	7	6	7	7	7	7
DIATSA_LOCUS10888	0	0	0	0	0	0
DIATSA_LOCUS10889	0	0	0	0	0	0
DIATSA_LOCUS1089	1	2	2	3	2	2
DIATSA_LOCUS10890	0	0	0	0	0	0
DIATSA_LOCUS10891	2	2	2	1	1	1
DIATSA_LOCUS10892	0	0	0	0	0	0
DIATSA_LOCUS10893	5	5	5	1	1	1
DIATSA_LOCUS10894	4	4	4	1	1	1
DIATSA_LOCUS10895	2	2	2	2	2	2
DIATSA_LOCUS10896	4	4	4	0	0	0
DIATSA_LOCUS10897	0	0	0	0	0	0
DIATSA_LOCUS10898	10	9	9	11	11	11
DIATSA_LOCUS10899	2	2	2	1	0	1
DIATSA_LOCUS109	2	2	2	3	3	3
DIATSA_LOCUS1090	41	40	41	27	27	27
DIATSA_LOCUS10900	5	6	6	3	2	2
DIATSA_LOCUS10901	1	1	1	0	0	0
DIATSA_LOCUS10902	3	3	3	6	6	6
DIATSA_LOCUS10903	6	6	6	5	6	5
DIATSA_LOCUS10904	9	9	9	13	13	13
DIATSA_LOCUS10905	0	0	0	0	0	0
DIATSA_LOCUS10906	0	0	0	2	1	1
DIATSA_LOCUS10907	22	22	22	29	28	29
DIATSA_LOCUS10908	1	1	1	1	1	1
DIATSA_LOCUS10909	9	9	9	8	9	9
DIATSA_LOCUS1091	0	0	0	0	0	0
DIATSA_LOCUS10910	0	0	0	0	0	0
DIATSA_LOCUS10911	0	0	0	0	0	0
DIATSA_LOCUS10912	2	2	2	4	5	4
DIATSA_LOCUS10913	0	0	0	0	0	0
DIATSA_LOCUS10914	0	0	0	0	0	0
DIATSA_LOCUS10915	1	1	1	0	0	0
DIATSA_LOCUS10916	0	0	0	0	0	0
DIATSA_LOCUS10917	0	0	0	0	0	0
DIATSA_LOCUS10918	0	0	0	0	0	0
DIATSA_LOCUS10919	0	0	0	0	0	0
DIATSA_LOCUS1092	0	0	0	0	0	0
DIATSA_LOCUS10920	0	0	0	0	0	0
DIATSA_LOCUS10921	2	2	2	2	2	2
DIATSA_LOCUS10922	0	0	0	0	0	0
DIATSA_LOCUS10923	0	0	0	1	0	0
DIATSA_LOCUS10924	7	7	7	3	3	3
DIATSA_LOCUS10925	14	13	14	20	20	20
DIATSA_LOCUS10926	0	0	0	0	0	0
DIATSA_LOCUS10927	11	12	11	15	14	14
DIATSA_LOCUS10928	1	1	1	2	2	2
DIATSA_LOCUS10929	0	0	0	0	0	0
DIATSA_LOCUS1093	2	2	2	2	2	1
DIATSA_LOCUS10930	26	27	26	37	36	36
DIATSA_LOCUS10931	6	6	6	15	14	14
DIATSA_LOCUS10932	6	6	6	10	10	10
DIATSA_LOCUS10933	0	0	0	0	0	0
DIATSA_LOCUS10934	3	3	3	6	6	6
DIATSA_LOCUS10935	0	0	0	1	1	0
DIATSA_LOCUS10936	5	5	5	8	8	8
DIATSA_LOCUS10937	0	0	0	0	0	0
DIATSA_LOCUS10938	1	1	1	1	1	1
DIATSA_LOCUS10939	0	0	0	0	0	0
DIATSA_LOCUS1094	40	40	41	27	27	27
DIATSA_LOCUS10940	1	1	1	0	0	0
DIATSA_LOCUS10941	6	7	7	5	5	5
DIATSA_LOCUS10942	2	2	2	2	2	2
DIATSA_LOCUS10943	7	7	7	10	10	10
DIATSA_LOCUS10944	16	15	15	11	12	12
DIATSA_LOCUS10945	3	3	3	5	5	5
DIATSA_LOCUS10946	0	0	0	0	0	0
DIATSA_LOCUS10947	1	1	1	0	0	0
DIATSA_LOCUS10948	1	1	1	2	2	2
DIATSA_LOCUS10949	4	4	4	4	4	4
DIATSA_LOCUS1095	1	1	1	2	2	2
DIATSA_LOCUS10950	283	279	280	237	239	239
DIATSA_LOCUS10951	0	0	0	0	0	0
DIATSA_LOCUS10952	0	0	0	0	0	0
DIATSA_LOCUS10953	0	0	0	0	0	0
DIATSA_LOCUS10954	0	0	0	0	0	0
DIATSA_LOCUS10955	2	2	2	3	3	3
DIATSA_LOCUS10956	1	1	1	0	0	0
DIATSA_LOCUS10957	0	0	0	0	0	0
DIATSA_LOCUS10958	21	21	21	38	38	38
DIATSA_LOCUS10959	0	0	0	0	0	0
DIATSA_LOCUS1096	1	1	1	2	2	2
DIATSA_LOCUS10960	2	2	2	4	4	4
DIATSA_LOCUS10961	0	0	0	0	0	0
DIATSA_LOCUS10962	0	0	0	0	0	0
DIATSA_LOCUS10963	0	0	0	0	0	0
DIATSA_LOCUS10964	0	0	0	0	0	0
DIATSA_LOCUS10965	0	0	0	0	0	0
DIATSA_LOCUS10966	0	0	0	0	0	0
DIATSA_LOCUS10967	12	13	13	9	8	8
DIATSA_LOCUS10968	0	0	0	0	0	0
DIATSA_LOCUS10969	0	0	0	0	0	0
DIATSA_LOCUS1097	14	15	15	20	18	18
DIATSA_LOCUS10970	2	2	2	2	2	2
DIATSA_LOCUS10971	0	0	0	0	0	0
DIATSA_LOCUS10972	0	0	1	1	1	1
DIATSA_LOCUS10973	3	3	3	0	0	0
DIATSA_LOCUS10974	0	0	0	0	0	0
DIATSA_LOCUS10975	2	1	2	2	2	2
DIATSA_LOCUS10976	0	0	0	0	0	0
DIATSA_LOCUS10977	271	278	281	439	424	427
DIATSA_LOCUS10978	11	11	11	17	17	17
DIATSA_LOCUS10979	0	0	0	0	0	0
DIATSA_LOCUS1098	4	4	4	4	4	4
DIATSA_LOCUS10980	0	1	1	0	0	0
DIATSA_LOCUS10981	0	0	0	0	0	0
DIATSA_LOCUS10982	7	7	7	3	3	3
DIATSA_LOCUS10983	9	9	9	7	7	7
DIATSA_LOCUS10984	0	0	0	0	0	0
DIATSA_LOCUS10985	2	2	2	1	1	1
DIATSA_LOCUS10986	3	2	2	0	0	0
DIATSA_LOCUS10987	0	0	0	0	0	0
DIATSA_LOCUS10988	0	0	0	0	0	0
DIATSA_LOCUS10989	0	0	0	0	1	1
DIATSA_LOCUS1099	0	0	0	0	0	0
DIATSA_LOCUS10990	0	0	0	0	0	0
DIATSA_LOCUS10991	1	2	2	1	1	1
DIATSA_LOCUS10992	0	0	0	0	0	0
DIATSA_LOCUS10993	1	1	1	1	1	1
DIATSA_LOCUS10994	0	0	0	0	0	0
DIATSA_LOCUS10995	4	4	4	2	2	2
DIATSA_LOCUS10996	3	3	3	1	1	1
DIATSA_LOCUS10997	1	0	0	0	0	0
DIATSA_LOCUS10998	0	0	0	1	1	1
DIATSA_LOCUS10999	0	0	0	0	0	0
DIATSA_LOCUS11	0	0	0	0	0	0
DIATSA_LOCUS110	0	0	0	0	0	0
DIATSA_LOCUS1100	1	1	1	0	0	0
DIATSA_LOCUS11000	0	0	0	0	0	0
DIATSA_LOCUS11001	0	0	0	0	0	0
DIATSA_LOCUS11002	5	5	4	6	6	6
DIATSA_LOCUS11003	0	0	0	0	0	0
DIATSA_LOCUS11004	1	1	1	0	0	0
DIATSA_LOCUS11005	0	0	0	0	0	0
DIATSA_LOCUS11006	0	0	0	0	0	0
DIATSA_LOCUS11007	0	0	0	0	0	0
DIATSA_LOCUS11008	0	0	0	0	0	0
DIATSA_LOCUS11009	0	0	0	0	0	0
DIATSA_LOCUS1101	0	0	0	0	0	0
DIATSA_LOCUS11010	0	0	0	0	0	0
DIATSA_LOCUS11011	0	0	0	0	0	0
DIATSA_LOCUS11012	0	0	0	0	0	0
DIATSA_LOCUS11013	0	0	0	0	0	0
DIATSA_LOCUS11014	0	0	0	0	0	0
DIATSA_LOCUS11015	0	0	0	0	0	0
DIATSA_LOCUS11016	0	0	0	0	0	0
DIATSA_LOCUS11017	0	0	0	1	1	1
DIATSA_LOCUS11018	0	0	0	0	0	0
DIATSA_LOCUS11019	2	2	2	3	3	3
DIATSA_LOCUS1102	4	4	4	3	3	3
DIATSA_LOCUS11020	1	1	1	0	0	0
DIATSA_LOCUS11021	0	0	0	0	0	0
DIATSA_LOCUS11022	0	0	0	0	0	0
DIATSA_LOCUS11023	2	2	2	2	2	2
DIATSA_LOCUS11024	10	11	11	12	12	12
DIATSA_LOCUS11025	2	2	2	0	0	0
DIATSA_LOCUS11026	2	2	2	0	0	0
DIATSA_LOCUS11027	0	0	0	0	0	0
DIATSA_LOCUS11028	0	0	0	0	0	0
DIATSA_LOCUS11029	1	1	1	1	0	1
DIATSA_LOCUS1103	0	0	0	0	0	0
DIATSA_LOCUS11030	1	1	1	0	0	0
DIATSA_LOCUS11031	1	1	1	1	1	1
DIATSA_LOCUS11032	3	2	3	6	6	7
DIATSA_LOCUS11033	0	0	0	0	0	0
DIATSA_LOCUS11034	5	5	5	10	10	10
DIATSA_LOCUS11035	0	0	0	0	0	0
DIATSA_LOCUS11036	0	0	0	1	1	1
DIATSA_LOCUS11037	1569	1542	1572	1168	1164	1186
DIATSA_LOCUS11038	0	0	0	0	0	0
DIATSA_LOCUS11039	68	70	72	47	45	46
DIATSA_LOCUS1104	0	0	0	0	0	0
DIATSA_LOCUS11040	2	2	2	0	0	0
DIATSA_LOCUS11041	0	0	0	0	0	0
DIATSA_LOCUS11042	0	0	0	0	0	0
DIATSA_LOCUS11043	1	1	1	0	0	0
DIATSA_LOCUS11044	28	26	26	45	48	49
DIATSA_LOCUS11045	2	2	2	5	5	5
DIATSA_LOCUS11046	6	5	5	5	5	5
DIATSA_LOCUS11047	26	26	26	18	18	18
DIATSA_LOCUS11048	0	0	0	0	0	0
DIATSA_LOCUS11049	0	0	0	2	1	1
DIATSA_LOCUS1105	1	1	1	1	1	1
DIATSA_LOCUS11050	4	4	4	8	8	8
DIATSA_LOCUS11051	0	0	0	0	0	0
DIATSA_LOCUS11052	15	15	15	15	15	15
DIATSA_LOCUS11053	0	0	0	0	0	0
DIATSA_LOCUS11054	0	0	0	0	0	0
DIATSA_LOCUS11055	7	7	8	10	9	9
DIATSA_LOCUS11056	1	1	1	1	1	1
DIATSA_LOCUS11057	3	3	3	5	6	6
DIATSA_LOCUS11058	5	6	6	8	7	7
DIATSA_LOCUS11059	0	0	0	0	0	0
DIATSA_LOCUS1106	0	0	0	0	0	0
DIATSA_LOCUS11060	0	0	0	0	0	0
DIATSA_LOCUS11061	2	2	2	3	3	3
DIATSA_LOCUS11062	28	28	28	46	45	46
DIATSA_LOCUS11063	0	0	0	0	0	0
DIATSA_LOCUS11064	0	0	0	1	1	1
DIATSA_LOCUS11065	49	49	49	61	62	61
DIATSA_LOCUS11066	13	13	13	11	11	11
DIATSA_LOCUS11067	1	1	1	2	2	2
DIATSA_LOCUS11068	0	0	0	0	0	0
DIATSA_LOCUS11069	0	0	0	0	0	0
DIATSA_LOCUS1107	0	0	0	0	0	0
DIATSA_LOCUS11070	0	0	0	0	0	0
DIATSA_LOCUS11071	0	0	0	0	0	0
DIATSA_LOCUS11072	2	2	3	9	9	9
DIATSA_LOCUS11073	0	0	0	0	0	0
DIATSA_LOCUS11074	0	0	0	0	0	0
DIATSA_LOCUS11075	0	0	0	0	0	0
DIATSA_LOCUS11076	25	25	25	52	52	52
DIATSA_LOCUS11077	0	0	0	1	1	1
DIATSA_LOCUS11078	0	0	0	0	0	0
DIATSA_LOCUS11079	0	0	0	0	0	0
DIATSA_LOCUS1108	0	0	0	0	0	0
DIATSA_LOCUS11080	0	0	0	1	1	1
DIATSA_LOCUS11081	4	4	4	3	3	3
DIATSA_LOCUS11082	2	2	2	0	0	0
DIATSA_LOCUS11083	0	0	0	0	0	0
DIATSA_LOCUS11084	2	2	2	1	1	1
DIATSA_LOCUS11085	0	0	0	1	0	0
DIATSA_LOCUS11086	9	9	9	19	19	18
DIATSA_LOCUS11087	0	0	0	0	0	0
DIATSA_LOCUS11088	0	0	0	0	0	0
DIATSA_LOCUS11089	3	3	3	3	3	3
DIATSA_LOCUS1109	1	1	1	0	0	0
DIATSA_LOCUS11090	0	0	0	0	0	0
DIATSA_LOCUS11091	0	0	0	0	0	0
DIATSA_LOCUS11092	0	0	0	0	0	0
DIATSA_LOCUS11093	7	8	8	4	4	4
DIATSA_LOCUS11094	0	0	0	1	1	1
DIATSA_LOCUS11095	0	0	0	0	0	0
DIATSA_LOCUS11096	1	1	1	2	2	2
DIATSA_LOCUS11097	12	12	12	18	18	18
DIATSA_LOCUS11098	0	0	0	0	0	0
DIATSA_LOCUS11099	0	0	0	1	1	1
DIATSA_LOCUS111	1	2	2	3	2	2
DIATSA_LOCUS1110	0	0	0	0	0	0
DIATSA_LOCUS11100	0	0	0	0	0	0
DIATSA_LOCUS11101	0	0	0	0	0	0
DIATSA_LOCUS11102	3	3	3	2	3	3
DIATSA_LOCUS11103	6	6	6	6	7	7
DIATSA_LOCUS11104	0	0	0	0	0	0
DIATSA_LOCUS11105	1	1	1	1	1	1
DIATSA_LOCUS11106	0	0	0	0	0	0
DIATSA_LOCUS11107	0	0	0	0	0	0
DIATSA_LOCUS11108	1	1	1	2	2	2
DIATSA_LOCUS11109	0	0	0	1	1	1
DIATSA_LOCUS1111	0	0	0	0	0	0
DIATSA_LOCUS11110	1	1	1	1	1	1
DIATSA_LOCUS11111	0	0	0	0	0	0
DIATSA_LOCUS11112	0	0	0	0	0	0
DIATSA_LOCUS11113	0	0	0	0	0	0
DIATSA_LOCUS11114	2	2	2	3	3	3
DIATSA_LOCUS11115	3	3	3	4	3	3
DIATSA_LOCUS11116	1	1	1	2	2	2
DIATSA_LOCUS11117	3	3	3	3	3	3
DIATSA_LOCUS11118	0	0	0	0	0	0
DIATSA_LOCUS11119	0	0	0	0	0	0
DIATSA_LOCUS1112	2	2	2	2	2	2
DIATSA_LOCUS11120	0	0	0	0	0	0
DIATSA_LOCUS11121	3	3	3	2	2	2
DIATSA_LOCUS11122	0	0	0	0	0	0
DIATSA_LOCUS11123	0	0	0	2	2	2
DIATSA_LOCUS11124	1	1	1	1	1	1
DIATSA_LOCUS11125	0	0	0	0	0	0
DIATSA_LOCUS11126	0	0	0	0	0	0
DIATSA_LOCUS11127	0	0	0	0	0	0
DIATSA_LOCUS11128	0	0	0	0	0	0
DIATSA_LOCUS11129	0	0	0	0	0	0
DIATSA_LOCUS1113	0	0	0	0	0	0
DIATSA_LOCUS11130	7	7	7	5	5	5
DIATSA_LOCUS11131	2	2	2	2	2	2
DIATSA_LOCUS11132	11	11	11	11	11	11
DIATSA_LOCUS11133	0	0	0	0	0	0
DIATSA_LOCUS11134	7	7	7	3	3	3
DIATSA_LOCUS11135	0	0	0	0	0	0
DIATSA_LOCUS11136	0	0	0	0	0	0
DIATSA_LOCUS11137	1	1	1	1	1	1
DIATSA_LOCUS11138	1	1	1	0	0	0
DIATSA_LOCUS11139	0	0	0	0	0	0
DIATSA_LOCUS1114	0	0	0	0	0	0
DIATSA_LOCUS11140	5	5	5	5	5	5
DIATSA_LOCUS11141	3	3	3	2	2	2
DIATSA_LOCUS11142	0	0	0	0	0	0
DIATSA_LOCUS11143	0	0	0	0	0	0
DIATSA_LOCUS11144	1	1	1	1	1	1
DIATSA_LOCUS11145	2	2	2	1	1	1
DIATSA_LOCUS11146	0	0	0	0	0	0
DIATSA_LOCUS11147	0	0	0	0	0	0
DIATSA_LOCUS11148	0	0	0	0	0	0
DIATSA_LOCUS11149	0	0	0	0	0	0
DIATSA_LOCUS1115	1	1	1	1	1	1
DIATSA_LOCUS11150	0	0	0	0	0	0
DIATSA_LOCUS11151	0	0	0	0	0	0
DIATSA_LOCUS11152	0	0	0	0	0	0
DIATSA_LOCUS11153	1	1	1	1	1	1
DIATSA_LOCUS11154	1	1	1	0	0	0
DIATSA_LOCUS11155	0	0	0	0	0	0
DIATSA_LOCUS11156	16	16	16	12	13	12
DIATSA_LOCUS11157	0	0	0	0	0	0
DIATSA_LOCUS11158	0	0	0	0	0	0
DIATSA_LOCUS11159	0	0	0	0	0	0
DIATSA_LOCUS1116	0	0	0	0	0	0
DIATSA_LOCUS11160	3	3	3	6	6	6
DIATSA_LOCUS11161	0	0	0	1	1	1
DIATSA_LOCUS11162	1	1	1	0	0	0
DIATSA_LOCUS11163	1	1	1	1	1	1
DIATSA_LOCUS11164	0	0	0	1	1	1
DIATSA_LOCUS11165	0	0	0	0	0	0
DIATSA_LOCUS11166	0	0	0	0	0	0
DIATSA_LOCUS11167	4	4	4	6	5	5
DIATSA_LOCUS11168	1	1	1	1	2	2
DIATSA_LOCUS11169	0	0	0	0	0	0
DIATSA_LOCUS1117	2	2	2	2	1	2
DIATSA_LOCUS11170	32	32	32	43	42	42
DIATSA_LOCUS11171	2	2	2	2	2	2
DIATSA_LOCUS11172	3	4	4	7	7	7
DIATSA_LOCUS11173	0	0	0	0	0	0
DIATSA_LOCUS11174	18	18	18	26	26	26
DIATSA_LOCUS11175	1	1	1	1	1	1
DIATSA_LOCUS11176	6	6	6	8	7	7
DIATSA_LOCUS11177	0	0	0	0	1	1
DIATSA_LOCUS11178	0	0	0	0	0	0
DIATSA_LOCUS11179	32	32	32	32	32	32
DIATSA_LOCUS1118	1	1	1	1	1	1
DIATSA_LOCUS11180	1	2	2	4	3	3
DIATSA_LOCUS11181	5	4	5	4	4	4
DIATSA_LOCUS11182	11	11	11	25	26	26
DIATSA_LOCUS11183	4	5	5	6	6	6
DIATSA_LOCUS11184	2	2	2	0	0	0
DIATSA_LOCUS11185	0	0	0	0	0	0
DIATSA_LOCUS11186	0	0	0	0	0	0
DIATSA_LOCUS11187	0	0	0	0	0	0
DIATSA_LOCUS11188	5	5	5	2	2	2
DIATSA_LOCUS11189	0	0	0	0	0	0
DIATSA_LOCUS1119	0	0	0	0	0	0
DIATSA_LOCUS11190	0	0	0	0	0	0
DIATSA_LOCUS11191	12	12	12	25	25	25
DIATSA_LOCUS11192	0	0	0	0	0	0
DIATSA_LOCUS11193	0	0	0	0	0	0
DIATSA_LOCUS11194	1	1	1	3	3	3
DIATSA_LOCUS11195	0	0	0	0	0	0
DIATSA_LOCUS11196	0	0	0	0	0	0
DIATSA_LOCUS11197	10	10	10	10	10	10
DIATSA_LOCUS11198	0	0	0	0	0	0
DIATSA_LOCUS11199	0	0	0	0	0	0
DIATSA_LOCUS112	0	0	0	0	0	0
DIATSA_LOCUS1120	0	0	0	0	0	0
DIATSA_LOCUS11200	0	0	0	0	0	0
DIATSA_LOCUS11201	8	8	8	14	13	13
DIATSA_LOCUS11202	0	0	0	0	0	0
DIATSA_LOCUS11203	228	226	225	341	347	344
DIATSA_LOCUS11204	2	2	2	2	2	2
DIATSA_LOCUS11205	2	2	2	1	0	0
DIATSA_LOCUS11206	0	0	0	1	1	1
DIATSA_LOCUS11207	2	2	2	3	3	3
DIATSA_LOCUS11208	0	0	0	0	0	0
DIATSA_LOCUS11209	0	0	0	0	0	0
DIATSA_LOCUS1121	8	8	8	21	21	21
DIATSA_LOCUS11210	0	0	0	0	0	0
DIATSA_LOCUS11211	0	0	0	0	0	0
DIATSA_LOCUS11212	49	51	51	126	122	120
DIATSA_LOCUS11213	0	0	0	0	0	0
DIATSA_LOCUS11214	6	8	8	3	2	2
DIATSA_LOCUS11215	0	0	0	0	0	0
DIATSA_LOCUS11216	6	6	6	4	4	4
DIATSA_LOCUS11217	0	0	0	0	0	0
DIATSA_LOCUS11218	286	288	287	347	346	344
DIATSA_LOCUS11219	0	0	0	0	0	0
DIATSA_LOCUS1122	1	1	1	1	1	1
DIATSA_LOCUS11220	0	0	0	0	0	0
DIATSA_LOCUS11221	0	0	0	0	0	0
DIATSA_LOCUS11222	0	0	0	0	0	0
DIATSA_LOCUS11223	3	3	3	4	4	4
DIATSA_LOCUS11224	0	0	0	0	0	0
DIATSA_LOCUS11225	1	1	1	0	0	0
DIATSA_LOCUS11226	71	69	69	92	95	94
DIATSA_LOCUS11227	8	8	8	10	11	10
DIATSA_LOCUS11228	1	1	1	1	1	1
DIATSA_LOCUS11229	0	0	0	0	1	1
DIATSA_LOCUS1123	73	72	72	49	49	50
DIATSA_LOCUS11230	1	1	1	0	0	0
DIATSA_LOCUS11231	11	10	10	25	26	26
DIATSA_LOCUS11232	87	88	89	126	123	126
DIATSA_LOCUS11233	274	270	278	377	372	379
DIATSA_LOCUS11234	9	10	10	9	9	9
DIATSA_LOCUS11235	1	1	1	3	3	3
DIATSA_LOCUS11236	3	3	3	8	8	8
DIATSA_LOCUS11237	0	0	0	4	4	4
DIATSA_LOCUS11238	2	2	2	9	10	10
DIATSA_LOCUS11239	0	0	0	1	1	0
DIATSA_LOCUS1124	0	0	0	0	0	0
DIATSA_LOCUS11240	0	0	0	0	0	0
DIATSA_LOCUS11241	0	0	0	0	0	0
DIATSA_LOCUS11242	37	36	37	143	142	144
DIATSA_LOCUS11243	3	3	3	7	7	7
DIATSA_LOCUS11244	7	8	9	0	0	0
DIATSA_LOCUS11245	0	0	0	0	0	0
DIATSA_LOCUS11246	0	0	0	0	0	0
DIATSA_LOCUS11247	49	48	49	8	8	9
DIATSA_LOCUS11248	223	222	224	213	211	213
DIATSA_LOCUS11249	0	0	0	0	0	0
DIATSA_LOCUS1125	13	14	14	16	16	16
DIATSA_LOCUS11250	2	1	1	1	2	2
DIATSA_LOCUS11251	2	2	2	6	6	6
DIATSA_LOCUS11252	6	6	6	7	7	7
DIATSA_LOCUS11253	0	0	0	0	0	0
DIATSA_LOCUS11254	1	1	1	1	1	1
DIATSA_LOCUS11255	127	126	128	167	165	167
DIATSA_LOCUS11256	0	0	0	0	0	0
DIATSA_LOCUS11257	0	0	0	0	0	0
DIATSA_LOCUS11258	1	1	1	0	0	0
DIATSA_LOCUS11259	0	0	0	0	0	0
DIATSA_LOCUS1126	18	18	18	14	14	14
DIATSA_LOCUS11260	12	12	12	12	12	12
DIATSA_LOCUS11261	4	4	5	7	7	7
DIATSA_LOCUS11262	0	0	0	0	0	0
DIATSA_LOCUS11263	5	5	5	7	7	7
DIATSA_LOCUS11264	37	35	35	53	55	55
DIATSA_LOCUS11265	0	0	0	0	0	0
DIATSA_LOCUS11266	1	1	1	0	0	0
DIATSA_LOCUS11267	0	0	0	0	0	0
DIATSA_LOCUS11268	0	0	0	0	0	0
DIATSA_LOCUS11269	104	106	108	128	123	124
DIATSA_LOCUS1127	1	1	1	2	1	1
DIATSA_LOCUS11270	0	0	0	4	3	3
DIATSA_LOCUS11271	0	0	0	0	0	0
DIATSA_LOCUS11272	8	8	8	10	11	11
DIATSA_LOCUS11273	0	0	0	0	0	0
DIATSA_LOCUS11274	0	0	0	0	0	0
DIATSA_LOCUS11275	425	183	191	63	138	145
DIATSA_LOCUS11276	0	0	0	0	0	0
DIATSA_LOCUS11277	9	9	9	12	12	11
DIATSA_LOCUS11278	0	0	0	0	0	0
DIATSA_LOCUS11279	0	0	0	0	0	0
DIATSA_LOCUS1128	0	0	0	0	0	0
DIATSA_LOCUS11280	16	17	17	26	25	25
DIATSA_LOCUS11281	0	0	0	0	0	0
DIATSA_LOCUS11282	2	1	1	2	2	2
DIATSA_LOCUS11283	14	14	14	25	25	25
DIATSA_LOCUS11284	48	49	49	68	68	67
DIATSA_LOCUS11285	4	4	4	2	2	2
DIATSA_LOCUS11286	1	1	1	2	2	2
DIATSA_LOCUS11287	6	6	6	9	10	9
DIATSA_LOCUS11288	0	0	0	0	0	0
DIATSA_LOCUS11289	0	0	0	0	0	0
DIATSA_LOCUS1129	0	0	0	0	0	0
DIATSA_LOCUS11290	0	0	0	0	0	0
DIATSA_LOCUS11291	1	1	1	0	0	0
DIATSA_LOCUS11292	0	0	0	1	1	1
DIATSA_LOCUS11293	0	0	0	0	0	0
DIATSA_LOCUS11294	0	0	0	0	0	0
DIATSA_LOCUS11295	0	0	0	0	0	0
DIATSA_LOCUS11296	2	2	1	2	2	2
DIATSA_LOCUS11297	3	3	3	4	4	4
DIATSA_LOCUS11298	0	0	0	0	0	0
DIATSA_LOCUS11299	2	2	2	2	2	1
DIATSA_LOCUS113	0	0	0	0	0	0
DIATSA_LOCUS1130	1	1	1	1	1	1
DIATSA_LOCUS11300	0	0	0	0	0	0
DIATSA_LOCUS11301	0	0	0	0	0	0
DIATSA_LOCUS11302	14	13	13	11	12	12
DIATSA_LOCUS11303	0	0	0	0	0	0
DIATSA_LOCUS11304	0	0	0	0	0	0
DIATSA_LOCUS11305	1	1	1	1	1	1
DIATSA_LOCUS11306	0	0	0	0	0	0
DIATSA_LOCUS11307	0	0	0	0	0	0
DIATSA_LOCUS11308	0	0	0	0	0	0
DIATSA_LOCUS11309	0	0	0	0	0	0
DIATSA_LOCUS1131	0	0	0	0	1	1
DIATSA_LOCUS11310	3	2	3	3	3	3
DIATSA_LOCUS11311	6	6	6	4	4	4
DIATSA_LOCUS11312	0	0	0	0	0	0
DIATSA_LOCUS11313	3	3	3	3	3	3
DIATSA_LOCUS11314	0	0	0	0	0	0
DIATSA_LOCUS11315	0	0	0	0	0	0
DIATSA_LOCUS11316	0	0	0	0	0	0
DIATSA_LOCUS11317	4	4	4	4	4	4
DIATSA_LOCUS11318	3	3	3	5	5	5
DIATSA_LOCUS11319	0	0	0	0	0	0
DIATSA_LOCUS1132	0	0	0	0	0	0
DIATSA_LOCUS11320	0	0	0	0	0	0
DIATSA_LOCUS11321	0	0	0	0	0	0
DIATSA_LOCUS11322	1	1	1	1	1	1
DIATSA_LOCUS11323	0	0	0	0	0	0
DIATSA_LOCUS11324	4	4	4	5	5	5
DIATSA_LOCUS11325	0	0	0	0	0	0
DIATSA_LOCUS11326	13	13	13	13	12	12
DIATSA_LOCUS11327	0	0	0	0	0	0
DIATSA_LOCUS11328	0	0	0	0	0	0
DIATSA_LOCUS11329	0	0	0	0	0	0
DIATSA_LOCUS1133	2	1	1	1	2	2
DIATSA_LOCUS11330	17	17	17	19	19	19
DIATSA_LOCUS11331	0	0	0	0	0	0
DIATSA_LOCUS11332	0	0	0	0	0	0
DIATSA_LOCUS11333	2	2	2	3	3	3
DIATSA_LOCUS11334	1	1	1	1	1	1
DIATSA_LOCUS11335	1	2	2	0	0	0
DIATSA_LOCUS11336	0	0	0	0	0	0
DIATSA_LOCUS11337	0	1	1	0	0	0
DIATSA_LOCUS11338	2	2	2	0	1	1
DIATSA_LOCUS11339	13	8	9	5	7	8
DIATSA_LOCUS1134	0	0	0	0	0	0
DIATSA_LOCUS11340	0	0	0	0	0	0
DIATSA_LOCUS11341	0	0	0	0	0	0
DIATSA_LOCUS11342	4	4	4	3	3	3
DIATSA_LOCUS11343	0	0	0	0	0	0
DIATSA_LOCUS11344	2	2	2	1	1	1
DIATSA_LOCUS11345	9	9	9	5	5	5
DIATSA_LOCUS11346	4	4	3	3	3	3
DIATSA_LOCUS11347	2	2	2	2	2	2
DIATSA_LOCUS11348	23	22	22	25	26	26
DIATSA_LOCUS11349	5	5	5	6	7	7
DIATSA_LOCUS1135	10	11	11	6	5	5
DIATSA_LOCUS11350	0	0	0	0	0	0
DIATSA_LOCUS11351	2	2	2	3	4	4
DIATSA_LOCUS11352	4	4	4	9	9	8
DIATSA_LOCUS11353	7	6	6	9	9	9
DIATSA_LOCUS11354	2	2	2	1	1	1
DIATSA_LOCUS11355	0	0	0	0	0	0
DIATSA_LOCUS11356	0	0	0	0	0	0
DIATSA_LOCUS11357	2	2	2	3	3	3
DIATSA_LOCUS11358	1	1	1	2	2	2
DIATSA_LOCUS11359	6	6	6	5	5	5
DIATSA_LOCUS1136	8	9	9	8	7	8
DIATSA_LOCUS11360	2	2	2	3	4	4
DIATSA_LOCUS11361	2	2	2	1	1	1
DIATSA_LOCUS11362	2	2	2	3	3	3
DIATSA_LOCUS11363	0	0	0	0	0	0
DIATSA_LOCUS11364	0	0	0	0	0	0
DIATSA_LOCUS11365	2	2	2	1	1	1
DIATSA_LOCUS11366	5	5	5	7	8	8
DIATSA_LOCUS11367	0	0	0	0	0	0
DIATSA_LOCUS11368	0	0	0	0	0	0
DIATSA_LOCUS11369	14	12	12	6	7	7
DIATSA_LOCUS1137	0	0	0	0	0	0
DIATSA_LOCUS11370	4	5	5	4	4	4
DIATSA_LOCUS11371	3	3	3	2	2	2
DIATSA_LOCUS11372	0	0	0	0	0	0
DIATSA_LOCUS11373	0	0	0	0	0	0
DIATSA_LOCUS11374	0	0	0	0	0	0
DIATSA_LOCUS11375	0	0	0	0	0	0
DIATSA_LOCUS11376	0	0	0	0	0	0
DIATSA_LOCUS11377	0	0	0	0	0	0
DIATSA_LOCUS11378	2	2	2	1	1	1
DIATSA_LOCUS11379	1	1	1	2	2	2
DIATSA_LOCUS1138	10	10	10	5	5	5
DIATSA_LOCUS11380	4	4	4	1	1	1
DIATSA_LOCUS11381	0	0	0	0	0	0
DIATSA_LOCUS11382	2	2	2	0	0	0
DIATSA_LOCUS11383	1	1	1	0	0	0
DIATSA_LOCUS11384	2	2	2	3	3	3
DIATSA_LOCUS11385	0	0	0	0	0	0
DIATSA_LOCUS11386	0	0	0	0	0	0
DIATSA_LOCUS11387	10	10	10	12	12	12
DIATSA_LOCUS11388	0	0	0	0	0	0
DIATSA_LOCUS11389	19	19	19	27	27	27
DIATSA_LOCUS1139	6	6	6	7	7	7
DIATSA_LOCUS11390	0	0	0	0	0	0
DIATSA_LOCUS11391	0	0	0	0	0	0
DIATSA_LOCUS11392	3	3	3	1	1	1
DIATSA_LOCUS11393	0	0	0	0	0	0
DIATSA_LOCUS11394	0	0	0	0	0	0
DIATSA_LOCUS11395	388	388	390	455	454	455
DIATSA_LOCUS11396	4	3	3	1	1	1
DIATSA_LOCUS11397	0	0	0	1	1	1
DIATSA_LOCUS11398	1	1	1	1	1	1
DIATSA_LOCUS11399	0	0	0	1	1	1
DIATSA_LOCUS114	4	4	4	7	8	8
DIATSA_LOCUS1140	0	0	0	0	0	0
DIATSA_LOCUS11400	1	1	1	0	0	0
DIATSA_LOCUS11401	0	0	0	0	0	0
DIATSA_LOCUS11402	0	0	0	0	0	0
DIATSA_LOCUS11403	2	2	2	0	0	0
DIATSA_LOCUS11404	0	0	0	0	0	0
DIATSA_LOCUS11405	0	0	0	0	0	0
DIATSA_LOCUS11406	0	0	0	0	0	0
DIATSA_LOCUS11407	0	0	0	0	0	0
DIATSA_LOCUS11408	0	0	0	0	0	0
DIATSA_LOCUS11409	0	0	0	0	0	0
DIATSA_LOCUS1141	5	5	6	5	4	4
DIATSA_LOCUS11410	0	0	0	0	0	0
DIATSA_LOCUS11411	0	0	0	0	0	0
DIATSA_LOCUS11412	0	0	0	0	0	0
DIATSA_LOCUS11413	0	0	0	0	0	0
DIATSA_LOCUS11414	0	0	0	0	0	0
DIATSA_LOCUS11415	1	2	2	1	1	1
DIATSA_LOCUS11416	0	0	0	0	0	0
DIATSA_LOCUS11417	31	30	30	33	34	34
DIATSA_LOCUS11418	25	25	25	22	22	22
DIATSA_LOCUS11419	2	2	2	0	0	0
DIATSA_LOCUS1142	0	0	0	0	0	0
DIATSA_LOCUS11420	3	3	3	1	1	1
DIATSA_LOCUS11421	0	0	0	0	0	0
DIATSA_LOCUS11422	0	0	0	0	0	0
DIATSA_LOCUS11423	7	8	8	4	4	4
DIATSA_LOCUS11424	4	4	4	2	2	2
DIATSA_LOCUS11425	0	0	0	0	0	0
DIATSA_LOCUS11426	1	1	0	0	0	0
DIATSA_LOCUS11427	3	3	3	1	1	1
DIATSA_LOCUS11428	2	2	2	1	1	1
DIATSA_LOCUS11429	2	2	2	1	1	1
DIATSA_LOCUS1143	7	7	7	4	4	4
DIATSA_LOCUS11430	0	0	0	1	1	1
DIATSA_LOCUS11431	0	0	0	0	0	0
DIATSA_LOCUS11432	5	5	5	3	3	3
DIATSA_LOCUS11433	0	0	0	0	0	0
DIATSA_LOCUS11434	0	0	0	0	0	0
DIATSA_LOCUS11435	16	16	16	18	19	19
DIATSA_LOCUS11436	0	0	0	0	0	0
DIATSA_LOCUS11437	0	0	0	0	0	0
DIATSA_LOCUS11438	86	93	92	189	178	175
DIATSA_LOCUS11439	1	1	1	2	2	2
DIATSA_LOCUS1144	2	1	2	1	1	1
DIATSA_LOCUS11440	36	36	36	60	61	60
DIATSA_LOCUS11441	0	0	0	0	1	1
DIATSA_LOCUS11442	0	0	0	0	0	0
DIATSA_LOCUS11443	0	0	0	0	0	0
DIATSA_LOCUS11444	0	0	0	0	0	0
DIATSA_LOCUS11445	0	0	0	0	0	0
DIATSA_LOCUS11446	9	9	9	10	10	10
DIATSA_LOCUS11447	5	5	5	13	13	13
DIATSA_LOCUS11448	0	0	0	0	0	0
DIATSA_LOCUS11449	16	17	17	19	18	18
DIATSA_LOCUS1145	1	1	1	3	3	3
DIATSA_LOCUS11450	0	0	0	0	0	0
DIATSA_LOCUS11451	1	0	0	0	0	0
DIATSA_LOCUS11452	2	2	2	1	1	1
DIATSA_LOCUS11453	1	1	1	1	1	1
DIATSA_LOCUS11454	0	0	0	0	0	0
DIATSA_LOCUS11455	0	0	0	0	0	0
DIATSA_LOCUS11456	1	1	1	2	1	1
DIATSA_LOCUS11457	1	1	1	2	2	2
DIATSA_LOCUS11458	9	9	9	13	14	14
DIATSA_LOCUS11459	429	439	439	673	659	658
DIATSA_LOCUS1146	0	0	0	0	0	0
DIATSA_LOCUS11460	1	1	1	0	0	0
DIATSA_LOCUS11461	0	0	0	0	0	0
DIATSA_LOCUS11462	0	0	0	1	1	1
DIATSA_LOCUS11463	0	0	0	0	0	0
DIATSA_LOCUS11464	0	0	0	0	0	0
DIATSA_LOCUS11465	0	0	0	0	0	0
DIATSA_LOCUS11466	0	0	0	2	2	2
DIATSA_LOCUS11467	0	0	0	0	0	0
DIATSA_LOCUS11468	1	1	1	0	0	0
DIATSA_LOCUS11469	0	0	0	0	0	0
DIATSA_LOCUS1147	20	19	20	41	42	42
DIATSA_LOCUS11470	0	0	0	0	0	0
DIATSA_LOCUS11471	0	0	0	0	0	0
DIATSA_LOCUS11472	0	0	0	1	1	1
DIATSA_LOCUS11473	0	0	0	0	0	0
DIATSA_LOCUS11474	0	0	0	0	0	0
DIATSA_LOCUS11475	0	0	0	0	0	0
DIATSA_LOCUS11476	1	1	1	0	0	0
DIATSA_LOCUS11477	0	0	0	0	0	0
DIATSA_LOCUS11478	0	0	0	0	0	0
DIATSA_LOCUS11479	2	2	2	1	1	2
DIATSA_LOCUS1148	1	1	1	3	3	3
DIATSA_LOCUS11480	2	2	2	1	1	1
DIATSA_LOCUS11481	1	1	1	0	0	0
DIATSA_LOCUS11482	0	0	0	0	0	0
DIATSA_LOCUS11483	7	7	7	5	5	5
DIATSA_LOCUS11484	50	50	50	70	70	70
DIATSA_LOCUS11485	0	0	0	0	0	0
DIATSA_LOCUS11486	2	2	2	3	3	3
DIATSA_LOCUS11487	0	0	0	0	0	0
DIATSA_LOCUS11488	0	0	0	0	0	0
DIATSA_LOCUS11489	0	0	0	0	0	0
DIATSA_LOCUS1149	4	4	4	1	2	1
DIATSA_LOCUS11490	0	0	0	0	0	0
DIATSA_LOCUS11491	0	0	0	0	0	0
DIATSA_LOCUS11492	0	0	0	0	0	0
DIATSA_LOCUS11493	0	0	0	0	0	0
DIATSA_LOCUS11494	1	1	1	0	0	0
DIATSA_LOCUS11495	4	4	4	5	5	5
DIATSA_LOCUS11496	0	0	0	0	0	0
DIATSA_LOCUS11497	3	3	3	3	2	2
DIATSA_LOCUS11498	14	15	15	24	24	24
DIATSA_LOCUS11499	3	3	3	4	4	4
DIATSA_LOCUS115	2	2	2	1	1	1
DIATSA_LOCUS1150	1	1	1	1	1	1
DIATSA_LOCUS11500	0	0	0	1	1	1
DIATSA_LOCUS11501	2	2	2	3	4	4
DIATSA_LOCUS11502	2	2	2	2	2	2
DIATSA_LOCUS11503	3	2	2	4	4	4
DIATSA_LOCUS11504	2	2	2	2	1	1
DIATSA_LOCUS11505	0	0	0	0	0	0
DIATSA_LOCUS11506	0	0	0	1	1	1
DIATSA_LOCUS11507	0	0	0	0	0	0
DIATSA_LOCUS11508	1	0	0	0	0	0
DIATSA_LOCUS11509	0	0	0	0	0	0
DIATSA_LOCUS1151	1	1	1	1	1	1
DIATSA_LOCUS11510	1	1	1	0	0	0
DIATSA_LOCUS11511	0	0	0	0	0	0
DIATSA_LOCUS11512	1	2	2	4	2	4
DIATSA_LOCUS11513	5	5	5	7	7	7
DIATSA_LOCUS11514	0	0	0	0	0	0
DIATSA_LOCUS11515	0	0	0	0	0	0
DIATSA_LOCUS11516	0	0	0	0	0	0
DIATSA_LOCUS11517	8	8	8	5	5	5
DIATSA_LOCUS11518	2	2	2	31	34	34
DIATSA_LOCUS11519	0	0	0	0	0	0
DIATSA_LOCUS1152	5	5	5	7	6	6
DIATSA_LOCUS11520	0	0	0	0	0	0
DIATSA_LOCUS11521	0	0	0	0	0	0
DIATSA_LOCUS11522	280	278	273	387	396	391
DIATSA_LOCUS11523	0	0	0	0	0	0
DIATSA_LOCUS11524	0	0	0	0	0	0
DIATSA_LOCUS11525	0	0	0	0	0	0
DIATSA_LOCUS11526	0	0	0	0	0	0
DIATSA_LOCUS11527	0	0	0	0	0	0
DIATSA_LOCUS11528	2	2	2	0	0	0
DIATSA_LOCUS11529	0	0	0	0	0	0
DIATSA_LOCUS1153	0	0	0	0	0	0
DIATSA_LOCUS11530	1	1	1	0	0	0
DIATSA_LOCUS11531	0	0	0	0	0	0
DIATSA_LOCUS11532	2	2	2	2	2	2
DIATSA_LOCUS11533	165	166	167	241	239	238
DIATSA_LOCUS11534	3	3	3	1	1	1
DIATSA_LOCUS11535	8	8	8	9	9	9
DIATSA_LOCUS11536	2	2	2	2	2	2
DIATSA_LOCUS11537	2	2	2	0	1	1
DIATSA_LOCUS11538	10	9	9	11	12	12
DIATSA_LOCUS11539	0	0	0	0	0	0
DIATSA_LOCUS1154	2	2	2	3	3	3
DIATSA_LOCUS11540	9	10	10	6	6	6
DIATSA_LOCUS11541	12	12	12	5	5	5
DIATSA_LOCUS11542	0	0	0	0	0	0
DIATSA_LOCUS11543	6	6	6	8	9	9
DIATSA_LOCUS11544	1	1	1	1	1	1
DIATSA_LOCUS11545	0	0	0	0	0	0
DIATSA_LOCUS11546	0	0	0	0	0	0
DIATSA_LOCUS11547	3	2	2	1	1	1
DIATSA_LOCUS11548	1	2	2	0	0	0
DIATSA_LOCUS11549	7	7	7	5	5	5
DIATSA_LOCUS1155	0	0	0	1	1	1
DIATSA_LOCUS11550	11	11	12	7	6	7
DIATSA_LOCUS11551	20	19	18	17	17	18
DIATSA_LOCUS11552	0	0	0	0	0	0
DIATSA_LOCUS11553	0	0	0	0	0	0
DIATSA_LOCUS11554	4	4	4	1	1	1
DIATSA_LOCUS11555	0	0	0	0	0	0
DIATSA_LOCUS11556	0	0	0	0	0	0
DIATSA_LOCUS11557	6	6	6	7	7	7
DIATSA_LOCUS11558	0	0	0	0	0	0
DIATSA_LOCUS11559	0	0	0	0	0	0
DIATSA_LOCUS1156	7	8	8	9	9	8
DIATSA_LOCUS11560	0	0	0	0	0	0
DIATSA_LOCUS11561	3	3	3	3	3	3
DIATSA_LOCUS11562	5	5	5	4	4	4
DIATSA_LOCUS11563	0	0	0	0	0	0
DIATSA_LOCUS11564	0	0	0	0	0	0
DIATSA_LOCUS11565	16	16	16	26	26	26
DIATSA_LOCUS11566	0	0	0	0	0	0
DIATSA_LOCUS11567	0	0	0	0	0	0
DIATSA_LOCUS11568	0	0	0	0	0	0
DIATSA_LOCUS11569	0	0	0	0	0	0
DIATSA_LOCUS1157	43	43	43	31	31	31
DIATSA_LOCUS11570	0	0	0	0	0	0
DIATSA_LOCUS11571	6	6	6	4	4	4
DIATSA_LOCUS11572	0	0	0	0	0	0
DIATSA_LOCUS11573	0	1	1	1	0	0
DIATSA_LOCUS11574	0	0	0	0	0	0
DIATSA_LOCUS11575	0	0	0	0	0	0
DIATSA_LOCUS11576	0	0	0	0	0	0
DIATSA_LOCUS11577	0	0	0	0	0	0
DIATSA_LOCUS11578	0	0	0	0	0	0
DIATSA_LOCUS11579	0	0	0	0	0	0
DIATSA_LOCUS1158	7	8	8	9	9	9
DIATSA_LOCUS11580	0	0	0	0	0	0
DIATSA_LOCUS11581	0	0	0	0	0	0
DIATSA_LOCUS11582	0	0	0	0	0	0
DIATSA_LOCUS11583	2	2	2	2	2	2
DIATSA_LOCUS11584	0	0	0	0	0	0
DIATSA_LOCUS11585	0	0	0	0	0	0
DIATSA_LOCUS11586	0	0	0	0	0	0
DIATSA_LOCUS11587	0	0	0	0	0	0
DIATSA_LOCUS11588	0	0	0	0	0	0
DIATSA_LOCUS11589	0	0	0	0	0	0
DIATSA_LOCUS1159	0	0	0	1	1	1
DIATSA_LOCUS11590	0	0	0	0	0	0
DIATSA_LOCUS11591	1	1	1	0	0	0
DIATSA_LOCUS11592	0	0	0	0	0	0
DIATSA_LOCUS11593	0	0	0	0	0	0
DIATSA_LOCUS11594	0	0	0	0	0	0
DIATSA_LOCUS11595	0	0	0	1	1	1
DIATSA_LOCUS11596	0	0	0	0	0	0
DIATSA_LOCUS11597	0	0	0	0	0	0
DIATSA_LOCUS11598	0	0	0	0	0	0
DIATSA_LOCUS11599	0	0	0	0	0	0
DIATSA_LOCUS116	0	0	0	0	0	0
DIATSA_LOCUS1160	23	23	24	29	28	28
DIATSA_LOCUS11600	0	0	0	0	0	0
DIATSA_LOCUS11601	6	9	9	11	8	8
DIATSA_LOCUS11602	0	0	0	0	0	0
DIATSA_LOCUS11603	1	1	1	0	0	0
DIATSA_LOCUS11604	1	2	2	1	1	1
DIATSA_LOCUS11605	2	1	1	2	2	2
DIATSA_LOCUS11606	0	0	0	0	0	0
DIATSA_LOCUS11607	0	0	0	0	0	0
DIATSA_LOCUS11608	0	0	0	0	0	0
DIATSA_LOCUS11609	0	0	0	0	0	0
DIATSA_LOCUS1161	0	1	1	0	0	0
DIATSA_LOCUS11610	0	0	0	0	0	0
DIATSA_LOCUS11611	8	7	7	8	8	9
DIATSA_LOCUS11612	0	0	0	0	0	0
DIATSA_LOCUS11613	2	2	2	1	1	1
DIATSA_LOCUS11614	0	0	0	0	0	0
DIATSA_LOCUS11615	0	0	0	0	0	0
DIATSA_LOCUS11616	0	0	0	0	0	0
DIATSA_LOCUS11617	0	0	0	0	0	0
DIATSA_LOCUS11618	2	3	3	0	0	0
DIATSA_LOCUS11619	0	0	0	0	0	0
DIATSA_LOCUS1162	0	0	0	0	0	0
DIATSA_LOCUS11620	5	5	5	9	8	8
DIATSA_LOCUS11621	0	0	0	0	0	0
DIATSA_LOCUS11622	0	0	0	0	0	0
DIATSA_LOCUS11623	0	0	0	0	0	0
DIATSA_LOCUS11624	15	15	15	21	21	21
DIATSA_LOCUS11625	0	0	0	0	0	0
DIATSA_LOCUS11626	0	0	0	0	0	0
DIATSA_LOCUS11627	82	81	81	101	103	102
DIATSA_LOCUS11628	0	0	0	0	0	0
DIATSA_LOCUS11629	0	1	1	0	0	0
DIATSA_LOCUS1163	0	0	0	0	0	0
DIATSA_LOCUS11630	0	0	0	1	1	1
DIATSA_LOCUS11631	0	0	0	0	0	0
DIATSA_LOCUS11632	0	0	0	0	0	0
DIATSA_LOCUS11633	3	3	3	1	1	1
DIATSA_LOCUS11634	0	0	0	0	0	0
DIATSA_LOCUS11635	0	0	0	0	0	0
DIATSA_LOCUS11636	0	0	0	0	0	0
DIATSA_LOCUS11637	0	0	0	0	0	0
DIATSA_LOCUS11638	0	0	0	0	0	0
DIATSA_LOCUS11639	0	0	0	0	0	0
DIATSA_LOCUS1164	1	1	1	0	0	0
DIATSA_LOCUS11640	1	1	1	0	0	0
DIATSA_LOCUS11641	1	1	1	0	0	0
DIATSA_LOCUS11642	6	6	6	3	3	3
DIATSA_LOCUS11643	0	0	0	0	0	0
DIATSA_LOCUS11644	0	0	0	0	0	0
DIATSA_LOCUS11645	5	5	5	9	9	8
DIATSA_LOCUS11646	194	190	192	208	211	212
DIATSA_LOCUS11647	0	0	0	0	0	0
DIATSA_LOCUS11648	0	0	0	0	0	0
DIATSA_LOCUS11649	2	2	2	4	4	4
DIATSA_LOCUS1165	0	0	0	0	0	0
DIATSA_LOCUS11650	0	0	0	0	0	0
DIATSA_LOCUS11651	0	0	0	0	0	0
DIATSA_LOCUS11652	0	0	0	0	0	0
DIATSA_LOCUS11653	1	1	1	2	2	2
DIATSA_LOCUS11654	1	0	0	0	0	0
DIATSA_LOCUS11655	0	0	0	0	0	0
DIATSA_LOCUS11656	0	0	0	0	0	0
DIATSA_LOCUS11657	0	0	0	0	0	0
DIATSA_LOCUS11658	0	0	0	0	0	0
DIATSA_LOCUS11659	4	4	4	1	1	1
DIATSA_LOCUS1166	0	0	0	0	0	0
DIATSA_LOCUS11660	61	63	63	77	75	74
DIATSA_LOCUS11661	0	0	0	0	0	0
DIATSA_LOCUS11662	0	0	0	0	0	0
DIATSA_LOCUS11663	0	0	0	0	0	0
DIATSA_LOCUS11664	3	3	3	3	3	3
DIATSA_LOCUS11665	0	0	0	0	0	0
DIATSA_LOCUS11666	0	0	0	0	0	0
DIATSA_LOCUS11667	0	0	0	0	0	0
DIATSA_LOCUS11668	0	0	0	0	0	0
DIATSA_LOCUS11669	0	0	0	0	0	0
DIATSA_LOCUS1167	0	0	0	0	0	0
DIATSA_LOCUS11670	0	0	0	0	0	0
DIATSA_LOCUS11671	0	0	0	0	0	0
DIATSA_LOCUS11672	0	0	0	0	0	0
DIATSA_LOCUS11673	60	59	59	25	26	26
DIATSA_LOCUS11674	0	0	0	0	0	0
DIATSA_LOCUS11675	0	0	0	0	0	0
DIATSA_LOCUS11676	0	0	0	0	0	0
DIATSA_LOCUS11677	5	5	5	5	5	5
DIATSA_LOCUS11678	0	0	0	0	0	0
DIATSA_LOCUS11679	0	0	0	0	0	0
DIATSA_LOCUS1168	4	4	4	2	2	2
DIATSA_LOCUS11680	11	11	11	17	17	17
DIATSA_LOCUS11681	0	0	0	0	0	0
DIATSA_LOCUS11682	6	6	6	5	5	5
DIATSA_LOCUS11683	0	0	0	0	0	0
DIATSA_LOCUS11684	0	0	0	0	0	0
DIATSA_LOCUS11685	0	0	0	0	0	0
DIATSA_LOCUS11686	2	2	2	2	2	2
DIATSA_LOCUS11687	1	1	1	1	1	1
DIATSA_LOCUS11688	71	71	71	143	144	143
DIATSA_LOCUS11689	106	103	106	248	249	251
DIATSA_LOCUS1169	6	6	6	1	1	2
DIATSA_LOCUS11690	3	3	3	6	7	7
DIATSA_LOCUS11691	0	0	0	0	0	0
DIATSA_LOCUS11692	1	1	1	0	0	0
DIATSA_LOCUS11693	0	0	0	0	0	0
DIATSA_LOCUS11694	30	30	30	38	38	38
DIATSA_LOCUS11695	0	0	0	1	1	1
DIATSA_LOCUS11696	0	0	0	0	0	0
DIATSA_LOCUS11697	0	0	0	0	0	0
DIATSA_LOCUS11698	23	23	23	26	25	25
DIATSA_LOCUS11699	0	0	0	0	0	0
DIATSA_LOCUS117	0	0	0	0	0	0
DIATSA_LOCUS1170	0	0	0	0	0	0
DIATSA_LOCUS11700	0	0	0	0	0	0
DIATSA_LOCUS11701	6	5	5	6	6	6
DIATSA_LOCUS11702	0	0	0	0	0	0
DIATSA_LOCUS11703	0	0	0	0	0	0
DIATSA_LOCUS11704	0	0	0	0	0	0
DIATSA_LOCUS11705	91	93	92	183	181	180
DIATSA_LOCUS11706	64	63	63	120	122	121
DIATSA_LOCUS11707	0	0	0	0	0	0
DIATSA_LOCUS11708	1	1	1	2	2	2
DIATSA_LOCUS11709	0	0	0	0	0	0
DIATSA_LOCUS1171	19	19	20	14	14	14
DIATSA_LOCUS11710	3	3	3	3	4	4
DIATSA_LOCUS11711	3	3	2	2	2	2
DIATSA_LOCUS11712	0	0	0	0	0	0
DIATSA_LOCUS11713	0	0	0	0	0	0
DIATSA_LOCUS11714	1	1	1	0	0	0
DIATSA_LOCUS11715	0	0	0	0	0	0
DIATSA_LOCUS11716	0	0	0	0	0	0
DIATSA_LOCUS11717	0	0	0	0	0	0
DIATSA_LOCUS11718	1	1	1	0	0	0
DIATSA_LOCUS11719	1	1	1	1	1	1
DIATSA_LOCUS1172	0	0	0	0	0	0
DIATSA_LOCUS11720	0	0	0	0	0	0
DIATSA_LOCUS11721	0	0	0	0	0	0
DIATSA_LOCUS11722	0	0	0	0	0	0
DIATSA_LOCUS11723	0	0	0	0	0	0
DIATSA_LOCUS11724	0	0	0	0	0	0
DIATSA_LOCUS11725	0	0	0	0	0	0
DIATSA_LOCUS11726	0	0	0	0	0	0
DIATSA_LOCUS11727	0	0	0	0	0	0
DIATSA_LOCUS11728	0	0	0	0	0	0
DIATSA_LOCUS11729	0	0	0	0	0	0
DIATSA_LOCUS1173	0	0	0	0	0	0
DIATSA_LOCUS11730	2	2	2	1	1	1
DIATSA_LOCUS11731	49	48	48	65	67	66
DIATSA_LOCUS11732	0	0	0	0	0	0
DIATSA_LOCUS11733	70	69	69	81	82	82
DIATSA_LOCUS11734	1	1	1	2	2	2
DIATSA_LOCUS11735	10	9	9	14	15	14
DIATSA_LOCUS11736	5	5	5	7	6	6
DIATSA_LOCUS11737	0	0	0	1	1	1
DIATSA_LOCUS11738	0	0	0	0	0	0
DIATSA_LOCUS11739	3	3	3	2	2	2
DIATSA_LOCUS1174	28	29	29	39	38	38
DIATSA_LOCUS11740	0	0	0	0	0	0
DIATSA_LOCUS11741	0	0	0	0	0	0
DIATSA_LOCUS11742	3	2	2	2	2	2
DIATSA_LOCUS11743	5	5	5	1	1	1
DIATSA_LOCUS11744	2	2	2	1	1	1
DIATSA_LOCUS11745	1	1	1	0	0	0
DIATSA_LOCUS11746	0	0	0	0	0	0
DIATSA_LOCUS11747	0	0	0	0	0	0
DIATSA_LOCUS11748	0	0	0	0	0	0
DIATSA_LOCUS11749	0	0	0	0	0	0
DIATSA_LOCUS1175	16	16	16	9	9	9
DIATSA_LOCUS11750	5	5	5	2	2	2
DIATSA_LOCUS11751	0	0	0	0	0	0
DIATSA_LOCUS11752	0	0	0	0	0	0
DIATSA_LOCUS11753	0	0	0	0	0	0
DIATSA_LOCUS11754	0	0	0	0	0	0
DIATSA_LOCUS11755	0	0	0	0	0	0
DIATSA_LOCUS11756	19	19	19	15	15	15
DIATSA_LOCUS11757	0	0	0	0	0	0
DIATSA_LOCUS11758	0	0	0	0	0	0
DIATSA_LOCUS11759	0	0	0	0	0	0
DIATSA_LOCUS1176	1	1	1	0	0	0
DIATSA_LOCUS11760	0	0	0	0	0	0
DIATSA_LOCUS11761	1	2	2	0	0	0
DIATSA_LOCUS11762	1	1	1	0	0	0
DIATSA_LOCUS11763	0	0	0	0	0	0
DIATSA_LOCUS11764	0	0	0	2	2	2
DIATSA_LOCUS11765	1	1	1	0	0	0
DIATSA_LOCUS11766	0	0	0	0	0	0
DIATSA_LOCUS11767	0	0	0	0	0	0
DIATSA_LOCUS11768	2	2	2	1	1	1
DIATSA_LOCUS11769	0	0	0	0	0	0
DIATSA_LOCUS1177	1	1	1	2	2	2
DIATSA_LOCUS11770	0	0	0	0	0	0
DIATSA_LOCUS11771	0	0	0	0	0	0
DIATSA_LOCUS11772	0	0	0	0	0	0
DIATSA_LOCUS11773	0	1	1	0	0	0
DIATSA_LOCUS11774	0	0	0	0	0	0
DIATSA_LOCUS11775	3	3	3	2	2	2
DIATSA_LOCUS11776	5	5	5	10	10	10
DIATSA_LOCUS11777	1	1	1	0	1	1
DIATSA_LOCUS11778	0	0	0	0	0	0
DIATSA_LOCUS11779	3	2	2	0	0	0
DIATSA_LOCUS1178	2	3	2	4	3	3
DIATSA_LOCUS11780	0	0	0	0	0	0
DIATSA_LOCUS11781	2	2	2	3	3	3
DIATSA_LOCUS11782	19	19	19	25	25	25
DIATSA_LOCUS11783	2	2	2	2	3	2
DIATSA_LOCUS11784	0	0	0	1	1	1
DIATSA_LOCUS11785	0	0	0	0	0	0
DIATSA_LOCUS11786	0	0	0	0	0	0
DIATSA_LOCUS11787	0	0	0	0	0	0
DIATSA_LOCUS11788	0	0	0	0	0	0
DIATSA_LOCUS11789	4	4	4	2	1	2
DIATSA_LOCUS1179	1	0	0	1	1	1
DIATSA_LOCUS11790	0	0	0	0	0	0
DIATSA_LOCUS11791	54	54	54	57	56	57
DIATSA_LOCUS11792	0	0	0	0	0	0
DIATSA_LOCUS11793	0	0	0	0	0	0
DIATSA_LOCUS11794	1	1	1	1	1	1
DIATSA_LOCUS11795	2	2	2	0	0	0
DIATSA_LOCUS11796	3	3	3	5	6	6
DIATSA_LOCUS11797	0	0	0	2	2	2
DIATSA_LOCUS11798	0	0	0	0	0	0
DIATSA_LOCUS11799	1	1	1	0	0	0
DIATSA_LOCUS118	0	0	0	0	0	0
DIATSA_LOCUS1180	0	0	0	0	0	0
DIATSA_LOCUS11800	0	0	0	0	0	0
DIATSA_LOCUS11801	0	0	0	0	0	0
DIATSA_LOCUS11802	0	0	0	0	0	0
DIATSA_LOCUS11803	0	0	0	0	0	0
DIATSA_LOCUS11804	0	0	0	0	0	0
DIATSA_LOCUS11805	5	6	6	8	7	7
DIATSA_LOCUS11806	0	0	0	0	0	0
DIATSA_LOCUS11807	5	5	4	3	4	3
DIATSA_LOCUS11808	0	0	0	0	0	0
DIATSA_LOCUS11809	5	5	5	5	5	5
DIATSA_LOCUS1181	3	3	3	1	1	1
DIATSA_LOCUS11810	0	0	0	0	0	0
DIATSA_LOCUS11811	3	3	3	0	0	0
DIATSA_LOCUS11812	0	0	0	0	0	0
DIATSA_LOCUS11813	0	0	0	0	0	0
DIATSA_LOCUS11814	0	0	0	0	0	0
DIATSA_LOCUS11815	3	3	3	1	1	1
DIATSA_LOCUS11816	11	11	10	5	6	6
DIATSA_LOCUS11817	2	2	2	4	4	4
DIATSA_LOCUS11818	0	0	0	0	0	0
DIATSA_LOCUS11819	0	0	0	0	0	0
DIATSA_LOCUS1182	3	3	3	3	3	3
DIATSA_LOCUS11820	0	0	0	0	0	0
DIATSA_LOCUS11821	0	0	0	0	0	0
DIATSA_LOCUS11822	0	0	0	0	0	0
DIATSA_LOCUS11823	0	0	0	0	0	0
DIATSA_LOCUS11824	0	0	0	0	0	0
DIATSA_LOCUS11825	110	103	106	178	185	189
DIATSA_LOCUS11826	68	69	70	166	160	164
DIATSA_LOCUS11827	9	9	9	10	10	11
DIATSA_LOCUS11828	3	3	3	6	6	6
DIATSA_LOCUS11829	4	4	3	6	6	6
DIATSA_LOCUS1183	0	0	0	0	0	0
DIATSA_LOCUS11830	0	0	0	0	0	0
DIATSA_LOCUS11831	6	6	6	10	10	9
DIATSA_LOCUS11832	0	0	0	1	1	1
DIATSA_LOCUS11833	5	6	6	4	4	4
DIATSA_LOCUS11834	1	1	1	1	1	1
DIATSA_LOCUS11835	0	0	0	0	0	0
DIATSA_LOCUS11836	0	0	0	0	0	0
DIATSA_LOCUS11837	0	0	0	0	0	0
DIATSA_LOCUS11838	0	0	0	0	0	0
DIATSA_LOCUS11839	0	0	0	0	0	0
DIATSA_LOCUS1184	0	0	0	0	0	0
DIATSA_LOCUS11840	26	26	26	27	27	27
DIATSA_LOCUS11841	0	0	0	0	0	0
DIATSA_LOCUS11842	0	0	0	0	0	0
DIATSA_LOCUS11843	2	2	2	1	1	1
DIATSA_LOCUS11844	3	3	3	2	2	2
DIATSA_LOCUS11845	3	3	3	2	1	1
DIATSA_LOCUS11846	4	4	4	3	3	3
DIATSA_LOCUS11847	0	0	0	0	0	0
DIATSA_LOCUS11848	7	8	8	6	6	6
DIATSA_LOCUS11849	0	0	0	0	0	0
DIATSA_LOCUS1185	0	0	0	1	1	1
DIATSA_LOCUS11850	16	15	16	8	8	8
DIATSA_LOCUS11851	11	11	11	23	22	22
DIATSA_LOCUS11852	60	60	60	92	91	92
DIATSA_LOCUS11853	0	0	0	0	0	0
DIATSA_LOCUS11854	5	5	5	3	3	3
DIATSA_LOCUS11855	0	0	0	0	0	0
DIATSA_LOCUS11856	0	0	0	0	0	0
DIATSA_LOCUS11857	0	1	1	0	0	0
DIATSA_LOCUS11858	4	4	4	2	2	2
DIATSA_LOCUS11859	648	664	662	1302	1279	1270
DIATSA_LOCUS1186	0	0	0	0	0	0
DIATSA_LOCUS11860	3	3	3	2	2	2
DIATSA_LOCUS11861	0	0	0	0	0	0
DIATSA_LOCUS11862	0	0	0	0	0	0
DIATSA_LOCUS11863	1	1	1	0	0	0
DIATSA_LOCUS11864	1	1	1	0	0	0
DIATSA_LOCUS11865	0	0	0	0	0	0
DIATSA_LOCUS11866	0	0	0	0	0	0
DIATSA_LOCUS11867	14	14	14	16	17	17
DIATSA_LOCUS11868	1	1	1	1	1	1
DIATSA_LOCUS11869	0	0	0	0	0	0
DIATSA_LOCUS1187	13	13	13	16	17	16
DIATSA_LOCUS11870	21	21	21	21	21	21
DIATSA_LOCUS11871	1	1	1	1	1	1
DIATSA_LOCUS11872	4	3	3	3	4	4
DIATSA_LOCUS11873	0	0	0	0	0	0
DIATSA_LOCUS11874	6	6	6	3	4	3
DIATSA_LOCUS11875	0	0	0	0	0	0
DIATSA_LOCUS11876	0	0	0	0	0	0
DIATSA_LOCUS11877	0	0	0	0	0	0
DIATSA_LOCUS11878	2	2	2	0	0	0
DIATSA_LOCUS11879	0	0	0	0	0	0
DIATSA_LOCUS1188	0	0	0	0	0	0
DIATSA_LOCUS11880	0	0	0	0	0	0
DIATSA_LOCUS11881	1	0	0	1	1	1
DIATSA_LOCUS11882	0	0	0	0	0	0
DIATSA_LOCUS11883	0	0	0	0	0	0
DIATSA_LOCUS11884	7	7	7	10	10	10
DIATSA_LOCUS11885	0	0	0	1	1	1
DIATSA_LOCUS11886	3	3	3	2	2	2
DIATSA_LOCUS11887	9	8	8	6	6	6
DIATSA_LOCUS11888	2	2	2	0	0	0
DIATSA_LOCUS11889	0	0	0	0	0	0
DIATSA_LOCUS1189	0	0	0	0	0	0
DIATSA_LOCUS11890	10	9	9	2	2	2
DIATSA_LOCUS11891	0	0	0	1	1	1
DIATSA_LOCUS11892	0	0	0	0	0	0
DIATSA_LOCUS11893	0	0	0	0	0	0
DIATSA_LOCUS11894	4	4	4	6	6	6
DIATSA_LOCUS11895	0	0	0	0	0	0
DIATSA_LOCUS11896	0	0	0	0	0	0
DIATSA_LOCUS11897	0	0	0	0	0	0
DIATSA_LOCUS11898	0	0	0	0	0	0
DIATSA_LOCUS11899	2	2	2	3	3	3
DIATSA_LOCUS119	9	9	9	8	8	8
DIATSA_LOCUS1190	0	0	0	0	0	0
DIATSA_LOCUS11900	2	2	2	1	1	1
DIATSA_LOCUS11901	0	0	0	0	0	0
DIATSA_LOCUS11902	0	0	0	0	0	0
DIATSA_LOCUS11903	0	0	0	0	0	0
DIATSA_LOCUS11904	2	1	2	0	0	0
DIATSA_LOCUS11905	0	0	0	2	2	2
DIATSA_LOCUS11906	0	0	0	0	0	0
DIATSA_LOCUS11907	2	2	2	1	1	1
DIATSA_LOCUS11908	0	0	0	0	0	0
DIATSA_LOCUS11909	0	0	0	0	0	0
DIATSA_LOCUS1191	0	0	0	1	1	1
DIATSA_LOCUS11910	9	9	9	9	9	9
DIATSA_LOCUS11911	0	0	0	0	0	0
DIATSA_LOCUS11912	1	1	1	1	1	1
DIATSA_LOCUS11913	0	0	0	0	0	0
DIATSA_LOCUS11914	0	0	0	0	0	0
DIATSA_LOCUS11915	4	4	5	4	4	4
DIATSA_LOCUS11916	6	6	6	10	10	10
DIATSA_LOCUS11917	0	0	0	0	0	0
DIATSA_LOCUS11918	8	8	8	4	5	4
DIATSA_LOCUS11919	1	1	1	1	1	1
DIATSA_LOCUS1192	0	0	0	0	0	0
DIATSA_LOCUS11920	0	0	0	0	0	0
DIATSA_LOCUS11921	4	4	4	4	4	4
DIATSA_LOCUS11922	0	0	0	0	0	0
DIATSA_LOCUS11923	5	5	5	4	4	4
DIATSA_LOCUS11924	0	0	0	0	0	0
DIATSA_LOCUS11925	11	11	11	10	11	10
DIATSA_LOCUS11926	0	0	0	0	0	0
DIATSA_LOCUS11927	1	1	1	0	0	0
DIATSA_LOCUS11928	0	0	0	0	0	0
DIATSA_LOCUS11929	0	0	0	0	0	0
DIATSA_LOCUS1193	0	0	0	0	0	0
DIATSA_LOCUS11930	99	100	100	43	43	43
DIATSA_LOCUS11931	0	0	0	0	0	0
DIATSA_LOCUS11932	0	0	0	0	0	0
DIATSA_LOCUS11933	1	1	1	1	1	0
DIATSA_LOCUS11934	0	0	0	0	0	0
DIATSA_LOCUS11935	4	4	5	5	5	5
DIATSA_LOCUS11936	0	0	0	0	0	0
DIATSA_LOCUS11937	5	5	5	3	2	2
DIATSA_LOCUS11938	0	0	0	0	0	0
DIATSA_LOCUS11939	0	0	0	0	0	0
DIATSA_LOCUS1194	0	0	0	0	0	0
DIATSA_LOCUS11940	0	0	0	0	0	0
DIATSA_LOCUS11941	0	0	0	0	0	0
DIATSA_LOCUS11942	1	1	2	1	1	1
DIATSA_LOCUS11943	11	12	12	12	11	12
DIATSA_LOCUS11944	0	0	0	0	0	0
DIATSA_LOCUS11945	0	0	0	0	0	0
DIATSA_LOCUS11946	5	5	5	7	6	6
DIATSA_LOCUS11947	0	0	0	0	0	0
DIATSA_LOCUS11948	0	0	0	0	0	0
DIATSA_LOCUS11949	0	0	0	0	0	0
DIATSA_LOCUS1195	0	0	0	0	0	0
DIATSA_LOCUS11950	0	0	0	0	0	0
DIATSA_LOCUS11951	3	3	3	1	1	1
DIATSA_LOCUS11952	0	0	0	0	0	0
DIATSA_LOCUS11953	0	0	0	0	0	0
DIATSA_LOCUS11954	4	4	4	4	3	3
DIATSA_LOCUS11955	6	6	6	11	11	11
DIATSA_LOCUS11956	0	0	0	0	0	0
DIATSA_LOCUS11957	0	0	0	0	0	0
DIATSA_LOCUS11958	0	0	0	0	0	0
DIATSA_LOCUS11959	2	2	2	2	2	2
DIATSA_LOCUS1196	9	9	9	9	9	9
DIATSA_LOCUS11960	190	188	189	161	162	162
DIATSA_LOCUS11961	7	7	7	5	6	5
DIATSA_LOCUS11962	0	0	0	0	0	0
DIATSA_LOCUS11963	7	7	7	4	4	4
DIATSA_LOCUS11964	0	0	0	0	0	0
DIATSA_LOCUS11965	5	4	4	6	6	6
DIATSA_LOCUS11966	0	0	0	0	0	0
DIATSA_LOCUS11967	0	0	0	0	0	0
DIATSA_LOCUS11968	0	0	0	0	0	0
DIATSA_LOCUS11969	0	0	0	0	0	0
DIATSA_LOCUS1197	0	0	0	0	0	0
DIATSA_LOCUS11970	0	0	0	0	0	0
DIATSA_LOCUS11971	0	0	0	0	0	0
DIATSA_LOCUS11972	2	2	2	0	0	0
DIATSA_LOCUS11973	15	13	13	24	26	27
DIATSA_LOCUS11974	0	0	0	0	0	0
DIATSA_LOCUS11975	0	0	0	0	0	0
DIATSA_LOCUS11976	0	0	0	0	0	0
DIATSA_LOCUS11977	1	1	1	0	0	0
DIATSA_LOCUS11978	0	0	0	0	0	0
DIATSA_LOCUS11979	1	0	0	1	1	1
DIATSA_LOCUS1198	1	1	1	2	2	2
DIATSA_LOCUS11980	3	3	3	5	5	5
DIATSA_LOCUS11981	2	1	1	1	1	1
DIATSA_LOCUS11982	0	0	0	0	0	0
DIATSA_LOCUS11983	0	0	0	2	2	3
DIATSA_LOCUS11984	1	1	1	3	3	3
DIATSA_LOCUS11985	0	1	1	1	0	0
DIATSA_LOCUS11986	0	0	0	0	0	0
DIATSA_LOCUS11987	1	1	1	0	0	0
DIATSA_LOCUS11988	7	7	7	4	4	4
DIATSA_LOCUS11989	0	0	0	0	0	0
DIATSA_LOCUS1199	2	2	2	2	2	2
DIATSA_LOCUS11990	3	4	4	1	1	1
DIATSA_LOCUS11991	0	0	0	0	0	0
DIATSA_LOCUS11992	0	0	0	0	0	0
DIATSA_LOCUS11993	0	0	0	0	0	0
DIATSA_LOCUS11994	0	0	0	0	0	0
DIATSA_LOCUS11995	0	0	0	0	0	0
DIATSA_LOCUS11996	0	0	0	0	0	0
DIATSA_LOCUS11997	0	0	0	0	0	0
DIATSA_LOCUS11998	0	0	0	0	0	0
DIATSA_LOCUS11999	0	0	0	0	0	0
DIATSA_LOCUS12	1	1	0	1	1	1
DIATSA_LOCUS120	0	0	0	0	0	0
DIATSA_LOCUS1200	3	2	2	2	2	2
DIATSA_LOCUS12000	1	1	1	0	1	1
DIATSA_LOCUS12001	0	0	0	0	0	0
DIATSA_LOCUS12002	4	4	4	5	5	5
DIATSA_LOCUS12003	39	40	41	17	17	17
DIATSA_LOCUS12004	0	0	0	0	0	0
DIATSA_LOCUS12005	0	0	0	0	0	0
DIATSA_LOCUS12006	0	0	0	1	0	0
DIATSA_LOCUS12007	15	14	14	11	11	11
DIATSA_LOCUS12008	0	0	0	0	0	0
DIATSA_LOCUS12009	0	0	0	0	0	0
DIATSA_LOCUS1201	0	0	0	0	0	0
DIATSA_LOCUS12010	23	22	23	25	25	26
DIATSA_LOCUS12011	0	0	0	0	0	0
DIATSA_LOCUS12012	0	0	0	1	1	1
DIATSA_LOCUS12013	0	0	0	0	0	0
DIATSA_LOCUS12014	0	0	0	0	0	0
DIATSA_LOCUS12015	1	1	1	1	1	1
DIATSA_LOCUS12016	0	0	0	0	0	0
DIATSA_LOCUS12017	4	5	5	7	6	6
DIATSA_LOCUS12018	14	14	14	15	15	15
DIATSA_LOCUS12019	0	0	0	0	0	0
DIATSA_LOCUS1202	0	0	0	1	1	1
DIATSA_LOCUS12020	0	0	0	0	0	0
DIATSA_LOCUS12021	2	2	2	0	0	0
DIATSA_LOCUS12022	0	0	0	0	0	0
DIATSA_LOCUS12023	1	3	3	1	0	0
DIATSA_LOCUS12024	6	9	9	11	8	8
DIATSA_LOCUS12025	6	7	6	14	14	14
DIATSA_LOCUS12026	0	0	0	0	0	0
DIATSA_LOCUS12027	15	15	15	20	20	20
DIATSA_LOCUS12028	0	0	0	0	0	0
DIATSA_LOCUS12029	4	4	4	1	1	1
DIATSA_LOCUS1203	1	1	1	1	1	1
DIATSA_LOCUS12030	0	0	0	0	0	0
DIATSA_LOCUS12031	0	0	0	0	0	0
DIATSA_LOCUS12032	0	0	0	0	0	0
DIATSA_LOCUS12033	0	0	0	0	0	0
DIATSA_LOCUS12034	0	0	0	0	0	0
DIATSA_LOCUS12035	0	0	0	0	0	0
DIATSA_LOCUS12036	0	0	0	1	1	1
DIATSA_LOCUS12037	2	2	2	5	5	5
DIATSA_LOCUS12038	0	0	0	0	0	0
DIATSA_LOCUS12039	0	0	0	0	0	0
DIATSA_LOCUS1204	0	0	0	0	0	0
DIATSA_LOCUS12040	0	0	0	0	0	0
DIATSA_LOCUS12041	11	11	11	6	6	6
DIATSA_LOCUS12042	0	0	0	0	0	0
DIATSA_LOCUS12043	1	1	1	1	1	1
DIATSA_LOCUS12044	59	59	60	36	35	37
DIATSA_LOCUS12045	0	0	0	1	1	1
DIATSA_LOCUS12046	7	7	7	3	3	3
DIATSA_LOCUS12047	6	6	6	5	5	5
DIATSA_LOCUS12048	8	8	8	12	12	12
DIATSA_LOCUS12049	0	0	0	0	0	0
DIATSA_LOCUS1205	1	1	1	3	4	3
DIATSA_LOCUS12050	3	3	3	4	4	4
DIATSA_LOCUS12051	0	0	0	0	0	0
DIATSA_LOCUS12052	1	1	1	2	2	2
DIATSA_LOCUS12053	1	1	1	0	0	0
DIATSA_LOCUS12054	0	0	0	0	0	0
DIATSA_LOCUS12055	0	1	0	1	1	1
DIATSA_LOCUS12056	0	0	0	0	0	0
DIATSA_LOCUS12057	0	0	0	0	0	0
DIATSA_LOCUS12058	0	0	0	0	0	0
DIATSA_LOCUS12059	0	0	0	0	0	0
DIATSA_LOCUS1206	0	0	0	0	0	0
DIATSA_LOCUS12060	0	0	0	0	0	0
DIATSA_LOCUS12061	0	0	0	0	0	0
DIATSA_LOCUS12062	0	0	0	0	0	0
DIATSA_LOCUS12063	0	0	0	2	2	2
DIATSA_LOCUS12064	0	0	0	0	0	0
DIATSA_LOCUS12065	0	0	0	0	0	0
DIATSA_LOCUS12066	0	0	0	0	0	0
DIATSA_LOCUS12067	0	0	0	0	0	0
DIATSA_LOCUS12068	2	2	2	0	0	0
DIATSA_LOCUS12069	0	0	0	1	1	1
DIATSA_LOCUS1207	0	0	0	0	0	0
DIATSA_LOCUS12070	0	1	1	1	0	0
DIATSA_LOCUS12071	2	2	2	4	4	4
DIATSA_LOCUS12072	0	0	0	0	0	0
DIATSA_LOCUS12073	0	0	0	0	0	0
DIATSA_LOCUS12074	0	0	0	0	0	0
DIATSA_LOCUS12075	0	0	0	0	0	0
DIATSA_LOCUS12076	2	2	2	1	1	1
DIATSA_LOCUS12077	0	0	0	0	0	0
DIATSA_LOCUS12078	0	0	0	0	0	0
DIATSA_LOCUS12079	0	0	0	1	1	1
DIATSA_LOCUS1208	0	0	0	0	0	0
DIATSA_LOCUS12080	3	3	3	1	1	1
DIATSA_LOCUS12081	0	0	0	0	0	0
DIATSA_LOCUS12082	16	17	17	12	11	11
DIATSA_LOCUS12083	0	0	0	1	1	1
DIATSA_LOCUS12084	3	3	3	6	6	6
DIATSA_LOCUS12085	1	2	2	3	3	3
DIATSA_LOCUS12086	27	27	27	28	28	28
DIATSA_LOCUS12087	0	0	0	0	0	0
DIATSA_LOCUS12088	0	0	0	0	0	0
DIATSA_LOCUS12089	4	4	4	6	6	6
DIATSA_LOCUS1209	0	0	0	0	0	0
DIATSA_LOCUS12090	1	1	1	1	1	1
DIATSA_LOCUS12091	0	0	0	0	0	0
DIATSA_LOCUS12092	0	0	0	0	0	0
DIATSA_LOCUS12093	13	14	14	9	8	8
DIATSA_LOCUS12094	0	0	0	0	0	0
DIATSA_LOCUS12095	0	0	0	0	0	0
DIATSA_LOCUS12096	0	0	0	0	0	0
DIATSA_LOCUS12097	0	0	0	0	0	0
DIATSA_LOCUS12098	0	0	0	0	0	0
DIATSA_LOCUS12099	0	0	0	0	0	0
DIATSA_LOCUS121	0	0	0	0	0	0
DIATSA_LOCUS1210	1	1	1	1	1	1
DIATSA_LOCUS12100	0	0	0	0	0	0
DIATSA_LOCUS12101	3	3	3	1	1	1
DIATSA_LOCUS12102	19	19	19	34	34	34
DIATSA_LOCUS12103	4	4	4	5	5	5
DIATSA_LOCUS12104	0	0	0	0	0	0
DIATSA_LOCUS12105	0	1	1	0	0	0
DIATSA_LOCUS12106	0	0	0	0	0	0
DIATSA_LOCUS12107	6	6	6	10	10	10
DIATSA_LOCUS12108	0	0	0	0	0	0
DIATSA_LOCUS12109	0	0	0	0	0	0
DIATSA_LOCUS1211	0	0	0	0	0	0
DIATSA_LOCUS12110	0	0	0	0	0	0
DIATSA_LOCUS12111	0	0	0	0	0	0
DIATSA_LOCUS12112	0	0	0	0	0	0
DIATSA_LOCUS12113	7	7	7	10	10	10
DIATSA_LOCUS12114	8	8	8	6	6	6
DIATSA_LOCUS12115	0	0	0	0	0	0
DIATSA_LOCUS12116	0	0	0	0	0	0
DIATSA_LOCUS12117	0	0	0	0	0	0
DIATSA_LOCUS12118	4	4	4	4	4	4
DIATSA_LOCUS12119	1	1	1	1	0	1
DIATSA_LOCUS1212	18	17	17	17	17	17
DIATSA_LOCUS12120	0	0	0	0	0	0
DIATSA_LOCUS12121	0	0	0	0	0	0
DIATSA_LOCUS12122	0	0	0	0	0	0
DIATSA_LOCUS12123	0	0	0	0	0	0
DIATSA_LOCUS12124	0	0	0	0	0	0
DIATSA_LOCUS12125	0	0	0	0	0	0
DIATSA_LOCUS12126	0	1	1	0	0	0
DIATSA_LOCUS12127	3	3	3	4	4	4
DIATSA_LOCUS12128	1	1	1	1	1	1
DIATSA_LOCUS12129	3	3	3	2	2	2
DIATSA_LOCUS1213	4	4	4	3	3	3
DIATSA_LOCUS12130	26	25	25	18	18	18
DIATSA_LOCUS12131	0	0	0	0	0	0
DIATSA_LOCUS12132	22	22	22	34	34	34
DIATSA_LOCUS12133	7	6	6	7	7	7
DIATSA_LOCUS12134	0	0	0	0	0	0
DIATSA_LOCUS12135	1	1	1	1	1	1
DIATSA_LOCUS12136	0	0	0	0	0	0
DIATSA_LOCUS12137	0	0	0	0	0	0
DIATSA_LOCUS12138	2	2	2	3	3	3
DIATSA_LOCUS12139	0	0	0	0	0	0
DIATSA_LOCUS1214	0	0	0	0	0	0
DIATSA_LOCUS12140	0	0	0	0	0	0
DIATSA_LOCUS12141	0	0	0	0	0	0
DIATSA_LOCUS12142	9	8	8	5	5	5
DIATSA_LOCUS12143	8	8	8	10	10	10
DIATSA_LOCUS12144	8	8	8	10	10	10
DIATSA_LOCUS12145	0	0	0	0	0	0
DIATSA_LOCUS12146	0	0	0	0	0	0
DIATSA_LOCUS12147	0	0	0	0	0	0
DIATSA_LOCUS12148	0	0	0	0	0	0
DIATSA_LOCUS12149	2	2	2	4	4	4
DIATSA_LOCUS1215	1	1	1	3	2	2
DIATSA_LOCUS12150	6	6	6	6	6	6
DIATSA_LOCUS12151	0	0	0	0	0	0
DIATSA_LOCUS12152	0	0	0	0	0	0
DIATSA_LOCUS12153	0	0	0	0	0	0
DIATSA_LOCUS12154	4	4	4	2	2	2
DIATSA_LOCUS12155	0	0	0	0	0	0
DIATSA_LOCUS12156	0	0	0	0	0	0
DIATSA_LOCUS12157	0	0	0	0	0	0
DIATSA_LOCUS12158	2	2	2	0	0	0
DIATSA_LOCUS12159	0	0	0	0	0	0
DIATSA_LOCUS1216	0	0	0	0	0	0
DIATSA_LOCUS12160	1	1	1	3	3	3
DIATSA_LOCUS12161	0	0	0	1	1	1
DIATSA_LOCUS12162	0	0	0	0	0	0
DIATSA_LOCUS12163	1	1	1	0	0	0
DIATSA_LOCUS12164	0	0	0	0	0	0
DIATSA_LOCUS12165	4	4	4	4	4	4
DIATSA_LOCUS12166	7	7	7	7	7	7
DIATSA_LOCUS12167	4	4	4	6	7	6
DIATSA_LOCUS12168	5	5	5	5	5	5
DIATSA_LOCUS12169	0	0	0	0	0	0
DIATSA_LOCUS1217	12	13	13	5	5	5
DIATSA_LOCUS12170	0	0	0	0	0	0
DIATSA_LOCUS12171	0	0	0	0	0	0
DIATSA_LOCUS12172	0	0	0	0	0	0
DIATSA_LOCUS12173	4	4	5	6	5	6
DIATSA_LOCUS12174	2	2	2	1	1	1
DIATSA_LOCUS12175	2	2	2	2	2	2
DIATSA_LOCUS12176	0	0	0	0	0	0
DIATSA_LOCUS12177	0	0	0	0	0	0
DIATSA_LOCUS12178	0	0	0	0	0	0
DIATSA_LOCUS12179	1	1	1	1	1	1
DIATSA_LOCUS1218	0	0	0	0	0	0
DIATSA_LOCUS12180	0	0	0	0	0	0
DIATSA_LOCUS12181	0	0	0	0	0	0
DIATSA_LOCUS12182	0	0	0	2	2	3
DIATSA_LOCUS12183	0	0	0	0	0	0
DIATSA_LOCUS12184	0	0	0	0	0	0
DIATSA_LOCUS12185	1	1	2	4	4	4
DIATSA_LOCUS12186	16	16	15	17	18	18
DIATSA_LOCUS12187	501	497	502	577	577	580
DIATSA_LOCUS12188	36	35	35	24	25	25
DIATSA_LOCUS12189	1	2	2	1	1	1
DIATSA_LOCUS1219	357	359	358	654	651	650
DIATSA_LOCUS12190	0	0	0	0	0	0
DIATSA_LOCUS12191	0	0	0	0	0	0
DIATSA_LOCUS12192	0	0	0	2	2	2
DIATSA_LOCUS12193	0	0	0	0	0	0
DIATSA_LOCUS12194	0	0	0	0	0	0
DIATSA_LOCUS12195	0	0	0	0	0	0
DIATSA_LOCUS12196	0	0	0	0	0	0
DIATSA_LOCUS12197	0	0	0	0	0	0
DIATSA_LOCUS12198	0	0	0	0	0	0
DIATSA_LOCUS12199	5	5	5	6	6	6
DIATSA_LOCUS122	65	65	65	44	44	44
DIATSA_LOCUS1220	3	3	3	3	3	3
DIATSA_LOCUS12200	3	3	3	3	3	3
DIATSA_LOCUS12201	0	0	0	0	0	0
DIATSA_LOCUS12202	1	1	1	1	1	1
DIATSA_LOCUS12203	9	9	9	8	7	8
DIATSA_LOCUS12204	41	40	40	47	48	48
DIATSA_LOCUS12205	0	0	0	0	0	0
DIATSA_LOCUS12206	2	2	2	0	0	0
DIATSA_LOCUS12207	0	0	0	0	0	0
DIATSA_LOCUS12208	0	0	0	0	0	0
DIATSA_LOCUS12209	0	0	0	0	0	0
DIATSA_LOCUS1221	0	0	0	0	0	0
DIATSA_LOCUS12210	1	1	1	3	3	3
DIATSA_LOCUS12211	1	1	1	1	1	1
DIATSA_LOCUS12212	9	9	9	20	21	21
DIATSA_LOCUS12213	0	0	0	0	0	0
DIATSA_LOCUS12214	0	0	0	0	0	0
DIATSA_LOCUS12215	1	1	1	1	1	1
DIATSA_LOCUS12216	0	0	0	0	0	0
DIATSA_LOCUS12217	13	14	14	12	11	11
DIATSA_LOCUS12218	0	0	0	0	0	0
DIATSA_LOCUS12219	0	0	0	0	0	0
DIATSA_LOCUS1222	0	0	0	0	0	0
DIATSA_LOCUS12220	0	0	0	0	0	0
DIATSA_LOCUS12221	0	0	0	0	0	0
DIATSA_LOCUS12222	0	0	0	0	0	0
DIATSA_LOCUS12223	0	0	0	3	3	3
DIATSA_LOCUS12224	11	12	12	21	20	20
DIATSA_LOCUS12225	0	0	0	0	0	0
DIATSA_LOCUS12226	1	1	1	0	0	0
DIATSA_LOCUS12227	0	0	0	1	1	1
DIATSA_LOCUS12228	1	1	1	2	2	2
DIATSA_LOCUS12229	0	0	0	0	0	0
DIATSA_LOCUS1223	0	0	0	0	0	0
DIATSA_LOCUS12230	0	0	0	0	0	0
DIATSA_LOCUS12231	0	0	0	0	0	0
DIATSA_LOCUS12232	0	0	0	0	0	0
DIATSA_LOCUS12233	0	0	0	3	4	4
DIATSA_LOCUS12234	3	3	3	0	0	0
DIATSA_LOCUS12235	0	0	0	0	0	0
DIATSA_LOCUS12236	0	0	0	0	0	0
DIATSA_LOCUS12237	0	0	0	0	0	0
DIATSA_LOCUS12238	0	0	0	0	0	0
DIATSA_LOCUS12239	0	0	0	0	0	0
DIATSA_LOCUS1224	0	0	0	0	0	0
DIATSA_LOCUS12240	0	0	0	0	0	0
DIATSA_LOCUS12241	0	0	0	0	0	0
DIATSA_LOCUS12242	0	0	0	0	0	0
DIATSA_LOCUS12243	0	0	0	0	0	0
DIATSA_LOCUS12244	0	0	0	0	0	0
DIATSA_LOCUS12245	0	0	0	0	0	0
DIATSA_LOCUS12246	0	0	0	0	0	0
DIATSA_LOCUS12247	0	0	0	0	0	0
DIATSA_LOCUS12248	0	0	0	0	0	0
DIATSA_LOCUS12249	1	0	0	0	0	0
DIATSA_LOCUS1225	0	0	0	0	0	0
DIATSA_LOCUS12250	0	0	0	0	0	0
DIATSA_LOCUS12251	0	0	0	0	0	0
DIATSA_LOCUS12252	8	9	9	3	3	3
DIATSA_LOCUS12253	0	0	0	0	0	0
DIATSA_LOCUS12254	0	0	0	0	0	0
DIATSA_LOCUS12255	0	0	0	0	0	0
DIATSA_LOCUS12256	3	3	3	2	2	2
DIATSA_LOCUS12257	0	0	0	0	0	0
DIATSA_LOCUS12258	4	4	4	3	3	3
DIATSA_LOCUS12259	2	3	3	1	1	1
DIATSA_LOCUS1226	26	25	26	40	40	43
DIATSA_LOCUS12260	0	0	0	0	0	0
DIATSA_LOCUS12261	28	27	28	35	36	36
DIATSA_LOCUS12262	0	0	0	0	0	0
DIATSA_LOCUS12263	1	1	1	1	1	1
DIATSA_LOCUS12264	3	3	3	3	3	3
DIATSA_LOCUS12265	1919	1940	1985	3767	3649	3708
DIATSA_LOCUS12266	1	1	1	0	0	0
DIATSA_LOCUS12267	4	4	4	2	2	2
DIATSA_LOCUS12268	0	0	0	0	0	0
DIATSA_LOCUS12269	2	2	2	0	0	0
DIATSA_LOCUS1227	6	6	6	3	3	3
DIATSA_LOCUS12270	0	0	0	0	0	0
DIATSA_LOCUS12271	24	23	23	29	30	30
DIATSA_LOCUS12272	8	8	8	4	3	3
DIATSA_LOCUS12273	19	19	19	9	8	8
DIATSA_LOCUS12274	26	28	29	25	23	23
DIATSA_LOCUS12275	0	0	0	0	1	1
DIATSA_LOCUS12276	21	21	22	15	14	15
DIATSA_LOCUS12277	0	0	0	0	0	0
DIATSA_LOCUS12278	0	0	0	0	0	0
DIATSA_LOCUS12279	0	0	0	1	1	1
DIATSA_LOCUS1228	0	0	0	0	0	0
DIATSA_LOCUS12280	0	0	0	0	0	0
DIATSA_LOCUS12281	3	3	3	2	3	3
DIATSA_LOCUS12282	5	4	4	6	6	6
DIATSA_LOCUS12283	0	0	0	0	0	0
DIATSA_LOCUS12284	0	0	0	0	0	0
DIATSA_LOCUS12285	20	21	21	31	30	30
DIATSA_LOCUS12286	1	1	1	1	2	2
DIATSA_LOCUS12287	0	0	0	0	0	0
DIATSA_LOCUS12288	0	0	0	0	0	0
DIATSA_LOCUS12289	3	2	2	2	2	2
DIATSA_LOCUS1229	6	6	6	4	4	4
DIATSA_LOCUS12290	30	28	28	37	39	39
DIATSA_LOCUS12291	0	0	0	0	0	0
DIATSA_LOCUS12292	0	0	0	0	0	0
DIATSA_LOCUS12293	0	0	0	0	0	0
DIATSA_LOCUS12294	0	0	0	0	0	0
DIATSA_LOCUS12295	1	1	1	1	1	1
DIATSA_LOCUS12296	31	31	30	37	37	37
DIATSA_LOCUS12297	14	14	14	8	8	8
DIATSA_LOCUS12298	0	0	0	0	0	0
DIATSA_LOCUS12299	0	0	0	0	0	0
DIATSA_LOCUS123	1	1	2	0	0	0
DIATSA_LOCUS1230	0	0	0	0	0	0
DIATSA_LOCUS12300	4	4	4	6	6	6
DIATSA_LOCUS12301	0	0	0	0	0	0
DIATSA_LOCUS12302	1	1	1	0	0	0
DIATSA_LOCUS12303	0	1	0	1	1	1
DIATSA_LOCUS12304	38	37	37	38	39	39
DIATSA_LOCUS12305	15	15	15	12	12	12
DIATSA_LOCUS12306	55	55	55	90	91	90
DIATSA_LOCUS12307	0	0	0	0	0	0
DIATSA_LOCUS12308	1	1	1	0	0	0
DIATSA_LOCUS12309	5	5	5	6	6	6
DIATSA_LOCUS1231	11	11	12	13	13	13
DIATSA_LOCUS12310	3	4	4	2	1	1
DIATSA_LOCUS12311	0	0	0	0	0	0
DIATSA_LOCUS12312	0	0	0	0	0	0
DIATSA_LOCUS12313	1	1	1	0	0	0
DIATSA_LOCUS12314	1	1	1	0	0	0
DIATSA_LOCUS12315	115	115	114	99	99	99
DIATSA_LOCUS12316	21	22	22	22	21	21
DIATSA_LOCUS12317	184	184	184	183	185	183
DIATSA_LOCUS12318	309	304	306	209	211	212
DIATSA_LOCUS12319	28	28	28	30	29	29
DIATSA_LOCUS1232	0	0	0	0	0	0
DIATSA_LOCUS12320	33	33	33	34	33	33
DIATSA_LOCUS12321	25	25	25	15	15	15
DIATSA_LOCUS12322	8	8	8	5	5	5
DIATSA_LOCUS12323	13	14	14	8	8	8
DIATSA_LOCUS12324	0	0	0	0	1	1
DIATSA_LOCUS12325	112	110	110	97	99	99
DIATSA_LOCUS12326	2	2	3	2	2	2
DIATSA_LOCUS12327	7	6	6	2	2	2
DIATSA_LOCUS12328	0	0	0	0	0	0
DIATSA_LOCUS12329	0	0	0	1	1	1
DIATSA_LOCUS1233	8	8	8	13	14	14
DIATSA_LOCUS12330	15	16	16	28	27	27
DIATSA_LOCUS12331	0	0	0	0	0	0
DIATSA_LOCUS12332	6	6	6	7	8	8
DIATSA_LOCUS12333	3	4	4	2	2	2
DIATSA_LOCUS12334	0	0	0	0	0	0
DIATSA_LOCUS12335	3	3	3	3	3	3
DIATSA_LOCUS12336	19	19	19	29	29	29
DIATSA_LOCUS12337	5	5	5	10	10	10
DIATSA_LOCUS12338	15	16	16	24	23	23
DIATSA_LOCUS12339	2	2	2	4	4	4
DIATSA_LOCUS1234	0	0	0	0	0	0
DIATSA_LOCUS12340	6	6	6	5	5	5
DIATSA_LOCUS12341	0	0	0	0	0	0
DIATSA_LOCUS12342	3	3	3	1	1	1
DIATSA_LOCUS12343	0	0	0	0	0	0
DIATSA_LOCUS12344	12	12	12	17	17	17
DIATSA_LOCUS12345	7	7	7	5	6	6
DIATSA_LOCUS12346	0	0	0	0	0	0
DIATSA_LOCUS12347	7	7	7	4	4	4
DIATSA_LOCUS12348	0	0	0	0	0	0
DIATSA_LOCUS12349	0	0	0	0	0	0
DIATSA_LOCUS1235	0	0	0	0	0	0
DIATSA_LOCUS12350	0	0	0	0	0	0
DIATSA_LOCUS12351	4	4	4	5	5	5
DIATSA_LOCUS12352	0	0	0	0	0	0
DIATSA_LOCUS12353	13	14	14	20	19	19
DIATSA_LOCUS12354	14	15	15	17	16	16
DIATSA_LOCUS12355	0	0	0	0	0	0
DIATSA_LOCUS12356	0	0	0	0	0	0
DIATSA_LOCUS12357	1	1	1	3	3	3
DIATSA_LOCUS12358	100	99	99	134	135	135
DIATSA_LOCUS12359	122	128	127	317	306	303
DIATSA_LOCUS1236	0	0	0	1	1	1
DIATSA_LOCUS12360	0	0	0	0	0	0
DIATSA_LOCUS12361	1	1	1	1	1	1
DIATSA_LOCUS12362	16	15	16	20	20	20
DIATSA_LOCUS12363	0	0	0	0	0	0
DIATSA_LOCUS12364	2	2	2	2	2	2
DIATSA_LOCUS12365	0	0	0	0	0	0
DIATSA_LOCUS12366	1	1	1	1	1	1
DIATSA_LOCUS12367	2	3	3	3	3	3
DIATSA_LOCUS12368	15	15	15	7	7	7
DIATSA_LOCUS12369	1	1	1	1	1	1
DIATSA_LOCUS1237	0	0	0	1	1	1
DIATSA_LOCUS12370	8	8	8	6	6	6
DIATSA_LOCUS12371	0	0	0	0	0	0
DIATSA_LOCUS12372	0	0	0	0	0	0
DIATSA_LOCUS12373	3	3	3	0	0	0
DIATSA_LOCUS12374	3	3	3	1	2	2
DIATSA_LOCUS12375	2	2	2	4	4	4
DIATSA_LOCUS12376	0	0	0	0	0	0
DIATSA_LOCUS12377	3	3	3	3	3	3
DIATSA_LOCUS12378	0	0	0	0	0	0
DIATSA_LOCUS12379	3	3	3	1	1	1
DIATSA_LOCUS1238	22	22	22	45	45	44
DIATSA_LOCUS12380	0	0	0	0	0	0
DIATSA_LOCUS12381	0	1	1	0	0	0
DIATSA_LOCUS12382	3	4	4	1	1	1
DIATSA_LOCUS12383	2	2	2	1	1	1
DIATSA_LOCUS12384	0	0	0	0	0	0
DIATSA_LOCUS12385	0	0	0	0	0	0
DIATSA_LOCUS12386	0	0	0	1	1	1
DIATSA_LOCUS12387	5	5	5	8	8	8
DIATSA_LOCUS12388	0	0	0	0	0	0
DIATSA_LOCUS12389	0	0	0	0	0	0
DIATSA_LOCUS1239	0	0	0	0	0	0
DIATSA_LOCUS12390	6	5	5	3	3	3
DIATSA_LOCUS12391	0	0	0	0	0	0
DIATSA_LOCUS12392	8	7	7	13	14	13
DIATSA_LOCUS12393	0	0	0	0	0	0
DIATSA_LOCUS12394	0	0	0	0	0	0
DIATSA_LOCUS12395	2	2	2	2	2	2
DIATSA_LOCUS12396	1	1	1	0	0	0
DIATSA_LOCUS12397	3	3	3	6	6	6
DIATSA_LOCUS12398	2	3	3	0	0	0
DIATSA_LOCUS12399	7	7	7	5	5	5
DIATSA_LOCUS124	0	0	0	0	0	0
DIATSA_LOCUS1240	33	32	33	38	38	38
DIATSA_LOCUS12400	153	156	156	140	137	137
DIATSA_LOCUS12401	0	0	0	0	0	0
DIATSA_LOCUS12402	0	0	0	0	0	0
DIATSA_LOCUS12403	27	27	27	13	13	13
DIATSA_LOCUS12404	1	2	2	0	0	0
DIATSA_LOCUS12405	2	2	2	6	6	6
DIATSA_LOCUS12406	3	3	3	4	3	3
DIATSA_LOCUS12407	29	29	29	59	59	59
DIATSA_LOCUS12408	1	1	1	2	2	2
DIATSA_LOCUS12409	3	3	2	2	3	3
DIATSA_LOCUS1241	0	0	0	0	0	0
DIATSA_LOCUS12410	0	0	0	0	0	0
DIATSA_LOCUS12411	0	0	0	0	0	0
DIATSA_LOCUS12412	1	1	1	3	3	2
DIATSA_LOCUS12413	0	0	0	0	0	0
DIATSA_LOCUS12414	0	0	0	0	0	0
DIATSA_LOCUS12415	0	0	0	0	0	0
DIATSA_LOCUS12416	2	2	2	3	2	2
DIATSA_LOCUS12417	8	8	8	9	9	9
DIATSA_LOCUS12418	0	0	0	0	0	0
DIATSA_LOCUS12419	0	0	0	0	0	0
DIATSA_LOCUS1242	23	23	23	20	21	21
DIATSA_LOCUS12420	12	12	12	19	19	20
DIATSA_LOCUS12421	0	0	0	0	0	0
DIATSA_LOCUS12422	6	6	6	12	12	12
DIATSA_LOCUS12423	5	5	5	8	8	7
DIATSA_LOCUS12424	0	0	0	0	0	0
DIATSA_LOCUS12425	0	0	0	0	0	0
DIATSA_LOCUS12426	303	301	302	437	439	439
DIATSA_LOCUS12427	1	1	1	0	0	0
DIATSA_LOCUS12428	6	6	6	10	9	9
DIATSA_LOCUS12429	0	0	0	0	0	0
DIATSA_LOCUS1243	2	2	2	4	4	4
DIATSA_LOCUS12430	6	5	5	5	5	5
DIATSA_LOCUS12431	4	4	4	5	5	4
DIATSA_LOCUS12432	151	153	153	195	193	192
DIATSA_LOCUS12433	0	0	0	0	0	0
DIATSA_LOCUS12434	1	1	1	1	2	2
DIATSA_LOCUS12435	5	5	5	4	4	4
DIATSA_LOCUS12436	0	0	0	0	0	0
DIATSA_LOCUS12437	0	0	0	0	0	0
DIATSA_LOCUS12438	77	78	78	85	84	85
DIATSA_LOCUS12439	1	1	1	1	1	1
DIATSA_LOCUS1244	21	23	23	29	28	27
DIATSA_LOCUS12440	0	0	0	0	0	0
DIATSA_LOCUS12441	0	0	0	0	0	0
DIATSA_LOCUS12442	49	47	47	52	54	54
DIATSA_LOCUS12443	0	0	0	0	0	0
DIATSA_LOCUS12444	0	0	0	0	0	0
DIATSA_LOCUS12445	14	14	14	16	16	16
DIATSA_LOCUS12446	6	6	6	1	2	2
DIATSA_LOCUS12447	6	7	7	5	5	5
DIATSA_LOCUS12448	12	13	13	10	10	10
DIATSA_LOCUS12449	11	11	11	13	12	12
DIATSA_LOCUS1245	0	0	0	0	0	0
DIATSA_LOCUS12450	0	0	0	0	0	0
DIATSA_LOCUS12451	5	5	5	6	7	7
DIATSA_LOCUS12452	0	0	0	0	0	0
DIATSA_LOCUS12453	0	0	0	0	0	0
DIATSA_LOCUS12454	4	4	4	6	6	6
DIATSA_LOCUS12455	6	6	6	4	4	4
DIATSA_LOCUS12456	1	1	1	3	3	3
DIATSA_LOCUS12457	1	1	1	2	2	2
DIATSA_LOCUS12458	0	0	0	0	0	0
DIATSA_LOCUS12459	0	0	0	0	0	0
DIATSA_LOCUS1246	5	6	6	4	4	3
DIATSA_LOCUS12460	0	0	0	0	0	0
DIATSA_LOCUS12461	0	0	0	0	0	0
DIATSA_LOCUS12462	0	0	0	0	0	0
DIATSA_LOCUS12463	0	0	0	0	0	0
DIATSA_LOCUS12464	5	5	5	4	4	4
DIATSA_LOCUS12465	0	0	0	0	0	0
DIATSA_LOCUS12466	0	0	0	0	0	0
DIATSA_LOCUS12467	12	11	11	16	17	17
DIATSA_LOCUS12468	2	1	1	1	1	1
DIATSA_LOCUS12469	13	13	13	21	21	21
DIATSA_LOCUS1247	28	27	28	32	32	33
DIATSA_LOCUS12470	0	0	0	0	0	0
DIATSA_LOCUS12471	0	0	0	0	0	0
DIATSA_LOCUS12472	0	0	0	0	0	0
DIATSA_LOCUS12473	0	0	0	0	0	0
DIATSA_LOCUS12474	0	0	0	0	0	0
DIATSA_LOCUS12475	0	0	0	0	0	0
DIATSA_LOCUS12476	0	0	0	0	0	0
DIATSA_LOCUS12477	0	0	0	0	0	0
DIATSA_LOCUS12478	20	21	21	16	15	15
DIATSA_LOCUS12479	0	0	0	0	0	0
DIATSA_LOCUS1248	0	0	0	0	0	0
DIATSA_LOCUS12480	6	6	6	1	1	1
DIATSA_LOCUS12481	5	5	5	1	1	1
DIATSA_LOCUS12482	0	0	0	0	0	0
DIATSA_LOCUS12483	2	2	2	4	5	4
DIATSA_LOCUS12484	0	0	0	0	0	0
DIATSA_LOCUS12485	3	3	3	4	4	4
DIATSA_LOCUS12486	0	0	0	0	0	0
DIATSA_LOCUS12487	0	0	0	0	0	0
DIATSA_LOCUS12488	0	0	0	0	0	0
DIATSA_LOCUS12489	0	0	0	0	0	0
DIATSA_LOCUS1249	1	1	1	2	2	2
DIATSA_LOCUS12490	0	0	0	0	0	0
DIATSA_LOCUS12491	0	0	0	0	0	0
DIATSA_LOCUS12492	13	12	12	13	14	14
DIATSA_LOCUS12493	0	0	0	0	0	0
DIATSA_LOCUS12494	2	2	2	2	2	2
DIATSA_LOCUS12495	6	6	6	13	13	13
DIATSA_LOCUS12496	1	1	1	0	0	0
DIATSA_LOCUS12497	0	0	0	0	0	0
DIATSA_LOCUS12498	1	1	1	1	1	1
DIATSA_LOCUS12499	20	19	19	19	19	19
DIATSA_LOCUS125	0	0	0	0	0	0
DIATSA_LOCUS1250	0	0	0	0	0	0
DIATSA_LOCUS12500	0	0	0	0	0	0
DIATSA_LOCUS12501	0	0	0	0	0	0
DIATSA_LOCUS12502	0	0	0	0	0	0
DIATSA_LOCUS12503	7	8	8	10	10	10
DIATSA_LOCUS12504	4	4	4	2	2	2
DIATSA_LOCUS12505	0	0	0	0	0	0
DIATSA_LOCUS12506	26	28	27	20	20	20
DIATSA_LOCUS12507	0	0	0	0	1	1
DIATSA_LOCUS12508	8	8	8	6	6	6
DIATSA_LOCUS12509	7	8	8	10	10	10
DIATSA_LOCUS1251	1	1	1	1	1	1
DIATSA_LOCUS12510	9	9	9	5	4	4
DIATSA_LOCUS12511	1	1	1	0	0	0
DIATSA_LOCUS12512	53	53	53	54	54	53
DIATSA_LOCUS12513	5	5	5	8	8	8
DIATSA_LOCUS12514	0	0	0	0	0	0
DIATSA_LOCUS12515	11	11	11	13	13	13
DIATSA_LOCUS12516	16	16	16	16	16	16
DIATSA_LOCUS12517	2	3	2	5	4	4
DIATSA_LOCUS12518	0	0	0	0	0	0
DIATSA_LOCUS12519	0	0	0	0	0	0
DIATSA_LOCUS1252	0	0	0	0	0	0
DIATSA_LOCUS12520	0	0	0	0	0	0
DIATSA_LOCUS12521	0	0	0	0	0	0
DIATSA_LOCUS12522	0	0	0	0	0	0
DIATSA_LOCUS12523	0	0	0	0	0	0
DIATSA_LOCUS12524	4	4	4	1	1	1
DIATSA_LOCUS12525	0	0	0	0	0	0
DIATSA_LOCUS12526	0	0	0	0	0	0
DIATSA_LOCUS12527	0	0	0	0	0	0
DIATSA_LOCUS12528	2	2	2	1	1	1
DIATSA_LOCUS12529	5	6	6	5	5	5
DIATSA_LOCUS1253	13	13	13	36	35	35
DIATSA_LOCUS12530	0	0	0	0	0	0
DIATSA_LOCUS12531	0	0	0	0	0	0
DIATSA_LOCUS12532	0	0	0	0	0	0
DIATSA_LOCUS12533	0	0	0	0	0	0
DIATSA_LOCUS12534	1	1	1	2	2	2
DIATSA_LOCUS12535	0	0	0	0	0	0
DIATSA_LOCUS12536	10	10	10	4	4	4
DIATSA_LOCUS12537	11	11	11	8	7	7
DIATSA_LOCUS12538	0	0	0	0	0	0
DIATSA_LOCUS12539	2	2	2	2	2	2
DIATSA_LOCUS1254	0	0	0	0	0	0
DIATSA_LOCUS12540	8	9	9	18	18	17
DIATSA_LOCUS12541	0	0	0	0	0	0
DIATSA_LOCUS12542	0	0	0	0	0	0
DIATSA_LOCUS12543	2	2	2	1	1	1
DIATSA_LOCUS12544	1	0	0	1	1	1
DIATSA_LOCUS12545	2	2	2	2	2	2
DIATSA_LOCUS12546	1	1	1	0	0	0
DIATSA_LOCUS12547	0	0	0	0	0	0
DIATSA_LOCUS12548	22	23	23	50	48	48
DIATSA_LOCUS12549	4	5	5	3	2	3
DIATSA_LOCUS1255	0	0	0	0	0	0
DIATSA_LOCUS12550	3	3	3	1	1	1
DIATSA_LOCUS12551	2	2	2	2	2	2
DIATSA_LOCUS12552	1	1	1	0	0	0
DIATSA_LOCUS12553	6	5	5	4	4	4
DIATSA_LOCUS12554	450	440	441	680	693	694
DIATSA_LOCUS12555	2	2	2	2	2	2
DIATSA_LOCUS12556	0	0	0	0	0	0
DIATSA_LOCUS12557	0	0	0	0	0	0
DIATSA_LOCUS12558	1	1	1	1	1	1
DIATSA_LOCUS12559	0	0	0	0	0	0
DIATSA_LOCUS1256	1	1	1	1	1	1
DIATSA_LOCUS12560	0	0	0	0	0	0
DIATSA_LOCUS12561	0	0	0	0	0	0
DIATSA_LOCUS12562	0	0	0	0	0	0
DIATSA_LOCUS12563	4	4	4	1	1	1
DIATSA_LOCUS12564	0	0	0	0	0	0
DIATSA_LOCUS12565	4	4	4	9	9	9
DIATSA_LOCUS12566	0	0	0	0	0	0
DIATSA_LOCUS12567	1	1	1	1	1	1
DIATSA_LOCUS12568	2	2	2	0	0	0
DIATSA_LOCUS12569	2	2	2	1	1	1
DIATSA_LOCUS1257	0	0	0	0	0	0
DIATSA_LOCUS12570	9	9	9	10	10	10
DIATSA_LOCUS12571	0	0	0	0	0	0
DIATSA_LOCUS12572	0	0	0	0	0	0
DIATSA_LOCUS12573	1	1	1	2	2	2
DIATSA_LOCUS12574	0	0	0	0	0	0
DIATSA_LOCUS12575	5	5	5	3	2	2
DIATSA_LOCUS12576	3	3	3	1	1	1
DIATSA_LOCUS12577	0	0	0	0	0	0
DIATSA_LOCUS12578	0	0	0	0	0	0
DIATSA_LOCUS12579	0	0	0	0	0	0
DIATSA_LOCUS1258	5	5	5	5	5	5
DIATSA_LOCUS12580	2	2	2	2	2	2
DIATSA_LOCUS12581	6	6	6	10	10	10
DIATSA_LOCUS12582	1	1	1	0	0	0
DIATSA_LOCUS12583	0	0	0	0	0	0
DIATSA_LOCUS12584	2	2	2	3	3	3
DIATSA_LOCUS12585	0	0	0	0	0	0
DIATSA_LOCUS12586	0	0	0	0	0	0
DIATSA_LOCUS12587	0	0	0	0	0	0
DIATSA_LOCUS12588	0	0	0	0	0	0
DIATSA_LOCUS12589	2	2	2	4	3	3
DIATSA_LOCUS1259	44	43	43	45	46	47
DIATSA_LOCUS12590	34	34	34	44	45	44
DIATSA_LOCUS12591	5	4	4	5	5	5
DIATSA_LOCUS12592	0	0	0	0	0	0
DIATSA_LOCUS12593	0	0	0	0	1	1
DIATSA_LOCUS12594	0	0	0	0	0	0
DIATSA_LOCUS12595	2	2	2	2	2	2
DIATSA_LOCUS12596	0	0	0	0	0	0
DIATSA_LOCUS12597	0	0	0	1	1	1
DIATSA_LOCUS12598	0	0	0	0	0	0
DIATSA_LOCUS12599	0	0	0	0	0	0
DIATSA_LOCUS126	0	0	0	0	0	0
DIATSA_LOCUS1260	0	0	0	0	0	0
DIATSA_LOCUS12600	1	1	0	1	1	2
DIATSA_LOCUS12601	2	2	2	1	1	1
DIATSA_LOCUS12602	9	9	9	5	5	5
DIATSA_LOCUS12603	5	5	5	3	2	2
DIATSA_LOCUS12604	1	1	1	1	1	1
DIATSA_LOCUS12605	1	1	1	3	3	3
DIATSA_LOCUS12606	12	12	12	16	15	15
DIATSA_LOCUS12607	0	0	0	0	0	0
DIATSA_LOCUS12608	0	0	0	0	0	0
DIATSA_LOCUS12609	0	0	0	0	0	0
DIATSA_LOCUS1261	0	0	0	0	0	0
DIATSA_LOCUS12610	0	0	0	0	0	0
DIATSA_LOCUS12611	0	0	0	0	0	0
DIATSA_LOCUS12612	0	0	0	0	0	0
DIATSA_LOCUS12613	12	11	11	6	7	7
DIATSA_LOCUS12614	14	15	15	12	12	12
DIATSA_LOCUS12615	583	592	597	1277	1246	1257
DIATSA_LOCUS12616	5	6	6	4	3	3
DIATSA_LOCUS12617	3	3	3	2	2	2
DIATSA_LOCUS12618	0	0	0	0	0	0
DIATSA_LOCUS12619	0	0	0	0	0	0
DIATSA_LOCUS1262	3	4	4	5	5	5
DIATSA_LOCUS12620	0	0	0	0	0	0
DIATSA_LOCUS12621	3	3	3	2	2	2
DIATSA_LOCUS12622	161	168	168	240	231	231
DIATSA_LOCUS12623	0	0	0	0	0	0
DIATSA_LOCUS12624	6	6	6	4	4	4
DIATSA_LOCUS12625	0	0	0	0	0	0
DIATSA_LOCUS12626	1	0	0	0	0	0
DIATSA_LOCUS12627	0	0	0	0	0	0
DIATSA_LOCUS12628	11	11	11	7	7	7
DIATSA_LOCUS12629	3	3	3	4	4	4
DIATSA_LOCUS1263	45	46	46	61	60	60
DIATSA_LOCUS12630	0	0	0	0	0	0
DIATSA_LOCUS12631	0	0	0	0	0	0
DIATSA_LOCUS12632	36	35	35	55	56	57
DIATSA_LOCUS12633	3	3	3	2	2	3
DIATSA_LOCUS12634	40	39	39	36	38	37
DIATSA_LOCUS12635	1	0	0	0	1	1
DIATSA_LOCUS12636	0	0	0	0	0	0
DIATSA_LOCUS12637	2	1	1	2	2	2
DIATSA_LOCUS12638	0	0	0	0	0	0
DIATSA_LOCUS12639	0	0	0	1	1	1
DIATSA_LOCUS1264	1	1	1	2	2	2
DIATSA_LOCUS12640	74	70	70	83	87	87
DIATSA_LOCUS12641	0	0	0	0	0	0
DIATSA_LOCUS12642	2348	2314	2322	3314	3352	3358
DIATSA_LOCUS12643	0	0	0	0	0	0
DIATSA_LOCUS12644	0	0	0	0	0	0
DIATSA_LOCUS12645	1	1	1	1	1	1
DIATSA_LOCUS12646	143	147	147	155	153	149
DIATSA_LOCUS12647	0	0	0	0	0	0
DIATSA_LOCUS12648	3	3	3	2	2	2
DIATSA_LOCUS12649	57	56	57	36	36	36
DIATSA_LOCUS1265	4	4	4	5	5	5
DIATSA_LOCUS12650	46	44	45	15	15	15
DIATSA_LOCUS12651	0	0	0	0	0	0
DIATSA_LOCUS12652	22	22	22	22	22	22
DIATSA_LOCUS12653	35	36	36	37	37	36
DIATSA_LOCUS12654	0	0	0	0	0	0
DIATSA_LOCUS12655	0	0	0	0	0	0
DIATSA_LOCUS12656	3	3	3	1	1	1
DIATSA_LOCUS12657	0	0	0	0	0	0
DIATSA_LOCUS12658	0	0	0	0	0	0
DIATSA_LOCUS12659	0	0	0	0	0	0
DIATSA_LOCUS1266	8	8	8	4	4	4
DIATSA_LOCUS12660	0	0	0	0	0	0
DIATSA_LOCUS12661	14	14	14	9	8	8
DIATSA_LOCUS12662	1	1	1	0	0	0
DIATSA_LOCUS12663	0	0	0	0	0	0
DIATSA_LOCUS12664	18	17	18	4	4	5
DIATSA_LOCUS12665	2	2	2	0	0	0
DIATSA_LOCUS12666	0	0	0	0	0	0
DIATSA_LOCUS12667	3	3	3	1	1	1
DIATSA_LOCUS12668	0	0	0	0	0	0
DIATSA_LOCUS12669	0	0	0	0	0	0
DIATSA_LOCUS1267	1	1	1	0	1	1
DIATSA_LOCUS12670	0	0	0	0	0	0
DIATSA_LOCUS12671	0	0	0	0	0	0
DIATSA_LOCUS12672	0	0	0	0	0	0
DIATSA_LOCUS12673	0	0	0	0	0	0
DIATSA_LOCUS12674	0	0	0	0	0	0
DIATSA_LOCUS12675	0	0	0	0	0	0
DIATSA_LOCUS12676	18	19	19	24	24	24
DIATSA_LOCUS12677	0	0	0	0	0	0
DIATSA_LOCUS12678	0	0	0	0	0	0
DIATSA_LOCUS12679	590	580	585	439	443	446
DIATSA_LOCUS1268	9	9	9	11	11	11
DIATSA_LOCUS12680	219	255	255	319	273	274
DIATSA_LOCUS12681	33	31	30	20	22	21
DIATSA_LOCUS12682	0	0	0	0	0	0
DIATSA_LOCUS12683	0	0	0	1	1	1
DIATSA_LOCUS12684	0	0	0	0	0	0
DIATSA_LOCUS12685	12	11	12	16	16	16
DIATSA_LOCUS12686	2	2	2	0	0	0
DIATSA_LOCUS12687	5	4	4	3	3	3
DIATSA_LOCUS12688	2	1	2	1	2	2
DIATSA_LOCUS12689	0	0	0	0	0	0
DIATSA_LOCUS1269	1	1	1	2	2	2
DIATSA_LOCUS12690	5	5	5	8	8	8
DIATSA_LOCUS12691	0	0	0	0	0	0
DIATSA_LOCUS12692	0	0	0	0	0	0
DIATSA_LOCUS12693	0	0	0	2	2	2
DIATSA_LOCUS12694	0	0	0	0	0	0
DIATSA_LOCUS12695	0	0	0	0	0	0
DIATSA_LOCUS12696	0	0	0	0	0	0
DIATSA_LOCUS12697	0	0	0	0	0	0
DIATSA_LOCUS12698	0	0	0	0	0	0
DIATSA_LOCUS12699	0	0	0	0	0	0
DIATSA_LOCUS127	0	0	0	0	0	0
DIATSA_LOCUS1270	5	4	4	6	6	6
DIATSA_LOCUS12700	0	0	0	0	0	0
DIATSA_LOCUS12701	2	2	2	1	1	1
DIATSA_LOCUS12702	17	17	17	24	24	24
DIATSA_LOCUS12703	9	9	9	15	15	15
DIATSA_LOCUS12704	0	0	0	0	0	0
DIATSA_LOCUS12705	2	3	3	10	9	9
DIATSA_LOCUS12706	0	0	0	0	0	0
DIATSA_LOCUS12707	0	0	0	0	0	0
DIATSA_LOCUS12708	2	2	2	0	0	0
DIATSA_LOCUS12709	1	1	2	1	1	1
DIATSA_LOCUS1271	6	6	7	8	8	8
DIATSA_LOCUS12710	0	0	0	0	0	0
DIATSA_LOCUS12711	8	8	8	10	10	10
DIATSA_LOCUS12712	1	1	1	3	3	3
DIATSA_LOCUS12713	1	0	0	0	0	0
DIATSA_LOCUS12714	0	0	0	0	0	0
DIATSA_LOCUS12715	0	0	0	0	0	0
DIATSA_LOCUS12716	9	10	10	14	13	13
DIATSA_LOCUS12717	1	1	1	1	1	1
DIATSA_LOCUS12718	5	4	4	7	7	8
DIATSA_LOCUS12719	0	0	0	0	0	0
DIATSA_LOCUS1272	0	0	0	1	1	1
DIATSA_LOCUS12720	0	0	0	0	0	0
DIATSA_LOCUS12721	8	8	8	9	10	10
DIATSA_LOCUS12722	1	1	1	0	0	0
DIATSA_LOCUS12723	1	1	2	0	0	0
DIATSA_LOCUS12724	0	0	0	0	0	0
DIATSA_LOCUS12725	0	0	0	0	0	0
DIATSA_LOCUS12726	0	0	0	0	0	0
DIATSA_LOCUS12727	0	0	0	0	0	0
DIATSA_LOCUS12728	0	0	0	0	0	0
DIATSA_LOCUS12729	0	0	0	1	1	1
DIATSA_LOCUS1273	0	0	0	0	0	0
DIATSA_LOCUS12730	2	2	2	3	3	3
DIATSA_LOCUS12731	0	0	0	0	0	0
DIATSA_LOCUS12732	1	1	1	0	0	0
DIATSA_LOCUS12733	21	21	20	35	35	35
DIATSA_LOCUS12734	0	0	0	0	0	0
DIATSA_LOCUS12735	0	0	0	0	0	0
DIATSA_LOCUS12736	0	0	0	0	0	0
DIATSA_LOCUS12737	0	0	0	0	0	0
DIATSA_LOCUS12738	2	2	2	2	2	2
DIATSA_LOCUS12739	3	3	3	2	2	2
DIATSA_LOCUS1274	0	0	0	0	0	0
DIATSA_LOCUS12740	0	0	0	0	0	0
DIATSA_LOCUS12741	0	0	0	0	0	0
DIATSA_LOCUS12742	0	0	0	0	0	0
DIATSA_LOCUS12743	0	0	0	0	0	0
DIATSA_LOCUS12744	0	0	0	0	1	1
DIATSA_LOCUS12745	29	29	29	32	31	31
DIATSA_LOCUS12746	2	1	1	0	0	0
DIATSA_LOCUS12747	0	0	0	0	0	0
DIATSA_LOCUS12748	0	0	0	0	0	0
DIATSA_LOCUS12749	9	10	9	15	15	15
DIATSA_LOCUS1275	3	3	3	1	1	1
DIATSA_LOCUS12750	8	8	8	2	2	2
DIATSA_LOCUS12751	41	43	43	85	81	81
DIATSA_LOCUS12752	0	0	0	0	0	0
DIATSA_LOCUS12753	50	50	50	68	68	68
DIATSA_LOCUS12754	2842	2773	2796	3141	3190	3215
DIATSA_LOCUS12755	7	7	7	7	7	7
DIATSA_LOCUS12756	0	0	0	0	0	0
DIATSA_LOCUS12757	0	0	0	0	0	0
DIATSA_LOCUS12758	0	0	0	0	0	0
DIATSA_LOCUS12759	2	2	2	0	0	0
DIATSA_LOCUS1276	10	11	11	6	6	6
DIATSA_LOCUS12760	0	0	0	0	0	0
DIATSA_LOCUS12761	0	0	0	0	0	0
DIATSA_LOCUS12762	0	0	0	0	0	0
DIATSA_LOCUS12763	0	0	0	0	0	0
DIATSA_LOCUS12764	0	0	0	1	0	0
DIATSA_LOCUS12765	0	0	1	0	0	0
DIATSA_LOCUS12766	0	0	0	0	0	0
DIATSA_LOCUS12767	1	1	1	0	0	0
DIATSA_LOCUS12768	0	0	0	0	0	0
DIATSA_LOCUS12769	2	2	2	2	2	2
DIATSA_LOCUS1277	0	0	0	0	0	0
DIATSA_LOCUS12770	0	0	0	0	0	0
DIATSA_LOCUS12771	0	0	0	0	0	0
DIATSA_LOCUS12772	1	1	1	0	0	0
DIATSA_LOCUS12773	10	9	9	13	13	13
DIATSA_LOCUS12774	0	0	0	0	0	0
DIATSA_LOCUS12775	0	0	0	0	0	0
DIATSA_LOCUS12776	4	3	3	1	1	1
DIATSA_LOCUS12777	0	0	0	0	0	0
DIATSA_LOCUS12778	2	2	2	3	3	3
DIATSA_LOCUS12779	0	0	0	0	0	0
DIATSA_LOCUS1278	1	1	1	1	1	1
DIATSA_LOCUS12780	0	0	0	0	0	0
DIATSA_LOCUS12781	0	0	0	0	0	0
DIATSA_LOCUS12782	0	0	0	0	0	0
DIATSA_LOCUS12783	0	0	0	0	0	0
DIATSA_LOCUS12784	0	0	0	0	0	0
DIATSA_LOCUS12785	0	1	1	0	0	0
DIATSA_LOCUS12786	1	1	1	0	0	0
DIATSA_LOCUS12787	0	0	0	0	0	0
DIATSA_LOCUS12788	0	0	1	0	0	0
DIATSA_LOCUS12789	3	3	3	4	4	4
DIATSA_LOCUS1279	3	3	3	3	3	3
DIATSA_LOCUS12790	1	1	1	0	0	0
DIATSA_LOCUS12791	0	0	0	0	0	0
DIATSA_LOCUS12792	25	26	26	37	36	36
DIATSA_LOCUS12793	0	0	0	0	0	0
DIATSA_LOCUS12794	0	0	0	0	0	0
DIATSA_LOCUS12795	0	0	0	0	0	0
DIATSA_LOCUS12796	1	1	1	0	0	0
DIATSA_LOCUS12797	2	2	2	5	5	4
DIATSA_LOCUS12798	7	7	7	13	13	12
DIATSA_LOCUS12799	0	0	0	0	0	0
DIATSA_LOCUS128	0	0	0	0	0	0
DIATSA_LOCUS1280	9	9	9	15	15	15
DIATSA_LOCUS12800	2	2	2	0	0	0
DIATSA_LOCUS12801	8	8	8	17	17	17
DIATSA_LOCUS12802	4	4	4	5	5	5
DIATSA_LOCUS12803	58	61	60	120	116	115
DIATSA_LOCUS12804	2	2	2	1	1	1
DIATSA_LOCUS12805	0	0	0	1	1	1
DIATSA_LOCUS12806	0	0	0	0	0	0
DIATSA_LOCUS12807	0	0	0	0	0	0
DIATSA_LOCUS12808	0	0	0	0	0	0
DIATSA_LOCUS12809	0	0	0	0	0	0
DIATSA_LOCUS1281	8	8	8	6	6	6
DIATSA_LOCUS12810	1	1	1	0	0	0
DIATSA_LOCUS12811	55	55	54	71	72	72
DIATSA_LOCUS12812	0	0	0	0	0	0
DIATSA_LOCUS12813	0	0	0	0	0	0
DIATSA_LOCUS12814	23	23	23	40	40	40
DIATSA_LOCUS12815	12	12	12	7	7	7
DIATSA_LOCUS12816	0	0	0	1	1	1
DIATSA_LOCUS12817	8	8	8	8	8	8
DIATSA_LOCUS12818	5	5	6	2	2	2
DIATSA_LOCUS12819	0	0	0	0	0	0
DIATSA_LOCUS1282	0	0	0	0	0	0
DIATSA_LOCUS12820	0	0	0	0	0	0
DIATSA_LOCUS12821	0	0	0	0	0	0
DIATSA_LOCUS12822	0	0	0	0	0	0
DIATSA_LOCUS12823	0	0	0	0	0	0
DIATSA_LOCUS12824	0	0	0	0	0	0
DIATSA_LOCUS12825	0	0	0	0	0	0
DIATSA_LOCUS12826	0	0	0	0	0	0
DIATSA_LOCUS12827	0	0	0	0	0	0
DIATSA_LOCUS12828	16	15	15	19	20	20
DIATSA_LOCUS12829	0	0	0	0	0	0
DIATSA_LOCUS1283	0	0	0	0	0	0
DIATSA_LOCUS12830	1	1	0	0	0	0
DIATSA_LOCUS12831	0	0	0	0	0	0
DIATSA_LOCUS12832	32	32	32	23	23	23
DIATSA_LOCUS12833	0	0	0	0	0	0
DIATSA_LOCUS12834	324	309	312	377	392	394
DIATSA_LOCUS12835	1081	1048	1081	1036	1049	1052
DIATSA_LOCUS12836	0	0	0	0	0	0
DIATSA_LOCUS12837	2	2	2	2	2	2
DIATSA_LOCUS12838	3	3	3	5	5	5
DIATSA_LOCUS12839	0	0	0	0	0	0
DIATSA_LOCUS1284	8	9	9	4	4	4
DIATSA_LOCUS12840	0	0	0	0	0	0
DIATSA_LOCUS12841	583	535	544	592	633	643
DIATSA_LOCUS12842	35	35	36	52	52	53
DIATSA_LOCUS12843	1	1	1	6	6	6
DIATSA_LOCUS12844	54	52	52	58	60	60
DIATSA_LOCUS12845	2	2	2	3	3	4
DIATSA_LOCUS12846	0	0	0	0	0	0
DIATSA_LOCUS12847	558	584	590	682	648	650
DIATSA_LOCUS12848	3	3	3	5	4	5
DIATSA_LOCUS12849	0	0	0	0	0	0
DIATSA_LOCUS1285	4	4	4	4	4	4
DIATSA_LOCUS12850	0	0	0	0	0	0
DIATSA_LOCUS12851	28	27	28	19	20	20
DIATSA_LOCUS12852	0	0	0	0	0	0
DIATSA_LOCUS12853	0	0	0	0	0	0
DIATSA_LOCUS12854	4	4	4	3	3	3
DIATSA_LOCUS12855	0	0	0	0	0	0
DIATSA_LOCUS12856	1	1	1	3	3	3
DIATSA_LOCUS12857	1	1	1	1	1	1
DIATSA_LOCUS12858	1	0	0	0	0	0
DIATSA_LOCUS12859	3	4	4	2	2	2
DIATSA_LOCUS1286	4	4	4	5	4	5
DIATSA_LOCUS12860	0	0	0	0	0	0
DIATSA_LOCUS12861	0	0	0	0	0	0
DIATSA_LOCUS12862	0	0	0	0	0	0
DIATSA_LOCUS12863	0	0	0	0	0	0
DIATSA_LOCUS12864	0	0	0	0	0	0
DIATSA_LOCUS12865	0	0	0	0	0	0
DIATSA_LOCUS12866	554	552	552	756	762	756
DIATSA_LOCUS12867	11	12	11	4	4	4
DIATSA_LOCUS12868	1	0	0	0	1	1
DIATSA_LOCUS12869	4	4	4	1	1	1
DIATSA_LOCUS1287	8	8	8	9	9	9
DIATSA_LOCUS12870	0	0	0	0	0	0
DIATSA_LOCUS12871	0	0	0	0	0	0
DIATSA_LOCUS12872	2	2	2	3	3	3
DIATSA_LOCUS12873	0	0	0	0	0	0
DIATSA_LOCUS12874	0	0	0	0	0	0
DIATSA_LOCUS12875	0	0	0	0	0	0
DIATSA_LOCUS12876	5	5	5	2	2	2
DIATSA_LOCUS12877	0	0	0	0	0	0
DIATSA_LOCUS12878	2	2	2	3	4	4
DIATSA_LOCUS12879	14	13	13	13	14	14
DIATSA_LOCUS1288	3	3	3	3	3	3
DIATSA_LOCUS12880	1	1	1	0	0	0
DIATSA_LOCUS12881	0	0	0	0	0	0
DIATSA_LOCUS12882	0	0	0	0	0	0
DIATSA_LOCUS12883	3	3	3	0	0	0
DIATSA_LOCUS12884	1	1	1	2	2	2
DIATSA_LOCUS12885	44	44	44	45	45	45
DIATSA_LOCUS12886	3	3	3	4	4	4
DIATSA_LOCUS12887	4	4	4	2	2	2
DIATSA_LOCUS12888	645	640	643	740	742	744
DIATSA_LOCUS12889	1	1	1	1	1	1
DIATSA_LOCUS1289	2	2	2	4	4	4
DIATSA_LOCUS12890	12	12	12	18	18	18
DIATSA_LOCUS12891	17	17	17	17	17	17
DIATSA_LOCUS12892	4	3	3	3	3	3
DIATSA_LOCUS12893	7	7	7	8	8	8
DIATSA_LOCUS12894	0	0	0	0	0	0
DIATSA_LOCUS12895	0	0	0	0	0	0
DIATSA_LOCUS12896	0	0	0	0	0	0
DIATSA_LOCUS12897	0	0	0	0	0	0
DIATSA_LOCUS12898	0	0	0	0	0	0
DIATSA_LOCUS12899	0	0	0	0	0	0
DIATSA_LOCUS129	9	9	9	6	6	6
DIATSA_LOCUS1290	2	2	2	3	3	3
DIATSA_LOCUS12900	0	0	0	0	0	0
DIATSA_LOCUS12901	0	1	1	0	0	0
DIATSA_LOCUS12902	0	0	0	0	0	0
DIATSA_LOCUS12903	0	0	0	0	0	0
DIATSA_LOCUS12904	0	0	0	0	0	0
DIATSA_LOCUS12905	53	52	52	107	109	108
DIATSA_LOCUS12906	0	0	0	0	0	0
DIATSA_LOCUS12907	0	0	0	0	0	0
DIATSA_LOCUS12908	0	0	0	0	0	0
DIATSA_LOCUS12909	10	11	11	27	25	25
DIATSA_LOCUS1291	9	9	9	16	15	15
DIATSA_LOCUS12910	0	0	0	0	0	0
DIATSA_LOCUS12911	0	0	0	0	0	1
DIATSA_LOCUS12912	0	0	0	0	0	0
DIATSA_LOCUS12913	1	1	1	0	0	0
DIATSA_LOCUS12914	1	1	1	2	2	2
DIATSA_LOCUS12915	27	27	27	33	33	33
DIATSA_LOCUS12916	5	5	5	12	12	12
DIATSA_LOCUS12917	0	0	0	0	0	0
DIATSA_LOCUS12918	0	0	0	0	0	0
DIATSA_LOCUS12919	4	4	4	3	3	3
DIATSA_LOCUS1292	2	2	2	2	3	3
DIATSA_LOCUS12920	0	0	0	0	0	0
DIATSA_LOCUS12921	0	0	0	0	0	0
DIATSA_LOCUS12922	14	14	14	20	19	19
DIATSA_LOCUS12923	1	1	1	4	4	4
DIATSA_LOCUS12924	8	8	8	15	14	14
DIATSA_LOCUS12925	6	6	5	2	2	2
DIATSA_LOCUS12926	0	0	0	0	0	0
DIATSA_LOCUS12927	0	0	0	0	0	0
DIATSA_LOCUS12928	0	0	0	0	0	0
DIATSA_LOCUS12929	13	12	12	20	20	20
DIATSA_LOCUS1293	212	210	210	409	414	412
DIATSA_LOCUS12930	0	0	0	0	0	0
DIATSA_LOCUS12931	0	0	0	0	0	0
DIATSA_LOCUS12932	6	6	6	4	3	3
DIATSA_LOCUS12933	0	0	0	6	6	6
DIATSA_LOCUS12934	0	0	0	0	0	0
DIATSA_LOCUS12935	5	5	5	10	9	9
DIATSA_LOCUS12936	28	28	28	31	31	32
DIATSA_LOCUS12937	10	10	10	8	8	8
DIATSA_LOCUS12938	2	2	2	0	0	0
DIATSA_LOCUS12939	10	9	9	13	13	13
DIATSA_LOCUS1294	0	0	0	0	0	0
DIATSA_LOCUS12940	0	0	0	0	0	0
DIATSA_LOCUS12941	0	0	0	0	0	0
DIATSA_LOCUS12942	1	1	1	1	1	1
DIATSA_LOCUS12943	0	0	0	0	0	0
DIATSA_LOCUS12944	0	1	1	0	0	0
DIATSA_LOCUS12945	0	0	0	0	0	0
DIATSA_LOCUS12946	0	0	0	0	0	0
DIATSA_LOCUS12947	1	1	1	0	0	0
DIATSA_LOCUS12948	0	0	0	0	0	0
DIATSA_LOCUS12949	1	1	1	2	2	2
DIATSA_LOCUS1295	0	0	0	0	0	0
DIATSA_LOCUS12950	2	3	3	6	5	5
DIATSA_LOCUS12951	0	0	0	0	0	0
DIATSA_LOCUS12952	1	1	1	1	1	1
DIATSA_LOCUS12953	0	0	0	0	0	0
DIATSA_LOCUS12954	11	11	11	8	8	8
DIATSA_LOCUS12955	0	0	0	0	1	0
DIATSA_LOCUS12956	0	0	0	1	1	1
DIATSA_LOCUS12957	7	7	7	7	7	7
DIATSA_LOCUS12958	0	0	0	0	0	0
DIATSA_LOCUS12959	0	0	0	0	0	0
DIATSA_LOCUS1296	0	0	0	0	0	0
DIATSA_LOCUS12960	0	0	0	0	0	0
DIATSA_LOCUS12961	0	0	0	0	0	0
DIATSA_LOCUS12962	0	0	0	0	0	0
DIATSA_LOCUS12963	58	58	58	70	71	71
DIATSA_LOCUS12964	0	0	0	0	0	0
DIATSA_LOCUS12965	5	5	5	3	3	3
DIATSA_LOCUS12966	0	0	0	1	1	1
DIATSA_LOCUS12967	0	0	0	0	0	0
DIATSA_LOCUS12968	0	0	0	0	0	0
DIATSA_LOCUS12969	3	2	3	2	2	2
DIATSA_LOCUS1297	0	0	0	0	0	0
DIATSA_LOCUS12970	70	71	72	95	93	93
DIATSA_LOCUS12971	0	0	0	0	0	0
DIATSA_LOCUS12972	2	2	2	3	3	3
DIATSA_LOCUS12973	1	1	1	1	1	1
DIATSA_LOCUS12974	4	5	5	0	0	0
DIATSA_LOCUS12975	0	0	0	0	0	0
DIATSA_LOCUS12976	7	7	7	7	8	8
DIATSA_LOCUS12977	0	0	0	0	0	0
DIATSA_LOCUS12978	4	4	4	6	6	6
DIATSA_LOCUS12979	0	0	0	0	0	0
DIATSA_LOCUS1298	0	0	0	0	0	1
DIATSA_LOCUS12980	0	0	0	0	0	0
DIATSA_LOCUS12981	0	0	0	0	0	0
DIATSA_LOCUS12982	1	1	1	0	0	0
DIATSA_LOCUS12983	7	8	8	14	13	13
DIATSA_LOCUS12984	1	0	0	1	1	1
DIATSA_LOCUS12985	3	3	3	2	2	2
DIATSA_LOCUS12986	0	0	0	0	0	0
DIATSA_LOCUS12987	0	0	0	0	0	0
DIATSA_LOCUS12988	0	0	0	0	0	0
DIATSA_LOCUS12989	1	1	1	1	1	1
DIATSA_LOCUS1299	0	0	0	0	0	0
DIATSA_LOCUS12990	11	11	11	21	21	21
DIATSA_LOCUS12991	0	0	0	0	0	0
DIATSA_LOCUS12992	1	1	1	2	2	2
DIATSA_LOCUS12993	0	0	0	0	0	0
DIATSA_LOCUS12994	0	0	0	0	0	0
DIATSA_LOCUS12995	12	12	13	8	8	8
DIATSA_LOCUS12996	0	0	0	0	0	0
DIATSA_LOCUS12997	0	0	0	0	0	0
DIATSA_LOCUS12998	0	0	0	0	0	0
DIATSA_LOCUS12999	1	1	1	2	2	2
DIATSA_LOCUS13	11	11	11	17	16	16
DIATSA_LOCUS130	0	0	0	0	0	0
DIATSA_LOCUS1300	2	2	2	0	0	0
DIATSA_LOCUS13000	4	4	4	2	2	3
DIATSA_LOCUS13001	0	0	0	0	0	0
DIATSA_LOCUS13002	0	0	0	0	0	0
DIATSA_LOCUS13003	2	2	2	2	2	2
DIATSA_LOCUS13004	0	0	0	0	0	0
DIATSA_LOCUS13005	2	2	2	1	2	2
DIATSA_LOCUS13006	0	0	0	1	1	1
DIATSA_LOCUS13007	1	1	1	0	0	0
DIATSA_LOCUS13008	1	1	1	2	2	2
DIATSA_LOCUS13009	62	62	62	86	86	85
DIATSA_LOCUS1301	12	12	12	12	12	12
DIATSA_LOCUS13010	0	0	0	0	0	0
DIATSA_LOCUS13011	0	0	0	0	0	0
DIATSA_LOCUS13012	0	0	0	0	0	0
DIATSA_LOCUS13013	0	0	0	0	0	0
DIATSA_LOCUS13014	0	0	0	0	0	0
DIATSA_LOCUS13015	5	5	5	1	1	1
DIATSA_LOCUS13016	0	0	0	0	0	0
DIATSA_LOCUS13017	0	0	0	0	0	0
DIATSA_LOCUS13018	0	0	0	0	0	0
DIATSA_LOCUS13019	0	0	0	0	0	0
DIATSA_LOCUS1302	1	1	1	1	1	1
DIATSA_LOCUS13020	0	0	0	0	0	0
DIATSA_LOCUS13021	0	0	0	0	0	0
DIATSA_LOCUS13022	0	0	0	0	0	0
DIATSA_LOCUS13023	5	6	6	0	0	0
DIATSA_LOCUS13024	1	1	1	1	1	1
DIATSA_LOCUS13025	0	0	0	0	0	0
DIATSA_LOCUS13026	0	0	0	0	0	0
DIATSA_LOCUS13027	0	0	0	0	0	0
DIATSA_LOCUS13028	2	2	2	2	2	2
DIATSA_LOCUS13029	0	0	0	0	0	0
DIATSA_LOCUS1303	0	0	0	0	0	0
DIATSA_LOCUS13030	10	10	9	14	14	14
DIATSA_LOCUS13031	1	1	1	2	2	2
DIATSA_LOCUS13032	0	0	0	0	0	0
DIATSA_LOCUS13033	1	1	1	2	2	2
DIATSA_LOCUS13034	2	2	2	0	0	0
DIATSA_LOCUS13035	0	0	0	0	0	0
DIATSA_LOCUS13036	49	48	48	88	90	88
DIATSA_LOCUS13037	0	0	0	0	0	0
DIATSA_LOCUS13038	0	0	0	0	0	0
DIATSA_LOCUS13039	0	0	0	0	0	0
DIATSA_LOCUS1304	1	1	1	0	0	0
DIATSA_LOCUS13040	0	0	0	1	1	1
DIATSA_LOCUS13041	0	0	0	0	0	0
DIATSA_LOCUS13042	16	16	16	34	34	34
DIATSA_LOCUS13043	2	2	2	2	2	2
DIATSA_LOCUS13044	20	21	20	46	46	44
DIATSA_LOCUS13045	13	12	13	16	16	16
DIATSA_LOCUS13046	0	0	0	0	0	0
DIATSA_LOCUS13047	31	31	31	64	66	65
DIATSA_LOCUS13048	0	0	0	0	0	0
DIATSA_LOCUS13049	0	0	0	0	0	0
DIATSA_LOCUS1305	0	0	0	0	0	0
DIATSA_LOCUS13050	4	2	5	1	2	2
DIATSA_LOCUS13051	0	0	0	0	0	0
DIATSA_LOCUS13052	0	0	0	0	0	0
DIATSA_LOCUS13053	0	1	1	0	0	0
DIATSA_LOCUS13054	0	0	0	1	1	1
DIATSA_LOCUS13055	0	0	0	0	0	0
DIATSA_LOCUS13056	4	5	5	5	5	5
DIATSA_LOCUS13057	119	114	113	228	239	237
DIATSA_LOCUS13058	4	4	4	4	4	4
DIATSA_LOCUS13059	6	6	6	6	6	6
DIATSA_LOCUS1306	0	0	0	0	0	0
DIATSA_LOCUS13060	0	0	0	0	0	0
DIATSA_LOCUS13061	0	0	0	0	0	0
DIATSA_LOCUS13062	2	2	2	0	0	0
DIATSA_LOCUS13063	41	42	41	58	58	58
DIATSA_LOCUS13064	8	7	8	14	14	15
DIATSA_LOCUS13065	11	11	11	24	23	23
DIATSA_LOCUS13066	0	0	0	0	0	0
DIATSA_LOCUS13067	1	1	1	0	0	0
DIATSA_LOCUS13068	0	0	0	0	0	0
DIATSA_LOCUS13069	52	52	52	41	41	41
DIATSA_LOCUS1307	0	0	0	0	0	0
DIATSA_LOCUS13070	1	1	1	0	0	0
DIATSA_LOCUS13071	0	0	0	0	0	0
DIATSA_LOCUS13072	0	0	0	0	0	0
DIATSA_LOCUS13073	7	8	8	2	1	1
DIATSA_LOCUS13074	0	0	0	0	0	0
DIATSA_LOCUS13075	0	0	0	0	0	0
DIATSA_LOCUS13076	0	0	0	0	0	0
DIATSA_LOCUS13077	0	0	0	0	0	0
DIATSA_LOCUS13078	0	0	0	0	0	0
DIATSA_LOCUS13079	0	0	0	0	0	0
DIATSA_LOCUS1308	1	1	1	1	1	1
DIATSA_LOCUS13080	0	0	0	0	0	0
DIATSA_LOCUS13081	2	2	2	1	1	1
DIATSA_LOCUS13082	8	8	8	5	5	5
DIATSA_LOCUS13083	0	0	0	0	0	0
DIATSA_LOCUS13084	0	0	0	0	0	0
DIATSA_LOCUS13085	0	0	0	0	0	0
DIATSA_LOCUS13086	2	2	2	0	1	1
DIATSA_LOCUS13087	0	0	0	0	0	0
DIATSA_LOCUS13088	0	0	0	0	0	0
DIATSA_LOCUS13089	1	2	2	1	0	0
DIATSA_LOCUS1309	1	1	1	0	0	0
DIATSA_LOCUS13090	1	1	1	1	1	1
DIATSA_LOCUS13091	0	1	1	1	0	0
DIATSA_LOCUS13092	0	0	0	0	0	0
DIATSA_LOCUS13093	0	1	1	0	0	0
DIATSA_LOCUS13094	0	0	0	0	0	0
DIATSA_LOCUS13095	0	0	0	0	0	0
DIATSA_LOCUS13096	0	0	0	0	0	0
DIATSA_LOCUS13097	0	0	0	0	0	0
DIATSA_LOCUS13098	0	0	0	0	0	0
DIATSA_LOCUS13099	0	0	0	0	0	0
DIATSA_LOCUS131	46	47	47	40	39	39
DIATSA_LOCUS1310	32	32	32	35	35	35
DIATSA_LOCUS13100	0	0	0	0	0	0
DIATSA_LOCUS13101	0	0	0	0	0	0
DIATSA_LOCUS13102	0	0	0	0	0	0
DIATSA_LOCUS13103	0	0	0	0	0	0
DIATSA_LOCUS13104	0	0	0	0	0	0
DIATSA_LOCUS13105	0	0	0	0	0	0
DIATSA_LOCUS13106	2	2	2	0	0	0
DIATSA_LOCUS13107	9	9	9	10	10	10
DIATSA_LOCUS13108	0	0	0	0	0	0
DIATSA_LOCUS13109	0	0	0	0	0	0
DIATSA_LOCUS1311	0	0	0	0	0	0
DIATSA_LOCUS13110	0	0	0	0	0	0
DIATSA_LOCUS13111	6	6	6	10	10	10
DIATSA_LOCUS13112	0	0	0	0	0	0
DIATSA_LOCUS13113	1	1	1	0	0	0
DIATSA_LOCUS13114	0	0	0	0	0	0
DIATSA_LOCUS13115	0	0	0	0	0	0
DIATSA_LOCUS13116	6	5	5	1	1	1
DIATSA_LOCUS13117	1	1	1	1	1	1
DIATSA_LOCUS13118	1	0	1	0	0	0
DIATSA_LOCUS13119	0	0	0	0	0	0
DIATSA_LOCUS1312	2	2	2	2	2	2
DIATSA_LOCUS13120	0	0	0	0	0	0
DIATSA_LOCUS13121	13	15	15	16	15	15
DIATSA_LOCUS13122	0	0	0	2	1	2
DIATSA_LOCUS13123	0	0	0	0	0	0
DIATSA_LOCUS13124	0	0	0	0	0	0
DIATSA_LOCUS13125	2	1	1	2	2	2
DIATSA_LOCUS13126	0	0	0	0	0	0
DIATSA_LOCUS13127	3	3	3	2	2	2
DIATSA_LOCUS13128	41	42	41	35	35	35
DIATSA_LOCUS13129	0	0	0	0	0	0
DIATSA_LOCUS1313	10	10	10	7	7	7
DIATSA_LOCUS13130	0	0	0	0	0	0
DIATSA_LOCUS13131	1	1	1	1	1	1
DIATSA_LOCUS13132	5	5	5	7	7	7
DIATSA_LOCUS13133	0	0	0	0	0	0
DIATSA_LOCUS13134	4	3	3	1	1	1
DIATSA_LOCUS13135	6	6	6	5	5	5
DIATSA_LOCUS13136	1	1	1	1	1	1
DIATSA_LOCUS13137	0	0	0	0	0	0
DIATSA_LOCUS13138	3	4	4	0	0	0
DIATSA_LOCUS13139	0	0	0	0	0	0
DIATSA_LOCUS1314	6	5	5	9	9	9
DIATSA_LOCUS13140	1	1	1	1	1	1
DIATSA_LOCUS13141	0	0	0	0	0	0
DIATSA_LOCUS13142	0	0	0	0	0	0
DIATSA_LOCUS13143	0	0	0	0	0	0
DIATSA_LOCUS13144	1	1	1	0	0	0
DIATSA_LOCUS13145	0	0	0	0	0	0
DIATSA_LOCUS13146	0	0	0	0	0	0
DIATSA_LOCUS13147	3	3	3	1	1	1
DIATSA_LOCUS13148	62	61	61	63	63	63
DIATSA_LOCUS13149	0	0	0	0	0	0
DIATSA_LOCUS1315	3	3	3	5	5	5
DIATSA_LOCUS13150	0	0	0	0	0	0
DIATSA_LOCUS13151	0	0	0	0	0	0
DIATSA_LOCUS13152	21	21	21	21	21	21
DIATSA_LOCUS13153	0	0	0	0	0	0
DIATSA_LOCUS13154	0	0	0	0	0	0
DIATSA_LOCUS13155	0	0	0	0	0	0
DIATSA_LOCUS13156	0	0	0	1	0	0
DIATSA_LOCUS13157	0	0	0	0	0	0
DIATSA_LOCUS13158	0	0	0	0	0	0
DIATSA_LOCUS13159	0	0	0	0	0	0
DIATSA_LOCUS1316	0	0	0	1	1	1
DIATSA_LOCUS13160	0	0	0	0	0	0
DIATSA_LOCUS13161	0	0	0	0	0	0
DIATSA_LOCUS13162	7	7	7	10	10	10
DIATSA_LOCUS13163	1	1	1	2	2	2
DIATSA_LOCUS13164	16	16	16	19	20	20
DIATSA_LOCUS13165	6	6	6	7	8	8
DIATSA_LOCUS13166	0	0	0	0	0	0
DIATSA_LOCUS13167	1	0	1	1	1	1
DIATSA_LOCUS13168	0	0	0	0	0	0
DIATSA_LOCUS13169	3	3	3	3	3	3
DIATSA_LOCUS1317	0	0	0	0	0	0
DIATSA_LOCUS13170	0	0	0	0	0	0
DIATSA_LOCUS13171	6	6	6	4	4	4
DIATSA_LOCUS13172	14	14	14	22	22	22
DIATSA_LOCUS13173	16	16	17	23	22	22
DIATSA_LOCUS13174	1	1	1	0	0	0
DIATSA_LOCUS13175	0	1	1	0	0	0
DIATSA_LOCUS13176	1	1	1	1	1	1
DIATSA_LOCUS13177	0	0	0	0	0	0
DIATSA_LOCUS13178	1	1	1	0	0	0
DIATSA_LOCUS13179	1	1	1	1	1	1
DIATSA_LOCUS1318	6	6	6	13	13	13
DIATSA_LOCUS13180	7	7	7	2	2	2
DIATSA_LOCUS13181	12	12	12	4	4	4
DIATSA_LOCUS13182	6	7	7	6	6	6
DIATSA_LOCUS13183	0	0	0	0	0	0
DIATSA_LOCUS13184	119	121	123	87	84	85
DIATSA_LOCUS13185	57	57	58	47	47	47
DIATSA_LOCUS13186	11	12	12	7	7	7
DIATSA_LOCUS13187	44	34	34	28	29	45
DIATSA_LOCUS13188	34	33	33	45	46	46
DIATSA_LOCUS13189	15	15	16	19	19	19
DIATSA_LOCUS1319	2	2	2	1	1	1
DIATSA_LOCUS13190	1	1	1	2	2	2
DIATSA_LOCUS13191	0	0	0	0	0	0
DIATSA_LOCUS13192	0	0	0	0	0	0
DIATSA_LOCUS13193	0	0	0	0	0	0
DIATSA_LOCUS13194	0	0	0	0	0	0
DIATSA_LOCUS13195	0	0	0	0	0	0
DIATSA_LOCUS13196	0	0	0	0	0	0
DIATSA_LOCUS13197	0	0	0	1	1	1
DIATSA_LOCUS13198	0	0	0	0	0	0
DIATSA_LOCUS13199	0	0	0	0	0	0
DIATSA_LOCUS132	0	0	0	0	0	0
DIATSA_LOCUS1320	0	0	0	0	0	0
DIATSA_LOCUS13200	10	10	10	11	11	11
DIATSA_LOCUS13201	0	0	0	0	0	0
DIATSA_LOCUS13202	4	4	4	3	4	3
DIATSA_LOCUS13203	5	4	4	11	12	11
DIATSA_LOCUS13204	0	0	0	0	0	0
DIATSA_LOCUS13205	0	0	0	0	0	0
DIATSA_LOCUS13206	0	0	0	0	0	0
DIATSA_LOCUS13207	0	0	0	0	0	0
DIATSA_LOCUS13208	0	0	0	0	0	0
DIATSA_LOCUS13209	2	3	3	4	4	4
DIATSA_LOCUS1321	0	0	0	0	0	0
DIATSA_LOCUS13210	1	1	1	1	1	1
DIATSA_LOCUS13211	1	1	1	1	1	1
DIATSA_LOCUS13212	0	0	0	0	0	0
DIATSA_LOCUS13213	165	152	160	340	353	366
DIATSA_LOCUS13214	0	0	0	0	0	0
DIATSA_LOCUS13215	1	0	0	0	0	0
DIATSA_LOCUS13216	2	2	2	3	3	3
DIATSA_LOCUS13217	1	1	1	1	1	1
DIATSA_LOCUS13218	1	1	1	3	3	3
DIATSA_LOCUS13219	1	1	1	1	1	1
DIATSA_LOCUS1322	3	3	3	4	3	3
DIATSA_LOCUS13220	0	0	0	0	0	0
DIATSA_LOCUS13221	0	0	0	0	0	0
DIATSA_LOCUS13222	0	0	0	3	3	3
DIATSA_LOCUS13223	0	0	0	0	0	0
DIATSA_LOCUS13224	0	0	0	0	0	0
DIATSA_LOCUS13225	0	0	0	0	0	0
DIATSA_LOCUS13226	0	0	0	0	0	0
DIATSA_LOCUS13227	0	0	0	0	0	0
DIATSA_LOCUS13228	0	0	0	0	0	0
DIATSA_LOCUS13229	0	0	0	0	0	0
DIATSA_LOCUS1323	0	0	0	0	0	0
DIATSA_LOCUS13230	5	5	5	6	7	7
DIATSA_LOCUS13231	0	0	0	0	0	0
DIATSA_LOCUS13232	4	4	4	3	3	3
DIATSA_LOCUS13233	6	6	6	4	4	4
DIATSA_LOCUS13234	0	0	0	0	0	0
DIATSA_LOCUS13235	0	0	0	0	0	0
DIATSA_LOCUS13236	0	0	0	0	0	0
DIATSA_LOCUS13237	5	5	5	7	7	7
DIATSA_LOCUS13238	0	0	0	0	0	0
DIATSA_LOCUS13239	0	0	0	0	0	0
DIATSA_LOCUS1324	1	1	1	0	0	0
DIATSA_LOCUS13240	8	8	8	7	7	7
DIATSA_LOCUS13241	2	1	2	5	5	6
DIATSA_LOCUS13242	8	7	8	6	6	6
DIATSA_LOCUS13243	14	14	15	9	8	8
DIATSA_LOCUS13244	0	0	0	0	0	0
DIATSA_LOCUS13245	1	1	1	1	1	1
DIATSA_LOCUS13246	6	7	8	1	1	1
DIATSA_LOCUS13247	0	0	0	0	0	0
DIATSA_LOCUS13248	0	0	0	0	0	0
DIATSA_LOCUS13249	18	17	18	14	15	15
DIATSA_LOCUS1325	17	17	17	20	19	19
DIATSA_LOCUS13250	0	0	0	0	0	0
DIATSA_LOCUS13251	0	0	0	0	0	0
DIATSA_LOCUS13252	3	3	3	0	0	0
DIATSA_LOCUS13253	0	0	0	0	0	0
DIATSA_LOCUS13254	0	0	0	0	0	0
DIATSA_LOCUS13255	2	1	2	1	1	1
DIATSA_LOCUS13256	0	0	0	0	0	0
DIATSA_LOCUS13257	4	3	3	3	3	3
DIATSA_LOCUS13258	32	32	33	16	16	16
DIATSA_LOCUS13259	23	23	24	19	19	19
DIATSA_LOCUS1326	1	1	1	3	3	3
DIATSA_LOCUS13260	10	10	10	4	4	4
DIATSA_LOCUS13261	0	0	0	0	0	0
DIATSA_LOCUS13262	0	0	0	0	0	0
DIATSA_LOCUS13263	0	0	0	0	0	0
DIATSA_LOCUS13264	0	0	0	0	0	0
DIATSA_LOCUS13265	0	0	0	0	0	0
DIATSA_LOCUS13266	0	0	0	0	0	0
DIATSA_LOCUS13267	0	0	0	0	0	0
DIATSA_LOCUS13268	1	1	1	0	0	0
DIATSA_LOCUS13269	0	1	1	1	1	1
DIATSA_LOCUS1327	6	7	7	8	7	7
DIATSA_LOCUS13270	0	0	0	0	0	0
DIATSA_LOCUS13271	48	47	47	50	51	51
DIATSA_LOCUS13272	2	2	2	4	4	4
DIATSA_LOCUS13273	1	1	0	0	0	0
DIATSA_LOCUS13274	450	459	464	807	786	790
DIATSA_LOCUS13275	253	253	252	342	344	341
DIATSA_LOCUS13276	3	3	3	10	10	10
DIATSA_LOCUS13277	0	0	0	0	0	0
DIATSA_LOCUS13278	0	0	0	1	0	0
DIATSA_LOCUS13279	7	7	7	2	2	2
DIATSA_LOCUS1328	0	0	0	0	0	0
DIATSA_LOCUS13280	3	3	3	6	7	7
DIATSA_LOCUS13281	1	1	1	0	0	0
DIATSA_LOCUS13282	0	1	1	0	0	0
DIATSA_LOCUS13283	1	1	1	1	1	1
DIATSA_LOCUS13284	0	0	0	1	1	1
DIATSA_LOCUS13285	9	9	9	3	3	3
DIATSA_LOCUS13286	0	0	0	0	0	0
DIATSA_LOCUS13287	0	0	0	0	0	0
DIATSA_LOCUS13288	0	0	0	1	1	1
DIATSA_LOCUS13289	0	0	0	0	0	0
DIATSA_LOCUS1329	19	19	19	23	23	23
DIATSA_LOCUS13290	0	0	0	0	0	0
DIATSA_LOCUS13291	0	0	0	0	0	0
DIATSA_LOCUS13292	7	7	7	3	3	3
DIATSA_LOCUS13293	3	3	3	2	2	2
DIATSA_LOCUS13294	0	0	0	0	0	0
DIATSA_LOCUS13295	0	0	0	0	0	0
DIATSA_LOCUS13296	2	2	2	3	3	3
DIATSA_LOCUS13297	3	3	3	2	2	2
DIATSA_LOCUS13298	0	0	0	0	0	0
DIATSA_LOCUS13299	0	0	0	0	0	0
DIATSA_LOCUS133	0	0	0	0	0	0
DIATSA_LOCUS1330	0	0	0	0	0	0
DIATSA_LOCUS13300	0	0	0	0	0	0
DIATSA_LOCUS13301	2	2	2	1	1	1
DIATSA_LOCUS13302	0	0	0	0	0	0
DIATSA_LOCUS13303	4	4	4	3	3	3
DIATSA_LOCUS13304	0	0	0	0	0	0
DIATSA_LOCUS13305	1	1	1	2	2	2
DIATSA_LOCUS13306	0	0	0	0	0	0
DIATSA_LOCUS13307	0	0	0	0	0	0
DIATSA_LOCUS13308	0	0	0	0	0	0
DIATSA_LOCUS13309	0	0	0	0	0	0
DIATSA_LOCUS1331	2	2	2	0	0	0
DIATSA_LOCUS13310	2	2	2	1	1	1
DIATSA_LOCUS13311	0	0	0	0	0	0
DIATSA_LOCUS13312	6	6	6	8	7	8
DIATSA_LOCUS13313	69	67	67	43	44	45
DIATSA_LOCUS13314	3	3	3	3	3	3
DIATSA_LOCUS13315	0	0	0	0	0	0
DIATSA_LOCUS13316	0	0	0	0	0	0
DIATSA_LOCUS13317	235	239	239	412	404	404
DIATSA_LOCUS13318	140	137	137	202	206	204
DIATSA_LOCUS13319	0	0	0	0	0	0
DIATSA_LOCUS1332	0	0	0	0	0	0
DIATSA_LOCUS13320	0	0	0	0	0	0
DIATSA_LOCUS13321	2	2	2	0	0	0
DIATSA_LOCUS13322	0	0	0	0	0	0
DIATSA_LOCUS13323	0	0	0	0	0	0
DIATSA_LOCUS13324	0	0	0	0	0	0
DIATSA_LOCUS13325	0	0	0	0	0	0
DIATSA_LOCUS13326	0	0	0	0	0	0
DIATSA_LOCUS13327	446	446	449	208	207	207
DIATSA_LOCUS13328	14	14	14	3	3	3
DIATSA_LOCUS13329	1	1	1	1	1	1
DIATSA_LOCUS1333	0	0	0	0	0	0
DIATSA_LOCUS13330	5	5	5	2	2	2
DIATSA_LOCUS13331	5	5	5	2	2	2
DIATSA_LOCUS13332	0	0	0	0	0	0
DIATSA_LOCUS13333	0	0	0	0	0	0
DIATSA_LOCUS13334	11	11	11	19	19	19
DIATSA_LOCUS13335	0	0	0	0	0	0
DIATSA_LOCUS13336	0	0	0	0	0	0
DIATSA_LOCUS13337	111	114	114	170	167	166
DIATSA_LOCUS13338	33	33	33	66	66	65
DIATSA_LOCUS13339	0	0	0	0	0	0
DIATSA_LOCUS1334	0	0	0	0	0	0
DIATSA_LOCUS13340	44	42	42	50	53	52
DIATSA_LOCUS13341	52	54	54	99	96	95
DIATSA_LOCUS13342	5	5	5	5	5	5
DIATSA_LOCUS13343	2	2	2	1	1	1
DIATSA_LOCUS13344	0	0	0	0	0	0
DIATSA_LOCUS13345	0	0	0	0	0	0
DIATSA_LOCUS13346	3	3	3	4	4	4
DIATSA_LOCUS13347	0	0	0	0	0	0
DIATSA_LOCUS13348	0	0	0	0	0	0
DIATSA_LOCUS13349	0	0	0	0	0	0
DIATSA_LOCUS1335	0	0	0	0	0	0
DIATSA_LOCUS13350	0	0	0	0	0	0
DIATSA_LOCUS13351	0	0	0	0	0	0
DIATSA_LOCUS13352	64	64	66	104	103	104
DIATSA_LOCUS13353	22	22	22	17	17	17
DIATSA_LOCUS13354	19	19	19	32	32	32
DIATSA_LOCUS13355	0	0	0	0	0	0
DIATSA_LOCUS13356	36	35	35	26	27	27
DIATSA_LOCUS13357	4	4	4	4	4	4
DIATSA_LOCUS13358	3	3	3	3	4	3
DIATSA_LOCUS13359	2	2	2	4	3	3
DIATSA_LOCUS1336	0	0	0	0	0	0
DIATSA_LOCUS13360	11	11	11	10	10	10
DIATSA_LOCUS13361	4	3	3	2	3	3
DIATSA_LOCUS13362	4	4	4	2	2	2
DIATSA_LOCUS13363	5	5	5	2	2	2
DIATSA_LOCUS13364	2	2	2	3	3	3
DIATSA_LOCUS13365	0	0	0	0	0	0
DIATSA_LOCUS13366	0	0	0	0	0	0
DIATSA_LOCUS13367	0	0	0	0	0	0
DIATSA_LOCUS13368	4	4	4	1	1	1
DIATSA_LOCUS13369	2	2	2	3	2	3
DIATSA_LOCUS1337	0	0	0	0	0	0
DIATSA_LOCUS13370	2	2	2	1	1	1
DIATSA_LOCUS13371	0	0	1	0	0	0
DIATSA_LOCUS13372	17	17	17	10	9	9
DIATSA_LOCUS13373	0	0	0	0	0	0
DIATSA_LOCUS13374	0	0	0	0	0	0
DIATSA_LOCUS13375	0	0	0	0	0	0
DIATSA_LOCUS13376	0	0	0	0	0	0
DIATSA_LOCUS13377	0	0	0	0	0	0
DIATSA_LOCUS13378	1	1	1	0	0	0
DIATSA_LOCUS13379	7	7	7	4	4	4
DIATSA_LOCUS1338	0	0	0	0	0	0
DIATSA_LOCUS13380	0	0	0	0	0	0
DIATSA_LOCUS13381	0	0	0	0	0	0
DIATSA_LOCUS13382	0	0	0	0	0	0
DIATSA_LOCUS13383	0	0	0	0	0	0
DIATSA_LOCUS13384	0	0	0	0	0	0
DIATSA_LOCUS13385	0	0	0	0	0	0
DIATSA_LOCUS13386	0	0	0	0	0	0
DIATSA_LOCUS13387	0	0	0	0	0	0
DIATSA_LOCUS13388	0	0	0	0	0	0
DIATSA_LOCUS13389	0	0	0	0	0	0
DIATSA_LOCUS1339	9	9	9	6	6	6
DIATSA_LOCUS13390	7	7	8	4	4	4
DIATSA_LOCUS13391	0	0	0	0	1	1
DIATSA_LOCUS13392	52	51	51	39	40	40
DIATSA_LOCUS13393	3	2	2	3	3	3
DIATSA_LOCUS13394	0	0	0	0	0	0
DIATSA_LOCUS13395	0	0	0	0	0	0
DIATSA_LOCUS13396	0	1	1	0	0	0
DIATSA_LOCUS13397	0	0	0	0	0	0
DIATSA_LOCUS13398	0	0	0	0	0	0
DIATSA_LOCUS13399	0	0	0	0	0	0
DIATSA_LOCUS134	0	0	0	0	1	1
DIATSA_LOCUS1340	1	1	1	0	0	0
DIATSA_LOCUS13400	0	0	0	0	0	0
DIATSA_LOCUS13401	2	1	1	3	3	3
DIATSA_LOCUS13402	0	0	0	0	0	0
DIATSA_LOCUS13403	0	0	0	0	0	0
DIATSA_LOCUS13404	0	0	0	0	0	0
DIATSA_LOCUS13405	0	0	0	0	0	0
DIATSA_LOCUS13406	13	13	13	19	18	18
DIATSA_LOCUS13407	0	0	0	0	0	0
DIATSA_LOCUS13408	0	0	0	0	0	0
DIATSA_LOCUS13409	1	1	1	0	0	0
DIATSA_LOCUS1341	0	0	0	1	1	1
DIATSA_LOCUS13410	0	0	0	0	0	0
DIATSA_LOCUS13411	29	29	29	21	21	21
DIATSA_LOCUS13412	0	0	0	0	0	0
DIATSA_LOCUS13413	990	987	994	1521	1516	1523
DIATSA_LOCUS13414	0	0	0	0	0	0
DIATSA_LOCUS13415	0	0	0	0	0	0
DIATSA_LOCUS13416	0	0	0	0	0	0
DIATSA_LOCUS13417	0	0	0	0	0	0
DIATSA_LOCUS13418	0	0	0	0	0	0
DIATSA_LOCUS13419	20	19	20	14	14	14
DIATSA_LOCUS1342	3	3	3	2	2	2
DIATSA_LOCUS13420	0	0	0	0	1	0
DIATSA_LOCUS13421	17	17	18	5	5	5
DIATSA_LOCUS13422	3	3	3	3	3	3
DIATSA_LOCUS13423	1	1	1	0	0	0
DIATSA_LOCUS13424	0	0	0	0	0	0
DIATSA_LOCUS13425	1	2	2	1	1	1
DIATSA_LOCUS13426	0	0	0	0	0	0
DIATSA_LOCUS13427	4	4	4	5	5	5
DIATSA_LOCUS13428	1	1	1	0	1	1
DIATSA_LOCUS13429	0	0	0	0	0	0
DIATSA_LOCUS1343	12	12	12	15	14	14
DIATSA_LOCUS13430	0	0	0	0	0	0
DIATSA_LOCUS13431	0	0	0	0	0	0
DIATSA_LOCUS13432	6	6	6	5	5	5
DIATSA_LOCUS13433	21	22	22	18	17	17
DIATSA_LOCUS13434	15	15	15	22	22	21
DIATSA_LOCUS13435	19	19	20	10	10	10
DIATSA_LOCUS13436	0	0	0	0	0	0
DIATSA_LOCUS13437	2	2	2	0	0	0
DIATSA_LOCUS13438	0	0	0	0	0	0
DIATSA_LOCUS13439	1	1	1	0	0	0
DIATSA_LOCUS1344	3	3	3	4	4	4
DIATSA_LOCUS13440	0	0	0	0	0	0
DIATSA_LOCUS13441	0	0	0	0	0	0
DIATSA_LOCUS13442	0	0	0	0	0	0
DIATSA_LOCUS13443	2	2	2	0	0	0
DIATSA_LOCUS13444	2	2	2	4	4	4
DIATSA_LOCUS13445	0	0	0	0	0	0
DIATSA_LOCUS13446	2	3	3	7	7	7
DIATSA_LOCUS13447	2	2	2	7	7	7
DIATSA_LOCUS13448	281	285	283	152	151	150
DIATSA_LOCUS13449	0	0	0	1	1	1
DIATSA_LOCUS1345	16	16	16	25	26	25
DIATSA_LOCUS13450	0	0	0	0	0	0
DIATSA_LOCUS13451	0	0	0	0	0	0
DIATSA_LOCUS13452	0	0	0	0	0	0
DIATSA_LOCUS13453	0	0	0	0	0	0
DIATSA_LOCUS13454	0	0	0	0	0	0
DIATSA_LOCUS13455	0	0	0	0	0	0
DIATSA_LOCUS13456	0	0	0	0	0	0
DIATSA_LOCUS13457	0	0	0	0	0	0
DIATSA_LOCUS13458	1	1	1	0	0	0
DIATSA_LOCUS13459	0	0	0	0	0	0
DIATSA_LOCUS1346	2	2	2	1	1	1
DIATSA_LOCUS13460	0	0	0	0	0	0
DIATSA_LOCUS13461	1	1	1	0	0	0
DIATSA_LOCUS13462	0	0	0	0	0	0
DIATSA_LOCUS13463	0	0	0	0	0	0
DIATSA_LOCUS13464	1	1	1	2	2	2
DIATSA_LOCUS13465	0	0	0	0	0	0
DIATSA_LOCUS13466	0	0	0	0	0	0
DIATSA_LOCUS13467	0	0	0	0	0	0
DIATSA_LOCUS13468	7	11	11	5	3	3
DIATSA_LOCUS13469	1	1	1	0	0	0
DIATSA_LOCUS1347	445	442	445	751	753	754
DIATSA_LOCUS13470	0	0	0	0	0	0
DIATSA_LOCUS13471	0	0	0	0	0	0
DIATSA_LOCUS13472	0	0	0	0	0	0
DIATSA_LOCUS13473	0	0	0	0	0	0
DIATSA_LOCUS13474	2	2	2	2	2	2
DIATSA_LOCUS13475	0	0	0	0	0	0
DIATSA_LOCUS13476	18	18	19	4	4	4
DIATSA_LOCUS13477	14	13	13	17	18	18
DIATSA_LOCUS13478	5	6	6	8	8	8
DIATSA_LOCUS13479	0	0	0	0	0	0
DIATSA_LOCUS1348	2	2	2	3	3	3
DIATSA_LOCUS13480	2	3	3	2	2	2
DIATSA_LOCUS13481	77	76	75	125	126	126
DIATSA_LOCUS13482	0	0	0	1	1	1
DIATSA_LOCUS13483	7	7	7	3	3	3
DIATSA_LOCUS13484	0	0	0	0	0	0
DIATSA_LOCUS13485	0	0	0	0	0	0
DIATSA_LOCUS13486	0	0	0	0	0	0
DIATSA_LOCUS13487	0	0	0	0	0	0
DIATSA_LOCUS13488	3	3	3	6	6	6
DIATSA_LOCUS13489	0	0	0	0	0	0
DIATSA_LOCUS1349	0	0	0	0	0	0
DIATSA_LOCUS13490	0	0	0	0	0	0
DIATSA_LOCUS13491	7	7	7	5	5	5
DIATSA_LOCUS13492	10	11	11	16	15	15
DIATSA_LOCUS13493	1705011	1453232	1603216	285989	147281	601647
DIATSA_LOCUS13494	9	9	9	13	13	13
DIATSA_LOCUS13495	143	137	138	219	229	228
DIATSA_LOCUS13496	14	15	15	23	22	22
DIATSA_LOCUS13497	43	43	43	78	79	78
DIATSA_LOCUS13498	21	21	21	31	31	31
DIATSA_LOCUS13499	0	0	0	0	0	0
DIATSA_LOCUS135	0	0	0	0	0	0
DIATSA_LOCUS1350	0	0	0	0	0	0
DIATSA_LOCUS13500	1	1	1	0	0	0
DIATSA_LOCUS13501	209	215	214	367	358	357
DIATSA_LOCUS13502	0	0	0	0	0	0
DIATSA_LOCUS13503	0	0	0	0	0	0
DIATSA_LOCUS13504	0	0	0	0	0	0
DIATSA_LOCUS13505	0	0	0	1	1	1
DIATSA_LOCUS13506	5	5	5	9	9	9
DIATSA_LOCUS13507	1	2	1	3	3	3
DIATSA_LOCUS13508	91	89	89	153	157	156
DIATSA_LOCUS13509	0	0	0	0	0	0
DIATSA_LOCUS1351	0	0	0	0	0	0
DIATSA_LOCUS13510	3	3	3	1	1	1
DIATSA_LOCUS13511	5	5	5	2	1	2
DIATSA_LOCUS13512	31	29	30	37	38	38
DIATSA_LOCUS13513	2	2	2	3	3	3
DIATSA_LOCUS13514	2	2	2	0	0	0
DIATSA_LOCUS13515	6	6	6	10	10	10
DIATSA_LOCUS13516	9	9	9	15	15	15
DIATSA_LOCUS13517	0	0	0	0	0	0
DIATSA_LOCUS13518	2	2	2	1	1	1
DIATSA_LOCUS13519	0	1	1	0	0	0
DIATSA_LOCUS1352	1	1	1	2	2	2
DIATSA_LOCUS13520	0	0	0	0	0	0
DIATSA_LOCUS13521	178	172	174	100	102	103
DIATSA_LOCUS13522	6	6	6	3	3	3
DIATSA_LOCUS13523	0	0	0	0	0	0
DIATSA_LOCUS13524	0	0	0	0	0	0
DIATSA_LOCUS13525	0	0	0	0	0	0
DIATSA_LOCUS13526	0	0	0	0	0	0
DIATSA_LOCUS13527	26	26	27	13	13	12
DIATSA_LOCUS13528	10	10	10	10	10	10
DIATSA_LOCUS13529	0	0	0	0	0	0
DIATSA_LOCUS1353	3	3	3	2	2	2
DIATSA_LOCUS13530	0	0	0	0	0	0
DIATSA_LOCUS13531	0	0	0	0	0	0
DIATSA_LOCUS13532	1	1	1	0	0	0
DIATSA_LOCUS13533	771	768	770	1477	1479	1483
DIATSA_LOCUS13534	0	0	0	0	0	0
DIATSA_LOCUS13535	16	16	16	18	18	18
DIATSA_LOCUS13536	0	0	0	0	0	0
DIATSA_LOCUS13537	0	0	0	0	0	0
DIATSA_LOCUS13538	0	0	0	0	0	0
DIATSA_LOCUS13539	3	2	2	2	2	2
DIATSA_LOCUS1354	0	0	0	0	0	0
DIATSA_LOCUS13540	4	4	4	4	4	4
DIATSA_LOCUS13541	6	6	6	5	5	5
DIATSA_LOCUS13542	2	2	2	1	1	1
DIATSA_LOCUS13543	0	0	0	0	0	0
DIATSA_LOCUS13544	5	5	5	3	3	3
DIATSA_LOCUS13545	0	0	0	0	0	0
DIATSA_LOCUS13546	1	1	1	4	4	4
DIATSA_LOCUS13547	2	2	2	1	1	1
DIATSA_LOCUS13548	11	10	10	15	15	16
DIATSA_LOCUS13549	0	0	0	1	1	1
DIATSA_LOCUS1355	5	6	6	8	8	8
DIATSA_LOCUS13550	0	0	0	0	0	0
DIATSA_LOCUS13551	0	0	0	0	0	0
DIATSA_LOCUS13552	2767	2786	2794	3912	3880	3878
DIATSA_LOCUS13553	2	2	2	4	4	4
DIATSA_LOCUS13554	75	75	74	127	128	127
DIATSA_LOCUS13555	3	3	3	2	1	1
DIATSA_LOCUS13556	5	5	5	8	8	8
DIATSA_LOCUS13557	7	7	7	3	3	3
DIATSA_LOCUS13558	16	15	16	11	12	11
DIATSA_LOCUS13559	1	0	0	0	0	0
DIATSA_LOCUS1356	0	0	0	0	0	0
DIATSA_LOCUS13560	3	3	3	4	4	3
DIATSA_LOCUS13561	0	0	0	0	0	0
DIATSA_LOCUS13562	0	0	0	0	0	0
DIATSA_LOCUS13563	0	0	0	0	0	0
DIATSA_LOCUS13564	24	23	23	30	31	31
DIATSA_LOCUS13565	3	3	3	6	6	6
DIATSA_LOCUS13566	10	10	10	5	5	5
DIATSA_LOCUS13567	0	0	0	0	0	0
DIATSA_LOCUS13568	1	1	1	2	2	2
DIATSA_LOCUS13569	0	0	0	0	0	0
DIATSA_LOCUS1357	0	0	0	1	1	1
DIATSA_LOCUS13570	0	0	0	0	0	0
DIATSA_LOCUS13571	0	0	0	0	0	0
DIATSA_LOCUS13572	0	0	0	0	0	0
DIATSA_LOCUS13573	1	1	1	1	1	1
DIATSA_LOCUS13574	1	1	1	1	1	1
DIATSA_LOCUS13575	1	1	1	2	2	2
DIATSA_LOCUS13576	0	0	0	0	0	0
DIATSA_LOCUS13577	0	0	0	0	0	0
DIATSA_LOCUS13578	0	0	0	0	0	0
DIATSA_LOCUS13579	0	0	0	0	0	0
DIATSA_LOCUS1358	4	4	4	3	3	3
DIATSA_LOCUS13580	0	0	0	0	0	0
DIATSA_LOCUS13581	6	6	6	6	6	6
DIATSA_LOCUS13582	0	0	0	0	0	0
DIATSA_LOCUS13583	0	0	0	0	0	0
DIATSA_LOCUS13584	79	80	79	83	83	82
DIATSA_LOCUS13585	163	161	164	309	306	313
DIATSA_LOCUS13586	2	2	2	2	2	2
DIATSA_LOCUS13587	5	5	5	7	7	7
DIATSA_LOCUS13588	494	471	475	585	607	612
DIATSA_LOCUS13589	1415	1453	1470	2923	2814	2842
DIATSA_LOCUS1359	35	35	35	27	27	27
DIATSA_LOCUS13590	0	0	0	0	0	0
DIATSA_LOCUS13591	6	6	6	11	11	11
DIATSA_LOCUS13592	2	3	3	0	0	0
DIATSA_LOCUS13593	0	0	0	0	0	0
DIATSA_LOCUS13594	5	5	5	8	8	8
DIATSA_LOCUS13595	11	11	11	12	11	12
DIATSA_LOCUS13596	1	1	1	1	1	1
DIATSA_LOCUS13597	14	14	14	25	25	25
DIATSA_LOCUS13598	0	0	0	1	0	0
DIATSA_LOCUS13599	1	1	1	0	0	0
DIATSA_LOCUS136	0	0	0	0	0	0
DIATSA_LOCUS1360	4	4	4	4	4	4
DIATSA_LOCUS13600	12	12	12	20	20	20
DIATSA_LOCUS13601	1	1	1	3	3	3
DIATSA_LOCUS13602	1	2	2	0	0	0
DIATSA_LOCUS13603	1	1	1	1	1	1
DIATSA_LOCUS13604	1	1	1	0	0	0
DIATSA_LOCUS13605	2	2	2	2	2	2
DIATSA_LOCUS13606	6	7	7	8	8	7
DIATSA_LOCUS13607	0	0	0	0	0	0
DIATSA_LOCUS13608	0	0	0	0	0	0
DIATSA_LOCUS13609	0	0	0	0	0	0
DIATSA_LOCUS1361	0	0	0	0	0	0
DIATSA_LOCUS13610	0	0	0	0	0	0
DIATSA_LOCUS13611	0	0	0	0	0	0
DIATSA_LOCUS13612	1	1	1	0	0	0
DIATSA_LOCUS13613	0	0	0	0	0	0
DIATSA_LOCUS13614	1	1	1	0	0	0
DIATSA_LOCUS13615	0	0	0	0	0	0
DIATSA_LOCUS13616	0	0	0	0	0	0
DIATSA_LOCUS13617	12	12	12	14	14	14
DIATSA_LOCUS13618	0	0	0	0	0	0
DIATSA_LOCUS13619	0	0	0	0	0	0
DIATSA_LOCUS1362	0	0	0	0	0	0
DIATSA_LOCUS13620	1	2	2	3	2	2
DIATSA_LOCUS13621	1	1	1	1	1	1
DIATSA_LOCUS13622	0	0	0	0	0	0
DIATSA_LOCUS13623	34	35	34	53	53	52
DIATSA_LOCUS13624	1	1	1	3	3	3
DIATSA_LOCUS13625	1	1	1	1	1	1
DIATSA_LOCUS13626	0	0	0	0	0	0
DIATSA_LOCUS13627	1	1	1	1	1	1
DIATSA_LOCUS13628	0	0	0	0	0	0
DIATSA_LOCUS13629	9	9	8	14	14	14
DIATSA_LOCUS1363	0	0	0	0	0	0
DIATSA_LOCUS13630	241	242	242	265	263	263
DIATSA_LOCUS13631	1	1	1	0	0	0
DIATSA_LOCUS13632	5	5	5	6	6	6
DIATSA_LOCUS13633	2	2	2	1	1	1
DIATSA_LOCUS13634	5	5	5	5	5	5
DIATSA_LOCUS13635	4	5	5	3	3	3
DIATSA_LOCUS13636	4	4	4	0	0	0
DIATSA_LOCUS13637	6	5	5	8	8	8
DIATSA_LOCUS13638	44	45	45	45	44	44
DIATSA_LOCUS13639	0	0	0	0	0	0
DIATSA_LOCUS1364	5	5	5	7	7	8
DIATSA_LOCUS13640	0	0	0	0	0	0
DIATSA_LOCUS13641	0	1	1	0	0	0
DIATSA_LOCUS13642	1	1	0	0	0	0
DIATSA_LOCUS13643	0	0	0	1	1	1
DIATSA_LOCUS13644	1	1	1	1	1	1
DIATSA_LOCUS13645	1	1	1	1	1	1
DIATSA_LOCUS13646	0	0	0	0	0	0
DIATSA_LOCUS13647	0	0	0	0	0	0
DIATSA_LOCUS13648	0	0	0	0	0	0
DIATSA_LOCUS13649	0	0	0	0	0	0
DIATSA_LOCUS1365	1	1	1	1	1	1
DIATSA_LOCUS13650	0	0	0	0	0	0
DIATSA_LOCUS13651	0	0	0	0	0	0
DIATSA_LOCUS13652	0	0	0	0	0	0
DIATSA_LOCUS13653	0	0	0	0	0	0
DIATSA_LOCUS13654	0	0	0	0	0	0
DIATSA_LOCUS13655	0	0	0	0	0	0
DIATSA_LOCUS13656	0	0	0	0	0	0
DIATSA_LOCUS13657	0	0	0	0	0	0
DIATSA_LOCUS13658	0	0	0	0	0	0
DIATSA_LOCUS13659	1	1	1	0	0	0
DIATSA_LOCUS1366	0	0	0	0	0	0
DIATSA_LOCUS13660	0	0	0	0	0	0
DIATSA_LOCUS13661	0	0	0	0	0	0
DIATSA_LOCUS13662	0	0	0	0	0	0
DIATSA_LOCUS13663	0	0	0	1	1	1
DIATSA_LOCUS13664	0	0	0	0	0	0
DIATSA_LOCUS13665	0	0	0	0	0	0
DIATSA_LOCUS13666	2	2	2	4	4	4
DIATSA_LOCUS13667	0	0	0	0	0	0
DIATSA_LOCUS13668	5	5	5	4	4	4
DIATSA_LOCUS13669	3	3	3	10	10	10
DIATSA_LOCUS1367	0	0	0	0	0	0
DIATSA_LOCUS13670	21	21	21	32	32	32
DIATSA_LOCUS13671	0	0	0	0	0	0
DIATSA_LOCUS13672	1	1	1	1	1	1
DIATSA_LOCUS13673	2	2	2	0	0	0
DIATSA_LOCUS13674	0	0	0	0	0	0
DIATSA_LOCUS13675	8	8	8	5	5	5
DIATSA_LOCUS13676	0	0	0	0	0	0
DIATSA_LOCUS13677	25	27	27	15	14	14
DIATSA_LOCUS13678	0	0	0	0	0	0
DIATSA_LOCUS13679	0	0	0	0	0	0
DIATSA_LOCUS1368	1	1	1	1	1	1
DIATSA_LOCUS13680	0	0	0	0	0	0
DIATSA_LOCUS13681	0	0	0	0	0	0
DIATSA_LOCUS13682	0	0	0	0	0	0
DIATSA_LOCUS13683	0	0	0	0	0	0
DIATSA_LOCUS13684	0	0	0	0	0	0
DIATSA_LOCUS13685	0	0	0	0	0	0
DIATSA_LOCUS13686	0	0	0	0	0	0
DIATSA_LOCUS13687	0	0	0	0	0	0
DIATSA_LOCUS13688	11	11	11	12	12	13
DIATSA_LOCUS13689	4	4	4	3	3	3
DIATSA_LOCUS1369	0	0	0	0	0	0
DIATSA_LOCUS13690	5	5	5	5	5	5
DIATSA_LOCUS13691	0	0	0	0	0	0
DIATSA_LOCUS13692	8	8	8	4	5	5
DIATSA_LOCUS13693	22	22	22	31	31	31
DIATSA_LOCUS13694	0	0	0	0	0	0
DIATSA_LOCUS13695	2	2	2	3	3	3
DIATSA_LOCUS13696	2	1	1	2	3	3
DIATSA_LOCUS13697	3	3	3	0	0	0
DIATSA_LOCUS13698	32	32	32	51	51	51
DIATSA_LOCUS13699	12	13	13	11	11	10
DIATSA_LOCUS137	0	0	0	0	0	0
DIATSA_LOCUS1370	0	0	0	0	0	0
DIATSA_LOCUS13700	0	0	0	0	0	0
DIATSA_LOCUS13701	0	0	0	0	0	0
DIATSA_LOCUS13702	0	0	0	0	0	0
DIATSA_LOCUS13703	0	0	0	0	0	0
DIATSA_LOCUS13704	3	3	3	5	5	5
DIATSA_LOCUS13705	0	0	0	0	0	0
DIATSA_LOCUS13706	6	6	6	6	6	6
DIATSA_LOCUS13707	3	3	3	2	2	2
DIATSA_LOCUS13708	25	25	25	26	26	26
DIATSA_LOCUS13709	0	0	0	0	0	0
DIATSA_LOCUS1371	6	5	5	4	4	4
DIATSA_LOCUS13710	0	0	0	0	0	0
DIATSA_LOCUS13711	6	6	6	3	2	3
DIATSA_LOCUS13712	0	0	0	0	0	0
DIATSA_LOCUS13713	13	14	14	11	10	10
DIATSA_LOCUS13714	3	3	3	3	4	3
DIATSA_LOCUS13715	0	0	0	0	0	0
DIATSA_LOCUS13716	0	0	0	0	0	0
DIATSA_LOCUS13717	0	0	0	0	0	0
DIATSA_LOCUS13718	4	6	6	1	1	1
DIATSA_LOCUS13719	5	4	4	6	6	6
DIATSA_LOCUS1372	0	0	0	0	0	0
DIATSA_LOCUS13720	0	0	0	0	0	0
DIATSA_LOCUS13721	1	1	1	1	1	1
DIATSA_LOCUS13722	0	0	0	0	0	0
DIATSA_LOCUS13723	0	0	0	0	0	0
DIATSA_LOCUS13724	0	0	0	0	0	0
DIATSA_LOCUS13725	0	0	0	0	0	0
DIATSA_LOCUS13726	0	0	0	0	0	0
DIATSA_LOCUS13727	85	87	87	77	76	75
DIATSA_LOCUS13728	36	35	35	41	42	41
DIATSA_LOCUS13729	1	1	1	1	1	1
DIATSA_LOCUS1373	0	0	0	0	0	0
DIATSA_LOCUS13730	3	3	3	3	3	3
DIATSA_LOCUS13731	0	0	0	0	0	0
DIATSA_LOCUS13732	0	0	0	0	0	0
DIATSA_LOCUS13733	0	0	0	0	0	0
DIATSA_LOCUS13734	0	0	0	0	0	0
DIATSA_LOCUS13735	0	0	0	0	0	0
DIATSA_LOCUS13736	0	0	0	0	0	0
DIATSA_LOCUS13737	0	0	0	0	0	0
DIATSA_LOCUS13738	0	0	0	0	0	0
DIATSA_LOCUS13739	0	0	0	0	0	0
DIATSA_LOCUS1374	202	196	194	322	335	331
DIATSA_LOCUS13740	0	0	0	0	0	0
DIATSA_LOCUS13741	0	0	0	0	0	0
DIATSA_LOCUS13742	8	8	8	7	6	6
DIATSA_LOCUS13743	0	0	0	0	0	0
DIATSA_LOCUS13744	0	1	1	1	1	1
DIATSA_LOCUS13745	8	9	9	7	7	7
DIATSA_LOCUS13746	3	3	3	3	3	3
DIATSA_LOCUS13747	0	0	0	0	0	0
DIATSA_LOCUS13748	0	0	0	0	0	0
DIATSA_LOCUS13749	0	0	0	0	0	0
DIATSA_LOCUS1375	0	0	0	0	0	0
DIATSA_LOCUS13750	1	1	1	2	2	2
DIATSA_LOCUS13751	0	0	0	1	1	1
DIATSA_LOCUS13752	0	0	0	0	0	0
DIATSA_LOCUS13753	22	23	23	24	23	23
DIATSA_LOCUS13754	3	3	3	1	1	1
DIATSA_LOCUS13755	10	10	10	13	12	12
DIATSA_LOCUS13756	0	0	0	0	0	0
DIATSA_LOCUS13757	0	0	0	0	0	0
DIATSA_LOCUS13758	0	0	0	0	0	0
DIATSA_LOCUS13759	0	0	0	0	0	0
DIATSA_LOCUS1376	6	6	6	13	13	13
DIATSA_LOCUS13760	0	0	0	0	0	0
DIATSA_LOCUS13761	7	7	7	3	3	3
DIATSA_LOCUS13762	3	3	3	3	2	2
DIATSA_LOCUS13763	44	45	45	53	53	53
DIATSA_LOCUS13764	5	6	6	3	3	3
DIATSA_LOCUS13765	1	1	1	1	1	1
DIATSA_LOCUS13766	0	0	0	0	0	0
DIATSA_LOCUS13767	0	0	0	0	0	0
DIATSA_LOCUS13768	0	0	0	0	0	0
DIATSA_LOCUS13769	0	0	0	0	0	0
DIATSA_LOCUS1377	1	1	1	2	2	1
DIATSA_LOCUS13770	0	0	0	0	0	0
DIATSA_LOCUS13771	0	0	0	0	0	0
DIATSA_LOCUS13772	5	5	5	3	3	3
DIATSA_LOCUS13773	0	0	0	0	0	0
DIATSA_LOCUS13774	0	0	0	0	0	0
DIATSA_LOCUS13775	9	9	9	4	4	4
DIATSA_LOCUS13776	0	0	0	0	0	0
DIATSA_LOCUS13777	1	1	1	1	1	1
DIATSA_LOCUS13778	10	10	10	9	9	9
DIATSA_LOCUS13779	9	9	9	10	10	10
DIATSA_LOCUS1378	1	1	1	1	1	1
DIATSA_LOCUS13780	29	29	30	59	57	58
DIATSA_LOCUS13781	12	13	13	2	2	2
DIATSA_LOCUS13782	23	23	23	27	27	27
DIATSA_LOCUS13783	5	5	5	6	6	6
DIATSA_LOCUS13784	0	0	0	0	0	0
DIATSA_LOCUS13785	9	9	9	10	10	10
DIATSA_LOCUS13786	1	1	1	0	0	0
DIATSA_LOCUS13787	0	0	0	1	1	1
DIATSA_LOCUS13788	0	1	1	0	0	0
DIATSA_LOCUS13789	4	4	4	4	4	4
DIATSA_LOCUS1379	5	5	5	4	4	4
DIATSA_LOCUS13790	0	0	0	0	0	0
DIATSA_LOCUS13791	0	0	0	0	0	0
DIATSA_LOCUS13792	65	65	65	134	134	134
DIATSA_LOCUS13793	0	0	0	0	0	0
DIATSA_LOCUS13794	14	14	14	15	15	15
DIATSA_LOCUS13795	1	1	1	0	0	0
DIATSA_LOCUS13796	0	0	0	0	0	0
DIATSA_LOCUS13797	3	4	4	2	2	2
DIATSA_LOCUS13798	1	1	1	1	1	1
DIATSA_LOCUS13799	0	0	0	1	1	1
DIATSA_LOCUS138	2	2	2	1	1	1
DIATSA_LOCUS1380	0	0	0	0	0	0
DIATSA_LOCUS13800	0	0	0	0	0	0
DIATSA_LOCUS13801	104	105	104	217	219	217
DIATSA_LOCUS13802	14	15	14	25	24	24
DIATSA_LOCUS13803	491	501	498	634	627	622
DIATSA_LOCUS13804	7	7	7	6	7	7
DIATSA_LOCUS13805	0	0	0	0	0	0
DIATSA_LOCUS13806	2	2	2	2	2	2
DIATSA_LOCUS13807	4	4	4	7	6	6
DIATSA_LOCUS13808	0	0	0	0	0	0
DIATSA_LOCUS13809	0	1	1	1	1	1
DIATSA_LOCUS1381	5	5	5	4	4	4
DIATSA_LOCUS13810	7	7	7	7	6	6
DIATSA_LOCUS13811	0	0	0	0	0	0
DIATSA_LOCUS13812	7	6	6	6	6	6
DIATSA_LOCUS13813	7	6	6	7	7	7
DIATSA_LOCUS13814	1	1	1	0	0	0
DIATSA_LOCUS13815	1	1	1	0	0	0
DIATSA_LOCUS13816	1	1	0	0	0	0
DIATSA_LOCUS13817	0	0	0	0	0	0
DIATSA_LOCUS13818	0	0	0	0	0	0
DIATSA_LOCUS13819	0	0	0	0	0	0
DIATSA_LOCUS1382	0	0	0	0	0	0
DIATSA_LOCUS13820	3	3	3	1	1	1
DIATSA_LOCUS13821	5	5	5	9	9	9
DIATSA_LOCUS13822	0	0	0	0	0	0
DIATSA_LOCUS13823	0	0	0	0	0	0
DIATSA_LOCUS13824	10	10	10	7	7	7
DIATSA_LOCUS13825	0	0	0	0	0	0
DIATSA_LOCUS13826	0	0	0	0	0	0
DIATSA_LOCUS13827	0	0	0	0	0	0
DIATSA_LOCUS13828	2	2	2	2	2	2
DIATSA_LOCUS13829	23	24	24	25	24	24
DIATSA_LOCUS1383	0	0	0	0	0	0
DIATSA_LOCUS13830	0	0	0	0	1	1
DIATSA_LOCUS13831	83	83	83	48	49	48
DIATSA_LOCUS13832	2	2	2	4	4	4
DIATSA_LOCUS13833	0	0	0	0	0	0
DIATSA_LOCUS13834	0	0	0	0	0	0
DIATSA_LOCUS13835	0	0	0	0	0	0
DIATSA_LOCUS13836	0	0	0	0	0	0
DIATSA_LOCUS13837	5	5	5	5	5	5
DIATSA_LOCUS13838	1	1	1	0	0	0
DIATSA_LOCUS13839	5	5	5	2	3	2
DIATSA_LOCUS1384	41	42	42	63	62	61
DIATSA_LOCUS13840	8	7	8	18	18	18
DIATSA_LOCUS13841	0	0	0	0	0	0
DIATSA_LOCUS13842	0	0	0	0	0	0
DIATSA_LOCUS13843	4	4	4	9	9	9
DIATSA_LOCUS13844	0	1	1	1	1	1
DIATSA_LOCUS13845	2	2	2	2	1	1
DIATSA_LOCUS13846	0	0	0	0	0	0
DIATSA_LOCUS13847	0	0	0	0	0	0
DIATSA_LOCUS13848	0	0	0	0	0	0
DIATSA_LOCUS13849	0	0	0	0	0	0
DIATSA_LOCUS1385	2	2	2	5	4	4
DIATSA_LOCUS13850	1	1	1	0	0	0
DIATSA_LOCUS13851	0	0	0	0	0	0
DIATSA_LOCUS13852	3	3	3	4	4	4
DIATSA_LOCUS13853	1	1	1	2	2	2
DIATSA_LOCUS13854	1	1	1	1	1	1
DIATSA_LOCUS13855	5	5	5	3	3	3
DIATSA_LOCUS13856	0	1	1	0	0	0
DIATSA_LOCUS13857	0	0	0	0	0	0
DIATSA_LOCUS13858	0	0	0	0	0	0
DIATSA_LOCUS13859	0	0	0	0	0	0
DIATSA_LOCUS1386	4	4	4	2	2	2
DIATSA_LOCUS13860	0	0	0	0	0	0
DIATSA_LOCUS13861	2	2	2	4	4	4
DIATSA_LOCUS13862	1	1	1	1	1	1
DIATSA_LOCUS13863	3	3	3	2	2	2
DIATSA_LOCUS13864	8	9	9	9	9	9
DIATSA_LOCUS13865	2	2	2	5	5	5
DIATSA_LOCUS13866	1	1	1	2	2	2
DIATSA_LOCUS13867	0	0	0	0	0	0
DIATSA_LOCUS13868	3	3	3	0	0	0
DIATSA_LOCUS13869	0	0	0	0	0	0
DIATSA_LOCUS1387	2	2	2	2	2	2
DIATSA_LOCUS13870	2	2	2	2	2	2
DIATSA_LOCUS13871	0	0	0	0	0	0
DIATSA_LOCUS13872	0	0	0	0	0	0
DIATSA_LOCUS13873	440	441	442	653	651	651
DIATSA_LOCUS13874	1	1	1	2	2	2
DIATSA_LOCUS13875	14	14	14	8	8	8
DIATSA_LOCUS13876	1	1	1	3	2	2
DIATSA_LOCUS13877	0	0	0	0	0	0
DIATSA_LOCUS13878	0	0	0	0	0	0
DIATSA_LOCUS13879	11	11	11	12	12	12
DIATSA_LOCUS1388	0	0	0	0	0	0
DIATSA_LOCUS13880	1	1	1	2	2	2
DIATSA_LOCUS13881	26	27	27	37	36	36
DIATSA_LOCUS13882	0	0	0	0	0	0
DIATSA_LOCUS13883	19	20	20	19	19	19
DIATSA_LOCUS13884	0	0	0	0	0	0
DIATSA_LOCUS13885	3	3	3	2	2	2
DIATSA_LOCUS13886	3	3	3	8	8	7
DIATSA_LOCUS13887	344	343	344	463	464	464
DIATSA_LOCUS13888	1	1	1	0	0	0
DIATSA_LOCUS13889	45	45	45	45	45	45
DIATSA_LOCUS1389	0	0	0	0	0	0
DIATSA_LOCUS13890	0	0	0	1	1	1
DIATSA_LOCUS13891	0	0	0	0	0	0
DIATSA_LOCUS13892	0	0	0	0	0	0
DIATSA_LOCUS13893	75	74	74	163	165	165
DIATSA_LOCUS13894	0	0	0	0	0	0
DIATSA_LOCUS13895	0	0	0	0	0	0
DIATSA_LOCUS13896	0	0	0	0	0	0
DIATSA_LOCUS13897	0	0	0	0	0	0
DIATSA_LOCUS13898	0	0	0	2	3	3
DIATSA_LOCUS13899	0	0	0	0	0	0
DIATSA_LOCUS139	21	22	22	22	21	21
DIATSA_LOCUS1390	0	0	0	0	0	0
DIATSA_LOCUS13900	2	2	2	0	0	0
DIATSA_LOCUS13901	0	0	0	0	0	0
DIATSA_LOCUS13902	0	0	0	0	0	0
DIATSA_LOCUS13903	0	0	0	0	0	0
DIATSA_LOCUS13904	1	1	1	0	0	0
DIATSA_LOCUS13905	0	0	0	0	0	0
DIATSA_LOCUS13906	2	2	2	7	7	7
DIATSA_LOCUS13907	0	0	0	0	0	0
DIATSA_LOCUS13908	1	1	1	2	2	2
DIATSA_LOCUS13909	2	2	2	2	2	2
DIATSA_LOCUS1391	0	0	0	0	0	0
DIATSA_LOCUS13910	0	0	0	0	0	0
DIATSA_LOCUS13911	40	39	40	88	89	89
DIATSA_LOCUS13912	67	67	67	142	141	141
DIATSA_LOCUS13913	3	3	3	13	13	13
DIATSA_LOCUS13914	99	97	97	160	165	163
DIATSA_LOCUS13915	4	3	4	6	6	7
DIATSA_LOCUS13916	2	2	2	4	4	4
DIATSA_LOCUS13917	71	71	71	66	66	66
DIATSA_LOCUS13918	6	6	6	8	8	8
DIATSA_LOCUS13919	1	0	1	0	0	0
DIATSA_LOCUS1392	1	1	1	1	1	1
DIATSA_LOCUS13920	2	3	3	5	4	4
DIATSA_LOCUS13921	16	16	16	19	19	19
DIATSA_LOCUS13922	2	2	2	3	3	3
DIATSA_LOCUS13923	0	0	0	0	0	0
DIATSA_LOCUS13924	1	1	1	1	1	1
DIATSA_LOCUS13925	16	15	16	38	38	38
DIATSA_LOCUS13926	0	0	0	0	0	0
DIATSA_LOCUS13927	2	2	2	1	1	1
DIATSA_LOCUS13928	62	62	63	90	89	90
DIATSA_LOCUS13929	0	0	0	0	0	0
DIATSA_LOCUS1393	0	0	0	0	0	0
DIATSA_LOCUS13930	1	1	1	1	1	1
DIATSA_LOCUS13931	0	0	0	0	0	0
DIATSA_LOCUS13932	0	0	0	0	0	0
DIATSA_LOCUS13933	2	2	2	1	1	1
DIATSA_LOCUS13934	7	8	8	7	6	6
DIATSA_LOCUS13935	1	1	1	0	0	0
DIATSA_LOCUS13936	0	0	0	0	0	0
DIATSA_LOCUS13937	7	6	6	8	9	9
DIATSA_LOCUS13938	14	15	14	21	21	21
DIATSA_LOCUS13939	3	3	3	4	4	4
DIATSA_LOCUS1394	0	0	0	0	0	0
DIATSA_LOCUS13940	12	12	12	12	11	12
DIATSA_LOCUS13941	1	1	1	0	0	0
DIATSA_LOCUS13942	1	1	1	0	0	0
DIATSA_LOCUS13943	0	0	0	0	0	0
DIATSA_LOCUS13944	0	1	0	1	1	1
DIATSA_LOCUS13945	0	0	0	0	0	0
DIATSA_LOCUS13946	4	3	4	7	7	7
DIATSA_LOCUS13947	0	0	0	0	0	0
DIATSA_LOCUS13948	0	0	0	0	0	0
DIATSA_LOCUS13949	0	0	0	0	0	0
DIATSA_LOCUS1395	2	2	2	4	4	3
DIATSA_LOCUS13950	77	76	77	70	70	70
DIATSA_LOCUS13951	1	1	1	2	2	2
DIATSA_LOCUS13952	5	5	5	10	9	9
DIATSA_LOCUS13953	8	9	9	2	2	2
DIATSA_LOCUS13954	289	288	289	298	299	298
DIATSA_LOCUS13955	0	0	0	0	0	0
DIATSA_LOCUS13956	16	15	15	25	26	26
DIATSA_LOCUS13957	0	0	0	0	0	0
DIATSA_LOCUS13958	1	1	1	0	0	0
DIATSA_LOCUS13959	35	36	36	29	29	29
DIATSA_LOCUS1396	0	0	0	0	0	0
DIATSA_LOCUS13960	0	0	0	0	0	0
DIATSA_LOCUS13961	0	0	0	0	0	0
DIATSA_LOCUS13962	0	0	0	1	1	1
DIATSA_LOCUS13963	4	4	4	3	3	3
DIATSA_LOCUS13964	17	16	16	25	26	26
DIATSA_LOCUS13965	0	0	0	0	0	0
DIATSA_LOCUS13966	0	0	0	0	0	0
DIATSA_LOCUS13967	0	0	0	0	0	0
DIATSA_LOCUS13968	0	0	0	0	0	0
DIATSA_LOCUS13969	1	0	0	1	1	1
DIATSA_LOCUS1397	0	0	0	0	0	0
DIATSA_LOCUS13970	1	1	1	4	3	4
DIATSA_LOCUS13971	0	1	1	0	0	0
DIATSA_LOCUS13972	0	0	0	0	0	0
DIATSA_LOCUS13973	1	1	1	0	0	0
DIATSA_LOCUS13974	1	1	1	1	2	1
DIATSA_LOCUS13975	3	2	2	1	1	1
DIATSA_LOCUS13976	4	4	4	2	2	2
DIATSA_LOCUS13977	0	0	0	0	0	0
DIATSA_LOCUS13978	140	143	142	279	276	275
DIATSA_LOCUS13979	0	0	0	0	0	0
DIATSA_LOCUS1398	4	4	4	0	0	0
DIATSA_LOCUS13980	8	8	8	4	4	4
DIATSA_LOCUS13981	0	0	0	0	0	0
DIATSA_LOCUS13982	3	3	3	5	5	5
DIATSA_LOCUS13983	1	1	1	0	0	0
DIATSA_LOCUS13984	1	1	1	0	0	0
DIATSA_LOCUS13985	0	0	0	0	0	0
DIATSA_LOCUS13986	0	1	1	0	0	0
DIATSA_LOCUS13987	1	1	1	2	2	2
DIATSA_LOCUS13988	0	0	0	0	0	0
DIATSA_LOCUS13989	0	0	0	0	0	0
DIATSA_LOCUS1399	6	6	6	16	15	15
DIATSA_LOCUS13990	0	0	0	0	0	0
DIATSA_LOCUS13991	0	0	0	0	0	0
DIATSA_LOCUS13992	1	1	1	1	1	1
DIATSA_LOCUS13993	0	1	0	0	0	0
DIATSA_LOCUS13994	0	0	0	0	0	0
DIATSA_LOCUS13995	30	29	29	42	42	42
DIATSA_LOCUS13996	0	0	0	0	0	0
DIATSA_LOCUS13997	2	2	2	3	3	3
DIATSA_LOCUS13998	16	16	16	24	24	24
DIATSA_LOCUS13999	0	0	0	0	0	0
DIATSA_LOCUS14	15	15	15	12	12	12
DIATSA_LOCUS140	3	2	2	3	3	3
DIATSA_LOCUS1400	0	0	0	0	0	0
DIATSA_LOCUS14000	0	0	0	0	0	0
DIATSA_LOCUS14001	1	1	1	0	0	0
DIATSA_LOCUS14002	0	0	0	0	0	0
DIATSA_LOCUS14003	0	0	0	1	1	1
DIATSA_LOCUS14004	211	212	213	116	114	115
DIATSA_LOCUS14005	3	3	3	14	14	14
DIATSA_LOCUS14006	0	0	0	0	0	0
DIATSA_LOCUS14007	0	1	2	0	0	0
DIATSA_LOCUS14008	0	0	0	0	0	0
DIATSA_LOCUS14009	0	0	0	0	0	0
DIATSA_LOCUS1401	17	18	17	18	18	18
DIATSA_LOCUS14010	0	0	0	0	0	0
DIATSA_LOCUS14011	0	0	0	0	0	0
DIATSA_LOCUS14012	0	0	0	0	0	0
DIATSA_LOCUS14013	0	0	0	0	0	0
DIATSA_LOCUS14014	0	0	0	0	0	0
DIATSA_LOCUS14015	0	0	0	0	0	0
DIATSA_LOCUS14016	0	0	0	0	0	0
DIATSA_LOCUS14017	0	0	0	0	0	0
DIATSA_LOCUS14018	0	0	0	0	0	0
DIATSA_LOCUS14019	0	0	0	0	0	0
DIATSA_LOCUS1402	8	8	8	14	13	13
DIATSA_LOCUS14020	13	13	13	11	11	11
DIATSA_LOCUS14021	0	0	0	0	0	0
DIATSA_LOCUS14022	0	0	0	0	0	0
DIATSA_LOCUS14023	0	0	0	0	0	0
DIATSA_LOCUS14024	2	2	2	3	2	2
DIATSA_LOCUS14025	2	2	2	3	3	3
DIATSA_LOCUS14026	3	2	3	3	3	3
DIATSA_LOCUS14027	0	0	0	0	0	0
DIATSA_LOCUS14028	1	1	1	0	0	0
DIATSA_LOCUS14029	2	2	2	4	4	4
DIATSA_LOCUS1403	0	0	0	0	0	0
DIATSA_LOCUS14030	0	0	0	0	0	0
DIATSA_LOCUS14031	1	1	1	3	2	2
DIATSA_LOCUS14032	2	1	1	2	2	2
DIATSA_LOCUS14033	2	2	2	3	3	3
DIATSA_LOCUS14034	0	0	0	1	1	1
DIATSA_LOCUS14035	0	0	0	0	0	0
DIATSA_LOCUS14036	0	0	0	0	0	0
DIATSA_LOCUS14037	1	1	1	1	0	0
DIATSA_LOCUS14038	0	0	0	0	0	0
DIATSA_LOCUS14039	1	1	1	0	0	0
DIATSA_LOCUS1404	0	0	0	0	0	0
DIATSA_LOCUS14040	0	0	0	0	0	0
DIATSA_LOCUS14041	0	0	0	0	0	0
DIATSA_LOCUS14042	3	3	3	4	4	4
DIATSA_LOCUS14043	16	16	16	23	24	24
DIATSA_LOCUS14044	24	23	23	20	20	20
DIATSA_LOCUS14045	2	2	2	2	3	2
DIATSA_LOCUS14046	13	13	13	13	13	13
DIATSA_LOCUS14047	0	1	1	0	0	0
DIATSA_LOCUS14048	0	0	0	0	0	0
DIATSA_LOCUS14049	4	4	4	5	5	5
DIATSA_LOCUS1405	0	0	0	0	0	0
DIATSA_LOCUS14050	0	0	0	0	0	0
DIATSA_LOCUS14051	10	10	10	11	11	11
DIATSA_LOCUS14052	8	8	8	8	8	8
DIATSA_LOCUS14053	0	0	0	0	0	0
DIATSA_LOCUS14054	1	1	1	1	1	1
DIATSA_LOCUS14055	7	7	7	9	9	9
DIATSA_LOCUS14056	0	0	0	0	0	0
DIATSA_LOCUS14057	0	0	0	0	0	0
DIATSA_LOCUS14058	3	3	3	5	5	5
DIATSA_LOCUS14059	0	0	0	0	0	0
DIATSA_LOCUS1406	0	0	0	1	1	1
DIATSA_LOCUS14060	1	1	1	2	2	2
DIATSA_LOCUS14061	0	0	0	0	0	0
DIATSA_LOCUS14062	0	0	0	0	0	0
DIATSA_LOCUS14063	1	1	1	0	0	0
DIATSA_LOCUS14064	1	2	2	2	1	1
DIATSA_LOCUS14065	0	0	0	1	0	0
DIATSA_LOCUS14066	0	0	0	0	0	0
DIATSA_LOCUS14067	4	4	4	9	9	9
DIATSA_LOCUS14068	6	6	6	11	12	12
DIATSA_LOCUS14069	2	2	2	6	6	6
DIATSA_LOCUS1407	0	0	0	0	1	1
DIATSA_LOCUS14070	2	2	2	2	3	3
DIATSA_LOCUS14071	0	0	0	2	2	2
DIATSA_LOCUS14072	52	51	52	86	84	86
DIATSA_LOCUS14073	83	83	83	162	160	164
DIATSA_LOCUS14074	3	2	2	0	0	0
DIATSA_LOCUS14075	6	6	6	1	1	1
DIATSA_LOCUS14076	0	0	0	0	0	0
DIATSA_LOCUS14077	29	28	28	28	28	28
DIATSA_LOCUS14078	0	0	0	0	0	0
DIATSA_LOCUS14079	43	43	43	42	43	43
DIATSA_LOCUS1408	33	34	35	36	34	34
DIATSA_LOCUS14080	5	5	5	5	5	5
DIATSA_LOCUS14081	0	0	0	0	0	0
DIATSA_LOCUS14082	0	0	0	0	0	0
DIATSA_LOCUS14083	2	3	3	4	3	3
DIATSA_LOCUS14084	0	0	0	0	0	0
DIATSA_LOCUS14085	0	0	0	0	0	0
DIATSA_LOCUS14086	5	5	5	3	3	3
DIATSA_LOCUS14087	0	0	0	0	0	0
DIATSA_LOCUS14088	455	452	454	916	918	920
DIATSA_LOCUS14089	0	0	0	0	0	0
DIATSA_LOCUS1409	21	21	21	25	25	25
DIATSA_LOCUS14090	0	0	0	0	0	0
DIATSA_LOCUS14091	0	0	0	0	0	0
DIATSA_LOCUS14092	2	1	1	1	1	1
DIATSA_LOCUS14093	1	1	1	2	3	3
DIATSA_LOCUS14094	3	3	3	14	14	14
DIATSA_LOCUS14095	8	8	9	5	5	5
DIATSA_LOCUS14096	2	2	2	4	4	4
DIATSA_LOCUS14097	0	0	0	0	0	0
DIATSA_LOCUS14098	1	0	0	1	1	1
DIATSA_LOCUS14099	1	1	1	1	1	1
DIATSA_LOCUS141	0	0	0	0	0	0
DIATSA_LOCUS1410	10	10	10	11	11	11
DIATSA_LOCUS14100	1	1	1	0	1	0
DIATSA_LOCUS14101	0	0	0	0	0	0
DIATSA_LOCUS14102	8	8	7	3	3	3
DIATSA_LOCUS14103	175	175	176	256	255	255
DIATSA_LOCUS14104	4	4	4	2	3	3
DIATSA_LOCUS14105	0	0	0	0	0	0
DIATSA_LOCUS14106	13	13	13	32	32	32
DIATSA_LOCUS14107	3	3	3	3	3	4
DIATSA_LOCUS14108	10	11	11	7	7	7
DIATSA_LOCUS14109	1	1	1	1	1	1
DIATSA_LOCUS1411	10	11	11	15	14	14
DIATSA_LOCUS14110	28	29	30	57	55	55
DIATSA_LOCUS14111	0	0	0	0	0	0
DIATSA_LOCUS14112	2	2	2	2	2	2
DIATSA_LOCUS14113	2	3	3	3	2	2
DIATSA_LOCUS14114	16	16	16	12	13	13
DIATSA_LOCUS14115	13	13	13	14	15	15
DIATSA_LOCUS14116	0	0	0	0	0	0
DIATSA_LOCUS14117	6	6	6	5	5	5
DIATSA_LOCUS14118	1	1	1	0	0	0
DIATSA_LOCUS14119	25	26	26	36	35	35
DIATSA_LOCUS1412	0	0	0	0	0	0
DIATSA_LOCUS14120	0	0	0	0	0	0
DIATSA_LOCUS14121	5	5	5	5	5	6
DIATSA_LOCUS14122	0	0	0	0	0	0
DIATSA_LOCUS14123	1	0	1	0	0	0
DIATSA_LOCUS14124	14	14	15	27	26	27
DIATSA_LOCUS14125	0	0	0	0	1	1
DIATSA_LOCUS14126	1	1	1	2	2	2
DIATSA_LOCUS14127	1	1	1	2	2	2
DIATSA_LOCUS14128	0	0	0	0	0	0
DIATSA_LOCUS14129	0	0	0	0	0	0
DIATSA_LOCUS1413	1	2	5	4	2	2
DIATSA_LOCUS14130	0	0	0	0	0	0
DIATSA_LOCUS14131	0	0	0	0	0	0
DIATSA_LOCUS14132	0	0	0	0	0	0
DIATSA_LOCUS14133	0	0	0	0	0	0
DIATSA_LOCUS14134	0	0	0	0	0	0
DIATSA_LOCUS14135	0	0	0	0	0	0
DIATSA_LOCUS14136	0	0	0	0	0	0
DIATSA_LOCUS14137	0	0	0	0	0	0
DIATSA_LOCUS1414	50	51	51	54	54	54
DIATSA_LOCUS1415	1	1	1	0	0	0
DIATSA_LOCUS1416	0	0	0	0	0	0
DIATSA_LOCUS1417	14	14	14	22	22	22
DIATSA_LOCUS1418	1	1	1	1	1	1
DIATSA_LOCUS1419	2	2	3	0	0	0
DIATSA_LOCUS142	0	0	0	0	0	0
DIATSA_LOCUS1420	0	0	0	0	0	0
DIATSA_LOCUS1421	2	3	3	0	0	0
DIATSA_LOCUS1422	2	2	2	1	1	1
DIATSA_LOCUS1423	8	9	9	10	10	10
DIATSA_LOCUS1424	2	2	2	3	3	3
DIATSA_LOCUS1425	5	5	5	9	9	9
DIATSA_LOCUS1426	0	0	0	0	0	0
DIATSA_LOCUS1427	1	1	1	1	1	1
DIATSA_LOCUS1428	0	0	0	0	0	0
DIATSA_LOCUS1429	0	0	0	0	0	0
DIATSA_LOCUS143	0	0	0	0	0	0
DIATSA_LOCUS1430	13	13	13	11	11	11
DIATSA_LOCUS1431	4	4	4	2	2	2
DIATSA_LOCUS1432	0	0	0	0	0	0
DIATSA_LOCUS1433	1	1	1	0	0	0
DIATSA_LOCUS1434	1	1	1	0	0	0
DIATSA_LOCUS1435	117	112	112	151	157	157
DIATSA_LOCUS1436	0	0	0	0	0	0
DIATSA_LOCUS1437	1	1	1	2	2	2
DIATSA_LOCUS1438	2	2	2	3	3	3
DIATSA_LOCUS1439	0	0	0	0	0	0
DIATSA_LOCUS144	0	0	0	0	0	0
DIATSA_LOCUS1440	0	0	0	0	0	0
DIATSA_LOCUS1441	0	0	0	0	0	0
DIATSA_LOCUS1442	0	0	0	0	0	0
DIATSA_LOCUS1443	3	3	3	1	1	1
DIATSA_LOCUS1444	8	8	8	10	10	10
DIATSA_LOCUS1445	4	3	3	5	6	6
DIATSA_LOCUS1446	2	2	2	4	4	4
DIATSA_LOCUS1447	13	13	13	17	17	17
DIATSA_LOCUS1448	0	0	0	0	0	0
DIATSA_LOCUS1449	4	4	4	6	6	6
DIATSA_LOCUS145	0	0	0	0	0	0
DIATSA_LOCUS1450	0	0	0	0	0	0
DIATSA_LOCUS1451	3	3	4	1	1	1
DIATSA_LOCUS1452	0	0	0	0	0	0
DIATSA_LOCUS1453	578	578	579	1142	1142	1141
DIATSA_LOCUS1454	0	0	0	0	0	0
DIATSA_LOCUS1455	0	0	0	0	0	0
DIATSA_LOCUS1456	0	0	0	0	0	0
DIATSA_LOCUS1457	0	0	0	0	0	0
DIATSA_LOCUS1458	5	4	5	5	5	5
DIATSA_LOCUS1459	0	0	0	0	0	0
DIATSA_LOCUS146	0	0	0	0	0	0
DIATSA_LOCUS1460	0	0	0	0	0	0
DIATSA_LOCUS1461	0	0	0	0	0	0
DIATSA_LOCUS1462	0	0	0	0	0	0
DIATSA_LOCUS1463	0	1	1	0	0	0
DIATSA_LOCUS1464	0	0	0	1	1	1
DIATSA_LOCUS1465	0	0	0	0	0	0
DIATSA_LOCUS1466	0	0	0	0	0	0
DIATSA_LOCUS1467	2	3	3	0	0	0
DIATSA_LOCUS1468	5	4	4	2	2	2
DIATSA_LOCUS1469	0	0	0	0	0	0
DIATSA_LOCUS147	0	0	0	0	0	0
DIATSA_LOCUS1470	5	5	5	5	6	6
DIATSA_LOCUS1471	0	0	0	0	0	0
DIATSA_LOCUS1472	0	0	0	0	0	0
DIATSA_LOCUS1473	1	1	1	0	0	0
DIATSA_LOCUS1474	45	46	47	26	25	25
DIATSA_LOCUS1475	0	0	0	0	0	0
DIATSA_LOCUS1476	0	0	0	0	0	0
DIATSA_LOCUS1477	0	0	0	0	0	0
DIATSA_LOCUS1478	3	3	3	1	1	1
DIATSA_LOCUS1479	7	6	6	9	10	10
DIATSA_LOCUS148	0	0	0	0	0	0
DIATSA_LOCUS1480	0	0	0	0	0	0
DIATSA_LOCUS1481	4	5	5	2	2	2
DIATSA_LOCUS1482	0	0	0	0	0	0
DIATSA_LOCUS1483	4	4	4	1	1	1
DIATSA_LOCUS1484	1186	1154	1158	2313	2370	2373
DIATSA_LOCUS1485	0	0	0	0	0	0
DIATSA_LOCUS1486	0	0	0	0	0	0
DIATSA_LOCUS1487	1	1	1	2	2	2
DIATSA_LOCUS1488	29	29	30	39	39	39
DIATSA_LOCUS1489	0	0	0	0	0	0
DIATSA_LOCUS149	0	0	0	0	0	0
DIATSA_LOCUS1490	9	9	9	5	5	5
DIATSA_LOCUS1491	0	0	0	0	0	0
DIATSA_LOCUS1492	7	8	8	10	10	10
DIATSA_LOCUS1493	1	1	1	3	3	3
DIATSA_LOCUS1494	7	7	7	9	9	9
DIATSA_LOCUS1495	3	3	3	8	8	8
DIATSA_LOCUS1496	7	8	8	14	13	13
DIATSA_LOCUS1497	11	12	12	15	15	15
DIATSA_LOCUS1498	14	14	14	16	16	15
DIATSA_LOCUS1499	4	4	4	2	2	2
DIATSA_LOCUS15	0	0	0	0	0	0
DIATSA_LOCUS150	0	0	0	0	0	0
DIATSA_LOCUS1500	1	1	1	1	0	0
DIATSA_LOCUS1501	168	166	167	152	153	154
DIATSA_LOCUS1502	2	0	2	0	0	2
DIATSA_LOCUS1503	4	4	4	11	10	10
DIATSA_LOCUS1504	0	31	0	17	21	0
DIATSA_LOCUS1505	7	7	7	10	10	10
DIATSA_LOCUS1506	0	0	0	0	0	0
DIATSA_LOCUS1507	2	2	2	2	1	1
DIATSA_LOCUS1508	9	9	9	11	11	11
DIATSA_LOCUS1509	318	305	307	384	399	399
DIATSA_LOCUS151	7	7	7	4	4	4
DIATSA_LOCUS1510	0	0	0	0	0	0
DIATSA_LOCUS1511	0	0	0	0	0	0
DIATSA_LOCUS1512	0	0	0	0	0	0
DIATSA_LOCUS1513	0	0	0	0	0	0
DIATSA_LOCUS1514	4	3	3	3	3	3
DIATSA_LOCUS1515	12	13	13	6	6	5
DIATSA_LOCUS1516	9	10	10	12	12	12
DIATSA_LOCUS1517	0	0	0	0	0	0
DIATSA_LOCUS1518	3	3	3	4	5	5
DIATSA_LOCUS1519	0	0	0	0	0	0
DIATSA_LOCUS152	2	2	2	0	0	0
DIATSA_LOCUS1520	24	24	24	37	35	36
DIATSA_LOCUS1521	2	2	2	1	1	1
DIATSA_LOCUS1522	0	0	0	0	0	0
DIATSA_LOCUS1523	1	1	1	0	0	0
DIATSA_LOCUS1524	1	1	1	1	1	1
DIATSA_LOCUS1525	0	0	0	0	0	0
DIATSA_LOCUS1526	0	0	0	0	0	0
DIATSA_LOCUS1527	0	0	0	0	0	0
DIATSA_LOCUS1528	0	0	0	0	0	0
DIATSA_LOCUS1529	7	8	8	8	7	7
DIATSA_LOCUS153	4	5	5	3	3	3
DIATSA_LOCUS1530	0	0	0	0	0	0
DIATSA_LOCUS1531	1	1	1	0	0	0
DIATSA_LOCUS1532	0	0	0	0	0	0
DIATSA_LOCUS1533	0	0	0	0	0	0
DIATSA_LOCUS1534	0	0	0	0	0	0
DIATSA_LOCUS1535	0	0	0	0	0	0
DIATSA_LOCUS1536	0	0	0	1	1	1
DIATSA_LOCUS1537	3	3	3	2	2	2
DIATSA_LOCUS1538	4	5	5	4	4	4
DIATSA_LOCUS1539	1	1	1	1	1	1
DIATSA_LOCUS154	0	0	0	0	0	0
DIATSA_LOCUS1540	0	0	0	0	0	0
DIATSA_LOCUS1541	11	11	11	18	17	18
DIATSA_LOCUS1542	0	0	0	0	0	0
DIATSA_LOCUS1543	0	0	0	0	0	0
DIATSA_LOCUS1544	0	0	0	0	0	0
DIATSA_LOCUS1545	0	0	0	0	0	0
DIATSA_LOCUS1546	0	0	0	0	0	0
DIATSA_LOCUS1547	0	0	0	0	0	0
DIATSA_LOCUS1548	0	0	0	0	0	0
DIATSA_LOCUS1549	0	0	0	0	0	0
DIATSA_LOCUS155	2	3	3	5	5	5
DIATSA_LOCUS1550	1	0	0	0	0	0
DIATSA_LOCUS1551	3	3	3	2	1	1
DIATSA_LOCUS1552	2	2	2	4	4	3
DIATSA_LOCUS1553	7	7	7	10	10	10
DIATSA_LOCUS1554	0	0	0	0	0	0
DIATSA_LOCUS1555	0	1	1	1	1	1
DIATSA_LOCUS1556	0	0	0	0	0	0
DIATSA_LOCUS1557	3	2	2	2	2	2
DIATSA_LOCUS1558	1	1	1	1	1	1
DIATSA_LOCUS1559	0	0	0	0	0	0
DIATSA_LOCUS156	12	12	12	24	22	22
DIATSA_LOCUS1560	0	0	0	0	0	0
DIATSA_LOCUS1561	0	0	0	0	0	0
DIATSA_LOCUS1562	0	0	0	1	1	1
DIATSA_LOCUS1563	2	1	1	0	0	0
DIATSA_LOCUS1564	8	8	8	8	8	8
DIATSA_LOCUS1565	0	0	0	1	1	1
DIATSA_LOCUS1566	0	0	0	0	0	0
DIATSA_LOCUS1567	0	0	0	0	0	0
DIATSA_LOCUS1568	0	0	0	0	0	0
DIATSA_LOCUS1569	0	0	0	0	0	0
DIATSA_LOCUS157	0	0	0	0	0	0
DIATSA_LOCUS1570	4	5	4	2	2	2
DIATSA_LOCUS1571	16	17	17	21	20	20
DIATSA_LOCUS1572	0	0	0	0	0	0
DIATSA_LOCUS1573	1	1	1	2	2	2
DIATSA_LOCUS1574	0	0	0	0	0	0
DIATSA_LOCUS1575	0	0	0	0	0	0
DIATSA_LOCUS1576	12	13	13	10	9	9
DIATSA_LOCUS1577	1	1	1	0	0	0
DIATSA_LOCUS1578	0	1	1	1	0	0
DIATSA_LOCUS1579	0	0	0	0	0	0
DIATSA_LOCUS158	0	5	5	4	0	0
DIATSA_LOCUS1580	1	1	1	0	0	0
DIATSA_LOCUS1581	0	1	0	1	1	1
DIATSA_LOCUS1582	1	1	1	2	2	2
DIATSA_LOCUS1583	11	11	11	12	12	12
DIATSA_LOCUS1584	0	0	0	1	1	1
DIATSA_LOCUS1585	1	1	1	4	4	4
DIATSA_LOCUS1586	13	13	13	17	17	17
DIATSA_LOCUS1587	2	2	2	2	2	2
DIATSA_LOCUS1588	2	2	2	2	2	2
DIATSA_LOCUS1589	787	794	800	1500	1478	1485
DIATSA_LOCUS159	0	0	0	0	0	0
DIATSA_LOCUS1590	0	0	0	0	0	0
DIATSA_LOCUS1591	0	0	0	0	0	0
DIATSA_LOCUS1592	0	0	0	0	0	0
DIATSA_LOCUS1593	3	3	3	3	3	3
DIATSA_LOCUS1594	0	0	0	1	1	1
DIATSA_LOCUS1595	0	0	0	0	0	0
DIATSA_LOCUS1596	0	0	0	0	0	0
DIATSA_LOCUS1597	11	11	11	16	16	16
DIATSA_LOCUS1598	2	1	1	1	1	1
DIATSA_LOCUS1599	1	1	1	1	1	1
DIATSA_LOCUS16	0	0	0	0	0	0
DIATSA_LOCUS160	0	0	0	0	0	0
DIATSA_LOCUS1600	7	6	6	7	7	7
DIATSA_LOCUS1601	0	0	0	0	0	0
DIATSA_LOCUS1602	28	28	28	30	30	30
DIATSA_LOCUS1603	14	14	14	22	22	22
DIATSA_LOCUS1604	0	0	0	0	0	0
DIATSA_LOCUS1605	0	0	0	0	0	0
DIATSA_LOCUS1606	11	11	11	8	8	8
DIATSA_LOCUS1607	0	0	0	0	0	0
DIATSA_LOCUS1608	1	1	1	2	1	1
DIATSA_LOCUS1609	0	0	0	0	0	0
DIATSA_LOCUS161	0	0	0	0	0	0
DIATSA_LOCUS1610	1	1	1	1	1	1
DIATSA_LOCUS1611	1	1	1	0	0	0
DIATSA_LOCUS1612	5	5	5	11	11	11
DIATSA_LOCUS1613	0	0	0	0	0	0
DIATSA_LOCUS1614	0	0	0	0	0	0
DIATSA_LOCUS1615	0	0	0	0	0	0
DIATSA_LOCUS1616	3	3	3	4	4	4
DIATSA_LOCUS1617	1	0	0	0	0	0
DIATSA_LOCUS1618	0	0	0	0	0	0
DIATSA_LOCUS1619	5	6	6	7	6	7
DIATSA_LOCUS162	0	0	0	0	0	0
DIATSA_LOCUS1620	0	0	0	1	1	1
DIATSA_LOCUS1621	2	2	2	4	4	4
DIATSA_LOCUS1622	108	104	106	100	101	103
DIATSA_LOCUS1623	0	0	0	0	0	0
DIATSA_LOCUS1624	1	1	1	1	1	1
DIATSA_LOCUS1625	2	2	2	0	0	0
DIATSA_LOCUS1626	5	5	5	5	5	5
DIATSA_LOCUS1627	7	7	7	5	5	5
DIATSA_LOCUS1628	1	0	1	0	0	0
DIATSA_LOCUS1629	2	2	2	1	1	1
DIATSA_LOCUS163	0	0	0	0	0	0
DIATSA_LOCUS1630	4	4	4	4	4	4
DIATSA_LOCUS1631	0	0	0	0	0	0
DIATSA_LOCUS1632	0	0	0	0	0	0
DIATSA_LOCUS1633	0	0	0	0	0	0
DIATSA_LOCUS1634	0	0	0	0	0	0
DIATSA_LOCUS1635	0	0	0	0	0	0
DIATSA_LOCUS1636	0	0	0	0	0	0
DIATSA_LOCUS1637	0	0	0	0	0	0
DIATSA_LOCUS1638	0	0	0	0	0	0
DIATSA_LOCUS1639	11	4	14	14	18	18
DIATSA_LOCUS164	0	0	0	0	0	0
DIATSA_LOCUS1640	0	0	0	0	0	0
DIATSA_LOCUS1641	0	0	0	1	1	1
DIATSA_LOCUS1642	0	0	0	0	0	0
DIATSA_LOCUS1643	0	0	0	0	0	0
DIATSA_LOCUS1644	0	0	0	0	0	0
DIATSA_LOCUS1645	1	1	1	7	1	17
DIATSA_LOCUS1646	0	0	0	0	0	0
DIATSA_LOCUS1647	0	0	0	1	1	1
DIATSA_LOCUS1648	0	0	0	0	0	0
DIATSA_LOCUS1649	0	0	0	0	0	0
DIATSA_LOCUS165	0	0	0	0	0	0
DIATSA_LOCUS1650	2	2	2	1	1	1
DIATSA_LOCUS1651	1	1	1	1	1	1
DIATSA_LOCUS1652	11	11	11	14	14	14
DIATSA_LOCUS1653	0	0	0	0	0	0
DIATSA_LOCUS1654	0	0	0	0	0	0
DIATSA_LOCUS1655	0	0	0	0	0	0
DIATSA_LOCUS1656	4	3	3	1	1	1
DIATSA_LOCUS1657	1	1	1	1	1	1
DIATSA_LOCUS1658	1	1	1	0	0	0
DIATSA_LOCUS1659	0	0	0	0	0	0
DIATSA_LOCUS166	0	0	0	0	0	0
DIATSA_LOCUS1660	0	0	0	0	0	0
DIATSA_LOCUS1661	0	0	0	0	0	0
DIATSA_LOCUS1662	10	14	17	3	1	1
DIATSA_LOCUS1663	1	1	1	1	1	1
DIATSA_LOCUS1664	12	12	12	19	19	19
DIATSA_LOCUS1665	0	0	0	0	0	0
DIATSA_LOCUS1666	7	7	7	13	13	13
DIATSA_LOCUS1667	14	16	16	3	2	2
DIATSA_LOCUS1668	0	0	0	0	0	0
DIATSA_LOCUS1669	0	0	0	2	2	2
DIATSA_LOCUS167	0	0	0	0	0	0
DIATSA_LOCUS1670	0	0	0	0	0	0
DIATSA_LOCUS1671	3	2	3	4	4	4
DIATSA_LOCUS1672	2	2	2	1	1	1
DIATSA_LOCUS1673	11	11	11	19	18	19
DIATSA_LOCUS1674	0	0	0	0	0	0
DIATSA_LOCUS1675	0	0	0	0	0	0
DIATSA_LOCUS1676	0	0	0	0	0	0
DIATSA_LOCUS1677	0	0	0	0	0	0
DIATSA_LOCUS1678	0	0	0	0	0	0
DIATSA_LOCUS1679	83	83	83	124	124	123
DIATSA_LOCUS168	0	0	0	0	0	0
DIATSA_LOCUS1680	0	0	0	0	0	0
DIATSA_LOCUS1681	10	10	10	20	19	20
DIATSA_LOCUS1682	2	2	2	1	1	1
DIATSA_LOCUS1683	0	0	0	0	0	0
DIATSA_LOCUS1684	0	0	0	0	0	0
DIATSA_LOCUS1685	0	0	0	0	0	0
DIATSA_LOCUS1686	1	1	1	1	1	1
DIATSA_LOCUS1687	4	4	4	2	2	2
DIATSA_LOCUS1688	0	0	0	0	0	0
DIATSA_LOCUS1689	0	0	0	0	0	0
DIATSA_LOCUS169	0	0	0	0	0	0
DIATSA_LOCUS1690	0	0	0	0	0	0
DIATSA_LOCUS1691	72	71	71	96	97	97
DIATSA_LOCUS1692	0	0	0	0	0	0
DIATSA_LOCUS1693	0	0	0	1	1	1
DIATSA_LOCUS1694	7	6	6	3	4	4
DIATSA_LOCUS1695	9	9	9	14	13	13
DIATSA_LOCUS1696	103	104	105	183	181	181
DIATSA_LOCUS1697	48	47	47	64	66	65
DIATSA_LOCUS1698	3	3	3	3	3	3
DIATSA_LOCUS1699	0	0	0	0	0	0
DIATSA_LOCUS17	0	0	0	0	0	0
DIATSA_LOCUS170	0	0	0	0	0	0
DIATSA_LOCUS1700	5	5	5	6	6	6
DIATSA_LOCUS1701	23	22	22	36	37	37
DIATSA_LOCUS1702	1	1	1	2	2	2
DIATSA_LOCUS1703	0	0	0	0	0	0
DIATSA_LOCUS1704	25	25	25	30	30	30
DIATSA_LOCUS1705	0	0	0	1	1	1
DIATSA_LOCUS1706	0	0	0	0	0	0
DIATSA_LOCUS1707	2	2	2	0	0	0
DIATSA_LOCUS1708	1	1	1	0	0	0
DIATSA_LOCUS1709	0	0	0	0	0	0
DIATSA_LOCUS171	0	0	0	0	0	0
DIATSA_LOCUS1710	1	1	1	2	2	2
DIATSA_LOCUS1711	0	0	0	0	0	0
DIATSA_LOCUS1712	0	0	0	0	0	0
DIATSA_LOCUS1713	2	2	2	1	1	1
DIATSA_LOCUS1714	1	1	1	1	1	1
DIATSA_LOCUS1715	0	0	0	0	0	0
DIATSA_LOCUS1716	5	5	5	6	6	6
DIATSA_LOCUS1717	6	6	6	3	3	3
DIATSA_LOCUS1718	0	0	0	0	0	0
DIATSA_LOCUS1719	7	7	7	9	9	9
DIATSA_LOCUS172	0	0	0	0	0	0
DIATSA_LOCUS1720	5	5	5	6	6	6
DIATSA_LOCUS1721	42	40	39	34	35	35
DIATSA_LOCUS1722	0	0	0	1	0	0
DIATSA_LOCUS1723	37	36	36	29	29	29
DIATSA_LOCUS1724	0	0	0	0	0	0
DIATSA_LOCUS1725	0	0	0	0	0	0
DIATSA_LOCUS1726	0	0	0	0	0	0
DIATSA_LOCUS1727	0	0	0	0	0	0
DIATSA_LOCUS1728	1	1	1	0	0	0
DIATSA_LOCUS1729	0	0	0	0	0	0
DIATSA_LOCUS173	0	0	0	0	0	0
DIATSA_LOCUS1730	0	0	0	0	0	0
DIATSA_LOCUS1731	0	0	0	0	0	0
DIATSA_LOCUS1732	1	1	1	1	1	1
DIATSA_LOCUS1733	14	14	14	14	14	14
DIATSA_LOCUS1734	1	1	1	3	3	3
DIATSA_LOCUS1735	0	0	0	0	0	0
DIATSA_LOCUS1736	0	0	0	0	0	0
DIATSA_LOCUS1737	0	0	0	0	0	0
DIATSA_LOCUS1738	1	1	1	0	1	1
DIATSA_LOCUS1739	0	1	1	1	1	1
DIATSA_LOCUS174	0	0	0	0	0	0
DIATSA_LOCUS1740	25	25	25	33	33	33
DIATSA_LOCUS1741	0	0	0	0	0	0
DIATSA_LOCUS1742	3	3	3	3	3	3
DIATSA_LOCUS1743	5	5	5	5	5	5
DIATSA_LOCUS1744	0	0	0	0	0	0
DIATSA_LOCUS1745	6	6	6	8	8	8
DIATSA_LOCUS1746	5	5	5	8	8	8
DIATSA_LOCUS1747	0	0	0	0	0	0
DIATSA_LOCUS1748	15	15	15	20	20	20
DIATSA_LOCUS1749	0	0	0	0	0	0
DIATSA_LOCUS175	0	0	0	1	1	1
DIATSA_LOCUS1750	0	0	0	0	0	0
DIATSA_LOCUS1751	7	7	7	10	10	10
DIATSA_LOCUS1752	0	0	0	0	0	0
DIATSA_LOCUS1753	0	0	0	0	0	0
DIATSA_LOCUS1754	0	0	0	0	0	0
DIATSA_LOCUS1755	0	0	0	0	0	0
DIATSA_LOCUS1756	1	1	1	1	1	1
DIATSA_LOCUS1757	0	0	0	0	0	0
DIATSA_LOCUS1758	0	0	0	0	0	0
DIATSA_LOCUS1759	28	28	28	22	22	22
DIATSA_LOCUS176	1	1	1	3	3	3
DIATSA_LOCUS1760	0	0	0	0	0	0
DIATSA_LOCUS1761	0	0	0	0	0	0
DIATSA_LOCUS1762	5	5	5	3	3	4
DIATSA_LOCUS1763	3	3	3	2	2	2
DIATSA_LOCUS1764	0	0	0	0	0	0
DIATSA_LOCUS1765	1	1	1	0	0	0
DIATSA_LOCUS1766	2	2	2	0	0	0
DIATSA_LOCUS1767	0	0	0	0	0	0
DIATSA_LOCUS1768	0	0	0	0	0	0
DIATSA_LOCUS1769	5	5	6	6	6	6
DIATSA_LOCUS177	10	11	11	7	7	7
DIATSA_LOCUS1770	2	2	2	1	1	1
DIATSA_LOCUS1771	0	0	0	0	0	0
DIATSA_LOCUS1772	0	0	0	0	0	0
DIATSA_LOCUS1773	0	0	0	0	0	0
DIATSA_LOCUS1774	1	1	1	0	0	0
DIATSA_LOCUS1775	0	0	0	0	0	0
DIATSA_LOCUS1776	0	0	0	0	0	0
DIATSA_LOCUS1777	0	0	0	0	0	0
DIATSA_LOCUS1778	13	14	13	21	20	20
DIATSA_LOCUS1779	0	0	0	0	0	0
DIATSA_LOCUS178	0	0	0	0	0	0
DIATSA_LOCUS1780	1	1	1	1	1	1
DIATSA_LOCUS1781	3	4	4	3	2	3
DIATSA_LOCUS1782	0	0	0	0	0	0
DIATSA_LOCUS1783	7	7	7	5	6	6
DIATSA_LOCUS1784	0	0	0	0	0	0
DIATSA_LOCUS1785	0	1	1	0	0	0
DIATSA_LOCUS1786	6	6	6	6	6	6
DIATSA_LOCUS1787	2	2	2	3	3	3
DIATSA_LOCUS1788	0	0	0	0	0	0
DIATSA_LOCUS1789	0	0	0	0	0	0
DIATSA_LOCUS179	0	0	0	0	0	0
DIATSA_LOCUS1790	4	4	4	3	3	3
DIATSA_LOCUS1791	1	1	1	1	1	1
DIATSA_LOCUS1792	0	0	0	0	0	0
DIATSA_LOCUS1793	1	1	1	1	1	1
DIATSA_LOCUS1794	1	1	1	1	1	1
DIATSA_LOCUS1795	194	195	195	307	306	305
DIATSA_LOCUS1796	0	0	0	0	0	0
DIATSA_LOCUS1797	1	1	1	0	0	0
DIATSA_LOCUS1798	1	1	1	1	1	2
DIATSA_LOCUS1799	1	1	1	1	1	1
DIATSA_LOCUS18	4	3	3	2	3	3
DIATSA_LOCUS180	0	0	0	0	0	0
DIATSA_LOCUS1800	2	2	2	1	1	1
DIATSA_LOCUS1801	0	0	0	0	0	0
DIATSA_LOCUS1802	0	0	0	0	0	0
DIATSA_LOCUS1803	0	0	0	0	0	0
DIATSA_LOCUS1804	2	2	2	0	0	0
DIATSA_LOCUS1805	0	0	0	1	1	1
DIATSA_LOCUS1806	9	9	9	9	9	9
DIATSA_LOCUS1807	1	1	1	1	1	1
DIATSA_LOCUS1808	1	1	1	1	1	1
DIATSA_LOCUS1809	0	0	0	0	1	1
DIATSA_LOCUS181	8	8	8	7	8	7
DIATSA_LOCUS1810	3	3	3	1	1	1
DIATSA_LOCUS1811	1	1	1	2	2	2
DIATSA_LOCUS1812	5	5	5	4	4	4
DIATSA_LOCUS1813	0	0	0	0	0	0
DIATSA_LOCUS1814	0	0	0	0	0	0
DIATSA_LOCUS1815	0	0	0	0	0	0
DIATSA_LOCUS1816	2	1	1	2	2	2
DIATSA_LOCUS1817	11	12	11	15	15	15
DIATSA_LOCUS1818	0	0	0	0	0	0
DIATSA_LOCUS1819	0	1	1	0	0	0
DIATSA_LOCUS182	0	0	0	0	0	0
DIATSA_LOCUS1820	7	6	6	4	4	4
DIATSA_LOCUS1821	2	2	2	4	3	3
DIATSA_LOCUS1822	5	4	4	4	4	4
DIATSA_LOCUS1823	0	0	0	0	0	0
DIATSA_LOCUS1824	0	0	0	0	0	0
DIATSA_LOCUS1825	6	6	6	7	8	8
DIATSA_LOCUS1826	0	0	0	0	0	0
DIATSA_LOCUS1827	2	2	2	3	3	3
DIATSA_LOCUS1828	0	0	0	0	0	0
DIATSA_LOCUS1829	1	1	1	2	2	2
DIATSA_LOCUS183	0	0	0	0	0	0
DIATSA_LOCUS1830	1	1	1	2	2	2
DIATSA_LOCUS1831	3	3	3	5	5	5
DIATSA_LOCUS1832	2	2	2	3	3	3
DIATSA_LOCUS1833	0	0	0	0	0	0
DIATSA_LOCUS1834	2	2	3	5	5	5
DIATSA_LOCUS1835	6	6	6	6	6	6
DIATSA_LOCUS1836	20	20	20	11	10	10
DIATSA_LOCUS1837	3	3	3	1	1	1
DIATSA_LOCUS1838	0	0	0	0	0	0
DIATSA_LOCUS1839	0	0	0	0	0	0
DIATSA_LOCUS184	1	1	1	0	0	0
DIATSA_LOCUS1840	2	2	2	1	1	1
DIATSA_LOCUS1841	3	3	3	4	5	4
DIATSA_LOCUS1842	3	3	3	4	4	4
DIATSA_LOCUS1843	0	0	0	0	0	0
DIATSA_LOCUS1844	5	4	4	5	5	5
DIATSA_LOCUS1845	19	19	19	17	17	17
DIATSA_LOCUS1846	0	0	0	0	0	0
DIATSA_LOCUS1847	3	2	2	1	1	1
DIATSA_LOCUS1848	0	0	0	0	0	0
DIATSA_LOCUS1849	6	6	6	10	9	9
DIATSA_LOCUS185	6	6	6	7	8	8
DIATSA_LOCUS1850	0	0	0	0	0	0
DIATSA_LOCUS1851	1	2	2	1	1	1
DIATSA_LOCUS1852	14	14	14	2	2	2
DIATSA_LOCUS1853	0	0	0	1	1	1
DIATSA_LOCUS1854	7	7	7	11	11	11
DIATSA_LOCUS1855	1	1	1	2	2	2
DIATSA_LOCUS1856	0	0	0	0	0	0
DIATSA_LOCUS1857	6	6	6	5	5	4
DIATSA_LOCUS1858	3	3	3	3	3	3
DIATSA_LOCUS1859	0	0	0	0	0	0
DIATSA_LOCUS186	0	0	0	0	0	0
DIATSA_LOCUS1860	0	0	0	0	0	0
DIATSA_LOCUS1861	1	1	1	0	0	0
DIATSA_LOCUS1862	0	0	0	0	0	0
DIATSA_LOCUS1863	6	7	7	2	2	2
DIATSA_LOCUS1864	7	7	8	3	3	3
DIATSA_LOCUS1865	3	3	3	4	4	4
DIATSA_LOCUS1866	0	0	0	0	0	0
DIATSA_LOCUS1867	1	0	1	1	1	1
DIATSA_LOCUS1868	1	1	1	1	1	1
DIATSA_LOCUS1869	6	6	6	7	7	7
DIATSA_LOCUS187	0	0	0	0	0	0
DIATSA_LOCUS1870	74	74	73	143	145	143
DIATSA_LOCUS1871	2	2	2	0	0	0
DIATSA_LOCUS1872	1	2	2	3	2	2
DIATSA_LOCUS1873	2	2	2	1	1	1
DIATSA_LOCUS1874	18	19	19	30	30	30
DIATSA_LOCUS1875	2	2	2	3	3	3
DIATSA_LOCUS1876	0	0	0	0	0	0
DIATSA_LOCUS1877	1	2	2	1	1	1
DIATSA_LOCUS1878	1	1	1	2	2	2
DIATSA_LOCUS1879	3	3	3	4	4	4
DIATSA_LOCUS188	3	3	3	3	3	3
DIATSA_LOCUS1880	9	8	8	12	13	13
DIATSA_LOCUS1881	6	7	7	8	7	7
DIATSA_LOCUS1882	2	2	2	1	1	1
DIATSA_LOCUS1883	0	1	1	0	0	0
DIATSA_LOCUS1884	5	5	5	6	6	6
DIATSA_LOCUS1885	5	5	5	4	4	4
DIATSA_LOCUS1886	16	16	16	15	15	15
DIATSA_LOCUS1887	0	0	0	0	0	0
DIATSA_LOCUS1888	41	42	42	64	63	62
DIATSA_LOCUS1889	3	3	3	7	6	6
DIATSA_LOCUS189	1	1	1	1	1	1
DIATSA_LOCUS1890	9	9	9	13	12	12
DIATSA_LOCUS1891	2	2	2	3	3	3
DIATSA_LOCUS1892	7	7	7	5	5	5
DIATSA_LOCUS1893	120	118	118	72	73	73
DIATSA_LOCUS1894	1	1	1	2	2	2
DIATSA_LOCUS1895	6	6	6	3	3	3
DIATSA_LOCUS1896	10	10	11	8	8	8
DIATSA_LOCUS1897	2	2	2	3	3	3
DIATSA_LOCUS1898	0	0	0	0	0	0
DIATSA_LOCUS1899	0	0	0	0	0	0
DIATSA_LOCUS19	2	2	2	0	0	0
DIATSA_LOCUS190	3	2	3	0	1	1
DIATSA_LOCUS1900	1	1	1	0	0	0
DIATSA_LOCUS1901	18	18	18	17	17	17
DIATSA_LOCUS1902	73	69	69	37	39	39
DIATSA_LOCUS1903	1	0	0	0	1	0
DIATSA_LOCUS1904	2	2	2	2	2	2
DIATSA_LOCUS1905	19	19	19	22	22	22
DIATSA_LOCUS1906	6	6	6	10	10	10
DIATSA_LOCUS1907	9	9	9	4	4	4
DIATSA_LOCUS1908	0	0	0	0	0	0
DIATSA_LOCUS1909	11	11	11	7	7	7
DIATSA_LOCUS191	18	18	18	20	19	20
DIATSA_LOCUS1910	3	3	3	0	0	0
DIATSA_LOCUS1911	3	3	3	2	2	2
DIATSA_LOCUS1912	0	0	0	0	0	0
DIATSA_LOCUS1913	0	0	0	0	0	0
DIATSA_LOCUS1914	8	8	8	11	12	11
DIATSA_LOCUS1915	0	0	0	0	0	0
DIATSA_LOCUS1916	4	4	4	4	4	4
DIATSA_LOCUS1917	515	527	526	863	847	842
DIATSA_LOCUS1918	7	8	8	12	11	11
DIATSA_LOCUS1919	17	17	17	15	15	15
DIATSA_LOCUS192	6	6	6	2	2	2
DIATSA_LOCUS1920	3	3	3	4	4	4
DIATSA_LOCUS1921	33	32	32	46	47	47
DIATSA_LOCUS1922	5	5	5	6	6	6
DIATSA_LOCUS1923	126	124	126	180	179	182
DIATSA_LOCUS1924	1	1	1	2	2	2
DIATSA_LOCUS1925	4	4	4	4	4	4
DIATSA_LOCUS1926	3	3	3	2	3	3
DIATSA_LOCUS1927	4	4	4	7	7	7
DIATSA_LOCUS1928	0	0	0	0	0	0
DIATSA_LOCUS1929	0	0	0	0	0	0
DIATSA_LOCUS193	0	0	0	0	0	0
DIATSA_LOCUS1930	0	0	0	0	0	0
DIATSA_LOCUS1931	0	0	0	0	0	0
DIATSA_LOCUS1932	4	4	4	6	6	6
DIATSA_LOCUS1933	11	10	10	8	8	8
DIATSA_LOCUS1934	0	0	0	0	0	0
DIATSA_LOCUS1935	0	0	0	0	0	0
DIATSA_LOCUS1936	0	0	0	0	0	0
DIATSA_LOCUS1937	1	1	1	1	1	1
DIATSA_LOCUS1938	1	1	1	0	0	0
DIATSA_LOCUS1939	6	7	7	9	9	9
DIATSA_LOCUS194	0	0	0	0	0	0
DIATSA_LOCUS1940	0	0	0	0	0	0
DIATSA_LOCUS1941	0	0	0	0	0	0
DIATSA_LOCUS1942	0	0	0	0	0	0
DIATSA_LOCUS1943	1	1	1	1	1	1
DIATSA_LOCUS1944	0	0	0	0	0	0
DIATSA_LOCUS1945	0	0	0	0	0	0
DIATSA_LOCUS1946	1	0	0	0	1	1
DIATSA_LOCUS1947	0	0	0	0	0	0
DIATSA_LOCUS1948	0	0	0	0	0	0
DIATSA_LOCUS1949	0	0	0	0	0	0
DIATSA_LOCUS195	0	0	0	0	0	0
DIATSA_LOCUS1950	0	0	0	0	0	0
DIATSA_LOCUS1951	0	0	0	0	0	0
DIATSA_LOCUS1952	0	0	0	0	0	0
DIATSA_LOCUS1953	0	0	0	0	0	0
DIATSA_LOCUS1954	0	0	0	0	0	0
DIATSA_LOCUS1955	0	0	0	0	0	0
DIATSA_LOCUS1956	0	0	0	0	0	0
DIATSA_LOCUS1957	36	35	35	47	47	48
DIATSA_LOCUS1958	0	0	0	0	0	0
DIATSA_LOCUS1959	0	0	0	0	0	0
DIATSA_LOCUS196	0	0	0	0	0	0
DIATSA_LOCUS1960	0	0	0	0	0	0
DIATSA_LOCUS1961	0	1	1	0	0	0
DIATSA_LOCUS1962	1	1	1	1	1	1
DIATSA_LOCUS1963	7	7	7	4	4	4
DIATSA_LOCUS1964	0	0	0	0	0	0
DIATSA_LOCUS1965	1	1	1	1	0	1
DIATSA_LOCUS1966	12	12	12	20	19	19
DIATSA_LOCUS1967	368	378	381	537	520	522
DIATSA_LOCUS1968	1	1	1	0	0	0
DIATSA_LOCUS1969	8	7	7	5	5	6
DIATSA_LOCUS197	0	0	0	0	0	0
DIATSA_LOCUS1970	1	1	1	0	0	0
DIATSA_LOCUS1971	0	0	0	0	0	0
DIATSA_LOCUS1972	0	0	0	0	0	0
DIATSA_LOCUS1973	3	3	3	2	2	2
DIATSA_LOCUS1974	1	1	1	1	1	1
DIATSA_LOCUS1975	0	0	0	0	0	0
DIATSA_LOCUS1976	0	0	0	0	0	0
DIATSA_LOCUS1977	2	2	2	1	1	1
DIATSA_LOCUS1978	0	0	0	0	0	0
DIATSA_LOCUS1979	1	1	1	2	2	1
DIATSA_LOCUS198	0	0	0	0	0	0
DIATSA_LOCUS1980	0	0	0	0	0	0
DIATSA_LOCUS1981	1	1	1	0	0	0
DIATSA_LOCUS1982	0	0	0	0	0	0
DIATSA_LOCUS1983	1	1	1	13	13	13
DIATSA_LOCUS1984	0	0	0	0	0	0
DIATSA_LOCUS1985	8	8	8	7	7	7
DIATSA_LOCUS1986	2	2	2	1	1	1
DIATSA_LOCUS1987	1	1	1	2	2	2
DIATSA_LOCUS1988	2	2	2	4	4	4
DIATSA_LOCUS1989	0	0	0	0	0	0
DIATSA_LOCUS199	0	0	0	0	0	0
DIATSA_LOCUS1990	57	56	56	61	61	61
DIATSA_LOCUS1991	0	0	0	0	0	0
DIATSA_LOCUS1992	0	0	0	0	0	0
DIATSA_LOCUS1993	16	16	16	35	35	35
DIATSA_LOCUS1994	2	2	2	0	0	0
DIATSA_LOCUS1995	2	2	2	0	0	0
DIATSA_LOCUS1996	2	2	2	1	1	1
DIATSA_LOCUS1997	2	2	2	0	0	0
DIATSA_LOCUS1998	0	0	0	0	0	0
DIATSA_LOCUS1999	0	0	0	0	0	0
DIATSA_LOCUS2	0	0	0	0	0	0
DIATSA_LOCUS20	0	0	0	0	0	0
DIATSA_LOCUS200	0	0	0	0	0	0
DIATSA_LOCUS2000	0	0	0	1	1	1
DIATSA_LOCUS2001	1	1	2	2	2	2
DIATSA_LOCUS2002	0	0	0	0	0	0
DIATSA_LOCUS2003	0	0	0	0	0	0
DIATSA_LOCUS2004	0	0	0	0	0	0
DIATSA_LOCUS2005	0	0	0	0	0	0
DIATSA_LOCUS2006	0	0	0	0	0	0
DIATSA_LOCUS2007	0	0	0	1	0	0
DIATSA_LOCUS2008	0	0	0	0	0	0
DIATSA_LOCUS2009	0	0	0	0	0	0
DIATSA_LOCUS201	1	1	1	0	0	0
DIATSA_LOCUS2010	0	0	0	0	0	0
DIATSA_LOCUS2011	3	3	3	1	1	1
DIATSA_LOCUS2012	11	11	11	15	15	15
DIATSA_LOCUS2013	12	12	12	15	14	14
DIATSA_LOCUS2014	0	0	0	0	0	0
DIATSA_LOCUS2015	0	0	0	0	0	0
DIATSA_LOCUS2016	0	0	0	0	0	0
DIATSA_LOCUS2017	0	0	0	0	0	0
DIATSA_LOCUS2018	0	0	0	0	0	0
DIATSA_LOCUS2019	0	0	0	0	0	0
DIATSA_LOCUS202	7	7	7	9	9	9
DIATSA_LOCUS2020	0	0	0	0	0	0
DIATSA_LOCUS2021	38	39	39	60	60	59
DIATSA_LOCUS2022	9	9	9	12	12	12
DIATSA_LOCUS2023	20	20	20	19	19	19
DIATSA_LOCUS2024	1	1	1	1	1	1
DIATSA_LOCUS2025	0	0	0	0	0	0
DIATSA_LOCUS2026	1	0	0	0	0	0
DIATSA_LOCUS2027	17	17	17	28	27	27
DIATSA_LOCUS2028	7	7	7	11	11	10
DIATSA_LOCUS2029	0	0	0	0	0	0
DIATSA_LOCUS203	10	9	10	4	4	4
DIATSA_LOCUS2030	36	36	36	34	34	33
DIATSA_LOCUS2031	0	0	0	0	0	0
DIATSA_LOCUS2032	1	1	1	1	1	1
DIATSA_LOCUS2033	0	0	0	0	0	0
DIATSA_LOCUS2034	1	1	1	5	5	5
DIATSA_LOCUS2035	29	29	29	30	30	30
DIATSA_LOCUS2036	29	27	28	21	22	22
DIATSA_LOCUS2037	0	0	0	0	0	0
DIATSA_LOCUS2038	0	0	0	0	0	0
DIATSA_LOCUS2039	0	0	0	0	0	0
DIATSA_LOCUS204	18	18	18	29	30	30
DIATSA_LOCUS2040	6	6	6	4	4	4
DIATSA_LOCUS2041	0	0	0	0	0	0
DIATSA_LOCUS2042	0	0	0	0	0	0
DIATSA_LOCUS2043	0	0	0	0	0	0
DIATSA_LOCUS2044	1	1	1	0	0	0
DIATSA_LOCUS2045	0	0	0	0	0	0
DIATSA_LOCUS2046	984	942	951	922	956	960
DIATSA_LOCUS2047	0	0	0	0	0	0
DIATSA_LOCUS2048	0	0	0	0	0	0
DIATSA_LOCUS2049	0	0	0	0	0	0
DIATSA_LOCUS205	0	0	0	0	0	0
DIATSA_LOCUS2050	3	2	3	3	3	3
DIATSA_LOCUS2051	8	8	8	8	8	8
DIATSA_LOCUS2052	0	0	0	0	0	0
DIATSA_LOCUS2053	4	4	4	7	7	6
DIATSA_LOCUS2054	1	1	1	0	0	0
DIATSA_LOCUS2055	3	2	2	3	3	3
DIATSA_LOCUS2056	1	1	1	3	3	3
DIATSA_LOCUS2057	9	9	9	7	7	7
DIATSA_LOCUS2058	0	0	0	0	0	0
DIATSA_LOCUS2059	1	1	1	2	2	2
DIATSA_LOCUS206	0	0	0	0	0	0
DIATSA_LOCUS2060	0	0	0	0	0	0
DIATSA_LOCUS2061	0	0	0	0	0	0
DIATSA_LOCUS2062	20	19	19	14	15	15
DIATSA_LOCUS2063	0	0	0	0	0	0
DIATSA_LOCUS2064	0	0	0	0	0	0
DIATSA_LOCUS2065	1	1	1	0	0	0
DIATSA_LOCUS2066	65	66	66	57	57	56
DIATSA_LOCUS2067	0	0	0	0	0	0
DIATSA_LOCUS2068	0	0	0	0	0	0
DIATSA_LOCUS2069	2	2	2	0	0	0
DIATSA_LOCUS207	6	7	7	4	4	4
DIATSA_LOCUS2070	2	2	2	1	1	1
DIATSA_LOCUS2071	4	3	4	4	5	5
DIATSA_LOCUS2072	2	2	2	4	4	4
DIATSA_LOCUS2073	0	0	0	1	1	1
DIATSA_LOCUS2074	0	0	0	0	1	1
DIATSA_LOCUS2075	0	0	0	0	0	0
DIATSA_LOCUS2076	0	0	0	0	0	0
DIATSA_LOCUS2077	2	2	2	1	1	1
DIATSA_LOCUS2078	0	0	0	0	0	0
DIATSA_LOCUS2079	8	8	8	11	10	10
DIATSA_LOCUS208	0	0	0	0	0	0
DIATSA_LOCUS2080	0	0	0	0	0	0
DIATSA_LOCUS2081	0	0	0	0	0	0
DIATSA_LOCUS2082	1	1	1	1	1	1
DIATSA_LOCUS2083	0	0	0	0	0	0
DIATSA_LOCUS2084	3	3	3	1	1	1
DIATSA_LOCUS2085	3	3	3	0	0	0
DIATSA_LOCUS2086	0	0	0	0	0	0
DIATSA_LOCUS2087	3	3	3	5	5	5
DIATSA_LOCUS2088	0	0	0	0	0	0
DIATSA_LOCUS2089	0	0	0	0	0	0
DIATSA_LOCUS209	0	0	0	0	0	0
DIATSA_LOCUS2090	0	0	0	0	0	0
DIATSA_LOCUS2091	3	2	2	4	4	4
DIATSA_LOCUS2092	0	0	0	0	0	0
DIATSA_LOCUS2093	0	0	0	0	0	0
DIATSA_LOCUS2094	1	1	1	0	0	0
DIATSA_LOCUS2095	0	0	0	0	0	0
DIATSA_LOCUS2096	0	0	0	0	0	0
DIATSA_LOCUS2097	0	0	0	1	1	1
DIATSA_LOCUS2098	0	0	0	0	0	0
DIATSA_LOCUS2099	0	0	0	0	0	0
DIATSA_LOCUS21	0	0	0	0	0	0
DIATSA_LOCUS210	0	1	1	1	1	1
DIATSA_LOCUS2100	1	0	0	1	1	1
DIATSA_LOCUS2101	0	0	0	0	0	0
DIATSA_LOCUS2102	0	0	0	0	0	0
DIATSA_LOCUS2103	0	0	0	0	0	0
DIATSA_LOCUS2104	0	0	0	0	0	0
DIATSA_LOCUS2105	0	0	0	0	0	0
DIATSA_LOCUS2106	0	0	0	0	0	0
DIATSA_LOCUS2107	0	0	0	0	0	0
DIATSA_LOCUS2108	0	0	0	0	0	0
DIATSA_LOCUS2109	3	3	3	2	2	2
DIATSA_LOCUS211	0	1	0	2	1	1
DIATSA_LOCUS2110	0	0	0	1	1	1
DIATSA_LOCUS2111	1	1	1	1	1	1
DIATSA_LOCUS2112	1	1	1	1	1	1
DIATSA_LOCUS2113	0	0	0	0	0	0
DIATSA_LOCUS2114	5	5	5	9	9	9
DIATSA_LOCUS2115	0	0	0	0	0	0
DIATSA_LOCUS2116	6	6	6	9	9	9
DIATSA_LOCUS2117	2	3	3	3	3	3
DIATSA_LOCUS2118	2	2	2	2	2	2
DIATSA_LOCUS2119	0	0	0	0	0	0
DIATSA_LOCUS212	99	97	98	24	25	25
DIATSA_LOCUS2120	0	0	0	0	0	0
DIATSA_LOCUS2121	1	1	1	2	2	2
DIATSA_LOCUS2122	2	2	2	3	4	4
DIATSA_LOCUS2123	4	4	4	3	3	3
DIATSA_LOCUS2124	0	0	0	0	0	0
DIATSA_LOCUS2125	0	1	1	0	0	0
DIATSA_LOCUS2126	273	276	279	391	384	387
DIATSA_LOCUS2127	1	1	1	3	2	2
DIATSA_LOCUS2128	0	0	0	0	0	0
DIATSA_LOCUS2129	0	0	0	0	0	0
DIATSA_LOCUS213	0	0	0	0	0	0
DIATSA_LOCUS2130	5	5	5	5	5	5
DIATSA_LOCUS2131	0	0	0	0	0	0
DIATSA_LOCUS2132	0	0	0	0	0	0
DIATSA_LOCUS2133	0	0	0	0	0	0
DIATSA_LOCUS2134	0	0	0	0	0	0
DIATSA_LOCUS2135	0	0	0	0	0	0
DIATSA_LOCUS2136	1	1	1	1	1	1
DIATSA_LOCUS2137	0	0	0	0	1	0
DIATSA_LOCUS2138	0	0	0	0	0	0
DIATSA_LOCUS2139	0	0	0	0	0	0
DIATSA_LOCUS214	0	0	0	0	0	0
DIATSA_LOCUS2140	4	4	4	3	3	3
DIATSA_LOCUS2141	66	63	64	22	23	23
DIATSA_LOCUS2142	2	4	4	0	0	0
DIATSA_LOCUS2143	0	0	0	0	0	0
DIATSA_LOCUS2144	5	5	5	0	0	0
DIATSA_LOCUS2145	0	0	0	0	0	0
DIATSA_LOCUS2146	0	0	0	0	0	0
DIATSA_LOCUS2147	6	5	5	3	3	3
DIATSA_LOCUS2148	0	0	0	0	0	0
DIATSA_LOCUS2149	0	0	0	0	0	0
DIATSA_LOCUS215	0	0	0	0	0	0
DIATSA_LOCUS2150	2	2	2	0	0	0
DIATSA_LOCUS2151	0	0	0	0	0	0
DIATSA_LOCUS2152	0	0	0	0	0	0
DIATSA_LOCUS2153	0	0	0	0	0	0
DIATSA_LOCUS2154	0	0	0	0	0	0
DIATSA_LOCUS2155	0	0	0	0	0	0
DIATSA_LOCUS2156	2	2	3	0	0	0
DIATSA_LOCUS2157	3	3	3	2	2	2
DIATSA_LOCUS2158	3	2	3	2	2	2
DIATSA_LOCUS2159	19	19	19	13	13	13
DIATSA_LOCUS216	5	6	6	4	4	3
DIATSA_LOCUS2160	0	0	0	0	0	0
DIATSA_LOCUS2161	0	0	0	0	0	0
DIATSA_LOCUS2162	1	1	1	2	3	2
DIATSA_LOCUS2163	0	0	0	0	0	0
DIATSA_LOCUS2164	0	0	0	0	0	0
DIATSA_LOCUS2165	2	3	3	1	1	1
DIATSA_LOCUS2166	1	1	1	1	0	0
DIATSA_LOCUS2167	0	0	0	0	0	0
DIATSA_LOCUS2168	8	8	7	5	5	4
DIATSA_LOCUS2169	7	7	7	10	10	10
DIATSA_LOCUS217	1	0	1	0	0	0
DIATSA_LOCUS2170	1	1	1	0	0	0
DIATSA_LOCUS2171	5	5	5	3	3	4
DIATSA_LOCUS2172	0	0	0	0	0	0
DIATSA_LOCUS2173	0	0	0	0	0	0
DIATSA_LOCUS2174	0	0	0	0	0	0
DIATSA_LOCUS2175	0	0	0	0	0	0
DIATSA_LOCUS2176	0	0	0	0	0	0
DIATSA_LOCUS2177	0	0	0	0	0	0
DIATSA_LOCUS2178	0	0	0	0	0	0
DIATSA_LOCUS2179	0	0	0	0	0	0
DIATSA_LOCUS218	0	0	0	0	0	0
DIATSA_LOCUS2180	70	68	68	24	24	25
DIATSA_LOCUS2181	7	7	7	7	8	7
DIATSA_LOCUS2182	0	0	0	1	0	0
DIATSA_LOCUS2183	0	0	0	0	0	0
DIATSA_LOCUS2184	0	0	0	0	0	0
DIATSA_LOCUS2185	0	0	0	0	0	0
DIATSA_LOCUS2186	0	0	0	0	0	0
DIATSA_LOCUS2187	5	7	7	4	3	3
DIATSA_LOCUS2188	0	0	0	0	0	0
DIATSA_LOCUS2189	2	2	2	2	2	2
DIATSA_LOCUS219	30	31	31	21	20	20
DIATSA_LOCUS2190	0	0	0	0	0	0
DIATSA_LOCUS2191	0	0	0	0	0	0
DIATSA_LOCUS2192	8	7	7	7	8	8
DIATSA_LOCUS2193	0	0	0	0	0	0
DIATSA_LOCUS2194	4	4	4	5	5	5
DIATSA_LOCUS2195	2	2	2	4	4	5
DIATSA_LOCUS2196	0	0	0	0	0	0
DIATSA_LOCUS2197	3	3	3	6	6	6
DIATSA_LOCUS2198	29	29	29	35	35	35
DIATSA_LOCUS2199	0	0	0	0	0	0
DIATSA_LOCUS22	1	1	0	1	1	1
DIATSA_LOCUS220	0	0	0	0	0	0
DIATSA_LOCUS2200	0	0	0	0	0	0
DIATSA_LOCUS2201	0	0	0	0	0	0
DIATSA_LOCUS2202	0	0	0	0	0	0
DIATSA_LOCUS2203	1	1	1	0	0	0
DIATSA_LOCUS2204	0	0	0	0	0	0
DIATSA_LOCUS2205	0	0	0	0	0	0
DIATSA_LOCUS2206	0	0	0	0	0	0
DIATSA_LOCUS2207	2	2	2	3	3	3
DIATSA_LOCUS2208	0	0	0	0	0	0
DIATSA_LOCUS2209	0	0	0	0	0	0
DIATSA_LOCUS221	0	0	0	0	0	0
DIATSA_LOCUS2210	18	19	19	31	29	29
DIATSA_LOCUS2211	0	0	0	0	0	0
DIATSA_LOCUS2212	0	0	0	1	1	1
DIATSA_LOCUS2213	0	0	0	0	0	0
DIATSA_LOCUS2214	1	0	1	1	1	1
DIATSA_LOCUS2215	2	2	2	6	6	6
DIATSA_LOCUS2216	26	26	27	65	65	66
DIATSA_LOCUS2217	0	0	0	3	2	2
DIATSA_LOCUS2218	0	0	0	0	0	0
DIATSA_LOCUS2219	7	7	7	30	31	31
DIATSA_LOCUS222	0	0	0	0	0	0
DIATSA_LOCUS2220	11	11	11	41	40	41
DIATSA_LOCUS2221	0	0	0	0	0	0
DIATSA_LOCUS2222	58	56	58	123	124	127
DIATSA_LOCUS2223	0	0	0	0	0	0
DIATSA_LOCUS2224	17	16	16	8	9	9
DIATSA_LOCUS2225	54	55	55	79	78	78
DIATSA_LOCUS2226	1	1	1	0	0	0
DIATSA_LOCUS2227	0	0	0	0	0	0
DIATSA_LOCUS2228	9	9	9	5	5	5
DIATSA_LOCUS2229	23	23	23	23	23	23
DIATSA_LOCUS223	0	0	0	1	1	1
DIATSA_LOCUS2230	0	0	0	1	1	1
DIATSA_LOCUS2231	0	0	0	0	1	0
DIATSA_LOCUS2232	1	1	1	3	2	2
DIATSA_LOCUS2233	4	4	4	2	2	2
DIATSA_LOCUS2234	3	3	3	3	3	3
DIATSA_LOCUS2235	0	0	0	0	0	0
DIATSA_LOCUS2236	346	332	335	629	647	656
DIATSA_LOCUS2237	5	4	5	2	2	2
DIATSA_LOCUS2238	0	0	0	0	0	0
DIATSA_LOCUS2239	0	0	0	0	0	0
DIATSA_LOCUS224	15	15	15	12	12	12
DIATSA_LOCUS2240	0	0	0	0	0	0
DIATSA_LOCUS2241	0	0	0	0	0	0
DIATSA_LOCUS2242	0	0	0	0	0	0
DIATSA_LOCUS2243	0	0	0	0	0	0
DIATSA_LOCUS2244	0	0	0	0	0	0
DIATSA_LOCUS2245	0	0	0	0	0	0
DIATSA_LOCUS2246	1	1	1	0	0	0
DIATSA_LOCUS2247	1	1	1	0	0	0
DIATSA_LOCUS2248	0	0	0	0	0	0
DIATSA_LOCUS2249	0	0	0	0	0	0
DIATSA_LOCUS225	0	0	0	0	0	0
DIATSA_LOCUS2250	0	0	0	0	0	0
DIATSA_LOCUS2251	2	2	3	1	1	1
DIATSA_LOCUS2252	0	0	0	0	0	0
DIATSA_LOCUS2253	0	0	0	0	0	0
DIATSA_LOCUS2254	2	2	2	1	1	1
DIATSA_LOCUS2255	0	0	0	0	0	0
DIATSA_LOCUS2256	0	0	0	0	0	0
DIATSA_LOCUS2257	13	13	13	3	3	3
DIATSA_LOCUS2258	3	2	2	2	2	2
DIATSA_LOCUS2259	1	1	1	3	3	3
DIATSA_LOCUS226	4	4	4	6	6	6
DIATSA_LOCUS2260	3	2	3	2	2	2
DIATSA_LOCUS2261	2	2	2	4	4	4
DIATSA_LOCUS2262	0	0	0	1	1	1
DIATSA_LOCUS2263	0	0	0	1	1	1
DIATSA_LOCUS2264	4	4	4	2	2	2
DIATSA_LOCUS2265	0	0	0	0	0	0
DIATSA_LOCUS2266	6	6	6	8	8	8
DIATSA_LOCUS2267	0	0	0	0	0	0
DIATSA_LOCUS2268	50	51	51	69	69	68
DIATSA_LOCUS2269	0	0	0	0	0	0
DIATSA_LOCUS227	0	0	0	0	0	0
DIATSA_LOCUS2270	0	0	0	1	1	1
DIATSA_LOCUS2271	1	1	1	0	0	0
DIATSA_LOCUS2272	0	0	0	0	0	0
DIATSA_LOCUS2273	0	0	0	1	1	1
DIATSA_LOCUS2274	0	0	0	0	0	0
DIATSA_LOCUS2275	0	0	0	0	0	0
DIATSA_LOCUS2276	0	0	0	0	0	0
DIATSA_LOCUS2277	2	2	2	2	2	2
DIATSA_LOCUS2278	42	43	43	37	36	36
DIATSA_LOCUS2279	0	0	0	0	0	0
DIATSA_LOCUS228	156	151	151	225	232	232
DIATSA_LOCUS2280	4	4	4	7	7	7
DIATSA_LOCUS2281	0	1	1	0	0	0
DIATSA_LOCUS2282	0	0	0	0	0	0
DIATSA_LOCUS2283	1	1	1	2	2	2
DIATSA_LOCUS2284	0	0	0	0	0	0
DIATSA_LOCUS2285	10	9	9	9	9	10
DIATSA_LOCUS2286	0	0	0	0	0	0
DIATSA_LOCUS2287	4	4	4	0	0	0
DIATSA_LOCUS2288	9	9	9	8	9	9
DIATSA_LOCUS2289	1	1	1	1	1	1
DIATSA_LOCUS229	0	0	0	0	0	0
DIATSA_LOCUS2290	0	0	0	0	0	0
DIATSA_LOCUS2291	8	8	8	2	2	2
DIATSA_LOCUS2292	0	0	0	0	0	0
DIATSA_LOCUS2293	1	1	1	0	0	0
DIATSA_LOCUS2294	64	64	64	83	83	83
DIATSA_LOCUS2295	0	0	0	0	0	0
DIATSA_LOCUS2296	0	0	0	0	0	0
DIATSA_LOCUS2297	0	0	0	0	0	0
DIATSA_LOCUS2298	3	3	3	7	6	6
DIATSA_LOCUS2299	0	0	0	0	0	0
DIATSA_LOCUS23	0	0	0	0	0	0
DIATSA_LOCUS230	104	104	105	161	160	160
DIATSA_LOCUS2300	0	0	0	0	0	0
DIATSA_LOCUS2301	0	0	0	0	0	0
DIATSA_LOCUS2302	0	0	0	0	0	0
DIATSA_LOCUS2303	2	2	2	0	0	0
DIATSA_LOCUS2304	11	11	11	15	15	15
DIATSA_LOCUS2305	2	2	2	4	4	4
DIATSA_LOCUS2306	0	0	0	0	0	0
DIATSA_LOCUS2307	1	2	2	1	1	1
DIATSA_LOCUS2308	0	0	0	0	0	0
DIATSA_LOCUS2309	0	0	0	0	0	0
DIATSA_LOCUS231	0	0	0	0	0	0
DIATSA_LOCUS2310	1	1	1	0	0	0
DIATSA_LOCUS2311	0	0	0	0	0	0
DIATSA_LOCUS2312	4	5	5	5	5	5
DIATSA_LOCUS2313	1	1	1	2	2	2
DIATSA_LOCUS2314	1	1	2	2	2	2
DIATSA_LOCUS2315	5	4	4	5	5	5
DIATSA_LOCUS2316	4	4	4	5	6	6
DIATSA_LOCUS2317	10	11	11	13	12	12
DIATSA_LOCUS2318	0	0	0	0	0	0
DIATSA_LOCUS2319	3	4	4	5	5	5
DIATSA_LOCUS232	48	49	49	44	43	42
DIATSA_LOCUS2320	0	0	0	0	0	0
DIATSA_LOCUS2321	0	0	0	0	0	0
DIATSA_LOCUS2322	0	0	0	0	0	0
DIATSA_LOCUS2323	0	0	0	0	0	0
DIATSA_LOCUS2324	3	3	3	2	3	2
DIATSA_LOCUS2325	6	6	6	4	4	4
DIATSA_LOCUS2326	1	1	1	1	2	2
DIATSA_LOCUS2327	0	0	0	0	0	0
DIATSA_LOCUS2328	1	1	1	2	2	2
DIATSA_LOCUS2329	0	0	0	0	0	0
DIATSA_LOCUS233	0	0	0	0	0	0
DIATSA_LOCUS2330	0	0	0	0	0	0
DIATSA_LOCUS2331	10	9	9	17	18	18
DIATSA_LOCUS2332	0	0	0	0	0	0
DIATSA_LOCUS2333	0	0	0	0	0	0
DIATSA_LOCUS2334	1	1	1	2	2	2
DIATSA_LOCUS2335	0	0	0	0	0	0
DIATSA_LOCUS2336	0	0	0	0	0	0
DIATSA_LOCUS2337	3	3	3	6	6	6
DIATSA_LOCUS2338	0	0	0	0	0	0
DIATSA_LOCUS2339	14	13	13	10	10	10
DIATSA_LOCUS234	0	0	0	0	0	0
DIATSA_LOCUS2340	0	0	0	0	0	0
DIATSA_LOCUS2341	1	1	1	1	1	1
DIATSA_LOCUS2342	1	1	1	1	1	1
DIATSA_LOCUS2343	3	3	3	2	3	3
DIATSA_LOCUS2344	1	1	1	2	2	2
DIATSA_LOCUS2345	4	4	4	4	4	4
DIATSA_LOCUS2346	1	1	1	0	0	0
DIATSA_LOCUS2347	4	4	4	4	4	4
DIATSA_LOCUS2348	0	0	0	0	0	0
DIATSA_LOCUS2349	9	9	9	7	7	7
DIATSA_LOCUS235	0	0	0	0	0	0
DIATSA_LOCUS2350	39	38	38	18	19	19
DIATSA_LOCUS2351	6	6	6	7	7	7
DIATSA_LOCUS2352	0	0	0	0	0	0
DIATSA_LOCUS2353	0	0	0	0	0	0
DIATSA_LOCUS2354	0	0	0	0	0	0
DIATSA_LOCUS2355	1	1	1	0	0	0
DIATSA_LOCUS2356	0	1	1	0	0	0
DIATSA_LOCUS2357	1	1	1	2	2	2
DIATSA_LOCUS2358	2	2	2	6	6	6
DIATSA_LOCUS2359	0	0	0	0	0	0
DIATSA_LOCUS236	15	15	15	9	9	9
DIATSA_LOCUS2360	4	3	3	3	3	3
DIATSA_LOCUS2361	7	7	7	10	11	11
DIATSA_LOCUS2362	14	15	14	12	12	12
DIATSA_LOCUS2363	0	0	0	0	0	0
DIATSA_LOCUS2364	0	0	0	0	0	0
DIATSA_LOCUS2365	2	2	2	1	1	1
DIATSA_LOCUS2366	48	46	46	74	76	77
DIATSA_LOCUS2367	15	16	16	25	25	25
DIATSA_LOCUS2368	15	15	15	13	13	13
DIATSA_LOCUS2369	8	8	8	7	7	7
DIATSA_LOCUS237	0	0	0	0	0	0
DIATSA_LOCUS2370	0	0	0	0	0	0
DIATSA_LOCUS2371	5	5	5	7	7	7
DIATSA_LOCUS2372	3	4	4	1	1	1
DIATSA_LOCUS2373	2	2	2	2	2	2
DIATSA_LOCUS2374	0	0	0	0	0	0
DIATSA_LOCUS2375	3	4	4	1	1	1
DIATSA_LOCUS2376	5	5	5	5	5	5
DIATSA_LOCUS2377	0	0	0	0	0	0
DIATSA_LOCUS2378	14	14	14	20	19	19
DIATSA_LOCUS2379	17	18	17	15	15	15
DIATSA_LOCUS238	1	1	1	0	0	0
DIATSA_LOCUS2380	0	0	0	0	0	0
DIATSA_LOCUS2381	34	35	35	26	25	25
DIATSA_LOCUS2382	0	0	0	0	0	0
DIATSA_LOCUS2383	0	0	0	0	0	0
DIATSA_LOCUS2384	3	3	3	4	4	4
DIATSA_LOCUS2385	103	103	104	134	134	134
DIATSA_LOCUS2386	0	0	0	0	0	0
DIATSA_LOCUS2387	0	0	0	0	0	0
DIATSA_LOCUS2388	0	0	0	0	0	0
DIATSA_LOCUS2389	0	0	0	0	0	0
DIATSA_LOCUS239	0	0	0	0	0	0
DIATSA_LOCUS2390	1	1	1	1	1	1
DIATSA_LOCUS2391	5	5	5	8	8	8
DIATSA_LOCUS2392	0	0	0	0	0	0
DIATSA_LOCUS2393	0	0	0	0	0	0
DIATSA_LOCUS2394	2	2	2	5	5	5
DIATSA_LOCUS2395	0	0	0	0	0	0
DIATSA_LOCUS2396	0	0	0	0	0	0
DIATSA_LOCUS2397	0	0	0	0	0	0
DIATSA_LOCUS2398	4	4	4	7	7	7
DIATSA_LOCUS2399	0	0	0	0	0	0
DIATSA_LOCUS24	0	0	0	0	0	0
DIATSA_LOCUS240	0	0	0	0	0	0
DIATSA_LOCUS2400	0	0	0	0	0	0
DIATSA_LOCUS2401	1	1	1	0	0	0
DIATSA_LOCUS2402	0	0	0	0	0	0
DIATSA_LOCUS2403	0	0	0	0	0	0
DIATSA_LOCUS2404	0	0	0	0	0	0
DIATSA_LOCUS2405	0	0	0	0	0	0
DIATSA_LOCUS2406	0	0	0	0	0	0
DIATSA_LOCUS2407	0	0	0	0	0	0
DIATSA_LOCUS2408	0	0	0	0	0	0
DIATSA_LOCUS2409	3	3	3	4	4	4
DIATSA_LOCUS241	5	5	5	2	2	2
DIATSA_LOCUS2410	4	3	4	3	3	3
DIATSA_LOCUS2411	1	1	1	0	1	1
DIATSA_LOCUS2412	0	0	0	0	0	0
DIATSA_LOCUS2413	16	16	16	23	23	23
DIATSA_LOCUS2414	0	0	0	0	0	0
DIATSA_LOCUS2415	0	0	0	0	0	0
DIATSA_LOCUS2416	2	2	2	3	2	2
DIATSA_LOCUS2417	1	1	1	2	2	2
DIATSA_LOCUS2418	14	13	13	15	15	15
DIATSA_LOCUS2419	8	8	8	11	11	11
DIATSA_LOCUS242	1	1	1	3	3	3
DIATSA_LOCUS2420	0	0	0	0	0	0
DIATSA_LOCUS2421	0	0	0	0	0	0
DIATSA_LOCUS2422	6	6	6	3	4	3
DIATSA_LOCUS2423	122	121	121	163	164	164
DIATSA_LOCUS2424	165	162	161	236	242	240
DIATSA_LOCUS2425	0	0	0	0	0	0
DIATSA_LOCUS2426	0	0	0	0	0	0
DIATSA_LOCUS2427	0	0	0	0	0	0
DIATSA_LOCUS2428	0	0	0	0	0	0
DIATSA_LOCUS2429	1	1	1	2	2	2
DIATSA_LOCUS243	3	3	3	3	3	3
DIATSA_LOCUS2430	0	0	0	0	0	0
DIATSA_LOCUS2431	0	0	0	0	0	0
DIATSA_LOCUS2432	0	0	0	0	0	0
DIATSA_LOCUS2433	0	0	0	0	0	0
DIATSA_LOCUS2434	0	0	0	0	0	0
DIATSA_LOCUS2435	0	0	0	0	0	0
DIATSA_LOCUS2436	0	0	0	0	0	0
DIATSA_LOCUS2437	0	0	0	0	0	0
DIATSA_LOCUS2438	0	0	0	0	0	0
DIATSA_LOCUS2439	0	0	0	0	0	0
DIATSA_LOCUS244	0	0	0	0	0	0
DIATSA_LOCUS2440	2	2	3	3	3	3
DIATSA_LOCUS2441	0	0	0	0	0	0
DIATSA_LOCUS2442	41	40	40	48	49	49
DIATSA_LOCUS2443	0	0	0	0	0	0
DIATSA_LOCUS2444	2	2	2	2	2	2
DIATSA_LOCUS2445	11	11	11	10	10	10
DIATSA_LOCUS2446	12	12	12	18	18	18
DIATSA_LOCUS2447	75	82	81	114	106	105
DIATSA_LOCUS2448	8	9	9	8	8	8
DIATSA_LOCUS2449	78	78	78	188	189	187
DIATSA_LOCUS245	0	0	0	0	0	0
DIATSA_LOCUS2450	3	3	3	3	3	3
DIATSA_LOCUS2451	0	0	0	0	0	0
DIATSA_LOCUS2452	32	32	32	30	30	30
DIATSA_LOCUS2453	11	11	11	10	11	11
DIATSA_LOCUS2454	0	0	0	0	0	0
DIATSA_LOCUS2455	33	34	34	38	37	37
DIATSA_LOCUS2456	5	5	6	12	12	12
DIATSA_LOCUS2457	0	0	0	1	1	1
DIATSA_LOCUS2458	0	0	0	0	0	0
DIATSA_LOCUS2459	0	0	0	0	0	0
DIATSA_LOCUS246	1	1	1	1	1	1
DIATSA_LOCUS2460	2	2	2	1	1	1
DIATSA_LOCUS2461	1	1	1	0	0	0
DIATSA_LOCUS2462	3	3	3	4	4	4
DIATSA_LOCUS2463	0	0	1	2	1	1
DIATSA_LOCUS2464	7	7	7	5	5	5
DIATSA_LOCUS2465	28	27	27	32	32	32
DIATSA_LOCUS2466	0	0	0	0	0	0
DIATSA_LOCUS2467	0	0	0	0	0	0
DIATSA_LOCUS2468	2	2	2	1	1	1
DIATSA_LOCUS2469	0	0	0	0	0	0
DIATSA_LOCUS247	0	0	0	0	0	0
DIATSA_LOCUS2470	1	2	2	3	3	3
DIATSA_LOCUS2471	14	14	14	25	25	24
DIATSA_LOCUS2472	3	3	3	2	2	2
DIATSA_LOCUS2473	0	0	0	0	0	0
DIATSA_LOCUS2474	0	0	0	0	0	0
DIATSA_LOCUS2475	0	0	0	0	0	0
DIATSA_LOCUS2476	1	1	1	1	1	1
DIATSA_LOCUS2477	0	0	0	0	0	0
DIATSA_LOCUS2478	0	0	0	0	0	0
DIATSA_LOCUS2479	34	34	34	50	49	50
DIATSA_LOCUS248	0	0	0	0	0	0
DIATSA_LOCUS2480	0	0	0	0	0	0
DIATSA_LOCUS2481	0	0	0	0	0	0
DIATSA_LOCUS2482	0	0	0	0	0	0
DIATSA_LOCUS2483	0	0	0	0	0	0
DIATSA_LOCUS2484	0	0	0	0	0	0
DIATSA_LOCUS2485	0	0	0	0	0	0
DIATSA_LOCUS2486	0	0	0	0	0	0
DIATSA_LOCUS2487	0	0	0	0	0	0
DIATSA_LOCUS2488	14	14	14	22	22	22
DIATSA_LOCUS2489	1	1	1	0	0	0
DIATSA_LOCUS249	0	0	0	0	0	0
DIATSA_LOCUS2490	0	0	0	0	0	0
DIATSA_LOCUS2491	0	0	0	0	0	0
DIATSA_LOCUS2492	0	0	0	0	0	0
DIATSA_LOCUS2493	0	0	0	0	0	0
DIATSA_LOCUS2494	0	0	0	0	0	0
DIATSA_LOCUS2495	1	1	1	1	1	1
DIATSA_LOCUS2496	12	12	12	17	17	17
DIATSA_LOCUS2497	1	1	1	1	1	1
DIATSA_LOCUS2498	329	328	327	542	547	542
DIATSA_LOCUS2499	0	0	0	0	0	0
DIATSA_LOCUS25	30	30	31	59	58	58
DIATSA_LOCUS250	9	9	9	3	3	3
DIATSA_LOCUS2500	0	0	0	0	0	0
DIATSA_LOCUS2501	1	1	1	0	1	1
DIATSA_LOCUS2502	0	0	0	0	0	0
DIATSA_LOCUS2503	0	0	0	0	0	0
DIATSA_LOCUS2504	3	3	3	6	5	5
DIATSA_LOCUS2505	0	0	0	0	0	0
DIATSA_LOCUS2506	16	16	16	7	7	7
DIATSA_LOCUS2507	0	0	0	0	0	0
DIATSA_LOCUS2508	29	29	29	21	21	21
DIATSA_LOCUS2509	14	14	14	2	2	2
DIATSA_LOCUS251	0	0	0	0	0	0
DIATSA_LOCUS2510	0	0	0	0	0	0
DIATSA_LOCUS2511	0	0	0	0	0	0
DIATSA_LOCUS2512	0	0	0	0	0	0
DIATSA_LOCUS2513	11	11	11	12	12	12
DIATSA_LOCUS2514	0	0	0	0	0	0
DIATSA_LOCUS2515	0	0	0	0	0	0
DIATSA_LOCUS2516	0	0	0	0	0	0
DIATSA_LOCUS2517	0	0	0	0	0	0
DIATSA_LOCUS2518	0	0	0	0	0	0
DIATSA_LOCUS2519	0	0	0	0	0	0
DIATSA_LOCUS252	0	0	0	0	0	0
DIATSA_LOCUS2520	0	0	0	0	0	0
DIATSA_LOCUS2521	2	3	3	1	1	1
DIATSA_LOCUS2522	0	0	0	0	0	0
DIATSA_LOCUS2523	0	0	0	0	0	0
DIATSA_LOCUS2524	2	2	2	2	2	2
DIATSA_LOCUS2525	80	79	80	80	81	81
DIATSA_LOCUS2526	0	0	0	0	0	0
DIATSA_LOCUS2527	0	0	0	1	1	1
DIATSA_LOCUS2528	0	0	0	0	0	0
DIATSA_LOCUS2529	0	0	0	1	1	1
DIATSA_LOCUS253	0	0	0	0	0	0
DIATSA_LOCUS2530	4	4	4	5	5	5
DIATSA_LOCUS2531	3	3	3	4	4	4
DIATSA_LOCUS2532	0	0	0	1	1	1
DIATSA_LOCUS2533	0	0	0	0	0	0
DIATSA_LOCUS2534	172	174	175	94	93	93
DIATSA_LOCUS2535	142	143	143	79	79	78
DIATSA_LOCUS2536	0	0	0	2	2	2
DIATSA_LOCUS2537	10	9	9	13	13	13
DIATSA_LOCUS2538	1	1	1	1	1	1
DIATSA_LOCUS2539	0	0	0	0	0	0
DIATSA_LOCUS254	4	4	4	4	4	4
DIATSA_LOCUS2540	0	0	0	0	0	0
DIATSA_LOCUS2541	4	4	4	6	5	5
DIATSA_LOCUS2542	1	1	1	2	1	1
DIATSA_LOCUS2543	0	0	0	0	0	0
DIATSA_LOCUS2544	0	0	0	0	0	0
DIATSA_LOCUS2545	1	1	1	1	1	1
DIATSA_LOCUS2546	0	0	0	0	0	1
DIATSA_LOCUS2547	3	3	3	5	5	5
DIATSA_LOCUS2548	0	0	0	2	2	2
DIATSA_LOCUS2549	0	0	0	0	0	0
DIATSA_LOCUS255	0	0	0	0	0	0
DIATSA_LOCUS2550	0	0	0	0	0	0
DIATSA_LOCUS2551	0	0	0	0	0	0
DIATSA_LOCUS2552	3	3	3	4	5	5
DIATSA_LOCUS2553	0	0	0	0	0	0
DIATSA_LOCUS2554	2	3	3	4	4	3
DIATSA_LOCUS2555	0	0	0	1	1	1
DIATSA_LOCUS2556	9	9	9	21	20	20
DIATSA_LOCUS2557	3	3	3	6	6	6
DIATSA_LOCUS2558	0	0	0	0	0	0
DIATSA_LOCUS2559	1	1	1	2	2	2
DIATSA_LOCUS256	0	0	0	0	0	0
DIATSA_LOCUS2560	2	2	2	4	4	4
DIATSA_LOCUS2561	0	0	0	0	0	0
DIATSA_LOCUS2562	0	0	0	0	0	0
DIATSA_LOCUS2563	1	1	1	1	1	1
DIATSA_LOCUS2564	11	12	12	9	8	8
DIATSA_LOCUS2565	2	2	2	2	2	2
DIATSA_LOCUS2566	2	2	2	2	2	2
DIATSA_LOCUS2567	7	7	7	12	12	12
DIATSA_LOCUS2568	5	5	5	5	5	5
DIATSA_LOCUS2569	18	18	18	23	24	23
DIATSA_LOCUS257	0	0	0	0	0	0
DIATSA_LOCUS2570	8	8	8	10	10	10
DIATSA_LOCUS2571	0	0	0	0	0	0
DIATSA_LOCUS2572	2	2	2	2	2	2
DIATSA_LOCUS2573	0	0	0	1	1	1
DIATSA_LOCUS2574	122	123	124	124	123	122
DIATSA_LOCUS2575	119	120	120	118	117	117
DIATSA_LOCUS2576	0	0	0	0	0	0
DIATSA_LOCUS2577	6	6	6	7	7	7
DIATSA_LOCUS2578	2	2	2	2	2	2
DIATSA_LOCUS2579	10	10	10	11	11	11
DIATSA_LOCUS258	0	0	0	0	0	0
DIATSA_LOCUS2580	44	43	43	57	59	59
DIATSA_LOCUS2581	2	2	2	3	3	3
DIATSA_LOCUS2582	3	3	3	6	6	6
DIATSA_LOCUS2583	0	0	0	2	1	1
DIATSA_LOCUS2584	10	10	10	12	13	12
DIATSA_LOCUS2585	1	1	1	2	2	2
DIATSA_LOCUS2586	3	3	3	2	2	2
DIATSA_LOCUS2587	0	0	0	0	0	0
DIATSA_LOCUS2588	22	21	21	6	6	6
DIATSA_LOCUS2589	1	1	1	2	1	1
DIATSA_LOCUS259	0	0	0	0	0	0
DIATSA_LOCUS2590	0	0	0	0	0	0
DIATSA_LOCUS2591	0	0	0	0	0	0
DIATSA_LOCUS2592	0	0	0	0	0	0
DIATSA_LOCUS2593	0	0	0	0	0	0
DIATSA_LOCUS2594	0	0	0	0	0	0
DIATSA_LOCUS2595	0	1	1	0	0	0
DIATSA_LOCUS2596	2	2	2	0	0	0
DIATSA_LOCUS2597	0	0	0	0	0	0
DIATSA_LOCUS2598	1	1	1	1	1	1
DIATSA_LOCUS2599	11	11	11	9	9	9
DIATSA_LOCUS26	1	1	1	0	0	0
DIATSA_LOCUS260	0	0	0	0	0	0
DIATSA_LOCUS2600	4	4	4	4	4	4
DIATSA_LOCUS2601	0	0	0	0	0	0
DIATSA_LOCUS2602	0	0	0	0	0	0
DIATSA_LOCUS2603	0	0	0	0	0	0
DIATSA_LOCUS2604	0	0	0	0	0	0
DIATSA_LOCUS2605	0	0	0	0	0	0
DIATSA_LOCUS2606	0	0	0	0	0	0
DIATSA_LOCUS2607	0	0	0	0	0	0
DIATSA_LOCUS2608	15	16	16	27	26	26
DIATSA_LOCUS2609	10	10	10	7	7	7
DIATSA_LOCUS261	0	0	0	0	0	0
DIATSA_LOCUS2610	0	0	0	0	0	0
DIATSA_LOCUS2611	1	1	1	0	0	0
DIATSA_LOCUS2612	5	5	5	9	9	9
DIATSA_LOCUS2613	5	5	5	5	5	5
DIATSA_LOCUS2614	0	0	0	0	0	0
DIATSA_LOCUS2615	0	0	0	1	1	1
DIATSA_LOCUS2616	1	1	1	2	2	2
DIATSA_LOCUS2617	0	0	0	0	0	0
DIATSA_LOCUS2618	0	0	0	0	0	0
DIATSA_LOCUS2619	0	0	0	0	0	0
DIATSA_LOCUS262	0	0	0	0	0	0
DIATSA_LOCUS2620	3	3	3	2	2	2
DIATSA_LOCUS2621	12	12	12	11	11	11
DIATSA_LOCUS2622	0	0	0	0	0	0
DIATSA_LOCUS2623	1	1	1	2	2	2
DIATSA_LOCUS2624	0	0	0	1	1	1
DIATSA_LOCUS2625	3	3	3	2	2	2
DIATSA_LOCUS2626	5	4	4	7	7	7
DIATSA_LOCUS2627	4	5	5	4	3	3
DIATSA_LOCUS2628	21	20	20	18	18	19
DIATSA_LOCUS2629	0	0	0	0	0	0
DIATSA_LOCUS263	0	0	0	1	1	1
DIATSA_LOCUS2630	0	0	0	0	0	0
DIATSA_LOCUS2631	10	11	11	5	5	5
DIATSA_LOCUS2632	0	0	0	0	0	0
DIATSA_LOCUS2633	0	1	1	0	0	0
DIATSA_LOCUS2634	3	3	3	3	3	3
DIATSA_LOCUS2635	30	30	30	36	36	36
DIATSA_LOCUS2636	20	19	19	13	14	14
DIATSA_LOCUS2637	9	9	9	7	7	7
DIATSA_LOCUS2638	2	2	2	0	0	0
DIATSA_LOCUS2639	0	0	0	1	1	1
DIATSA_LOCUS264	13	8	9	5	7	8
DIATSA_LOCUS2640	0	0	0	0	0	0
DIATSA_LOCUS2641	1	2	2	1	1	1
DIATSA_LOCUS2642	0	0	0	0	0	0
DIATSA_LOCUS2643	7	7	7	8	8	8
DIATSA_LOCUS2644	43	41	42	37	38	38
DIATSA_LOCUS2645	5	5	5	5	5	5
DIATSA_LOCUS2646	1	1	1	1	1	1
DIATSA_LOCUS2647	1	1	1	2	1	1
DIATSA_LOCUS2648	1	1	1	1	1	1
DIATSA_LOCUS2649	4	4	4	4	4	4
DIATSA_LOCUS265	1	2	2	0	0	0
DIATSA_LOCUS2650	1	1	1	0	0	0
DIATSA_LOCUS2651	0	0	0	1	1	1
DIATSA_LOCUS2652	5	5	5	6	6	6
DIATSA_LOCUS2653	0	0	0	0	0	0
DIATSA_LOCUS2654	1	1	1	0	0	0
DIATSA_LOCUS2655	0	0	0	0	0	0
DIATSA_LOCUS2656	2	2	2	2	2	2
DIATSA_LOCUS2657	40	40	41	34	34	33
DIATSA_LOCUS2658	0	0	0	0	0	0
DIATSA_LOCUS2659	2	2	2	2	2	2
DIATSA_LOCUS266	3	3	3	7	7	6
DIATSA_LOCUS2660	1	1	1	2	2	2
DIATSA_LOCUS2661	28	30	30	52	50	50
DIATSA_LOCUS2662	2	2	2	1	1	1
DIATSA_LOCUS2663	0	0	0	0	0	0
DIATSA_LOCUS2664	42	39	40	29	30	31
DIATSA_LOCUS2665	15	15	15	8	8	8
DIATSA_LOCUS2666	2	2	2	1	1	1
DIATSA_LOCUS2667	5	6	6	3	3	3
DIATSA_LOCUS2668	1	1	1	0	0	0
DIATSA_LOCUS2669	6	6	6	5	5	5
DIATSA_LOCUS267	1	1	1	2	1	1
DIATSA_LOCUS2670	1	0	1	1	1	1
DIATSA_LOCUS2671	1	1	1	0	0	0
DIATSA_LOCUS2672	11	12	12	11	11	11
DIATSA_LOCUS2673	0	0	0	0	0	0
DIATSA_LOCUS2674	0	0	0	0	0	0
DIATSA_LOCUS2675	0	0	0	0	0	0
DIATSA_LOCUS2676	4	4	4	5	5	5
DIATSA_LOCUS2677	0	0	0	0	0	0
DIATSA_LOCUS2678	3	3	3	3	3	3
DIATSA_LOCUS2679	0	0	0	0	0	0
DIATSA_LOCUS268	2	2	2	1	1	1
DIATSA_LOCUS2680	1	1	1	2	2	2
DIATSA_LOCUS2681	0	0	0	0	0	0
DIATSA_LOCUS2682	0	0	0	1	1	1
DIATSA_LOCUS2683	9	9	9	15	15	15
DIATSA_LOCUS2684	8	7	7	5	6	6
DIATSA_LOCUS2685	0	0	0	0	0	0
DIATSA_LOCUS2686	17	17	17	30	30	30
DIATSA_LOCUS2687	0	0	0	0	1	1
DIATSA_LOCUS2688	0	0	0	0	0	0
DIATSA_LOCUS2689	0	1	1	0	0	0
DIATSA_LOCUS269	0	0	0	0	0	0
DIATSA_LOCUS2690	16	16	16	15	15	15
DIATSA_LOCUS2691	0	0	0	1	1	1
DIATSA_LOCUS2692	0	0	0	0	0	0
DIATSA_LOCUS2693	0	0	0	0	0	0
DIATSA_LOCUS2694	0	0	0	0	0	0
DIATSA_LOCUS2695	0	0	0	0	0	0
DIATSA_LOCUS2696	5	5	5	2	2	2
DIATSA_LOCUS2697	1	1	1	2	2	2
DIATSA_LOCUS2698	0	0	0	0	0	0
DIATSA_LOCUS2699	3	3	3	3	3	3
DIATSA_LOCUS27	0	0	0	0	0	0
DIATSA_LOCUS270	0	0	0	0	0	0
DIATSA_LOCUS2700	0	1	1	0	0	0
DIATSA_LOCUS2701	0	0	0	0	0	0
DIATSA_LOCUS2702	0	0	0	0	0	0
DIATSA_LOCUS2703	0	0	0	0	0	0
DIATSA_LOCUS2704	0	0	0	0	0	0
DIATSA_LOCUS2705	0	0	0	0	0	0
DIATSA_LOCUS2706	0	0	0	0	0	0
DIATSA_LOCUS2707	3	3	3	5	5	5
DIATSA_LOCUS2708	0	0	0	0	0	0
DIATSA_LOCUS2709	0	0	0	0	0	0
DIATSA_LOCUS271	7	7	7	12	12	12
DIATSA_LOCUS2710	0	0	0	0	0	0
DIATSA_LOCUS2711	6	6	6	7	6	6
DIATSA_LOCUS2712	0	0	0	0	0	0
DIATSA_LOCUS2713	0	0	0	0	0	0
DIATSA_LOCUS2714	0	0	0	0	0	0
DIATSA_LOCUS2715	56	55	55	72	73	73
DIATSA_LOCUS2716	1	1	1	0	0	0
DIATSA_LOCUS2717	2	2	2	0	0	0
DIATSA_LOCUS2718	3	3	3	3	3	3
DIATSA_LOCUS2719	3	3	3	5	5	5
DIATSA_LOCUS272	0	0	0	0	0	0
DIATSA_LOCUS2720	27	26	27	34	34	34
DIATSA_LOCUS2721	2	1	1	2	2	2
DIATSA_LOCUS2722	0	0	0	0	0	0
DIATSA_LOCUS2723	0	0	0	0	0	0
DIATSA_LOCUS2724	0	0	0	0	0	0
DIATSA_LOCUS2725	2	2	2	0	0	0
DIATSA_LOCUS2726	0	0	0	0	0	0
DIATSA_LOCUS2727	9	9	9	9	8	8
DIATSA_LOCUS2728	0	0	0	0	0	0
DIATSA_LOCUS2729	0	0	0	1	1	1
DIATSA_LOCUS273	13	13	13	15	14	14
DIATSA_LOCUS2730	0	0	0	0	0	0
DIATSA_LOCUS2731	4	4	4	1	1	1
DIATSA_LOCUS2732	10	10	10	13	13	13
DIATSA_LOCUS2733	2	2	2	0	0	0
DIATSA_LOCUS2734	3	3	3	3	3	3
DIATSA_LOCUS2735	0	0	0	0	0	0
DIATSA_LOCUS2736	5	5	5	8	7	7
DIATSA_LOCUS2737	0	0	0	0	0	0
DIATSA_LOCUS2738	2	2	2	3	3	3
DIATSA_LOCUS2739	13	13	13	11	11	11
DIATSA_LOCUS274	3	3	3	2	2	2
DIATSA_LOCUS2740	7	6	6	2	3	3
DIATSA_LOCUS2741	0	0	0	0	0	0
DIATSA_LOCUS2742	0	0	0	0	0	0
DIATSA_LOCUS2743	1	1	1	1	1	1
DIATSA_LOCUS2744	0	0	0	0	0	0
DIATSA_LOCUS2745	2	1	1	0	0	0
DIATSA_LOCUS2746	5	5	5	11	10	10
DIATSA_LOCUS2747	0	0	0	0	0	0
DIATSA_LOCUS2748	0	0	0	1	1	1
DIATSA_LOCUS2749	1	1	1	0	0	0
DIATSA_LOCUS275	139	139	141	88	86	88
DIATSA_LOCUS2750	0	0	0	0	0	0
DIATSA_LOCUS2751	0	0	0	0	0	0
DIATSA_LOCUS2752	0	0	0	0	0	0
DIATSA_LOCUS2753	0	0	0	0	0	0
DIATSA_LOCUS2754	4	4	4	7	7	7
DIATSA_LOCUS2755	1	1	1	2	2	2
DIATSA_LOCUS2756	0	0	0	1	0	0
DIATSA_LOCUS2757	11	11	11	14	13	13
DIATSA_LOCUS2758	3	3	3	5	5	5
DIATSA_LOCUS2759	0	1	0	0	0	0
DIATSA_LOCUS276	2	2	2	2	2	2
DIATSA_LOCUS2760	4	4	4	5	5	5
DIATSA_LOCUS2761	0	1	1	0	0	0
DIATSA_LOCUS2762	0	0	0	0	0	0
DIATSA_LOCUS2763	0	0	0	0	0	0
DIATSA_LOCUS2764	0	0	0	0	0	0
DIATSA_LOCUS2765	0	0	0	0	0	0
DIATSA_LOCUS2766	0	0	0	0	0	0
DIATSA_LOCUS2767	3	3	3	2	2	2
DIATSA_LOCUS2768	0	0	0	0	0	0
DIATSA_LOCUS2769	3	4	4	2	2	2
DIATSA_LOCUS277	0	0	0	0	0	0
DIATSA_LOCUS2770	0	0	0	0	0	0
DIATSA_LOCUS2771	0	0	0	0	0	0
DIATSA_LOCUS2772	0	0	0	0	0	0
DIATSA_LOCUS2773	1	1	1	0	0	0
DIATSA_LOCUS2774	0	0	0	0	0	0
DIATSA_LOCUS2775	1	1	1	1	1	1
DIATSA_LOCUS2776	2	2	2	1	1	1
DIATSA_LOCUS2777	0	0	0	0	0	0
DIATSA_LOCUS2778	1	1	1	2	3	2
DIATSA_LOCUS2779	2	2	2	3	3	3
DIATSA_LOCUS278	0	0	0	0	0	0
DIATSA_LOCUS2780	1	1	1	1	1	1
DIATSA_LOCUS2781	5	5	5	3	3	3
DIATSA_LOCUS2782	0	0	0	0	0	0
DIATSA_LOCUS2783	0	0	0	0	0	0
DIATSA_LOCUS2784	0	0	0	0	0	0
DIATSA_LOCUS2785	0	0	0	0	0	0
DIATSA_LOCUS2786	0	0	0	0	0	0
DIATSA_LOCUS2787	0	1	1	0	0	0
DIATSA_LOCUS2788	1	1	1	1	1	1
DIATSA_LOCUS2789	2	1	2	1	1	1
DIATSA_LOCUS279	0	0	0	0	0	0
DIATSA_LOCUS2790	3	5	5	3	2	2
DIATSA_LOCUS2791	0	0	0	0	1	1
DIATSA_LOCUS2792	0	0	0	0	0	0
DIATSA_LOCUS2793	5	16	16	5	1	1
DIATSA_LOCUS2794	0	0	0	0	0	0
DIATSA_LOCUS2795	0	0	0	0	0	0
DIATSA_LOCUS2796	10	9	10	11	11	12
DIATSA_LOCUS2797	0	0	0	0	0	0
DIATSA_LOCUS2798	0	0	0	0	0	0
DIATSA_LOCUS2799	1	2	2	1	1	1
DIATSA_LOCUS28	5	5	5	4	4	4
DIATSA_LOCUS280	0	0	0	0	0	0
DIATSA_LOCUS2800	0	0	1	1	1	1
DIATSA_LOCUS2801	1	1	1	1	1	2
DIATSA_LOCUS2802	0	0	0	0	0	0
DIATSA_LOCUS2803	3	2	2	3	3	3
DIATSA_LOCUS2804	0	0	0	0	0	0
DIATSA_LOCUS2805	0	0	0	0	0	0
DIATSA_LOCUS2806	0	0	0	1	1	1
DIATSA_LOCUS2807	34	34	34	28	28	28
DIATSA_LOCUS2808	0	0	0	0	0	0
DIATSA_LOCUS2809	2	2	2	0	0	0
DIATSA_LOCUS281	0	0	0	0	0	0
DIATSA_LOCUS2810	0	0	0	0	0	0
DIATSA_LOCUS2811	0	0	0	0	0	0
DIATSA_LOCUS2812	0	0	0	0	0	0
DIATSA_LOCUS2813	28	28	28	20	20	20
DIATSA_LOCUS2814	46	46	46	53	53	53
DIATSA_LOCUS2815	1	1	1	0	0	0
DIATSA_LOCUS2816	0	0	0	0	0	0
DIATSA_LOCUS2817	0	0	0	0	0	0
DIATSA_LOCUS2818	0	0	0	0	0	0
DIATSA_LOCUS2819	24	24	24	30	30	31
DIATSA_LOCUS282	0	0	0	0	0	0
DIATSA_LOCUS2820	2	2	3	4	3	4
DIATSA_LOCUS2821	0	0	0	0	0	0
DIATSA_LOCUS2822	0	0	0	0	0	0
DIATSA_LOCUS2823	1	1	1	0	0	0
DIATSA_LOCUS2824	0	0	0	0	0	0
DIATSA_LOCUS2825	0	0	0	0	0	0
DIATSA_LOCUS2826	0	0	0	0	0	0
DIATSA_LOCUS2827	0	0	0	0	0	0
DIATSA_LOCUS2828	0	0	0	0	0	0
DIATSA_LOCUS2829	0	0	0	0	0	0
DIATSA_LOCUS283	0	0	0	0	0	0
DIATSA_LOCUS2830	0	0	0	0	0	0
DIATSA_LOCUS2831	3	2	2	3	5	5
DIATSA_LOCUS2832	0	0	0	0	0	0
DIATSA_LOCUS2833	0	0	0	0	0	0
DIATSA_LOCUS2834	0	0	0	0	0	0
DIATSA_LOCUS2835	0	0	0	0	0	0
DIATSA_LOCUS2836	24	24	24	30	30	30
DIATSA_LOCUS2837	2	2	2	3	3	3
DIATSA_LOCUS2838	0	0	0	0	0	0
DIATSA_LOCUS2839	29	29	29	29	29	29
DIATSA_LOCUS284	0	0	0	0	0	0
DIATSA_LOCUS2840	2	2	2	2	2	2
DIATSA_LOCUS2841	0	0	0	0	0	0
DIATSA_LOCUS2842	1	1	1	0	0	0
DIATSA_LOCUS2843	0	0	0	0	0	0
DIATSA_LOCUS2844	0	0	0	0	0	0
DIATSA_LOCUS2845	0	0	0	0	0	0
DIATSA_LOCUS2846	0	0	0	0	0	0
DIATSA_LOCUS2847	0	0	0	0	0	0
DIATSA_LOCUS2848	0	0	0	0	0	0
DIATSA_LOCUS2849	0	0	0	0	0	0
DIATSA_LOCUS285	2	2	2	1	1	1
DIATSA_LOCUS2850	3	3	3	6	6	6
DIATSA_LOCUS2851	1	1	1	3	2	2
DIATSA_LOCUS2852	0	0	0	0	0	0
DIATSA_LOCUS2853	314	310	314	346	346	350
DIATSA_LOCUS2854	0	0	0	0	0	0
DIATSA_LOCUS2855	0	0	0	0	0	0
DIATSA_LOCUS2856	0	1	1	0	0	0
DIATSA_LOCUS2857	0	0	0	0	0	0
DIATSA_LOCUS2858	0	0	0	0	0	0
DIATSA_LOCUS2859	0	0	0	0	0	0
DIATSA_LOCUS286	0	0	0	0	0	0
DIATSA_LOCUS2860	0	0	0	0	0	0
DIATSA_LOCUS2861	0	0	0	0	0	0
DIATSA_LOCUS2862	8	7	8	4	5	5
DIATSA_LOCUS2863	2	3	3	1	1	1
DIATSA_LOCUS2864	6	6	6	11	12	12
DIATSA_LOCUS2865	0	0	0	0	0	0
DIATSA_LOCUS2866	0	0	0	0	0	0
DIATSA_LOCUS2867	0	0	0	0	0	0
DIATSA_LOCUS2868	0	0	0	0	0	0
DIATSA_LOCUS2869	0	0	0	0	0	0
DIATSA_LOCUS287	0	0	0	0	0	0
DIATSA_LOCUS2870	0	0	0	0	0	0
DIATSA_LOCUS2871	0	0	0	0	0	0
DIATSA_LOCUS2872	0	0	0	0	0	0
DIATSA_LOCUS2873	0	0	0	0	0	0
DIATSA_LOCUS2874	0	0	0	0	0	0
DIATSA_LOCUS2875	0	0	0	0	0	0
DIATSA_LOCUS2876	0	0	0	0	0	0
DIATSA_LOCUS2877	0	0	0	0	1	1
DIATSA_LOCUS2878	0	0	0	0	0	0
DIATSA_LOCUS2879	0	0	0	0	0	0
DIATSA_LOCUS288	265	266	268	271	269	270
DIATSA_LOCUS2880	1	1	1	1	1	1
DIATSA_LOCUS2881	0	0	0	0	0	0
DIATSA_LOCUS2882	0	0	0	0	0	0
DIATSA_LOCUS2883	3	3	3	5	5	5
DIATSA_LOCUS2884	0	0	0	0	0	0
DIATSA_LOCUS2885	0	0	0	0	0	0
DIATSA_LOCUS2886	0	0	0	0	0	0
DIATSA_LOCUS2887	0	0	0	0	0	0
DIATSA_LOCUS2888	6	6	6	9	10	10
DIATSA_LOCUS2889	5	5	5	5	5	5
DIATSA_LOCUS289	3	3	3	2	2	2
DIATSA_LOCUS2890	8	7	7	7	7	7
DIATSA_LOCUS2891	1	1	1	2	2	2
DIATSA_LOCUS2892	3	3	3	2	2	2
DIATSA_LOCUS2893	36	36	36	52	53	52
DIATSA_LOCUS2894	0	0	0	0	0	0
DIATSA_LOCUS2895	0	0	0	0	0	0
DIATSA_LOCUS2896	1	1	1	0	0	0
DIATSA_LOCUS2897	0	0	0	0	0	0
DIATSA_LOCUS2898	0	1	0	1	1	1
DIATSA_LOCUS2899	130	131	132	138	136	137
DIATSA_LOCUS29	0	0	0	0	0	0
DIATSA_LOCUS290	0	0	0	0	0	0
DIATSA_LOCUS2900	0	0	0	0	0	0
DIATSA_LOCUS2901	1	1	1	0	0	0
DIATSA_LOCUS2902	8	8	8	2	3	3
DIATSA_LOCUS2903	0	0	0	0	0	0
DIATSA_LOCUS2904	0	0	0	0	0	0
DIATSA_LOCUS2905	0	0	0	0	0	0
DIATSA_LOCUS2906	0	0	0	0	0	0
DIATSA_LOCUS2907	1	1	1	0	1	0
DIATSA_LOCUS2908	0	0	0	0	0	0
DIATSA_LOCUS2909	0	0	0	0	0	0
DIATSA_LOCUS291	0	0	0	0	0	0
DIATSA_LOCUS2910	0	0	0	0	0	0
DIATSA_LOCUS2911	0	0	0	0	0	0
DIATSA_LOCUS2912	0	0	0	0	0	0
DIATSA_LOCUS2913	0	0	0	1	1	1
DIATSA_LOCUS2914	3	2	2	1	2	2
DIATSA_LOCUS2915	1	1	2	1	1	1
DIATSA_LOCUS2916	6	6	6	7	8	8
DIATSA_LOCUS2917	32	31	31	46	47	47
DIATSA_LOCUS2918	3	3	3	3	2	2
DIATSA_LOCUS2919	6	5	5	3	3	3
DIATSA_LOCUS292	2	2	2	0	0	0
DIATSA_LOCUS2920	69	69	69	141	141	140
DIATSA_LOCUS2921	54	57	57	133	126	126
DIATSA_LOCUS2922	0	0	0	0	0	0
DIATSA_LOCUS2923	191	194	195	238	234	234
DIATSA_LOCUS2924	4	4	4	6	6	6
DIATSA_LOCUS2925	1	1	1	2	2	2
DIATSA_LOCUS2926	0	0	0	0	0	0
DIATSA_LOCUS2927	0	0	0	1	1	1
DIATSA_LOCUS2928	15	16	15	13	12	12
DIATSA_LOCUS2929	1	1	1	0	0	0
DIATSA_LOCUS293	8	9	8	7	7	7
DIATSA_LOCUS2930	0	0	0	0	0	0
DIATSA_LOCUS2931	0	0	0	0	0	0
DIATSA_LOCUS2932	1	1	1	1	1	1
DIATSA_LOCUS2933	0	1	1	1	1	1
DIATSA_LOCUS2934	1	1	1	0	0	0
DIATSA_LOCUS2935	11	11	11	6	7	7
DIATSA_LOCUS2936	0	0	0	0	0	0
DIATSA_LOCUS2937	3	3	3	3	3	3
DIATSA_LOCUS2938	6	6	6	6	6	6
DIATSA_LOCUS2939	1	1	1	1	1	1
DIATSA_LOCUS294	2	2	2	0	0	0
DIATSA_LOCUS2940	1	1	1	1	1	1
DIATSA_LOCUS2941	25	25	25	36	36	36
DIATSA_LOCUS2942	0	0	0	0	0	0
DIATSA_LOCUS2943	0	0	0	0	0	0
DIATSA_LOCUS2944	0	0	0	0	0	0
DIATSA_LOCUS2945	0	0	0	0	0	0
DIATSA_LOCUS2946	0	0	0	0	0	0
DIATSA_LOCUS2947	0	0	0	0	0	0
DIATSA_LOCUS2948	0	0	0	0	0	0
DIATSA_LOCUS2949	0	0	0	1	1	2
DIATSA_LOCUS295	0	0	0	1	1	1
DIATSA_LOCUS2950	0	0	0	0	0	0
DIATSA_LOCUS2951	4	4	5	3	3	3
DIATSA_LOCUS2952	38	39	39	77	76	76
DIATSA_LOCUS2953	20	21	21	26	26	25
DIATSA_LOCUS2954	8	8	8	11	11	11
DIATSA_LOCUS2955	12	12	12	19	19	19
DIATSA_LOCUS2956	0	0	0	0	0	0
DIATSA_LOCUS2957	0	0	0	0	0	0
DIATSA_LOCUS2958	18	19	19	20	20	20
DIATSA_LOCUS2959	3	3	3	6	6	6
DIATSA_LOCUS296	0	0	0	1	2	1
DIATSA_LOCUS2960	1	1	1	2	2	2
DIATSA_LOCUS2961	2	2	1	0	0	1
DIATSA_LOCUS2962	0	0	0	0	0	0
DIATSA_LOCUS2963	0	0	0	0	0	0
DIATSA_LOCUS2964	0	0	0	0	0	0
DIATSA_LOCUS2965	0	0	0	0	0	0
DIATSA_LOCUS2966	0	0	0	0	0	0
DIATSA_LOCUS2967	0	0	0	0	0	0
DIATSA_LOCUS2968	15	15	15	21	21	21
DIATSA_LOCUS2969	0	0	0	0	0	0
DIATSA_LOCUS297	0	0	0	0	0	0
DIATSA_LOCUS2970	1	0	0	1	1	1
DIATSA_LOCUS2971	0	0	0	0	0	0
DIATSA_LOCUS2972	0	0	0	0	0	0
DIATSA_LOCUS2973	0	0	0	0	0	0
DIATSA_LOCUS2974	0	0	0	0	0	0
DIATSA_LOCUS2975	0	0	0	0	0	0
DIATSA_LOCUS2976	4	4	4	2	2	2
DIATSA_LOCUS2977	2	2	2	3	3	3
DIATSA_LOCUS2978	1	1	1	0	0	0
DIATSA_LOCUS2979	0	0	0	0	0	0
DIATSA_LOCUS298	0	0	0	0	0	0
DIATSA_LOCUS2980	3	3	3	2	2	2
DIATSA_LOCUS2981	6	6	6	4	4	4
DIATSA_LOCUS2982	0	0	0	0	0	0
DIATSA_LOCUS2983	0	0	0	0	0	0
DIATSA_LOCUS2984	0	0	0	0	0	0
DIATSA_LOCUS2985	0	0	0	0	0	0
DIATSA_LOCUS2986	0	0	0	0	0	0
DIATSA_LOCUS2987	0	0	0	0	0	0
DIATSA_LOCUS2988	0	0	0	0	0	0
DIATSA_LOCUS2989	0	0	0	0	0	0
DIATSA_LOCUS299	4	4	4	0	0	0
DIATSA_LOCUS2990	0	0	0	0	0	0
DIATSA_LOCUS2991	21	20	21	17	17	17
DIATSA_LOCUS2992	0	0	0	0	0	0
DIATSA_LOCUS2993	0	0	0	0	0	0
DIATSA_LOCUS2994	5	4	4	0	1	1
DIATSA_LOCUS2995	1	0	0	0	0	0
DIATSA_LOCUS2996	0	0	0	0	0	0
DIATSA_LOCUS2997	0	0	0	0	0	0
DIATSA_LOCUS2998	0	0	0	0	0	0
DIATSA_LOCUS2999	1	1	1	0	0	0
DIATSA_LOCUS3	0	0	0	0	0	0
DIATSA_LOCUS30	5	4	4	3	4	4
DIATSA_LOCUS300	2	2	2	2	2	2
DIATSA_LOCUS3000	0	0	0	0	0	0
DIATSA_LOCUS3001	0	0	0	0	0	0
DIATSA_LOCUS3002	1	1	1	0	0	0
DIATSA_LOCUS3003	3	3	3	0	0	0
DIATSA_LOCUS3004	7	6	6	0	0	0
DIATSA_LOCUS3005	20	18	19	5	6	6
DIATSA_LOCUS3006	0	0	0	0	0	0
DIATSA_LOCUS3007	0	0	0	0	0	0
DIATSA_LOCUS3008	8	6	7	2	2	3
DIATSA_LOCUS3009	1	1	1	0	0	0
DIATSA_LOCUS301	3	3	3	4	4	4
DIATSA_LOCUS3010	0	0	0	0	0	0
DIATSA_LOCUS3011	2	2	2	0	0	0
DIATSA_LOCUS3012	1	1	1	0	0	0
DIATSA_LOCUS3013	0	0	0	0	0	0
DIATSA_LOCUS3014	0	0	0	0	0	0
DIATSA_LOCUS3015	21	24	12	16	20	21
DIATSA_LOCUS3016	13	13	14	8	8	8
DIATSA_LOCUS3017	40	40	40	22	22	22
DIATSA_LOCUS3018	0	0	0	0	0	0
DIATSA_LOCUS3019	1	1	1	0	0	0
DIATSA_LOCUS302	0	0	0	0	0	0
DIATSA_LOCUS3020	4	3	3	0	0	0
DIATSA_LOCUS3021	0	0	0	2	2	2
DIATSA_LOCUS3022	12	14	14	9	8	8
DIATSA_LOCUS3023	4	4	4	4	4	4
DIATSA_LOCUS3024	4	4	4	3	2	2
DIATSA_LOCUS3025	28	27	28	29	31	29
DIATSA_LOCUS3026	0	0	0	0	0	0
DIATSA_LOCUS3027	0	0	0	0	0	0
DIATSA_LOCUS3028	1	1	1	0	0	0
DIATSA_LOCUS3029	1	1	1	1	1	1
DIATSA_LOCUS303	0	0	0	0	0	0
DIATSA_LOCUS3030	0	0	0	0	0	0
DIATSA_LOCUS3031	0	0	0	0	0	0
DIATSA_LOCUS3032	1	1	1	1	1	1
DIATSA_LOCUS3033	1	1	1	1	1	1
DIATSA_LOCUS3034	0	0	0	0	0	0
DIATSA_LOCUS3035	0	0	0	0	0	0
DIATSA_LOCUS3036	0	0	0	0	0	0
DIATSA_LOCUS3037	0	0	0	0	0	0
DIATSA_LOCUS3038	3	3	3	2	2	2
DIATSA_LOCUS3039	5	5	5	6	6	6
DIATSA_LOCUS304	0	0	0	0	0	0
DIATSA_LOCUS3040	10	9	9	5	5	5
DIATSA_LOCUS3041	13	14	13	11	11	11
DIATSA_LOCUS3042	0	0	0	0	0	0
DIATSA_LOCUS3043	0	0	0	0	0	0
DIATSA_LOCUS3044	9	8	9	7	7	7
DIATSA_LOCUS3045	0	0	0	0	0	0
DIATSA_LOCUS3046	0	0	0	0	0	0
DIATSA_LOCUS3047	0	0	0	0	0	0
DIATSA_LOCUS3048	25	25	25	45	46	46
DIATSA_LOCUS3049	7	7	7	5	5	5
DIATSA_LOCUS305	0	0	0	0	0	0
DIATSA_LOCUS3050	0	0	0	0	0	1
DIATSA_LOCUS3051	0	0	0	0	0	0
DIATSA_LOCUS3052	1	1	1	1	1	1
DIATSA_LOCUS3053	49	49	49	63	64	63
DIATSA_LOCUS3054	0	0	0	0	0	0
DIATSA_LOCUS3055	0	0	0	0	0	0
DIATSA_LOCUS3056	3	3	3	4	4	4
DIATSA_LOCUS3057	1	1	1	1	1	1
DIATSA_LOCUS3058	0	0	0	0	0	0
DIATSA_LOCUS3059	3	3	3	4	4	4
DIATSA_LOCUS306	0	0	0	0	0	0
DIATSA_LOCUS3060	19	20	20	50	49	48
DIATSA_LOCUS3061	0	0	0	0	0	0
DIATSA_LOCUS3062	0	0	0	0	0	0
DIATSA_LOCUS3063	8	9	9	5	4	4
DIATSA_LOCUS3064	0	0	0	0	0	0
DIATSA_LOCUS3065	0	0	0	0	0	0
DIATSA_LOCUS3066	1	2	2	2	2	2
DIATSA_LOCUS3067	0	0	0	0	0	0
DIATSA_LOCUS3068	0	0	0	0	0	0
DIATSA_LOCUS3069	8	8	8	13	12	12
DIATSA_LOCUS307	8	9	9	7	7	7
DIATSA_LOCUS3070	0	0	0	0	0	0
DIATSA_LOCUS3071	0	0	0	0	0	0
DIATSA_LOCUS3072	0	0	0	0	0	0
DIATSA_LOCUS3073	1	2	2	0	0	0
DIATSA_LOCUS3074	0	0	0	0	0	0
DIATSA_LOCUS3075	1	1	1	2	2	2
DIATSA_LOCUS3076	1	1	1	0	1	1
DIATSA_LOCUS3077	1	1	1	3	2	2
DIATSA_LOCUS3078	9	9	9	10	9	9
DIATSA_LOCUS3079	6	7	7	5	5	5
DIATSA_LOCUS308	17	17	17	33	33	33
DIATSA_LOCUS3080	347	350	353	670	660	662
DIATSA_LOCUS3081	2	2	2	2	2	2
DIATSA_LOCUS3082	3	3	3	5	5	5
DIATSA_LOCUS3083	4	4	4	2	2	2
DIATSA_LOCUS3084	0	0	0	0	0	0
DIATSA_LOCUS3085	0	0	0	0	0	0
DIATSA_LOCUS3086	0	0	0	0	0	0
DIATSA_LOCUS3087	0	0	0	0	0	0
DIATSA_LOCUS3088	3	3	3	5	5	5
DIATSA_LOCUS3089	0	0	0	0	0	0
DIATSA_LOCUS309	1	1	1	2	2	2
DIATSA_LOCUS3090	11	11	11	13	13	13
DIATSA_LOCUS3091	22	21	22	26	25	26
DIATSA_LOCUS3092	0	0	0	0	0	0
DIATSA_LOCUS3093	0	0	0	1	1	1
DIATSA_LOCUS3094	0	0	0	0	0	0
DIATSA_LOCUS3095	0	1	1	0	0	0
DIATSA_LOCUS3096	0	0	0	0	0	0
DIATSA_LOCUS3097	2	2	2	1	1	1
DIATSA_LOCUS3098	0	0	0	0	0	0
DIATSA_LOCUS3099	8	8	8	12	13	13
DIATSA_LOCUS31	0	0	0	0	0	0
DIATSA_LOCUS310	0	0	0	0	0	0
DIATSA_LOCUS3100	3	3	3	1	1	1
DIATSA_LOCUS3101	0	0	1	0	0	0
DIATSA_LOCUS3102	16	16	16	13	13	13
DIATSA_LOCUS3103	21	21	21	25	25	25
DIATSA_LOCUS3104	0	0	0	1	1	1
DIATSA_LOCUS3105	9	9	8	9	9	9
DIATSA_LOCUS3106	0	0	0	0	0	0
DIATSA_LOCUS3107	1	1	1	0	0	0
DIATSA_LOCUS3108	1	1	1	1	1	1
DIATSA_LOCUS3109	0	0	0	0	0	0
DIATSA_LOCUS311	7	7	8	4	4	4
DIATSA_LOCUS3110	0	0	0	0	0	0
DIATSA_LOCUS3111	0	0	0	0	0	0
DIATSA_LOCUS3112	0	0	0	1	1	1
DIATSA_LOCUS3113	0	0	0	0	0	0
DIATSA_LOCUS3114	0	0	0	0	0	0
DIATSA_LOCUS3115	0	0	0	0	0	0
DIATSA_LOCUS3116	4	4	4	4	4	4
DIATSA_LOCUS3117	20	20	20	28	28	28
DIATSA_LOCUS3118	2	2	2	2	2	2
DIATSA_LOCUS3119	2	2	2	1	1	1
DIATSA_LOCUS312	6	6	6	3	3	3
DIATSA_LOCUS3120	0	0	0	0	0	0
DIATSA_LOCUS3121	0	0	0	0	0	0
DIATSA_LOCUS3122	0	0	0	0	0	0
DIATSA_LOCUS3123	0	0	0	0	0	0
DIATSA_LOCUS3124	0	0	0	0	0	0
DIATSA_LOCUS3125	0	0	0	0	0	0
DIATSA_LOCUS3126	0	0	0	0	0	0
DIATSA_LOCUS3127	0	0	0	0	0	0
DIATSA_LOCUS3128	0	0	0	0	0	0
DIATSA_LOCUS3129	0	0	0	0	0	0
DIATSA_LOCUS313	25	25	25	30	29	29
DIATSA_LOCUS3130	2	2	2	4	4	4
DIATSA_LOCUS3131	1	1	1	2	2	2
DIATSA_LOCUS3132	5	5	5	5	5	5
DIATSA_LOCUS3133	0	0	0	0	0	0
DIATSA_LOCUS3134	0	0	0	0	0	0
DIATSA_LOCUS3135	1	1	1	1	1	0
DIATSA_LOCUS3136	980	958	958	1202	1231	1227
DIATSA_LOCUS3137	7	7	7	5	4	4
DIATSA_LOCUS3138	4	5	5	6	6	6
DIATSA_LOCUS3139	0	0	0	0	0	0
DIATSA_LOCUS314	0	0	0	0	0	0
DIATSA_LOCUS3140	134	137	139	56	54	54
DIATSA_LOCUS3141	10	11	11	6	5	5
DIATSA_LOCUS3142	327	326	330	583	578	584
DIATSA_LOCUS3143	33	33	33	7	7	7
DIATSA_LOCUS3144	0	0	0	1	1	1
DIATSA_LOCUS3145	59	59	59	70	71	70
DIATSA_LOCUS3146	18	19	19	19	18	18
DIATSA_LOCUS3147	12	12	13	11	11	11
DIATSA_LOCUS3148	107	110	112	87	83	84
DIATSA_LOCUS3149	198	203	206	242	235	236
DIATSA_LOCUS315	0	0	0	0	0	0
DIATSA_LOCUS3150	1	1	2	2	2	2
DIATSA_LOCUS3151	0	0	0	0	0	0
DIATSA_LOCUS3152	5	6	6	6	6	6
DIATSA_LOCUS3153	11	11	11	2	2	2
DIATSA_LOCUS3154	54	53	55	35	34	36
DIATSA_LOCUS3155	0	0	0	0	0	0
DIATSA_LOCUS3156	27	27	27	11	11	11
DIATSA_LOCUS3157	1	1	1	0	0	0
DIATSA_LOCUS3158	0	0	0	1	0	1
DIATSA_LOCUS3159	0	0	0	0	0	0
DIATSA_LOCUS316	0	0	0	0	0	0
DIATSA_LOCUS3160	21	20	20	19	19	19
DIATSA_LOCUS3161	12	11	11	9	10	10
DIATSA_LOCUS3162	2	2	2	4	4	4
DIATSA_LOCUS3163	0	0	0	0	0	0
DIATSA_LOCUS3164	6	6	6	5	4	4
DIATSA_LOCUS3165	0	0	0	0	0	0
DIATSA_LOCUS3166	0	0	0	0	0	0
DIATSA_LOCUS3167	0	0	0	0	0	0
DIATSA_LOCUS3168	0	0	0	0	0	0
DIATSA_LOCUS3169	0	0	0	0	0	0
DIATSA_LOCUS317	0	0	0	0	0	0
DIATSA_LOCUS3170	0	0	0	0	0	0
DIATSA_LOCUS3171	0	0	0	0	0	0
DIATSA_LOCUS3172	3	3	3	4	4	4
DIATSA_LOCUS3173	14	14	14	27	27	27
DIATSA_LOCUS3174	0	0	0	0	0	0
DIATSA_LOCUS3175	0	0	0	0	0	0
DIATSA_LOCUS3176	0	0	0	0	0	0
DIATSA_LOCUS3177	0	0	0	0	0	0
DIATSA_LOCUS3178	0	0	0	0	0	0
DIATSA_LOCUS3179	4	4	4	0	0	0
DIATSA_LOCUS318	0	0	0	0	0	0
DIATSA_LOCUS3180	0	0	0	0	0	0
DIATSA_LOCUS3181	0	0	0	0	0	0
DIATSA_LOCUS3182	19	19	19	29	30	30
DIATSA_LOCUS3183	0	0	0	0	0	0
DIATSA_LOCUS3184	0	0	0	0	0	0
DIATSA_LOCUS3185	54	54	55	132	131	131
DIATSA_LOCUS3186	0	0	0	0	0	0
DIATSA_LOCUS3187	1	1	1	3	3	3
DIATSA_LOCUS3188	3	3	3	3	3	3
DIATSA_LOCUS3189	1	1	1	1	1	1
DIATSA_LOCUS319	4	4	4	1	1	1
DIATSA_LOCUS3190	0	0	0	0	0	0
DIATSA_LOCUS3191	0	0	0	0	0	0
DIATSA_LOCUS3192	0	0	0	0	0	0
DIATSA_LOCUS3193	0	0	0	0	0	0
DIATSA_LOCUS3194	0	0	0	0	0	0
DIATSA_LOCUS3195	0	0	0	0	0	0
DIATSA_LOCUS3196	0	0	0	0	0	0
DIATSA_LOCUS3197	1	1	1	2	2	2
DIATSA_LOCUS3198	1	1	1	1	1	1
DIATSA_LOCUS3199	15	15	15	17	17	17
DIATSA_LOCUS32	3	3	3	1	1	1
DIATSA_LOCUS320	15	14	14	12	13	12
DIATSA_LOCUS3200	0	0	0	0	0	0
DIATSA_LOCUS3201	4	4	4	1	1	1
DIATSA_LOCUS3202	5	4	4	7	7	7
DIATSA_LOCUS3203	1	1	1	1	1	1
DIATSA_LOCUS3204	6	6	6	6	6	6
DIATSA_LOCUS3205	0	0	0	0	0	0
DIATSA_LOCUS3206	0	0	0	0	0	0
DIATSA_LOCUS3207	0	0	0	0	0	0
DIATSA_LOCUS3208	3	3	3	2	2	2
DIATSA_LOCUS3209	2	2	2	1	1	1
DIATSA_LOCUS321	1	1	1	0	0	0
DIATSA_LOCUS3210	0	0	0	0	0	0
DIATSA_LOCUS3211	8	8	8	12	11	11
DIATSA_LOCUS3212	3	4	3	5	4	4
DIATSA_LOCUS3213	0	0	0	0	0	0
DIATSA_LOCUS3214	3	3	3	4	4	4
DIATSA_LOCUS3215	3	3	3	1	1	1
DIATSA_LOCUS3216	1	1	1	0	0	0
DIATSA_LOCUS3217	0	0	0	0	0	0
DIATSA_LOCUS3218	28	28	28	32	31	31
DIATSA_LOCUS3219	0	0	0	0	0	0
DIATSA_LOCUS322	2	3	3	5	5	4
DIATSA_LOCUS3220	16	16	16	17	17	16
DIATSA_LOCUS3221	0	0	0	3	3	3
DIATSA_LOCUS3222	0	0	0	0	0	0
DIATSA_LOCUS3223	0	0	0	0	0	0
DIATSA_LOCUS3224	164	162	161	219	223	222
DIATSA_LOCUS3225	1	1	1	2	2	2
DIATSA_LOCUS3226	9	9	9	18	18	17
DIATSA_LOCUS3227	0	0	0	0	0	0
DIATSA_LOCUS3228	38	37	38	29	30	30
DIATSA_LOCUS3229	1	1	1	0	0	0
DIATSA_LOCUS323	0	0	0	0	0	0
DIATSA_LOCUS3230	0	0	0	0	0	0
DIATSA_LOCUS3231	58	59	60	74	72	72
DIATSA_LOCUS3232	0	0	0	0	0	0
DIATSA_LOCUS3233	16	16	16	14	14	14
DIATSA_LOCUS3234	26	25	25	23	24	24
DIATSA_LOCUS3235	5	5	5	6	6	6
DIATSA_LOCUS3236	0	0	0	0	0	0
DIATSA_LOCUS3237	12	12	12	11	11	11
DIATSA_LOCUS3238	6	6	6	5	5	5
DIATSA_LOCUS3239	1	1	2	1	0	1
DIATSA_LOCUS324	2	3	3	2	2	2
DIATSA_LOCUS3240	1	1	1	4	4	4
DIATSA_LOCUS3241	3	3	3	2	2	2
DIATSA_LOCUS3242	0	0	0	0	0	0
DIATSA_LOCUS3243	0	0	0	0	0	0
DIATSA_LOCUS3244	5	4	4	2	2	3
DIATSA_LOCUS3245	2	2	2	1	1	1
DIATSA_LOCUS3246	0	0	0	0	0	0
DIATSA_LOCUS3247	1	1	1	0	0	0
DIATSA_LOCUS3248	0	0	0	0	0	0
DIATSA_LOCUS3249	0	0	0	0	0	0
DIATSA_LOCUS325	0	0	0	0	0	0
DIATSA_LOCUS3250	0	0	0	0	0	0
DIATSA_LOCUS3251	5	5	5	7	8	8
DIATSA_LOCUS3252	8	9	9	6	6	6
DIATSA_LOCUS3253	1	1	1	1	1	1
DIATSA_LOCUS3254	5	4	4	3	3	3
DIATSA_LOCUS3255	0	0	0	0	0	0
DIATSA_LOCUS3256	0	0	0	0	0	0
DIATSA_LOCUS3257	0	0	0	0	0	0
DIATSA_LOCUS3258	6	7	7	9	8	8
DIATSA_LOCUS3259	2	2	2	3	3	3
DIATSA_LOCUS326	0	0	0	0	0	0
DIATSA_LOCUS3260	0	0	0	0	0	0
DIATSA_LOCUS3261	0	0	0	0	0	0
DIATSA_LOCUS3262	0	0	0	2	2	2
DIATSA_LOCUS3263	0	0	0	0	0	0
DIATSA_LOCUS3264	11	12	12	10	10	10
DIATSA_LOCUS3265	0	0	0	0	0	0
DIATSA_LOCUS3266	0	0	0	0	0	0
DIATSA_LOCUS3267	7	7	7	7	7	7
DIATSA_LOCUS3268	12	12	12	5	5	5
DIATSA_LOCUS3269	2	2	2	1	1	1
DIATSA_LOCUS327	2	2	2	1	1	2
DIATSA_LOCUS3270	0	0	0	0	0	0
DIATSA_LOCUS3271	2	2	2	1	1	1
DIATSA_LOCUS3272	2	2	2	2	2	2
DIATSA_LOCUS3273	0	0	0	0	0	0
DIATSA_LOCUS3274	5	4	5	4	5	5
DIATSA_LOCUS3275	1	1	1	2	2	2
DIATSA_LOCUS3276	0	0	0	0	0	0
DIATSA_LOCUS3277	1	1	1	0	0	0
DIATSA_LOCUS3278	0	0	0	1	1	1
DIATSA_LOCUS3279	5	5	5	6	6	6
DIATSA_LOCUS328	3	3	3	1	1	1
DIATSA_LOCUS3280	1	2	2	2	1	1
DIATSA_LOCUS3281	0	0	0	0	0	0
DIATSA_LOCUS3282	1	1	1	0	0	0
DIATSA_LOCUS3283	13	13	13	17	18	18
DIATSA_LOCUS3284	1	1	1	9	9	9
DIATSA_LOCUS3285	0	0	0	0	0	0
DIATSA_LOCUS3286	3	3	3	2	2	2
DIATSA_LOCUS3287	2	2	2	1	1	1
DIATSA_LOCUS3288	2	2	2	1	1	1
DIATSA_LOCUS3289	7	6	7	2	2	2
DIATSA_LOCUS329	4	4	4	5	6	6
DIATSA_LOCUS3290	0	0	0	0	0	0
DIATSA_LOCUS3291	4	4	4	6	6	6
DIATSA_LOCUS3292	3	4	4	0	0	0
DIATSA_LOCUS3293	0	0	0	0	0	0
DIATSA_LOCUS3294	0	0	0	0	0	0
DIATSA_LOCUS3295	0	0	0	0	0	0
DIATSA_LOCUS3296	2	2	2	2	2	2
DIATSA_LOCUS3297	0	0	0	0	0	0
DIATSA_LOCUS3298	3	3	3	2	2	2
DIATSA_LOCUS3299	0	0	0	0	0	0
DIATSA_LOCUS33	0	0	0	0	0	0
DIATSA_LOCUS330	1	1	1	1	1	1
DIATSA_LOCUS3300	3	3	3	1	1	1
DIATSA_LOCUS3301	0	0	0	1	1	1
DIATSA_LOCUS3302	0	0	0	0	0	0
DIATSA_LOCUS3303	0	0	0	0	0	0
DIATSA_LOCUS3304	0	0	0	0	0	0
DIATSA_LOCUS3305	0	0	0	0	0	0
DIATSA_LOCUS3306	2	2	2	3	3	3
DIATSA_LOCUS3307	0	0	0	0	0	0
DIATSA_LOCUS3308	1	1	1	2	2	2
DIATSA_LOCUS3309	4	4	4	7	7	7
DIATSA_LOCUS331	5	6	6	7	7	7
DIATSA_LOCUS3310	6	6	6	9	10	10
DIATSA_LOCUS3311	1	1	1	0	0	0
DIATSA_LOCUS3312	2	2	2	1	1	1
DIATSA_LOCUS3313	0	0	0	0	0	0
DIATSA_LOCUS3314	93	95	96	120	115	116
DIATSA_LOCUS3315	29	30	30	14	14	14
DIATSA_LOCUS3316	0	0	0	0	0	0
DIATSA_LOCUS3317	0	0	0	0	0	0
DIATSA_LOCUS3318	0	0	0	0	0	0
DIATSA_LOCUS3319	3	2	3	4	4	4
DIATSA_LOCUS332	0	0	0	0	0	0
DIATSA_LOCUS3320	3	3	3	3	3	3
DIATSA_LOCUS3321	1	1	1	0	0	0
DIATSA_LOCUS3322	0	0	0	0	0	0
DIATSA_LOCUS3323	0	0	0	0	0	0
DIATSA_LOCUS3324	0	0	0	1	0	0
DIATSA_LOCUS3325	0	0	0	0	0	0
DIATSA_LOCUS3326	1	1	1	1	1	1
DIATSA_LOCUS3327	0	0	0	0	1	1
DIATSA_LOCUS3328	0	0	0	1	1	1
DIATSA_LOCUS3329	0	0	0	0	0	0
DIATSA_LOCUS333	1	1	1	0	0	0
DIATSA_LOCUS3330	0	0	0	0	0	0
DIATSA_LOCUS3331	0	0	0	0	0	0
DIATSA_LOCUS3332	0	0	0	0	0	0
DIATSA_LOCUS3333	5	5	5	4	4	4
DIATSA_LOCUS3334	0	0	0	0	0	0
DIATSA_LOCUS3335	0	0	0	0	0	0
DIATSA_LOCUS3336	11	13	14	1	0	0
DIATSA_LOCUS3337	0	0	0	0	0	0
DIATSA_LOCUS3338	3	3	3	0	0	0
DIATSA_LOCUS3339	0	0	0	0	0	0
DIATSA_LOCUS334	0	0	0	0	0	0
DIATSA_LOCUS3340	0	0	0	0	1	1
DIATSA_LOCUS3341	0	0	0	0	0	0
DIATSA_LOCUS3342	2	2	2	1	1	1
DIATSA_LOCUS3343	0	0	0	0	1	1
DIATSA_LOCUS3344	22	22	22	28	28	28
DIATSA_LOCUS3345	1	1	1	2	1	1
DIATSA_LOCUS3346	0	0	0	0	0	0
DIATSA_LOCUS3347	0	0	0	0	0	0
DIATSA_LOCUS3348	2	2	3	1	0	0
DIATSA_LOCUS3349	0	0	0	0	0	0
DIATSA_LOCUS335	0	0	0	0	0	0
DIATSA_LOCUS3350	0	0	0	0	0	0
DIATSA_LOCUS3351	1	1	1	1	0	0
DIATSA_LOCUS3352	0	0	0	0	0	0
DIATSA_LOCUS3353	0	0	0	0	0	0
DIATSA_LOCUS3354	93	94	94	134	133	132
DIATSA_LOCUS3355	0	0	0	0	0	0
DIATSA_LOCUS3356	0	0	0	0	0	0
DIATSA_LOCUS3357	0	0	0	2	2	2
DIATSA_LOCUS3358	0	0	0	0	0	0
DIATSA_LOCUS3359	7	7	8	6	5	5
DIATSA_LOCUS336	0	0	0	0	0	0
DIATSA_LOCUS3360	0	0	0	0	0	0
DIATSA_LOCUS3361	0	0	0	0	0	0
DIATSA_LOCUS3362	0	0	0	0	0	0
DIATSA_LOCUS3363	0	0	0	0	0	0
DIATSA_LOCUS3364	0	0	0	0	0	0
DIATSA_LOCUS3365	0	1	1	0	0	0
DIATSA_LOCUS3366	0	0	0	0	0	0
DIATSA_LOCUS3367	0	0	0	0	0	0
DIATSA_LOCUS3368	1	1	1	0	0	0
DIATSA_LOCUS3369	0	0	0	0	0	0
DIATSA_LOCUS337	2	2	2	2	2	2
DIATSA_LOCUS3370	15	14	14	8	8	8
DIATSA_LOCUS3371	43	42	44	34	34	34
DIATSA_LOCUS3372	0	0	0	0	0	0
DIATSA_LOCUS3373	0	0	0	0	0	0
DIATSA_LOCUS3374	3	3	3	3	2	2
DIATSA_LOCUS3375	0	0	0	0	0	0
DIATSA_LOCUS3376	0	0	0	0	0	0
DIATSA_LOCUS3377	0	0	0	0	0	0
DIATSA_LOCUS3378	0	0	0	0	0	0
DIATSA_LOCUS3379	2	2	2	2	2	2
DIATSA_LOCUS338	0	0	0	0	0	0
DIATSA_LOCUS3380	0	0	0	0	0	0
DIATSA_LOCUS3381	607	601	605	1007	1013	1013
DIATSA_LOCUS3382	0	0	0	0	0	0
DIATSA_LOCUS3383	3	3	3	1	1	2
DIATSA_LOCUS3384	1	1	1	1	1	1
DIATSA_LOCUS3385	3	3	3	4	4	4
DIATSA_LOCUS3386	1	2	2	1	1	1
DIATSA_LOCUS3387	18	19	19	31	31	30
DIATSA_LOCUS3388	12	11	11	20	21	21
DIATSA_LOCUS3389	4	4	4	5	6	6
DIATSA_LOCUS339	0	0	0	1	1	1
DIATSA_LOCUS3390	4	5	5	4	3	3
DIATSA_LOCUS3391	0	0	0	0	0	0
DIATSA_LOCUS3392	0	0	0	0	0	0
DIATSA_LOCUS3393	0	0	0	1	1	1
DIATSA_LOCUS3394	0	0	0	0	0	0
DIATSA_LOCUS3395	14	14	14	30	29	29
DIATSA_LOCUS3396	20	20	20	29	30	30
DIATSA_LOCUS3397	47	47	47	82	82	82
DIATSA_LOCUS3398	4	4	5	2	2	2
DIATSA_LOCUS3399	0	0	0	0	0	0
DIATSA_LOCUS34	0	0	0	0	0	0
DIATSA_LOCUS340	0	0	0	0	0	0
DIATSA_LOCUS3400	3	2	2	1	2	2
DIATSA_LOCUS3401	0	0	0	0	0	0
DIATSA_LOCUS3402	4	4	4	7	7	7
DIATSA_LOCUS3403	6	6	6	4	4	4
DIATSA_LOCUS3404	0	0	0	0	0	0
DIATSA_LOCUS3405	0	0	0	1	1	1
DIATSA_LOCUS3406	1	1	1	1	1	1
DIATSA_LOCUS3407	0	0	0	0	0	0
DIATSA_LOCUS3408	0	0	0	0	0	0
DIATSA_LOCUS3409	3	3	3	3	3	3
DIATSA_LOCUS341	2	2	2	3	3	3
DIATSA_LOCUS3410	1	1	1	2	2	2
DIATSA_LOCUS3411	8	7	8	5	5	5
DIATSA_LOCUS3412	0	0	1	0	0	0
DIATSA_LOCUS3413	0	0	0	0	0	0
DIATSA_LOCUS3414	0	0	0	0	0	0
DIATSA_LOCUS3415	0	0	0	0	0	0
DIATSA_LOCUS3416	2	2	2	7	7	7
DIATSA_LOCUS3417	2	2	2	5	4	4
DIATSA_LOCUS3418	0	0	0	0	0	0
DIATSA_LOCUS3419	0	0	0	0	0	0
DIATSA_LOCUS342	0	0	0	0	0	0
DIATSA_LOCUS3420	1	1	1	0	0	0
DIATSA_LOCUS3421	0	0	0	0	0	0
DIATSA_LOCUS3422	0	0	0	0	0	0
DIATSA_LOCUS3423	0	0	0	0	0	0
DIATSA_LOCUS3424	1	1	1	1	1	1
DIATSA_LOCUS3425	0	0	0	0	0	0
DIATSA_LOCUS3426	0	0	0	0	0	0
DIATSA_LOCUS3427	2	2	2	1	1	1
DIATSA_LOCUS3428	1	1	1	4	4	4
DIATSA_LOCUS3429	0	0	0	0	0	0
DIATSA_LOCUS343	0	0	0	0	0	0
DIATSA_LOCUS3430	0	0	0	0	0	0
DIATSA_LOCUS3431	0	0	0	0	0	0
DIATSA_LOCUS3432	0	0	0	0	0	0
DIATSA_LOCUS3433	0	0	0	0	0	0
DIATSA_LOCUS3434	3	3	3	5	4	4
DIATSA_LOCUS3435	3	3	3	3	3	3
DIATSA_LOCUS3436	0	0	0	0	0	0
DIATSA_LOCUS3437	0	0	0	1	1	1
DIATSA_LOCUS3438	1	1	1	3	3	3
DIATSA_LOCUS3439	13	14	14	10	10	10
DIATSA_LOCUS344	0	0	0	0	0	0
DIATSA_LOCUS3440	4	4	4	5	5	5
DIATSA_LOCUS3441	61	61	61	26	27	27
DIATSA_LOCUS3442	0	0	0	0	0	0
DIATSA_LOCUS3443	0	0	0	0	0	0
DIATSA_LOCUS3444	0	0	0	0	0	0
DIATSA_LOCUS3445	0	0	0	0	0	0
DIATSA_LOCUS3446	0	0	0	0	0	0
DIATSA_LOCUS3447	0	1	1	0	0	0
DIATSA_LOCUS3448	7	6	6	3	3	3
DIATSA_LOCUS3449	0	0	0	0	0	0
DIATSA_LOCUS345	0	0	0	0	0	0
DIATSA_LOCUS3450	36	36	36	23	23	23
DIATSA_LOCUS3451	0	0	1	0	0	0
DIATSA_LOCUS3452	12	11	11	4	5	5
DIATSA_LOCUS3453	36	36	35	68	69	68
DIATSA_LOCUS3454	6	5	5	7	8	8
DIATSA_LOCUS3455	0	0	0	0	0	0
DIATSA_LOCUS3456	0	0	0	0	1	1
DIATSA_LOCUS3457	0	0	0	0	0	0
DIATSA_LOCUS3458	1	1	1	0	0	0
DIATSA_LOCUS3459	0	0	0	2	1	1
DIATSA_LOCUS346	0	0	0	0	0	0
DIATSA_LOCUS3460	4	4	4	5	4	4
DIATSA_LOCUS3461	1	0	0	0	0	0
DIATSA_LOCUS3462	0	0	0	0	0	0
DIATSA_LOCUS3463	0	0	0	0	0	0
DIATSA_LOCUS3464	0	0	0	0	0	0
DIATSA_LOCUS3465	0	0	0	0	0	0
DIATSA_LOCUS3466	0	0	0	0	0	0
DIATSA_LOCUS3467	4	3	3	4	5	5
DIATSA_LOCUS3468	0	0	0	0	0	0
DIATSA_LOCUS3469	1	1	1	0	0	0
DIATSA_LOCUS347	3	3	3	2	2	2
DIATSA_LOCUS3470	0	0	0	0	0	0
DIATSA_LOCUS3471	4	4	4	3	3	3
DIATSA_LOCUS3472	0	0	0	1	1	1
DIATSA_LOCUS3473	0	0	0	0	0	0
DIATSA_LOCUS3474	1	2	1	2	1	1
DIATSA_LOCUS3475	1	1	1	2	2	2
DIATSA_LOCUS3476	0	0	0	0	1	1
DIATSA_LOCUS3477	0	0	0	0	0	0
DIATSA_LOCUS3478	0	0	0	0	0	0
DIATSA_LOCUS3479	3	3	3	2	3	3
DIATSA_LOCUS348	0	0	0	0	0	0
DIATSA_LOCUS3480	1	1	2	1	1	1
DIATSA_LOCUS3481	0	0	0	0	0	0
DIATSA_LOCUS3482	1	1	1	1	1	1
DIATSA_LOCUS3483	134	134	135	99	98	99
DIATSA_LOCUS3484	22	22	22	15	14	15
DIATSA_LOCUS3485	0	1	1	0	0	0
DIATSA_LOCUS3486	0	0	0	0	0	0
DIATSA_LOCUS3487	1	1	1	2	2	2
DIATSA_LOCUS3488	0	0	0	0	0	0
DIATSA_LOCUS3489	1	1	1	2	2	2
DIATSA_LOCUS349	0	0	0	0	0	0
DIATSA_LOCUS3490	0	0	0	0	0	0
DIATSA_LOCUS3491	0	0	0	0	0	0
DIATSA_LOCUS3492	0	0	0	0	0	0
DIATSA_LOCUS3493	0	0	0	0	0	0
DIATSA_LOCUS3494	0	0	0	0	0	0
DIATSA_LOCUS3495	0	1	1	0	0	0
DIATSA_LOCUS3496	0	0	0	0	0	0
DIATSA_LOCUS3497	1	1	1	2	2	2
DIATSA_LOCUS3498	2	2	2	1	1	1
DIATSA_LOCUS3499	0	0	0	0	0	0
DIATSA_LOCUS35	0	0	0	0	0	0
DIATSA_LOCUS350	0	0	0	0	0	0
DIATSA_LOCUS3500	0	0	0	0	0	0
DIATSA_LOCUS3501	6	6	6	12	12	12
DIATSA_LOCUS3502	1	1	1	0	0	0
DIATSA_LOCUS3503	0	0	0	0	0	0
DIATSA_LOCUS3504	1	1	1	0	0	0
DIATSA_LOCUS3505	0	0	0	1	1	1
DIATSA_LOCUS3506	20	20	20	16	16	16
DIATSA_LOCUS3507	0	0	0	0	0	0
DIATSA_LOCUS3508	0	0	0	0	0	0
DIATSA_LOCUS3509	0	0	0	0	0	0
DIATSA_LOCUS351	0	0	0	0	0	0
DIATSA_LOCUS3510	0	0	0	0	0	0
DIATSA_LOCUS3511	0	0	0	0	0	0
DIATSA_LOCUS3512	0	0	0	0	0	0
DIATSA_LOCUS3513	0	0	0	0	0	0
DIATSA_LOCUS3514	10	10	10	15	14	14
DIATSA_LOCUS3515	0	0	0	0	0	0
DIATSA_LOCUS3516	3	3	3	2	2	2
DIATSA_LOCUS3517	0	0	0	0	0	0
DIATSA_LOCUS3518	0	0	0	0	0	0
DIATSA_LOCUS3519	0	0	0	0	0	0
DIATSA_LOCUS352	0	0	0	0	0	0
DIATSA_LOCUS3520	0	0	0	0	0	0
DIATSA_LOCUS3521	0	0	0	0	0	0
DIATSA_LOCUS3522	8	8	8	8	8	8
DIATSA_LOCUS3523	0	0	0	0	0	0
DIATSA_LOCUS3524	0	0	0	0	0	0
DIATSA_LOCUS3525	274	266	267	254	261	260
DIATSA_LOCUS3526	0	0	0	0	0	0
DIATSA_LOCUS3527	0	0	0	0	0	0
DIATSA_LOCUS3528	0	0	0	0	0	0
DIATSA_LOCUS3529	0	0	0	0	0	0
DIATSA_LOCUS353	0	0	0	0	0	0
DIATSA_LOCUS3530	64	110	114	52	29	31
DIATSA_LOCUS3531	0	0	0	0	0	0
DIATSA_LOCUS3532	4	3	3	2	3	3
DIATSA_LOCUS3533	785	766	774	1226	1245	1253
DIATSA_LOCUS3534	186	184	187	241	239	244
DIATSA_LOCUS3535	2	2	2	1	1	0
DIATSA_LOCUS3536	2	2	2	1	1	1
DIATSA_LOCUS3537	0	0	0	0	0	0
DIATSA_LOCUS3538	2	2	2	0	0	0
DIATSA_LOCUS3539	0	0	0	0	0	0
DIATSA_LOCUS354	0	0	0	0	0	0
DIATSA_LOCUS3540	10	10	10	9	8	8
DIATSA_LOCUS3541	2	2	2	2	2	2
DIATSA_LOCUS3542	18	18	19	22	22	22
DIATSA_LOCUS3543	0	0	0	0	0	0
DIATSA_LOCUS3544	3	3	3	2	2	2
DIATSA_LOCUS3545	0	0	0	0	0	0
DIATSA_LOCUS3546	4	4	4	5	5	5
DIATSA_LOCUS3547	1	1	1	2	2	2
DIATSA_LOCUS3548	0	0	0	0	0	0
DIATSA_LOCUS3549	9	9	9	4	4	4
DIATSA_LOCUS355	1	1	1	0	0	0
DIATSA_LOCUS3550	0	0	0	0	0	0
DIATSA_LOCUS3551	2	2	2	2	2	2
DIATSA_LOCUS3552	3	3	3	0	0	0
DIATSA_LOCUS3553	1	2	2	1	1	1
DIATSA_LOCUS3554	0	0	0	0	0	0
DIATSA_LOCUS3555	1	1	1	3	3	3
DIATSA_LOCUS3556	5	4	4	2	2	2
DIATSA_LOCUS3557	3	3	3	1	1	1
DIATSA_LOCUS3558	0	0	0	0	0	0
DIATSA_LOCUS3559	2	2	2	4	4	4
DIATSA_LOCUS356	0	0	0	0	0	0
DIATSA_LOCUS3560	0	0	0	0	0	0
DIATSA_LOCUS3561	0	0	0	0	0	0
DIATSA_LOCUS3562	0	0	0	0	0	0
DIATSA_LOCUS3563	0	0	0	0	0	0
DIATSA_LOCUS3564	0	0	0	0	0	0
DIATSA_LOCUS3565	0	0	0	0	0	0
DIATSA_LOCUS3566	1	1	1	0	0	0
DIATSA_LOCUS3567	0	0	0	0	0	0
DIATSA_LOCUS3568	0	0	0	0	0	0
DIATSA_LOCUS3569	7	6	6	5	5	5
DIATSA_LOCUS357	0	0	0	0	0	0
DIATSA_LOCUS3570	3	3	3	3	3	3
DIATSA_LOCUS3571	0	0	0	0	0	0
DIATSA_LOCUS3572	0	0	0	0	0	0
DIATSA_LOCUS3573	0	0	0	0	0	0
DIATSA_LOCUS3574	0	0	0	0	0	0
DIATSA_LOCUS3575	0	0	0	0	0	0
DIATSA_LOCUS3576	6	6	6	13	13	13
DIATSA_LOCUS3577	0	0	0	0	0	0
DIATSA_LOCUS3578	2	2	2	3	4	4
DIATSA_LOCUS3579	0	0	0	0	0	0
DIATSA_LOCUS358	2	2	2	3	3	3
DIATSA_LOCUS3580	4	4	4	3	3	3
DIATSA_LOCUS3581	6	6	6	10	10	10
DIATSA_LOCUS3582	0	0	0	0	0	0
DIATSA_LOCUS3583	0	0	0	1	1	0
DIATSA_LOCUS3584	0	0	0	0	0	0
DIATSA_LOCUS3585	3	3	3	4	4	4
DIATSA_LOCUS3586	29	29	29	36	35	35
DIATSA_LOCUS3587	0	0	0	0	0	0
DIATSA_LOCUS3588	1	1	1	1	1	1
DIATSA_LOCUS3589	3	3	3	7	6	6
DIATSA_LOCUS359	0	0	0	0	0	0
DIATSA_LOCUS3590	4	4	4	5	5	5
DIATSA_LOCUS3591	2	3	3	3	3	3
DIATSA_LOCUS3592	1	1	1	0	0	0
DIATSA_LOCUS3593	1	1	1	1	1	1
DIATSA_LOCUS3594	1	1	1	1	1	1
DIATSA_LOCUS3595	1	1	1	1	1	1
DIATSA_LOCUS3596	0	0	0	1	1	1
DIATSA_LOCUS3597	14	15	15	8	7	7
DIATSA_LOCUS3598	7	7	7	3	3	3
DIATSA_LOCUS3599	0	0	0	0	0	0
DIATSA_LOCUS36	0	0	0	0	0	0
DIATSA_LOCUS360	0	0	0	0	0	0
DIATSA_LOCUS3600	1	0	0	1	1	1
DIATSA_LOCUS3601	0	0	0	0	0	0
DIATSA_LOCUS3602	0	0	0	2	2	2
DIATSA_LOCUS3603	16	16	16	33	35	35
DIATSA_LOCUS3604	0	0	0	0	0	0
DIATSA_LOCUS3605	2	1	1	0	1	0
DIATSA_LOCUS3606	0	0	0	0	0	0
DIATSA_LOCUS3607	0	0	0	0	0	0
DIATSA_LOCUS3608	2	2	2	3	3	3
DIATSA_LOCUS3609	8	8	8	6	6	6
DIATSA_LOCUS361	0	0	0	0	0	0
DIATSA_LOCUS3610	0	0	0	0	0	0
DIATSA_LOCUS3611	0	0	0	0	0	0
DIATSA_LOCUS3612	1	2	2	2	1	1
DIATSA_LOCUS3613	0	0	1	0	0	0
DIATSA_LOCUS3614	2	2	2	0	0	0
DIATSA_LOCUS3615	2	2	2	1	1	1
DIATSA_LOCUS3616	0	0	0	0	0	0
DIATSA_LOCUS3617	0	0	0	0	0	0
DIATSA_LOCUS3618	0	0	0	0	0	0
DIATSA_LOCUS3619	12	12	12	16	17	17
DIATSA_LOCUS362	0	0	0	0	0	0
DIATSA_LOCUS3620	2	2	2	1	1	1
DIATSA_LOCUS3621	0	0	0	0	0	0
DIATSA_LOCUS3622	0	0	0	0	0	0
DIATSA_LOCUS3623	0	0	0	0	0	0
DIATSA_LOCUS3624	2	2	2	1	1	1
DIATSA_LOCUS3625	4	4	4	6	6	6
DIATSA_LOCUS3626	12	12	12	7	7	7
DIATSA_LOCUS3627	3	2	2	10	10	10
DIATSA_LOCUS3628	1	1	1	1	1	1
DIATSA_LOCUS3629	0	0	0	0	0	0
DIATSA_LOCUS363	0	0	0	0	0	0
DIATSA_LOCUS3630	0	0	0	1	1	1
DIATSA_LOCUS3631	3	3	3	4	4	4
DIATSA_LOCUS3632	2	3	3	7	6	6
DIATSA_LOCUS3633	0	0	0	2	2	1
DIATSA_LOCUS3634	145	143	144	280	282	283
DIATSA_LOCUS3635	5	5	5	2	2	2
DIATSA_LOCUS3636	0	0	0	0	0	0
DIATSA_LOCUS3637	1	1	1	0	0	0
DIATSA_LOCUS3638	6	7	7	8	8	8
DIATSA_LOCUS3639	4	4	4	3	3	3
DIATSA_LOCUS364	1	1	1	0	0	0
DIATSA_LOCUS3640	0	0	0	0	0	0
DIATSA_LOCUS3641	0	1	1	0	0	0
DIATSA_LOCUS3642	0	0	0	0	0	0
DIATSA_LOCUS3643	0	0	0	0	0	0
DIATSA_LOCUS3644	0	0	0	0	0	0
DIATSA_LOCUS3645	5	4	4	1	1	1
DIATSA_LOCUS3646	12	12	12	12	12	12
DIATSA_LOCUS3647	4	4	4	4	4	4
DIATSA_LOCUS3648	0	0	0	0	0	0
DIATSA_LOCUS3649	1	1	1	0	0	0
DIATSA_LOCUS365	0	0	0	0	0	0
DIATSA_LOCUS3650	1	2	2	0	0	0
DIATSA_LOCUS3651	3	3	3	6	6	6
DIATSA_LOCUS3652	0	0	0	0	0	0
DIATSA_LOCUS3653	0	0	0	0	0	0
DIATSA_LOCUS3654	1	1	1	3	3	3
DIATSA_LOCUS3655	7	8	8	11	11	11
DIATSA_LOCUS3656	15	15	15	21	21	21
DIATSA_LOCUS3657	0	0	0	0	0	0
DIATSA_LOCUS3658	3	3	3	6	5	5
DIATSA_LOCUS3659	1	1	1	2	2	2
DIATSA_LOCUS366	0	0	0	0	0	0
DIATSA_LOCUS3660	0	0	0	0	0	0
DIATSA_LOCUS3661	0	0	0	0	0	0
DIATSA_LOCUS3662	0	0	0	0	0	0
DIATSA_LOCUS3663	0	0	0	0	0	0
DIATSA_LOCUS3664	0	0	0	0	0	0
DIATSA_LOCUS3665	0	0	0	0	0	0
DIATSA_LOCUS3666	0	0	0	0	0	0
DIATSA_LOCUS3667	3	4	4	3	3	3
DIATSA_LOCUS3668	0	0	0	0	0	0
DIATSA_LOCUS3669	0	0	0	0	0	0
DIATSA_LOCUS367	15	15	15	7	7	7
DIATSA_LOCUS3670	0	0	0	0	0	0
DIATSA_LOCUS3671	4	4	4	6	6	6
DIATSA_LOCUS3672	0	0	0	0	0	0
DIATSA_LOCUS3673	0	0	0	0	0	0
DIATSA_LOCUS3674	0	0	0	0	0	0
DIATSA_LOCUS3675	2	2	2	3	3	3
DIATSA_LOCUS3676	1	1	1	0	0	0
DIATSA_LOCUS3677	1	1	1	1	1	1
DIATSA_LOCUS3678	0	0	0	0	0	0
DIATSA_LOCUS3679	152	155	155	107	105	105
DIATSA_LOCUS368	6	6	6	2	2	2
DIATSA_LOCUS3680	0	1	1	1	1	1
DIATSA_LOCUS3681	67	67	68	129	128	128
DIATSA_LOCUS3682	11	12	12	4	4	4
DIATSA_LOCUS3683	16	16	16	9	9	9
DIATSA_LOCUS3684	0	0	0	0	0	0
DIATSA_LOCUS3685	0	0	0	0	0	0
DIATSA_LOCUS3686	0	0	0	0	0	0
DIATSA_LOCUS3687	2	2	2	1	0	0
DIATSA_LOCUS3688	0	0	0	0	0	0
DIATSA_LOCUS3689	0	0	0	0	0	0
DIATSA_LOCUS369	2	3	3	2	2	2
DIATSA_LOCUS3690	0	0	0	0	0	0
DIATSA_LOCUS3691	0	0	0	1	1	1
DIATSA_LOCUS3692	0	0	0	0	0	0
DIATSA_LOCUS3693	3	3	3	2	2	2
DIATSA_LOCUS3694	4	4	4	6	6	6
DIATSA_LOCUS3695	0	0	0	0	0	0
DIATSA_LOCUS3696	0	0	0	0	0	0
DIATSA_LOCUS3697	0	0	0	0	0	0
DIATSA_LOCUS3698	0	0	0	0	0	0
DIATSA_LOCUS3699	0	0	0	0	0	0
DIATSA_LOCUS37	0	0	0	0	0	0
DIATSA_LOCUS370	0	0	0	0	0	0
DIATSA_LOCUS3700	0	0	0	0	0	0
DIATSA_LOCUS3701	0	0	0	0	0	0
DIATSA_LOCUS3702	8	8	8	8	8	8
DIATSA_LOCUS3703	0	0	0	0	0	0
DIATSA_LOCUS3704	0	0	0	1	0	0
DIATSA_LOCUS3705	6	6	6	4	4	4
DIATSA_LOCUS3706	0	0	0	0	0	0
DIATSA_LOCUS3707	0	0	0	0	0	0
DIATSA_LOCUS3708	0	0	0	0	0	0
DIATSA_LOCUS3709	0	0	0	0	0	0
DIATSA_LOCUS371	1	1	1	0	0	0
DIATSA_LOCUS3710	0	0	0	0	0	0
DIATSA_LOCUS3711	3	3	3	2	2	2
DIATSA_LOCUS3712	1	1	1	1	1	1
DIATSA_LOCUS3713	0	0	0	0	0	0
DIATSA_LOCUS3714	1	2	2	2	2	2
DIATSA_LOCUS3715	0	0	0	0	0	0
DIATSA_LOCUS3716	7	7	7	5	5	5
DIATSA_LOCUS3717	0	0	0	1	1	1
DIATSA_LOCUS3718	2	0	0	1	3	3
DIATSA_LOCUS3719	3	3	3	4	4	4
DIATSA_LOCUS372	0	0	0	0	0	0
DIATSA_LOCUS3720	0	0	0	0	0	0
DIATSA_LOCUS3721	0	1	0	0	0	0
DIATSA_LOCUS3722	0	0	0	0	0	0
DIATSA_LOCUS3723	0	0	0	1	1	1
DIATSA_LOCUS3724	8	8	8	10	10	9
DIATSA_LOCUS3725	14	14	14	15	14	14
DIATSA_LOCUS3726	0	0	0	0	0	0
DIATSA_LOCUS3727	2	2	2	6	6	6
DIATSA_LOCUS3728	22	22	22	59	58	58
DIATSA_LOCUS3729	2	1	1	0	0	0
DIATSA_LOCUS373	10	10	10	11	10	11
DIATSA_LOCUS3730	2	2	2	0	0	0
DIATSA_LOCUS3731	9	9	9	5	5	5
DIATSA_LOCUS3732	105	105	106	153	151	152
DIATSA_LOCUS3733	0	0	0	0	0	0
DIATSA_LOCUS3734	0	0	0	0	0	0
DIATSA_LOCUS3735	0	0	0	0	0	0
DIATSA_LOCUS3736	0	0	0	0	0	0
DIATSA_LOCUS3737	0	0	0	0	0	0
DIATSA_LOCUS3738	0	0	0	0	0	0
DIATSA_LOCUS3739	0	0	0	0	0	0
DIATSA_LOCUS374	7	7	7	11	11	11
DIATSA_LOCUS3740	0	1	1	0	0	0
DIATSA_LOCUS3741	0	0	0	0	0	0
DIATSA_LOCUS3742	37	38	38	51	51	50
DIATSA_LOCUS3743	0	0	0	0	0	0
DIATSA_LOCUS3744	0	0	0	0	0	0
DIATSA_LOCUS3745	95	93	92	85	88	87
DIATSA_LOCUS3746	0	0	0	0	0	0
DIATSA_LOCUS3747	3	3	3	1	1	1
DIATSA_LOCUS3748	0	0	0	0	0	0
DIATSA_LOCUS3749	0	0	0	0	0	0
DIATSA_LOCUS375	0	0	0	1	1	1
DIATSA_LOCUS3750	0	0	0	0	0	0
DIATSA_LOCUS3751	0	0	0	0	0	0
DIATSA_LOCUS3752	1	1	1	1	1	1
DIATSA_LOCUS3753	2	2	2	3	3	3
DIATSA_LOCUS3754	1	1	1	1	1	1
DIATSA_LOCUS3755	0	0	0	0	0	0
DIATSA_LOCUS3756	6	6	6	5	5	5
DIATSA_LOCUS3757	108	111	110	128	126	126
DIATSA_LOCUS3758	0	0	0	0	0	0
DIATSA_LOCUS3759	0	0	0	0	0	0
DIATSA_LOCUS376	58	59	60	108	105	104
DIATSA_LOCUS3760	0	0	0	0	0	0
DIATSA_LOCUS3761	0	0	0	0	0	0
DIATSA_LOCUS3762	0	0	0	0	0	0
DIATSA_LOCUS3763	0	0	0	0	0	0
DIATSA_LOCUS3764	0	0	0	0	0	0
DIATSA_LOCUS3765	0	0	0	0	0	0
DIATSA_LOCUS3766	1	1	1	6	6	6
DIATSA_LOCUS3767	0	0	0	0	0	0
DIATSA_LOCUS3768	0	0	0	0	0	0
DIATSA_LOCUS3769	1	1	1	0	0	0
DIATSA_LOCUS377	0	0	0	0	0	0
DIATSA_LOCUS3770	18	18	18	18	17	18
DIATSA_LOCUS3771	0	0	0	0	0	0
DIATSA_LOCUS3772	0	0	0	0	0	0
DIATSA_LOCUS3773	0	1	1	0	0	0
DIATSA_LOCUS3774	0	0	0	2	2	2
DIATSA_LOCUS3775	0	0	0	0	0	0
DIATSA_LOCUS3776	0	0	0	0	0	0
DIATSA_LOCUS3777	1	1	1	1	1	1
DIATSA_LOCUS3778	0	0	0	0	0	0
DIATSA_LOCUS3779	7	7	7	4	4	4
DIATSA_LOCUS378	1	2	2	3	2	2
DIATSA_LOCUS3780	8	8	8	11	11	11
DIATSA_LOCUS3781	0	0	0	1	1	1
DIATSA_LOCUS3782	43	43	43	38	37	38
DIATSA_LOCUS3783	0	0	0	0	0	0
DIATSA_LOCUS3784	0	0	0	0	0	0
DIATSA_LOCUS3785	6	6	6	9	9	9
DIATSA_LOCUS3786	2	2	2	2	2	2
DIATSA_LOCUS3787	0	0	0	0	0	0
DIATSA_LOCUS3788	0	0	0	0	0	0
DIATSA_LOCUS3789	4	4	4	8	8	8
DIATSA_LOCUS379	12	11	11	16	17	16
DIATSA_LOCUS3790	0	0	0	0	0	0
DIATSA_LOCUS3791	0	0	0	0	0	0
DIATSA_LOCUS3792	0	0	0	0	0	0
DIATSA_LOCUS3793	3	2	2	2	2	2
DIATSA_LOCUS3794	0	0	0	1	1	0
DIATSA_LOCUS3795	0	0	0	2	3	3
DIATSA_LOCUS3796	2	1	1	26	47	49
DIATSA_LOCUS3797	0	0	0	0	0	0
DIATSA_LOCUS3798	0	0	0	0	0	0
DIATSA_LOCUS3799	2	2	2	0	0	0
DIATSA_LOCUS38	11	11	11	14	14	14
DIATSA_LOCUS380	0	0	0	0	0	0
DIATSA_LOCUS3800	0	0	0	0	0	0
DIATSA_LOCUS3801	0	0	0	0	0	0
DIATSA_LOCUS3802	0	0	0	0	0	0
DIATSA_LOCUS3803	0	0	0	0	0	0
DIATSA_LOCUS3804	0	0	0	2	2	2
DIATSA_LOCUS3805	0	0	0	0	0	0
DIATSA_LOCUS3806	0	0	0	0	0	0
DIATSA_LOCUS3807	0	0	0	0	0	0
DIATSA_LOCUS3808	1	1	1	0	0	0
DIATSA_LOCUS3809	0	0	0	0	0	0
DIATSA_LOCUS381	8	8	9	1	1	1
DIATSA_LOCUS3810	5	5	5	5	5	5
DIATSA_LOCUS3811	2	2	2	2	2	2
DIATSA_LOCUS3812	0	0	0	0	0	0
DIATSA_LOCUS3813	0	0	0	0	0	0
DIATSA_LOCUS3814	1	1	1	0	0	0
DIATSA_LOCUS3815	0	0	0	0	0	0
DIATSA_LOCUS3816	0	0	0	0	0	0
DIATSA_LOCUS3817	0	0	0	1	1	1
DIATSA_LOCUS3818	2	2	2	3	3	3
DIATSA_LOCUS3819	1	0	0	0	0	0
DIATSA_LOCUS382	28	29	29	47	46	46
DIATSA_LOCUS3820	1	1	1	0	0	0
DIATSA_LOCUS3821	0	0	0	0	0	0
DIATSA_LOCUS3822	0	0	0	0	0	0
DIATSA_LOCUS3823	0	0	0	0	0	0
DIATSA_LOCUS3824	1	1	1	1	1	1
DIATSA_LOCUS3825	0	0	0	0	0	0
DIATSA_LOCUS3826	4	4	4	3	3	3
DIATSA_LOCUS3827	0	0	0	0	0	0
DIATSA_LOCUS3828	2	2	2	3	3	3
DIATSA_LOCUS3829	3	3	3	5	5	5
DIATSA_LOCUS383	0	0	0	0	0	0
DIATSA_LOCUS3830	1	1	1	0	0	0
DIATSA_LOCUS3831	3	3	3	2	2	2
DIATSA_LOCUS3832	46	47	47	77	75	75
DIATSA_LOCUS3833	1	1	0	1	1	1
DIATSA_LOCUS3834	1	1	1	0	0	0
DIATSA_LOCUS3835	177	184	184	117	113	113
DIATSA_LOCUS3836	79	76	77	70	71	72
DIATSA_LOCUS3837	0	0	0	0	0	0
DIATSA_LOCUS3838	0	0	0	0	0	0
DIATSA_LOCUS3839	0	0	0	0	0	0
DIATSA_LOCUS384	0	0	0	0	0	0
DIATSA_LOCUS3840	0	0	0	0	0	0
DIATSA_LOCUS3841	0	0	0	0	0	0
DIATSA_LOCUS3842	0	0	0	0	0	0
DIATSA_LOCUS3843	0	0	0	0	0	0
DIATSA_LOCUS3844	2	2	2	0	0	0
DIATSA_LOCUS3845	0	0	0	1	1	1
DIATSA_LOCUS3846	1	1	1	1	1	1
DIATSA_LOCUS3847	11	12	12	18	18	18
DIATSA_LOCUS3848	0	0	0	0	0	0
DIATSA_LOCUS3849	1	2	2	0	0	0
DIATSA_LOCUS385	0	0	0	0	0	0
DIATSA_LOCUS3850	34	34	34	22	22	22
DIATSA_LOCUS3851	0	0	0	0	0	0
DIATSA_LOCUS3852	3	3	3	0	0	0
DIATSA_LOCUS3853	1	1	1	1	1	1
DIATSA_LOCUS3854	0	0	0	0	0	0
DIATSA_LOCUS3855	9	9	9	7	7	7
DIATSA_LOCUS3856	0	0	0	0	0	0
DIATSA_LOCUS3857	0	0	0	0	0	0
DIATSA_LOCUS3858	0	0	0	0	0	0
DIATSA_LOCUS3859	0	0	0	0	0	0
DIATSA_LOCUS386	3	3	3	2	1	1
DIATSA_LOCUS3860	0	0	0	0	0	0
DIATSA_LOCUS3861	7	6	7	5	5	5
DIATSA_LOCUS3862	0	0	0	1	1	1
DIATSA_LOCUS3863	0	0	0	0	0	0
DIATSA_LOCUS3864	2	2	3	0	0	0
DIATSA_LOCUS3865	0	0	0	0	0	0
DIATSA_LOCUS3866	50	50	49	85	86	84
DIATSA_LOCUS3867	6	6	6	5	5	5
DIATSA_LOCUS3868	0	0	0	0	0	0
DIATSA_LOCUS3869	27	27	27	57	58	57
DIATSA_LOCUS387	0	0	0	0	0	0
DIATSA_LOCUS3870	0	0	0	0	0	0
DIATSA_LOCUS3871	1	1	1	3	4	4
DIATSA_LOCUS3872	6	6	6	10	10	10
DIATSA_LOCUS3873	2	2	2	2	2	2
DIATSA_LOCUS3874	0	0	0	0	0	0
DIATSA_LOCUS3875	0	0	0	0	0	0
DIATSA_LOCUS3876	0	0	0	0	0	0
DIATSA_LOCUS3877	0	0	0	0	0	0
DIATSA_LOCUS3878	1	2	1	2	2	2
DIATSA_LOCUS3879	0	0	0	0	0	0
DIATSA_LOCUS388	0	0	0	0	0	0
DIATSA_LOCUS3880	0	0	0	0	0	0
DIATSA_LOCUS3881	0	0	0	0	0	0
DIATSA_LOCUS3882	0	0	0	0	0	0
DIATSA_LOCUS3883	1	1	1	0	0	0
DIATSA_LOCUS3884	0	0	0	0	0	0
DIATSA_LOCUS3885	0	0	0	0	0	0
DIATSA_LOCUS3886	0	0	0	1	1	1
DIATSA_LOCUS3887	5	5	5	7	7	7
DIATSA_LOCUS3888	0	0	0	0	0	0
DIATSA_LOCUS3889	16	15	15	22	23	24
DIATSA_LOCUS389	0	0	0	0	0	0
DIATSA_LOCUS3890	0	0	0	1	1	1
DIATSA_LOCUS3891	13	13	13	10	10	10
DIATSA_LOCUS3892	0	0	0	0	0	0
DIATSA_LOCUS3893	1	1	1	1	1	1
DIATSA_LOCUS3894	27	27	28	36	35	36
DIATSA_LOCUS3895	3	2	2	3	3	3
DIATSA_LOCUS3896	3	2	2	1	1	1
DIATSA_LOCUS3897	8	8	8	11	11	11
DIATSA_LOCUS3898	0	0	0	0	0	0
DIATSA_LOCUS3899	5	5	5	8	7	8
DIATSA_LOCUS39	23	23	23	21	21	21
DIATSA_LOCUS390	0	0	0	0	0	0
DIATSA_LOCUS3900	6	5	5	6	6	7
DIATSA_LOCUS3901	29	30	30	43	42	42
DIATSA_LOCUS3902	0	0	0	0	0	0
DIATSA_LOCUS3903	1	1	1	2	2	2
DIATSA_LOCUS3904	0	0	0	0	0	0
DIATSA_LOCUS3905	0	0	0	0	0	0
DIATSA_LOCUS3906	2	2	2	1	1	1
DIATSA_LOCUS3907	0	0	0	0	0	0
DIATSA_LOCUS3908	0	0	0	0	0	0
DIATSA_LOCUS3909	0	0	0	0	0	0
DIATSA_LOCUS391	10	9	9	7	7	7
DIATSA_LOCUS3910	4	4	4	2	2	2
DIATSA_LOCUS3911	12	14	14	14	12	12
DIATSA_LOCUS3912	0	0	0	0	0	0
DIATSA_LOCUS3913	2	2	2	0	0	0
DIATSA_LOCUS3914	21	36	37	106	60	62
DIATSA_LOCUS3915	5	6	5	8	8	8
DIATSA_LOCUS3916	0	0	0	0	0	0
DIATSA_LOCUS3917	0	0	0	0	0	0
DIATSA_LOCUS3918	14	15	15	11	10	10
DIATSA_LOCUS3919	0	0	0	0	0	0
DIATSA_LOCUS392	2	2	2	1	1	1
DIATSA_LOCUS3920	4	6	6	2	1	1
DIATSA_LOCUS3921	0	0	0	0	0	0
DIATSA_LOCUS3922	0	0	0	0	0	0
DIATSA_LOCUS3923	2	2	3	2	1	1
DIATSA_LOCUS3924	0	0	0	0	0	0
DIATSA_LOCUS3925	5	5	5	7	7	7
DIATSA_LOCUS3926	0	0	0	0	0	0
DIATSA_LOCUS3927	2	2	2	2	2	2
DIATSA_LOCUS3928	92	93	94	112	111	110
DIATSA_LOCUS3929	0	0	0	0	0	0
DIATSA_LOCUS393	1	1	1	0	0	0
DIATSA_LOCUS3930	1	1	1	1	1	1
DIATSA_LOCUS3931	2	2	2	4	4	4
DIATSA_LOCUS3932	3	3	3	2	2	2
DIATSA_LOCUS3933	5	5	5	6	6	6
DIATSA_LOCUS3934	1	1	1	1	1	1
DIATSA_LOCUS3935	33	50	50	8	5	5
DIATSA_LOCUS3936	0	0	0	0	0	0
DIATSA_LOCUS3937	0	0	0	0	0	0
DIATSA_LOCUS3938	0	0	0	0	0	0
DIATSA_LOCUS3939	0	0	0	0	0	0
DIATSA_LOCUS394	0	0	0	0	0	0
DIATSA_LOCUS3940	3	3	3	4	3	3
DIATSA_LOCUS3941	0	0	0	3	2	2
DIATSA_LOCUS3942	0	0	0	0	0	0
DIATSA_LOCUS3943	0	0	0	0	0	0
DIATSA_LOCUS3944	0	0	0	0	0	0
DIATSA_LOCUS3945	0	0	0	0	0	0
DIATSA_LOCUS3946	71	71	70	114	115	114
DIATSA_LOCUS3947	0	0	0	0	0	0
DIATSA_LOCUS3948	0	0	0	0	0	0
DIATSA_LOCUS3949	4	4	4	2	2	2
DIATSA_LOCUS395	0	0	0	1	2	2
DIATSA_LOCUS3950	0	0	0	0	0	0
DIATSA_LOCUS3951	22	22	22	53	53	52
DIATSA_LOCUS3952	1	2	2	3	2	2
DIATSA_LOCUS3953	0	0	0	0	0	0
DIATSA_LOCUS3954	0	0	0	0	0	0
DIATSA_LOCUS3955	7	7	7	13	13	13
DIATSA_LOCUS3956	0	0	0	0	0	0
DIATSA_LOCUS3957	0	0	0	0	0	0
DIATSA_LOCUS3958	23	25	25	25	24	23
DIATSA_LOCUS3959	0	0	0	0	0	0
DIATSA_LOCUS396	0	0	0	0	0	0
DIATSA_LOCUS3960	3	3	3	2	2	2
DIATSA_LOCUS3961	0	0	0	0	0	0
DIATSA_LOCUS3962	1	0	0	0	0	0
DIATSA_LOCUS3963	11	10	11	8	8	8
DIATSA_LOCUS3964	5	5	5	4	4	4
DIATSA_LOCUS3965	2	2	2	1	1	1
DIATSA_LOCUS3966	0	0	0	0	0	0
DIATSA_LOCUS3967	0	0	0	0	0	0
DIATSA_LOCUS3968	0	0	0	0	0	0
DIATSA_LOCUS3969	1	2	2	3	3	3
DIATSA_LOCUS397	0	0	0	0	0	0
DIATSA_LOCUS3970	0	0	0	0	0	0
DIATSA_LOCUS3971	0	0	0	0	0	0
DIATSA_LOCUS3972	0	0	0	0	0	0
DIATSA_LOCUS3973	0	0	0	0	0	0
DIATSA_LOCUS3974	0	0	0	0	0	0
DIATSA_LOCUS3975	0	0	0	0	0	0
DIATSA_LOCUS3976	1	1	1	0	0	0
DIATSA_LOCUS3977	0	0	0	0	0	0
DIATSA_LOCUS3978	0	0	0	0	0	0
DIATSA_LOCUS3979	12	12	12	11	11	11
DIATSA_LOCUS398	0	0	1	0	0	0
DIATSA_LOCUS3980	6	6	6	7	7	7
DIATSA_LOCUS3981	0	0	0	0	0	0
DIATSA_LOCUS3982	2	2	2	2	2	2
DIATSA_LOCUS3983	209	209	208	407	409	408
DIATSA_LOCUS3984	98	100	100	137	135	135
DIATSA_LOCUS3985	5	5	5	4	4	4
DIATSA_LOCUS3986	0	0	0	2	1	1
DIATSA_LOCUS3987	3	3	4	0	0	0
DIATSA_LOCUS3988	4	4	4	0	1	1
DIATSA_LOCUS3989	10	10	10	10	11	11
DIATSA_LOCUS399	0	0	0	0	0	0
DIATSA_LOCUS3990	15	15	15	18	18	18
DIATSA_LOCUS3991	0	0	0	0	0	0
DIATSA_LOCUS3992	6	6	6	8	7	7
DIATSA_LOCUS3993	3	3	3	1	1	1
DIATSA_LOCUS3994	0	0	0	0	0	0
DIATSA_LOCUS3995	0	0	0	0	0	0
DIATSA_LOCUS3996	0	0	0	0	0	0
DIATSA_LOCUS3997	0	0	0	0	0	0
DIATSA_LOCUS3998	0	0	0	0	0	0
DIATSA_LOCUS3999	0	0	0	0	0	0
DIATSA_LOCUS4	0	0	0	0	0	0
DIATSA_LOCUS40	0	0	0	0	0	0
DIATSA_LOCUS400	0	0	0	0	0	0
DIATSA_LOCUS4000	50	50	50	62	62	61
DIATSA_LOCUS4001	0	0	0	0	0	0
DIATSA_LOCUS4002	2	2	2	0	0	0
DIATSA_LOCUS4003	1	1	1	2	2	2
DIATSA_LOCUS4004	1	1	1	1	1	1
DIATSA_LOCUS4005	31	32	32	43	42	42
DIATSA_LOCUS4006	2	2	2	1	1	1
DIATSA_LOCUS4007	0	0	0	1	1	1
DIATSA_LOCUS4008	2	2	2	0	0	0
DIATSA_LOCUS4009	9	9	9	6	6	6
DIATSA_LOCUS401	0	0	0	0	0	0
DIATSA_LOCUS4010	0	0	0	0	0	0
DIATSA_LOCUS4011	0	0	0	0	0	0
DIATSA_LOCUS4012	1	1	1	1	1	1
DIATSA_LOCUS4013	5	5	5	8	7	7
DIATSA_LOCUS4014	1	1	1	0	0	0
DIATSA_LOCUS4015	0	0	0	0	0	0
DIATSA_LOCUS4016	0	0	0	0	0	0
DIATSA_LOCUS4017	0	0	0	0	0	0
DIATSA_LOCUS4018	0	0	0	1	1	1
DIATSA_LOCUS4019	3	4	4	5	5	5
DIATSA_LOCUS402	0	0	0	0	0	0
DIATSA_LOCUS4020	0	0	0	0	0	0
DIATSA_LOCUS4021	0	0	0	0	0	0
DIATSA_LOCUS4022	0	0	0	0	0	0
DIATSA_LOCUS4023	0	0	0	0	0	0
DIATSA_LOCUS4024	0	0	0	0	0	0
DIATSA_LOCUS4025	0	0	0	0	0	0
DIATSA_LOCUS4026	6	6	6	11	11	11
DIATSA_LOCUS4027	15	16	16	21	20	20
DIATSA_LOCUS4028	4	4	4	6	6	5
DIATSA_LOCUS4029	0	0	0	0	0	0
DIATSA_LOCUS403	0	0	0	0	0	0
DIATSA_LOCUS4030	0	0	0	0	0	0
DIATSA_LOCUS4031	0	0	0	0	0	0
DIATSA_LOCUS4032	0	0	0	1	1	1
DIATSA_LOCUS4033	0	0	0	0	0	0
DIATSA_LOCUS4034	0	0	0	0	0	0
DIATSA_LOCUS4035	4	4	4	5	5	5
DIATSA_LOCUS4036	2	2	2	3	2	2
DIATSA_LOCUS4037	5	5	5	3	3	3
DIATSA_LOCUS4038	4	4	4	2	2	2
DIATSA_LOCUS4039	2	2	2	3	3	3
DIATSA_LOCUS404	23	24	24	22	22	21
DIATSA_LOCUS4040	0	0	0	0	0	0
DIATSA_LOCUS4041	0	0	0	0	0	0
DIATSA_LOCUS4042	4	4	4	3	3	3
DIATSA_LOCUS4043	1	1	1	0	0	0
DIATSA_LOCUS4044	0	0	0	0	0	0
DIATSA_LOCUS4045	0	0	0	0	0	0
DIATSA_LOCUS4046	13	13	13	17	17	17
DIATSA_LOCUS4047	8	8	8	9	9	9
DIATSA_LOCUS4048	1	1	1	1	1	1
DIATSA_LOCUS4049	5	5	5	5	6	6
DIATSA_LOCUS405	288	290	289	341	341	338
DIATSA_LOCUS4050	0	0	0	0	0	0
DIATSA_LOCUS4051	0	0	0	0	0	0
DIATSA_LOCUS4052	48	48	48	71	71	72
DIATSA_LOCUS4053	10	10	10	15	15	15
DIATSA_LOCUS4054	3	3	3	4	4	4
DIATSA_LOCUS4055	0	0	0	0	0	0
DIATSA_LOCUS4056	1	1	1	1	1	1
DIATSA_LOCUS4057	0	0	0	1	1	1
DIATSA_LOCUS4058	0	0	0	0	0	0
DIATSA_LOCUS4059	0	0	0	0	0	0
DIATSA_LOCUS406	0	0	0	0	0	0
DIATSA_LOCUS4060	0	0	0	0	0	0
DIATSA_LOCUS4061	17	17	17	24	24	24
DIATSA_LOCUS4062	1	1	1	2	2	2
DIATSA_LOCUS4063	0	0	0	0	0	0
DIATSA_LOCUS4064	3	3	3	1	2	2
DIATSA_LOCUS4065	0	0	0	0	0	0
DIATSA_LOCUS4066	3	3	2	2	2	2
DIATSA_LOCUS4067	7	8	8	3	3	3
DIATSA_LOCUS4068	1	1	1	1	1	1
DIATSA_LOCUS4069	3	3	3	5	5	5
DIATSA_LOCUS407	0	0	0	0	0	0
DIATSA_LOCUS4070	0	0	0	0	0	0
DIATSA_LOCUS4071	0	0	0	0	0	0
DIATSA_LOCUS4072	3	3	3	2	2	2
DIATSA_LOCUS4073	0	0	0	0	0	0
DIATSA_LOCUS4074	0	0	0	0	0	0
DIATSA_LOCUS4075	4	4	4	4	4	4
DIATSA_LOCUS4076	18	18	18	29	28	28
DIATSA_LOCUS4077	4	4	4	3	2	2
DIATSA_LOCUS4078	12	12	12	11	12	12
DIATSA_LOCUS4079	0	0	0	0	0	0
DIATSA_LOCUS408	0	0	0	0	0	0
DIATSA_LOCUS4080	6	6	6	4	4	4
DIATSA_LOCUS4081	1	1	1	1	1	1
DIATSA_LOCUS4082	0	0	0	0	0	0
DIATSA_LOCUS4083	0	0	0	0	0	0
DIATSA_LOCUS4084	0	0	0	0	0	0
DIATSA_LOCUS4085	5	5	5	8	8	8
DIATSA_LOCUS4086	2	2	2	1	0	0
DIATSA_LOCUS4087	0	0	0	0	0	0
DIATSA_LOCUS4088	0	0	0	0	0	0
DIATSA_LOCUS4089	4	4	4	6	6	6
DIATSA_LOCUS409	0	0	0	0	0	0
DIATSA_LOCUS4090	1	1	1	0	1	1
DIATSA_LOCUS4091	0	0	0	0	0	0
DIATSA_LOCUS4092	2	2	2	1	1	1
DIATSA_LOCUS4093	18	17	17	25	26	26
DIATSA_LOCUS4094	4	4	5	4	4	4
DIATSA_LOCUS4095	0	0	0	0	0	0
DIATSA_LOCUS4096	0	0	0	0	0	0
DIATSA_LOCUS4097	0	0	0	0	0	0
DIATSA_LOCUS4098	0	0	0	0	0	0
DIATSA_LOCUS4099	0	0	0	0	0	0
DIATSA_LOCUS41	0	0	0	0	0	0
DIATSA_LOCUS410	0	0	0	0	0	0
DIATSA_LOCUS4100	12	12	12	9	9	9
DIATSA_LOCUS4101	0	0	0	0	0	0
DIATSA_LOCUS4102	125	126	125	149	150	149
DIATSA_LOCUS4103	0	0	0	0	0	0
DIATSA_LOCUS4104	0	0	0	0	0	0
DIATSA_LOCUS4105	1	1	1	0	0	0
DIATSA_LOCUS4106	0	0	0	0	0	0
DIATSA_LOCUS4107	1	1	1	2	2	2
DIATSA_LOCUS4108	2	2	2	0	0	0
DIATSA_LOCUS4109	0	0	0	0	0	0
DIATSA_LOCUS411	0	0	0	0	0	0
DIATSA_LOCUS4110	3	3	3	1	1	1
DIATSA_LOCUS4111	8	8	8	6	6	6
DIATSA_LOCUS4112	0	0	0	0	0	0
DIATSA_LOCUS4113	0	0	0	0	0	0
DIATSA_LOCUS4114	0	0	0	0	0	0
DIATSA_LOCUS4115	0	0	0	0	0	0
DIATSA_LOCUS4116	0	0	0	0	0	0
DIATSA_LOCUS4117	0	0	0	0	0	0
DIATSA_LOCUS4118	0	0	0	0	0	0
DIATSA_LOCUS4119	0	0	0	0	0	0
DIATSA_LOCUS412	0	0	0	0	0	0
DIATSA_LOCUS4120	2	2	2	1	1	1
DIATSA_LOCUS4121	0	0	0	0	0	0
DIATSA_LOCUS4122	1	1	1	2	1	1
DIATSA_LOCUS4123	0	0	0	0	0	0
DIATSA_LOCUS4124	0	0	0	0	0	0
DIATSA_LOCUS4125	5	6	7	24	59	6
DIATSA_LOCUS4126	2	2	2	4	4	4
DIATSA_LOCUS4127	3	3	3	3	3	3
DIATSA_LOCUS4128	2	2	2	3	3	3
DIATSA_LOCUS4129	0	0	0	0	0	0
DIATSA_LOCUS413	41	41	41	139	139	139
DIATSA_LOCUS4130	2	2	2	2	1	1
DIATSA_LOCUS4131	5	5	5	6	6	7
DIATSA_LOCUS4132	0	0	0	0	0	0
DIATSA_LOCUS4133	1	2	1	1	0	0
DIATSA_LOCUS4134	11	11	11	10	11	11
DIATSA_LOCUS4135	0	0	0	0	0	0
DIATSA_LOCUS4136	0	0	0	0	0	0
DIATSA_LOCUS4137	0	0	0	0	0	0
DIATSA_LOCUS4138	11	11	11	6	6	6
DIATSA_LOCUS4139	41	40	40	36	36	36
DIATSA_LOCUS414	0	0	0	0	0	0
DIATSA_LOCUS4140	6	7	7	5	4	4
DIATSA_LOCUS4141	4	4	4	4	3	3
DIATSA_LOCUS4142	0	1	1	0	0	0
DIATSA_LOCUS4143	0	0	0	0	0	0
DIATSA_LOCUS4144	0	1	1	1	1	1
DIATSA_LOCUS4145	0	0	0	0	0	0
DIATSA_LOCUS4146	4	4	4	3	3	3
DIATSA_LOCUS4147	0	0	0	0	0	0
DIATSA_LOCUS4148	9	8	8	9	10	10
DIATSA_LOCUS4149	3	3	3	3	3	3
DIATSA_LOCUS415	0	0	0	0	0	0
DIATSA_LOCUS4150	2	2	2	4	4	4
DIATSA_LOCUS4151	8	8	8	4	5	5
DIATSA_LOCUS4152	1	0	1	1	1	1
DIATSA_LOCUS4153	1	1	1	0	0	0
DIATSA_LOCUS4154	5	4	4	3	4	4
DIATSA_LOCUS4155	0	0	0	0	0	0
DIATSA_LOCUS4156	8	9	9	11	10	10
DIATSA_LOCUS4157	0	0	0	0	0	0
DIATSA_LOCUS4158	0	0	0	0	1	0
DIATSA_LOCUS4159	3	3	3	3	3	3
DIATSA_LOCUS416	8	8	8	12	12	12
DIATSA_LOCUS4160	14	13	13	12	12	12
DIATSA_LOCUS4161	3	3	3	5	5	5
DIATSA_LOCUS4162	0	0	0	1	1	1
DIATSA_LOCUS4163	2	1	1	1	1	1
DIATSA_LOCUS4164	1	1	1	0	0	0
DIATSA_LOCUS4165	0	0	0	0	0	0
DIATSA_LOCUS4166	0	0	0	1	1	1
DIATSA_LOCUS4167	0	0	0	0	0	0
DIATSA_LOCUS4168	3	3	3	2	2	2
DIATSA_LOCUS4169	0	0	0	0	0	0
DIATSA_LOCUS417	0	0	0	0	0	0
DIATSA_LOCUS4170	0	0	0	0	0	0
DIATSA_LOCUS4171	3	3	3	5	5	5
DIATSA_LOCUS4172	1	1	1	1	1	1
DIATSA_LOCUS4173	0	0	0	0	0	0
DIATSA_LOCUS4174	2	2	2	3	3	3
DIATSA_LOCUS4175	0	0	0	0	0	0
DIATSA_LOCUS4176	0	0	0	0	0	0
DIATSA_LOCUS4177	1	1	1	2	2	2
DIATSA_LOCUS4178	1	1	1	1	1	1
DIATSA_LOCUS4179	0	0	0	1	0	1
DIATSA_LOCUS418	0	0	0	0	0	0
DIATSA_LOCUS4180	0	0	0	0	0	0
DIATSA_LOCUS4181	0	0	0	0	0	0
DIATSA_LOCUS4182	13	13	13	11	11	11
DIATSA_LOCUS4183	1	1	1	0	0	0
DIATSA_LOCUS4184	6	6	6	13	13	13
DIATSA_LOCUS4185	5	6	6	1	0	1
DIATSA_LOCUS4186	12	13	13	19	18	18
DIATSA_LOCUS4187	4	4	4	3	3	3
DIATSA_LOCUS4188	1	2	2	0	0	0
DIATSA_LOCUS4189	0	1	0	1	1	1
DIATSA_LOCUS419	0	0	0	0	0	0
DIATSA_LOCUS4190	0	0	0	0	0	0
DIATSA_LOCUS4191	1	1	1	1	1	1
DIATSA_LOCUS4192	1	1	1	0	0	0
DIATSA_LOCUS4193	1	1	1	0	0	0
DIATSA_LOCUS4194	25	26	26	48	46	46
DIATSA_LOCUS4195	0	1	1	0	0	0
DIATSA_LOCUS4196	2	1	1	3	3	3
DIATSA_LOCUS4197	0	0	0	0	0	0
DIATSA_LOCUS4198	0	0	0	0	0	0
DIATSA_LOCUS4199	0	0	0	1	1	1
DIATSA_LOCUS42	337	339	337	211	211	210
DIATSA_LOCUS420	0	0	0	0	0	0
DIATSA_LOCUS4200	13	13	13	8	8	8
DIATSA_LOCUS4201	2	2	2	1	1	1
DIATSA_LOCUS4202	0	0	0	0	0	0
DIATSA_LOCUS4203	20	20	20	26	26	26
DIATSA_LOCUS4204	0	0	0	0	0	0
DIATSA_LOCUS4205	0	0	0	0	0	0
DIATSA_LOCUS4206	0	0	0	1	1	1
DIATSA_LOCUS4207	0	0	0	0	0	0
DIATSA_LOCUS4208	288	289	289	527	525	523
DIATSA_LOCUS4209	8	9	9	6	6	6
DIATSA_LOCUS421	11	11	11	18	18	18
DIATSA_LOCUS4210	2	2	2	0	0	0
DIATSA_LOCUS4211	6	6	6	12	12	11
DIATSA_LOCUS4212	3	3	3	3	3	3
DIATSA_LOCUS4213	12	12	12	9	9	9
DIATSA_LOCUS4214	0	0	0	0	0	0
DIATSA_LOCUS4215	2	2	2	0	0	0
DIATSA_LOCUS4216	0	0	0	0	0	0
DIATSA_LOCUS4217	0	0	0	0	0	0
DIATSA_LOCUS4218	0	0	0	0	0	0
DIATSA_LOCUS4219	0	0	0	0	0	0
DIATSA_LOCUS422	5	5	5	4	4	4
DIATSA_LOCUS4220	2	2	2	2	2	2
DIATSA_LOCUS4221	0	0	0	0	0	0
DIATSA_LOCUS4222	1	1	1	0	0	0
DIATSA_LOCUS4223	1	1	1	0	0	0
DIATSA_LOCUS4224	3	4	4	1	1	1
DIATSA_LOCUS4225	0	0	0	0	0	0
DIATSA_LOCUS4226	1	1	1	0	0	0
DIATSA_LOCUS4227	10	11	11	19	18	18
DIATSA_LOCUS4228	0	0	0	0	0	0
DIATSA_LOCUS4229	1	1	2	2	2	2
DIATSA_LOCUS423	0	0	0	0	0	0
DIATSA_LOCUS4230	0	0	0	0	0	0
DIATSA_LOCUS4231	3	3	3	3	3	3
DIATSA_LOCUS4232	1	1	1	2	2	2
DIATSA_LOCUS4233	31	32	32	36	36	36
DIATSA_LOCUS4234	2	2	2	1	1	1
DIATSA_LOCUS4235	0	0	0	0	0	0
DIATSA_LOCUS4236	5	5	5	4	4	4
DIATSA_LOCUS4237	7	7	7	10	10	10
DIATSA_LOCUS4238	77	78	78	188	187	186
DIATSA_LOCUS4239	0	0	0	0	0	0
DIATSA_LOCUS424	0	0	0	0	0	0
DIATSA_LOCUS4240	0	0	0	0	0	0
DIATSA_LOCUS4241	1	1	1	1	1	1
DIATSA_LOCUS4242	41	40	40	52	52	52
DIATSA_LOCUS4243	0	0	0	0	0	0
DIATSA_LOCUS4244	2	2	2	4	4	4
DIATSA_LOCUS4245	0	0	0	0	0	0
DIATSA_LOCUS4246	0	0	0	0	0	0
DIATSA_LOCUS4247	0	0	0	0	0	0
DIATSA_LOCUS4248	0	0	0	0	0	0
DIATSA_LOCUS4249	0	0	0	0	0	0
DIATSA_LOCUS425	0	0	0	0	0	0
DIATSA_LOCUS4250	0	0	0	1	1	1
DIATSA_LOCUS4251	3	6	5	1	0	0
DIATSA_LOCUS4252	3	4	4	5	4	5
DIATSA_LOCUS4253	1	1	1	3	3	2
DIATSA_LOCUS4254	4	4	4	4	4	4
DIATSA_LOCUS4255	5	4	4	0	0	0
DIATSA_LOCUS4256	0	0	0	0	0	0
DIATSA_LOCUS4257	5	6	6	3	3	3
DIATSA_LOCUS4258	0	0	0	0	0	0
DIATSA_LOCUS4259	0	0	0	0	0	0
DIATSA_LOCUS426	0	0	0	0	0	0
DIATSA_LOCUS4260	0	0	0	0	0	0
DIATSA_LOCUS4261	18	18	19	17	17	17
DIATSA_LOCUS4262	3	3	3	3	3	3
DIATSA_LOCUS4263	4	4	4	1	1	1
DIATSA_LOCUS4264	0	0	0	0	0	0
DIATSA_LOCUS4265	0	0	0	0	0	0
DIATSA_LOCUS4266	0	0	0	0	0	0
DIATSA_LOCUS4267	0	0	0	0	0	0
DIATSA_LOCUS4268	0	0	0	0	0	0
DIATSA_LOCUS4269	1	1	1	3	3	3
DIATSA_LOCUS427	0	0	0	0	0	0
DIATSA_LOCUS4270	0	0	0	0	0	0
DIATSA_LOCUS4271	6	6	6	3	3	3
DIATSA_LOCUS4272	0	0	0	0	0	0
DIATSA_LOCUS4273	772	814	716	1122	1116	1160
DIATSA_LOCUS4274	1291	1299	1361	1973	1876	1944
DIATSA_LOCUS4275	1	1	1	3	2	2
DIATSA_LOCUS4276	0	0	0	0	0	0
DIATSA_LOCUS4277	0	0	0	0	0	0
DIATSA_LOCUS4278	2	2	2	1	1	1
DIATSA_LOCUS4279	0	0	0	0	0	0
DIATSA_LOCUS428	0	0	0	0	0	0
DIATSA_LOCUS4280	0	0	0	0	0	0
DIATSA_LOCUS4281	4	4	4	1	1	1
DIATSA_LOCUS4282	0	0	0	0	0	0
DIATSA_LOCUS4283	0	0	0	1	1	1
DIATSA_LOCUS4284	28	28	28	14	14	14
DIATSA_LOCUS4285	1	1	1	0	0	0
DIATSA_LOCUS4286	0	0	0	0	0	0
DIATSA_LOCUS4287	3	3	3	1	1	0
DIATSA_LOCUS4288	0	0	0	0	0	0
DIATSA_LOCUS4289	0	0	0	0	0	0
DIATSA_LOCUS429	0	0	0	0	0	0
DIATSA_LOCUS4290	1	1	1	1	1	1
DIATSA_LOCUS4291	14	13	13	19	20	20
DIATSA_LOCUS4292	2	2	2	4	4	4
DIATSA_LOCUS4293	0	0	0	0	0	0
DIATSA_LOCUS4294	2	2	2	5	5	5
DIATSA_LOCUS4295	0	0	0	0	0	0
DIATSA_LOCUS4296	0	0	0	0	0	0
DIATSA_LOCUS4297	1	1	1	2	2	2
DIATSA_LOCUS4298	0	0	0	0	0	0
DIATSA_LOCUS4299	0	0	0	0	0	0
DIATSA_LOCUS43	0	0	0	0	0	0
DIATSA_LOCUS430	0	0	0	0	0	0
DIATSA_LOCUS4300	0	0	0	0	0	0
DIATSA_LOCUS4301	2	2	2	2	2	2
DIATSA_LOCUS4302	9	9	9	7	8	7
DIATSA_LOCUS4303	2	2	2	1	1	1
DIATSA_LOCUS4304	1	1	1	1	2	2
DIATSA_LOCUS4305	3	3	3	1	1	1
DIATSA_LOCUS4306	4	5	5	3	3	3
DIATSA_LOCUS4307	0	0	0	0	0	0
DIATSA_LOCUS4308	22	23	23	41	40	40
DIATSA_LOCUS4309	18	19	18	29	29	29
DIATSA_LOCUS431	5	9	11	3	1	1
DIATSA_LOCUS4310	1	1	1	3	3	3
DIATSA_LOCUS4311	1	1	1	2	2	2
DIATSA_LOCUS4312	2	2	2	2	2	2
DIATSA_LOCUS4313	1	1	1	0	0	0
DIATSA_LOCUS4314	0	0	0	0	0	0
DIATSA_LOCUS4315	0	0	0	0	0	0
DIATSA_LOCUS4316	0	0	0	0	0	0
DIATSA_LOCUS4317	1	1	1	0	1	0
DIATSA_LOCUS4318	28	28	28	48	48	47
DIATSA_LOCUS4319	0	0	0	0	0	0
DIATSA_LOCUS432	2	1	1	3	3	3
DIATSA_LOCUS4320	4	4	4	2	2	2
DIATSA_LOCUS4321	0	0	0	1	1	1
DIATSA_LOCUS4322	2	2	2	1	1	1
DIATSA_LOCUS4323	0	0	0	0	0	0
DIATSA_LOCUS4324	0	0	0	0	0	0
DIATSA_LOCUS4325	0	1	0	1	1	1
DIATSA_LOCUS4326	0	0	0	0	0	0
DIATSA_LOCUS4327	17	17	17	29	29	28
DIATSA_LOCUS4328	0	0	0	0	0	0
DIATSA_LOCUS4329	1	1	1	1	1	1
DIATSA_LOCUS433	0	0	0	0	0	0
DIATSA_LOCUS4330	0	0	0	0	0	0
DIATSA_LOCUS4331	3	4	4	2	1	1
DIATSA_LOCUS4332	0	0	0	0	0	0
DIATSA_LOCUS4333	1	1	1	0	0	0
DIATSA_LOCUS4334	0	0	0	0	0	0
DIATSA_LOCUS4335	7	7	7	4	5	5
DIATSA_LOCUS4336	3	3	3	3	3	3
DIATSA_LOCUS4337	0	0	0	0	0	0
DIATSA_LOCUS4338	5	5	5	6	6	6
DIATSA_LOCUS4339	0	1	1	0	0	0
DIATSA_LOCUS434	0	0	0	0	0	0
DIATSA_LOCUS4340	0	0	0	0	0	0
DIATSA_LOCUS4341	2	2	2	5	4	4
DIATSA_LOCUS4342	0	0	0	0	0	0
DIATSA_LOCUS4343	0	0	0	0	0	0
DIATSA_LOCUS4344	2	2	2	0	0	0
DIATSA_LOCUS4345	0	0	0	0	0	0
DIATSA_LOCUS4346	0	0	0	0	0	0
DIATSA_LOCUS4347	30	30	30	23	23	23
DIATSA_LOCUS4348	0	0	0	0	0	0
DIATSA_LOCUS4349	171	172	172	202	202	202
DIATSA_LOCUS435	0	0	0	0	0	0
DIATSA_LOCUS4350	0	0	0	0	0	0
DIATSA_LOCUS4351	1	1	1	0	0	0
DIATSA_LOCUS4352	11	11	11	8	8	8
DIATSA_LOCUS4353	0	0	0	0	0	0
DIATSA_LOCUS4354	0	0	0	0	0	0
DIATSA_LOCUS4355	21	20	20	26	27	27
DIATSA_LOCUS4356	0	1	1	0	0	0
DIATSA_LOCUS4357	1	1	1	0	0	0
DIATSA_LOCUS4358	1	1	1	1	1	1
DIATSA_LOCUS4359	18	17	17	19	19	19
DIATSA_LOCUS436	5	6	6	2	2	2
DIATSA_LOCUS4360	9	8	8	3	3	3
DIATSA_LOCUS4361	0	0	0	0	0	0
DIATSA_LOCUS4362	0	0	0	0	0	0
DIATSA_LOCUS4363	0	0	0	0	0	0
DIATSA_LOCUS4364	0	0	0	0	0	0
DIATSA_LOCUS4365	0	0	0	0	0	0
DIATSA_LOCUS4366	0	0	0	0	0	0
DIATSA_LOCUS4367	0	0	0	0	0	0
DIATSA_LOCUS4368	0	0	0	0	0	0
DIATSA_LOCUS4369	0	0	0	0	0	0
DIATSA_LOCUS437	0	0	0	0	0	0
DIATSA_LOCUS4370	0	0	0	0	0	0
DIATSA_LOCUS4371	0	0	0	0	0	0
DIATSA_LOCUS4372	8	8	8	12	11	11
DIATSA_LOCUS4373	3	3	3	3	3	3
DIATSA_LOCUS4374	0	0	0	0	1	0
DIATSA_LOCUS4375	3	3	3	4	4	4
DIATSA_LOCUS4376	0	0	0	0	0	0
DIATSA_LOCUS4377	0	0	0	0	0	0
DIATSA_LOCUS4378	0	0	0	0	0	0
DIATSA_LOCUS4379	0	0	0	0	0	0
DIATSA_LOCUS438	0	0	0	0	0	0
DIATSA_LOCUS4380	0	0	0	0	0	0
DIATSA_LOCUS4381	0	0	0	0	0	0
DIATSA_LOCUS4382	0	0	0	0	0	0
DIATSA_LOCUS4383	4	4	4	5	5	5
DIATSA_LOCUS4384	6	5	5	2	3	3
DIATSA_LOCUS4385	0	0	0	0	0	0
DIATSA_LOCUS4386	2	2	2	0	1	1
DIATSA_LOCUS4387	3	3	3	5	5	5
DIATSA_LOCUS4388	12	11	11	11	11	11
DIATSA_LOCUS4389	0	0	0	0	0	0
DIATSA_LOCUS439	1	1	1	1	1	1
DIATSA_LOCUS4390	0	0	0	0	0	0
DIATSA_LOCUS4391	4	4	4	8	9	9
DIATSA_LOCUS4392	6	5	5	10	11	11
DIATSA_LOCUS4393	0	0	0	0	0	0
DIATSA_LOCUS4394	0	0	0	0	0	0
DIATSA_LOCUS4395	0	0	0	0	0	0
DIATSA_LOCUS4396	0	0	0	0	0	0
DIATSA_LOCUS4397	11	11	11	13	13	13
DIATSA_LOCUS4398	2	2	2	6	6	6
DIATSA_LOCUS4399	0	0	0	0	0	0
DIATSA_LOCUS44	3	3	3	2	2	2
DIATSA_LOCUS440	0	0	0	0	0	0
DIATSA_LOCUS4400	14	14	14	14	15	14
DIATSA_LOCUS4401	0	0	0	0	0	0
DIATSA_LOCUS4402	7	7	7	10	10	9
DIATSA_LOCUS4403	0	0	0	0	0	0
DIATSA_LOCUS4404	0	0	0	0	0	0
DIATSA_LOCUS4405	6	9	9	11	8	8
DIATSA_LOCUS4406	1	1	1	2	1	1
DIATSA_LOCUS4407	0	0	0	0	0	0
DIATSA_LOCUS4408	0	0	0	0	0	0
DIATSA_LOCUS4409	4	4	5	1	1	1
DIATSA_LOCUS441	0	0	0	0	0	0
DIATSA_LOCUS4410	0	0	0	0	0	0
DIATSA_LOCUS4411	0	0	0	0	0	0
DIATSA_LOCUS4412	0	0	0	0	0	0
DIATSA_LOCUS4413	0	0	0	0	0	0
DIATSA_LOCUS4414	0	0	0	0	0	0
DIATSA_LOCUS4415	0	0	0	0	0	0
DIATSA_LOCUS4416	2	2	2	0	0	0
DIATSA_LOCUS4417	0	0	0	0	0	0
DIATSA_LOCUS4418	3	3	3	2	2	2
DIATSA_LOCUS4419	0	0	0	0	0	0
DIATSA_LOCUS442	0	0	0	0	0	0
DIATSA_LOCUS4420	1	1	1	1	1	1
DIATSA_LOCUS4421	0	0	0	0	0	0
DIATSA_LOCUS4422	0	0	0	1	1	1
DIATSA_LOCUS4423	0	0	0	0	0	0
DIATSA_LOCUS4424	0	0	0	1	1	1
DIATSA_LOCUS4425	4	5	5	7	7	7
DIATSA_LOCUS4426	1	2	2	2	1	1
DIATSA_LOCUS4427	0	0	0	0	0	0
DIATSA_LOCUS4428	1	1	1	0	0	0
DIATSA_LOCUS4429	0	0	0	0	0	0
DIATSA_LOCUS443	15	15	15	15	15	15
DIATSA_LOCUS4430	0	0	0	0	0	0
DIATSA_LOCUS4431	0	0	0	0	0	0
DIATSA_LOCUS4432	0	0	0	0	0	0
DIATSA_LOCUS4433	0	0	0	0	0	0
DIATSA_LOCUS4434	1	1	1	0	0	0
DIATSA_LOCUS4435	2	2	2	2	2	2
DIATSA_LOCUS4436	8	7	7	1	1	1
DIATSA_LOCUS4437	0	0	0	0	0	0
DIATSA_LOCUS4438	0	0	0	0	0	0
DIATSA_LOCUS4439	0	0	0	0	0	0
DIATSA_LOCUS444	0	0	0	0	0	0
DIATSA_LOCUS4440	0	0	0	0	0	0
DIATSA_LOCUS4441	0	0	0	0	0	0
DIATSA_LOCUS4442	0	0	0	0	0	0
DIATSA_LOCUS4443	0	0	0	0	0	0
DIATSA_LOCUS4444	40	41	40	76	76	75
DIATSA_LOCUS4445	0	0	0	1	2	1
DIATSA_LOCUS4446	10	10	10	11	12	11
DIATSA_LOCUS4447	8	8	8	6	6	7
DIATSA_LOCUS4448	4	4	4	1	1	1
DIATSA_LOCUS4449	5	5	5	2	1	2
DIATSA_LOCUS445	0	0	0	0	0	0
DIATSA_LOCUS4450	0	0	0	0	0	0
DIATSA_LOCUS4451	1	1	1	0	0	0
DIATSA_LOCUS4452	0	0	0	0	0	0
DIATSA_LOCUS4453	3	3	3	1	1	1
DIATSA_LOCUS4454	18	18	18	22	22	22
DIATSA_LOCUS4455	2	2	2	1	1	1
DIATSA_LOCUS4456	6	6	6	10	10	10
DIATSA_LOCUS4457	0	0	0	0	0	0
DIATSA_LOCUS4458	0	0	0	0	0	0
DIATSA_LOCUS4459	0	0	0	0	0	0
DIATSA_LOCUS446	6	6	6	2	3	3
DIATSA_LOCUS4460	0	0	0	1	1	1
DIATSA_LOCUS4461	6500	6462	6500	7678	7684	7712
DIATSA_LOCUS4462	0	0	0	0	0	0
DIATSA_LOCUS4463	0	0	0	0	0	0
DIATSA_LOCUS4464	0	0	0	0	0	0
DIATSA_LOCUS4465	8	8	8	8	9	9
DIATSA_LOCUS4466	0	0	0	0	0	0
DIATSA_LOCUS4467	3	3	3	2	2	2
DIATSA_LOCUS4468	0	0	0	0	0	0
DIATSA_LOCUS4469	1	1	1	2	2	2
DIATSA_LOCUS447	1	1	1	0	0	0
DIATSA_LOCUS4470	2	2	2	1	1	1
DIATSA_LOCUS4471	2	3	3	2	2	2
DIATSA_LOCUS4472	0	0	0	0	0	0
DIATSA_LOCUS4473	4	4	4	5	5	5
DIATSA_LOCUS4474	0	0	0	0	0	0
DIATSA_LOCUS4475	1	1	1	1	1	1
DIATSA_LOCUS4476	0	0	0	0	0	0
DIATSA_LOCUS4477	0	0	0	0	0	0
DIATSA_LOCUS4478	99	98	99	122	123	123
DIATSA_LOCUS4479	0	0	0	0	0	0
DIATSA_LOCUS448	0	0	0	0	0	0
DIATSA_LOCUS4480	0	0	0	0	0	0
DIATSA_LOCUS4481	0	0	0	0	0	0
DIATSA_LOCUS4482	0	0	0	0	0	0
DIATSA_LOCUS4483	0	0	0	0	0	0
DIATSA_LOCUS4484	7	7	7	5	5	5
DIATSA_LOCUS4485	5	5	5	3	3	3
DIATSA_LOCUS4486	1	1	1	0	0	0
DIATSA_LOCUS4487	8	8	8	3	3	4
DIATSA_LOCUS4488	0	0	0	0	0	0
DIATSA_LOCUS4489	0	0	0	0	0	0
DIATSA_LOCUS449	1	2	2	0	0	0
DIATSA_LOCUS4490	1	1	1	0	0	0
DIATSA_LOCUS4491	0	0	0	0	0	0
DIATSA_LOCUS4492	3	3	3	5	5	5
DIATSA_LOCUS4493	2	2	2	1	1	1
DIATSA_LOCUS4494	14	14	14	16	16	16
DIATSA_LOCUS4495	12	12	12	9	9	9
DIATSA_LOCUS4496	16	15	16	17	18	18
DIATSA_LOCUS4497	0	0	0	0	0	0
DIATSA_LOCUS4498	0	0	0	0	0	0
DIATSA_LOCUS4499	52	50	50	79	82	81
DIATSA_LOCUS45	5	5	5	9	9	9
DIATSA_LOCUS450	3	3	3	1	1	1
DIATSA_LOCUS4500	0	0	0	0	0	0
DIATSA_LOCUS4501	0	0	0	0	0	0
DIATSA_LOCUS4502	2	2	2	4	4	4
DIATSA_LOCUS4503	0	0	0	0	0	0
DIATSA_LOCUS4504	2	2	2	3	3	3
DIATSA_LOCUS4505	10	10	10	7	7	7
DIATSA_LOCUS4506	2	2	2	3	3	3
DIATSA_LOCUS4507	1	1	1	2	2	2
DIATSA_LOCUS4508	0	0	0	0	0	0
DIATSA_LOCUS4509	2	2	2	2	2	2
DIATSA_LOCUS451	2	3	3	0	0	0
DIATSA_LOCUS4510	0	0	0	0	0	0
DIATSA_LOCUS4511	2	2	2	1	1	1
DIATSA_LOCUS4512	4	3	3	9	9	9
DIATSA_LOCUS4513	0	0	0	0	0	0
DIATSA_LOCUS4514	8	9	9	15	15	14
DIATSA_LOCUS4515	4	4	4	10	10	10
DIATSA_LOCUS4516	5	5	5	2	2	2
DIATSA_LOCUS4517	0	0	0	0	0	0
DIATSA_LOCUS4518	0	0	0	1	1	1
DIATSA_LOCUS4519	0	0	0	0	0	0
DIATSA_LOCUS452	1	1	1	0	0	0
DIATSA_LOCUS4520	124	118	119	25	26	27
DIATSA_LOCUS4521	2	2	2	1	1	1
DIATSA_LOCUS4522	0	0	0	0	0	0
DIATSA_LOCUS4523	1	1	1	0	0	0
DIATSA_LOCUS4524	0	0	0	0	0	0
DIATSA_LOCUS4525	0	0	0	0	0	0
DIATSA_LOCUS4526	0	0	0	0	0	0
DIATSA_LOCUS4527	3	4	4	3	2	2
DIATSA_LOCUS4528	0	0	0	0	0	0
DIATSA_LOCUS4529	0	1	1	0	0	0
DIATSA_LOCUS453	3	4	4	0	0	0
DIATSA_LOCUS4530	0	0	0	1	1	1
DIATSA_LOCUS4531	3	3	3	1	1	1
DIATSA_LOCUS4532	0	0	0	0	0	0
DIATSA_LOCUS4533	0	0	0	0	0	0
DIATSA_LOCUS4534	0	0	0	0	0	0
DIATSA_LOCUS4535	0	0	0	0	0	0
DIATSA_LOCUS4536	0	0	0	0	0	0
DIATSA_LOCUS4537	0	0	0	0	0	0
DIATSA_LOCUS4538	932	887	894	612	638	642
DIATSA_LOCUS4539	4	4	4	2	2	2
DIATSA_LOCUS454	0	0	0	0	0	0
DIATSA_LOCUS4540	0	0	0	0	0	0
DIATSA_LOCUS4541	0	0	0	0	0	0
DIATSA_LOCUS4542	0	0	0	0	0	0
DIATSA_LOCUS4543	0	0	0	0	0	0
DIATSA_LOCUS4544	32	33	33	64	63	63
DIATSA_LOCUS4545	6	7	7	10	10	10
DIATSA_LOCUS4546	0	0	0	0	0	0
DIATSA_LOCUS4547	1	1	1	1	1	1
DIATSA_LOCUS4548	1	1	1	2	2	2
DIATSA_LOCUS4549	0	0	0	0	0	0
DIATSA_LOCUS455	0	0	0	0	0	0
DIATSA_LOCUS4550	0	0	0	0	0	0
DIATSA_LOCUS4551	0	0	0	0	0	0
DIATSA_LOCUS4552	2	2	2	1	1	1
DIATSA_LOCUS4553	1	2	2	2	2	2
DIATSA_LOCUS4554	0	0	0	0	0	0
DIATSA_LOCUS4555	0	0	0	0	0	0
DIATSA_LOCUS4556	0	0	0	0	0	0
DIATSA_LOCUS4557	9	10	10	11	11	11
DIATSA_LOCUS4558	0	0	0	0	0	0
DIATSA_LOCUS4559	0	1	1	1	1	1
DIATSA_LOCUS456	0	0	0	0	0	0
DIATSA_LOCUS4560	1	1	1	0	0	0
DIATSA_LOCUS4561	0	0	0	1	1	1
DIATSA_LOCUS4562	7	7	7	10	10	10
DIATSA_LOCUS4563	0	0	0	1	1	1
DIATSA_LOCUS4564	0	0	0	1	1	1
DIATSA_LOCUS4565	2	2	2	3	3	3
DIATSA_LOCUS4566	1	1	1	0	0	0
DIATSA_LOCUS4567	0	0	0	0	0	0
DIATSA_LOCUS4568	2	2	2	1	1	1
DIATSA_LOCUS4569	0	0	0	0	0	0
DIATSA_LOCUS457	0	0	0	0	0	0
DIATSA_LOCUS4570	4	4	4	5	4	4
DIATSA_LOCUS4571	1	1	1	3	3	3
DIATSA_LOCUS4572	0	0	0	0	0	0
DIATSA_LOCUS4573	1	1	1	0	0	0
DIATSA_LOCUS4574	0	0	0	0	0	0
DIATSA_LOCUS4575	0	0	0	0	0	0
DIATSA_LOCUS4576	0	0	0	0	0	0
DIATSA_LOCUS4577	0	0	0	1	1	1
DIATSA_LOCUS4578	6	6	6	6	6	6
DIATSA_LOCUS4579	1	1	1	1	1	1
DIATSA_LOCUS458	4	4	4	4	4	4
DIATSA_LOCUS4580	2	2	2	2	2	2
DIATSA_LOCUS4581	0	0	0	0	0	0
DIATSA_LOCUS4582	0	0	0	0	0	0
DIATSA_LOCUS4583	0	0	0	0	0	0
DIATSA_LOCUS4584	0	0	0	0	0	0
DIATSA_LOCUS4585	0	0	0	0	0	0
DIATSA_LOCUS4586	0	0	0	1	1	1
DIATSA_LOCUS4587	0	0	0	0	0	0
DIATSA_LOCUS4588	14	14	14	18	18	18
DIATSA_LOCUS4589	0	0	0	0	0	0
DIATSA_LOCUS459	2	2	2	2	2	2
DIATSA_LOCUS4590	0	0	0	0	0	0
DIATSA_LOCUS4591	0	0	0	0	0	0
DIATSA_LOCUS4592	1	1	1	2	2	2
DIATSA_LOCUS4593	2	2	2	3	3	3
DIATSA_LOCUS4594	1	1	1	0	0	0
DIATSA_LOCUS4595	1	1	1	1	1	1
DIATSA_LOCUS4596	0	0	0	0	0	0
DIATSA_LOCUS4597	0	0	0	0	0	0
DIATSA_LOCUS4598	4	5	5	3	2	2
DIATSA_LOCUS4599	1	1	1	4	4	3
DIATSA_LOCUS46	1	1	1	1	1	1
DIATSA_LOCUS460	0	0	0	0	0	0
DIATSA_LOCUS4600	11	12	12	11	11	11
DIATSA_LOCUS4601	1	2	1	2	2	2
DIATSA_LOCUS4602	9	9	9	10	10	10
DIATSA_LOCUS4603	5	6	6	3	2	2
DIATSA_LOCUS4604	0	0	0	0	0	0
DIATSA_LOCUS4605	3	3	3	5	4	4
DIATSA_LOCUS4606	1	1	1	0	0	0
DIATSA_LOCUS4607	0	0	0	0	0	0
DIATSA_LOCUS4608	0	0	0	1	1	1
DIATSA_LOCUS4609	2	3	2	2	2	2
DIATSA_LOCUS461	0	0	0	0	0	0
DIATSA_LOCUS4610	0	0	0	0	0	0
DIATSA_LOCUS4611	1	1	1	2	2	2
DIATSA_LOCUS4612	2	2	2	2	2	2
DIATSA_LOCUS4613	9	9	9	9	9	9
DIATSA_LOCUS4614	4	4	4	3	3	3
DIATSA_LOCUS4615	0	0	0	0	0	0
DIATSA_LOCUS4616	0	0	0	0	0	0
DIATSA_LOCUS4617	0	0	0	0	0	0
DIATSA_LOCUS4618	0	0	0	0	0	0
DIATSA_LOCUS4619	0	0	0	0	1	1
DIATSA_LOCUS462	37	37	37	24	24	24
DIATSA_LOCUS4620	0	0	0	0	0	0
DIATSA_LOCUS4621	0	0	0	0	0	0
DIATSA_LOCUS4622	1	1	1	0	0	0
DIATSA_LOCUS4623	11	11	11	17	16	16
DIATSA_LOCUS4624	0	0	0	0	0	0
DIATSA_LOCUS4625	0	0	0	0	0	0
DIATSA_LOCUS4626	2	2	2	3	3	3
DIATSA_LOCUS4627	12	13	13	14	13	13
DIATSA_LOCUS4628	0	0	0	0	0	0
DIATSA_LOCUS4629	0	0	0	0	0	0
DIATSA_LOCUS463	0	0	0	0	0	0
DIATSA_LOCUS4630	9	10	10	5	5	5
DIATSA_LOCUS4631	27	25	25	38	40	40
DIATSA_LOCUS4632	2	2	2	3	2	2
DIATSA_LOCUS4633	0	0	0	2	2	2
DIATSA_LOCUS4634	0	0	0	1	1	1
DIATSA_LOCUS4635	0	0	0	0	0	0
DIATSA_LOCUS4636	2	2	2	2	2	2
DIATSA_LOCUS4637	2	2	2	5	4	4
DIATSA_LOCUS4638	0	0	0	0	0	0
DIATSA_LOCUS4639	0	0	0	0	0	0
DIATSA_LOCUS464	0	1	1	0	0	0
DIATSA_LOCUS4640	2	2	2	5	5	5
DIATSA_LOCUS4641	0	0	0	0	0	0
DIATSA_LOCUS4642	0	0	0	0	0	0
DIATSA_LOCUS4643	1	1	1	0	0	0
DIATSA_LOCUS4644	1	1	1	2	2	2
DIATSA_LOCUS4645	3	3	3	0	0	0
DIATSA_LOCUS4646	0	0	0	0	0	0
DIATSA_LOCUS4647	0	0	0	0	0	0
DIATSA_LOCUS4648	0	0	0	0	0	0
DIATSA_LOCUS4649	0	0	0	1	1	1
DIATSA_LOCUS465	0	0	0	0	0	0
DIATSA_LOCUS4650	0	0	0	0	0	0
DIATSA_LOCUS4651	0	1	1	1	1	1
DIATSA_LOCUS4652	2	2	2	2	3	3
DIATSA_LOCUS4653	5	5	5	6	6	6
DIATSA_LOCUS4654	6	6	6	8	8	8
DIATSA_LOCUS4655	1	1	1	2	2	2
DIATSA_LOCUS4656	0	0	0	1	1	1
DIATSA_LOCUS4657	0	0	0	0	0	0
DIATSA_LOCUS4658	0	0	0	0	0	0
DIATSA_LOCUS4659	0	0	0	0	0	0
DIATSA_LOCUS466	0	0	0	0	0	0
DIATSA_LOCUS4660	3	3	3	7	7	7
DIATSA_LOCUS4661	87	87	87	120	120	120
DIATSA_LOCUS4662	0	0	0	0	0	0
DIATSA_LOCUS4663	1	1	1	0	0	0
DIATSA_LOCUS4664	0	0	0	0	0	0
DIATSA_LOCUS4665	0	0	0	0	0	0
DIATSA_LOCUS4666	6	7	6	12	12	12
DIATSA_LOCUS4667	6	6	6	5	5	5
DIATSA_LOCUS4668	11	10	10	17	19	18
DIATSA_LOCUS4669	0	0	0	0	0	0
DIATSA_LOCUS467	3	3	3	0	0	0
DIATSA_LOCUS4670	0	0	0	0	0	0
DIATSA_LOCUS4671	0	0	0	1	1	1
DIATSA_LOCUS4672	0	0	0	0	0	0
DIATSA_LOCUS4673	8	9	9	14	14	13
DIATSA_LOCUS4674	23	22	22	24	24	24
DIATSA_LOCUS4675	0	0	0	0	0	0
DIATSA_LOCUS4676	0	0	0	0	0	0
DIATSA_LOCUS4677	8	8	8	10	10	10
DIATSA_LOCUS4678	4	4	4	2	2	2
DIATSA_LOCUS4679	15	15	15	11	10	10
DIATSA_LOCUS468	8	8	8	10	10	10
DIATSA_LOCUS4680	1	1	1	2	2	2
DIATSA_LOCUS4681	20	19	19	14	14	14
DIATSA_LOCUS4682	0	0	0	0	0	0
DIATSA_LOCUS4683	0	0	0	0	0	0
DIATSA_LOCUS4684	4	4	4	4	4	5
DIATSA_LOCUS4685	0	0	0	0	0	0
DIATSA_LOCUS4686	38	38	37	50	51	50
DIATSA_LOCUS4687	0	0	0	0	0	0
DIATSA_LOCUS4688	1	1	1	2	2	2
DIATSA_LOCUS4689	6	6	6	4	4	5
DIATSA_LOCUS469	0	0	0	0	0	0
DIATSA_LOCUS4690	12	12	12	13	13	13
DIATSA_LOCUS4691	5	5	5	4	4	4
DIATSA_LOCUS4692	0	0	0	0	0	0
DIATSA_LOCUS4693	1	1	1	1	2	2
DIATSA_LOCUS4694	0	0	0	0	0	0
DIATSA_LOCUS4695	0	0	0	0	0	0
DIATSA_LOCUS4696	0	0	0	0	0	0
DIATSA_LOCUS4697	27	27	27	35	35	35
DIATSA_LOCUS4698	0	0	0	0	0	0
DIATSA_LOCUS4699	2	2	2	5	5	5
DIATSA_LOCUS47	0	0	0	0	0	0
DIATSA_LOCUS470	12	11	11	12	12	13
DIATSA_LOCUS4700	1	1	1	0	0	0
DIATSA_LOCUS4701	0	0	0	0	0	0
DIATSA_LOCUS4702	3	3	3	2	2	2
DIATSA_LOCUS4703	16	17	17	18	17	17
DIATSA_LOCUS4704	0	0	0	0	0	0
DIATSA_LOCUS4705	0	0	0	0	0	0
DIATSA_LOCUS4706	111	110	109	112	113	113
DIATSA_LOCUS4707	5	5	5	3	2	2
DIATSA_LOCUS4708	1	1	1	0	0	0
DIATSA_LOCUS4709	4	3	4	4	4	5
DIATSA_LOCUS471	0	0	0	0	0	0
DIATSA_LOCUS4710	0	0	0	0	0	0
DIATSA_LOCUS4711	2	2	2	3	3	2
DIATSA_LOCUS4712	3	3	3	3	3	3
DIATSA_LOCUS4713	5	5	5	4	4	4
DIATSA_LOCUS4714	0	0	0	0	0	0
DIATSA_LOCUS4715	0	0	0	0	0	0
DIATSA_LOCUS4716	6	6	6	12	12	12
DIATSA_LOCUS4717	0	0	0	0	0	0
DIATSA_LOCUS4718	0	1	1	1	0	0
DIATSA_LOCUS4719	4	5	4	9	8	8
DIATSA_LOCUS472	0	0	0	0	0	0
DIATSA_LOCUS4720	0	0	0	0	0	0
DIATSA_LOCUS4721	0	0	0	0	0	0
DIATSA_LOCUS4722	0	0	0	0	0	0
DIATSA_LOCUS4723	4	4	4	7	7	7
DIATSA_LOCUS4724	0	0	0	0	0	0
DIATSA_LOCUS4725	8	8	8	13	12	12
DIATSA_LOCUS4726	1	1	1	0	0	0
DIATSA_LOCUS4727	2	2	2	4	4	4
DIATSA_LOCUS4728	0	0	0	0	0	0
DIATSA_LOCUS4729	7	7	7	7	7	7
DIATSA_LOCUS473	1	1	1	2	2	2
DIATSA_LOCUS4730	16	17	17	25	24	24
DIATSA_LOCUS4731	0	0	0	0	0	0
DIATSA_LOCUS4732	0	0	0	0	0	0
DIATSA_LOCUS4733	10	10	10	12	12	12
DIATSA_LOCUS4734	13	13	13	14	14	14
DIATSA_LOCUS4735	5	5	4	6	6	6
DIATSA_LOCUS4736	7	7	7	12	11	11
DIATSA_LOCUS4737	6	6	6	8	8	8
DIATSA_LOCUS4738	241	245	245	333	328	327
DIATSA_LOCUS4739	1	1	1	3	3	3
DIATSA_LOCUS474	0	0	0	0	0	0
DIATSA_LOCUS4740	43	44	44	54	54	54
DIATSA_LOCUS4741	0	0	0	0	0	0
DIATSA_LOCUS4742	0	0	0	0	0	0
DIATSA_LOCUS4743	0	0	0	0	0	0
DIATSA_LOCUS4744	3	3	3	1	1	1
DIATSA_LOCUS4745	0	0	0	0	0	0
DIATSA_LOCUS4746	0	0	0	0	0	0
DIATSA_LOCUS4747	1	1	1	2	2	2
DIATSA_LOCUS4748	3	3	3	5	5	5
DIATSA_LOCUS4749	4	4	4	3	3	3
DIATSA_LOCUS475	0	0	0	0	0	0
DIATSA_LOCUS4750	0	0	0	0	0	0
DIATSA_LOCUS4751	2	2	2	1	1	1
DIATSA_LOCUS4752	0	0	0	0	0	0
DIATSA_LOCUS4753	11	11	11	6	6	6
DIATSA_LOCUS4754	0	0	0	0	0	0
DIATSA_LOCUS4755	3	3	3	3	3	3
DIATSA_LOCUS4756	2	2	2	0	0	0
DIATSA_LOCUS4757	9	9	9	8	8	8
DIATSA_LOCUS4758	0	1	0	1	1	1
DIATSA_LOCUS4759	1	1	1	0	1	1
DIATSA_LOCUS476	0	0	0	0	0	0
DIATSA_LOCUS4760	0	0	0	0	0	0
DIATSA_LOCUS4761	5	5	5	3	3	3
DIATSA_LOCUS4762	0	0	0	0	0	0
DIATSA_LOCUS4763	0	0	0	0	0	0
DIATSA_LOCUS4764	1	0	0	0	0	0
DIATSA_LOCUS4765	1	1	1	2	2	2
DIATSA_LOCUS4766	0	0	0	0	0	0
DIATSA_LOCUS4767	1	1	1	0	0	0
DIATSA_LOCUS4768	0	0	0	0	0	0
DIATSA_LOCUS4769	0	0	0	0	0	0
DIATSA_LOCUS477	1	1	1	0	0	0
DIATSA_LOCUS4770	0	0	0	0	0	0
DIATSA_LOCUS4771	50	51	52	67	65	65
DIATSA_LOCUS4772	0	0	0	0	0	0
DIATSA_LOCUS4773	8	9	8	21	20	19
DIATSA_LOCUS4774	2	2	2	1	1	1
DIATSA_LOCUS4775	1	1	1	1	1	1
DIATSA_LOCUS4776	0	0	0	0	0	0
DIATSA_LOCUS4777	0	0	0	0	0	0
DIATSA_LOCUS4778	0	0	0	0	0	0
DIATSA_LOCUS4779	0	0	0	0	0	0
DIATSA_LOCUS478	270	270	270	454	455	453
DIATSA_LOCUS4780	0	0	0	1	1	1
DIATSA_LOCUS4781	0	0	0	0	0	0
DIATSA_LOCUS4782	0	0	0	1	1	1
DIATSA_LOCUS4783	0	0	0	0	0	0
DIATSA_LOCUS4784	0	0	0	0	0	0
DIATSA_LOCUS4785	5	5	5	8	8	8
DIATSA_LOCUS4786	3	3	3	5	5	5
DIATSA_LOCUS4787	5	5	5	4	3	3
DIATSA_LOCUS4788	0	0	0	1	1	1
DIATSA_LOCUS4789	0	0	0	0	0	0
DIATSA_LOCUS479	0	0	0	0	0	0
DIATSA_LOCUS4790	1	1	1	0	0	0
DIATSA_LOCUS4791	5	5	5	5	4	4
DIATSA_LOCUS4792	48	49	48	62	62	61
DIATSA_LOCUS4793	1	1	1	1	1	1
DIATSA_LOCUS4794	10	9	9	8	8	9
DIATSA_LOCUS4795	0	0	0	0	0	0
DIATSA_LOCUS4796	1	1	1	0	0	0
DIATSA_LOCUS4797	0	0	0	0	0	0
DIATSA_LOCUS4798	1	1	1	2	2	2
DIATSA_LOCUS4799	0	0	0	0	0	0
DIATSA_LOCUS48	0	0	0	0	0	0
DIATSA_LOCUS480	4	4	4	7	7	7
DIATSA_LOCUS4800	5	5	4	3	3	3
DIATSA_LOCUS4801	16	16	16	6	6	6
DIATSA_LOCUS4802	0	0	0	0	0	0
DIATSA_LOCUS4803	1	1	1	1	2	2
DIATSA_LOCUS4804	0	0	0	0	0	0
DIATSA_LOCUS4805	0	0	0	0	0	0
DIATSA_LOCUS4806	0	0	0	0	0	0
DIATSA_LOCUS4807	18	17	17	17	18	18
DIATSA_LOCUS4808	58	60	60	42	41	41
DIATSA_LOCUS4809	3	3	3	4	3	3
DIATSA_LOCUS481	0	0	0	0	0	0
DIATSA_LOCUS4810	0	0	0	0	0	0
DIATSA_LOCUS4811	0	0	0	0	0	0
DIATSA_LOCUS4812	0	0	0	0	0	0
DIATSA_LOCUS4813	0	0	0	0	0	0
DIATSA_LOCUS4814	0	0	0	0	0	0
DIATSA_LOCUS4815	0	0	0	0	0	0
DIATSA_LOCUS4816	3	2	2	2	2	2
DIATSA_LOCUS4817	1	1	1	0	0	0
DIATSA_LOCUS4818	1	1	1	0	0	0
DIATSA_LOCUS4819	0	0	0	0	0	0
DIATSA_LOCUS482	0	0	0	1	1	1
DIATSA_LOCUS4820	0	0	0	0	0	0
DIATSA_LOCUS4821	3	3	3	4	4	4
DIATSA_LOCUS4822	1	2	1	2	2	2
DIATSA_LOCUS4823	7	6	6	16	18	18
DIATSA_LOCUS4824	56	58	59	122	117	117
DIATSA_LOCUS4825	15	15	15	15	15	15
DIATSA_LOCUS4826	0	0	0	0	0	0
DIATSA_LOCUS4827	31	29	29	22	24	24
DIATSA_LOCUS4828	0	0	0	0	0	0
DIATSA_LOCUS4829	0	0	0	0	0	0
DIATSA_LOCUS483	0	0	0	0	0	0
DIATSA_LOCUS4830	1	1	1	1	0	1
DIATSA_LOCUS4831	1	1	1	2	2	2
DIATSA_LOCUS4832	8	8	8	4	4	4
DIATSA_LOCUS4833	2	2	2	1	1	1
DIATSA_LOCUS4834	0	0	0	0	0	0
DIATSA_LOCUS4835	0	0	0	0	0	0
DIATSA_LOCUS4836	0	0	0	0	0	0
DIATSA_LOCUS4837	3	3	3	2	2	2
DIATSA_LOCUS4838	0	0	0	0	0	0
DIATSA_LOCUS4839	2	2	2	0	0	0
DIATSA_LOCUS484	0	0	0	0	0	0
DIATSA_LOCUS4840	1	1	1	0	0	0
DIATSA_LOCUS4841	0	0	0	0	0	0
DIATSA_LOCUS4842	4	4	4	4	4	4
DIATSA_LOCUS4843	18	18	18	26	26	26
DIATSA_LOCUS4844	0	0	0	0	0	0
DIATSA_LOCUS4845	152	152	151	260	264	260
DIATSA_LOCUS4846	5	4	4	0	1	1
DIATSA_LOCUS4847	5	4	4	0	0	0
DIATSA_LOCUS4848	65	63	64	46	46	47
DIATSA_LOCUS4849	6	6	6	3	3	3
DIATSA_LOCUS485	0	0	0	0	0	0
DIATSA_LOCUS4850	1	0	0	0	0	0
DIATSA_LOCUS4851	6	5	5	5	5	5
DIATSA_LOCUS4852	2	2	2	4	5	5
DIATSA_LOCUS4853	8	8	9	4	4	4
DIATSA_LOCUS4854	0	0	0	0	0	0
DIATSA_LOCUS4855	5	5	5	2	2	2
DIATSA_LOCUS4856	56	56	56	47	47	47
DIATSA_LOCUS4857	0	0	0	0	0	0
DIATSA_LOCUS4858	0	0	0	1	1	1
DIATSA_LOCUS4859	1	0	1	1	1	1
DIATSA_LOCUS486	0	0	0	0	0	0
DIATSA_LOCUS4860	6	6	6	3	3	3
DIATSA_LOCUS4861	0	0	0	0	1	1
DIATSA_LOCUS4862	17	17	17	20	21	21
DIATSA_LOCUS4863	3	4	4	6	6	6
DIATSA_LOCUS4864	0	0	0	0	0	0
DIATSA_LOCUS4865	1	1	1	0	0	0
DIATSA_LOCUS4866	1	1	1	0	0	0
DIATSA_LOCUS4867	3	2	3	3	3	3
DIATSA_LOCUS4868	0	0	0	0	0	0
DIATSA_LOCUS4869	1	1	1	0	0	0
DIATSA_LOCUS487	0	0	0	0	0	0
DIATSA_LOCUS4870	0	0	0	0	0	0
DIATSA_LOCUS4871	1	1	1	0	0	0
DIATSA_LOCUS4872	0	0	0	0	0	0
DIATSA_LOCUS4873	21	22	22	11	10	10
DIATSA_LOCUS4874	0	0	1	1	1	1
DIATSA_LOCUS4875	8	8	8	13	14	13
DIATSA_LOCUS4876	0	0	0	0	0	0
DIATSA_LOCUS4877	0	0	0	0	0	0
DIATSA_LOCUS4878	1	1	1	0	0	0
DIATSA_LOCUS4879	8	7	7	7	7	7
DIATSA_LOCUS488	0	0	0	0	0	0
DIATSA_LOCUS4880	4	4	4	5	5	5
DIATSA_LOCUS4881	19	19	19	30	31	30
DIATSA_LOCUS4882	0	0	0	2	2	2
DIATSA_LOCUS4883	0	0	0	1	1	1
DIATSA_LOCUS4884	1	1	1	2	2	2
DIATSA_LOCUS4885	1	0	0	0	0	0
DIATSA_LOCUS4886	0	0	0	0	0	0
DIATSA_LOCUS4887	0	0	0	0	0	0
DIATSA_LOCUS4888	1	2	2	2	1	1
DIATSA_LOCUS4889	0	0	0	0	0	0
DIATSA_LOCUS489	1	1	1	0	0	0
DIATSA_LOCUS4890	0	0	0	0	0	0
DIATSA_LOCUS4891	2	2	2	2	2	2
DIATSA_LOCUS4892	4	4	4	2	3	3
DIATSA_LOCUS4893	9	9	9	2	1	1
DIATSA_LOCUS4894	72	71	71	92	93	93
DIATSA_LOCUS4895	0	0	0	0	0	0
DIATSA_LOCUS4896	0	0	0	0	0	0
DIATSA_LOCUS4897	0	0	0	0	0	0
DIATSA_LOCUS4898	0	0	0	0	0	0
DIATSA_LOCUS4899	1	1	1	1	1	1
DIATSA_LOCUS49	44	44	44	38	38	38
DIATSA_LOCUS490	0	0	0	0	0	0
DIATSA_LOCUS4900	0	0	0	0	0	0
DIATSA_LOCUS4901	0	0	0	0	0	0
DIATSA_LOCUS4902	0	0	1	0	0	0
DIATSA_LOCUS4903	9	9	9	13	13	13
DIATSA_LOCUS4904	1	1	1	1	2	2
DIATSA_LOCUS4905	1	1	0	1	1	1
DIATSA_LOCUS4906	0	0	0	0	0	0
DIATSA_LOCUS4907	0	0	0	1	0	1
DIATSA_LOCUS4908	4	3	3	3	4	4
DIATSA_LOCUS4909	0	0	0	0	0	0
DIATSA_LOCUS491	0	0	0	0	0	0
DIATSA_LOCUS4910	3	3	3	3	3	3
DIATSA_LOCUS4911	0	0	0	0	0	0
DIATSA_LOCUS4912	0	0	0	0	0	0
DIATSA_LOCUS4913	2	2	2	0	0	0
DIATSA_LOCUS4914	0	1	1	0	0	0
DIATSA_LOCUS4915	1	1	1	1	1	1
DIATSA_LOCUS4916	5	5	5	10	10	10
DIATSA_LOCUS4917	0	0	0	0	0	0
DIATSA_LOCUS4918	0	0	0	0	0	0
DIATSA_LOCUS4919	5	5	5	9	9	9
DIATSA_LOCUS492	0	0	0	0	0	0
DIATSA_LOCUS4920	0	0	0	2	2	2
DIATSA_LOCUS4921	0	0	0	0	0	0
DIATSA_LOCUS4922	0	0	0	0	0	0
DIATSA_LOCUS4923	1	1	1	0	0	0
DIATSA_LOCUS4924	0	0	0	0	0	0
DIATSA_LOCUS4925	0	0	0	0	0	0
DIATSA_LOCUS4926	1	0	0	0	0	0
DIATSA_LOCUS4927	0	0	0	0	0	0
DIATSA_LOCUS4928	0	0	0	0	0	0
DIATSA_LOCUS4929	0	0	0	0	0	0
DIATSA_LOCUS493	0	0	0	0	0	0
DIATSA_LOCUS4930	2	2	2	0	0	0
DIATSA_LOCUS4931	2	2	2	4	3	3
DIATSA_LOCUS4932	11	11	11	16	16	16
DIATSA_LOCUS4933	1	1	1	1	1	1
DIATSA_LOCUS4934	20	20	20	28	28	28
DIATSA_LOCUS4935	2	2	2	2	2	2
DIATSA_LOCUS4936	1	1	1	2	2	2
DIATSA_LOCUS4937	4	4	4	7	7	7
DIATSA_LOCUS4938	0	0	0	1	1	1
DIATSA_LOCUS4939	8	7	7	10	11	11
DIATSA_LOCUS494	0	0	0	0	0	0
DIATSA_LOCUS4940	0	0	0	1	1	1
DIATSA_LOCUS4941	0	0	0	2	2	2
DIATSA_LOCUS4942	0	0	0	0	0	0
DIATSA_LOCUS4943	1	1	1	0	0	0
DIATSA_LOCUS4944	39	39	39	85	85	84
DIATSA_LOCUS4945	9	9	9	11	11	11
DIATSA_LOCUS4946	22	21	21	20	21	20
DIATSA_LOCUS4947	0	0	0	1	1	1
DIATSA_LOCUS4948	4	4	4	2	2	2
DIATSA_LOCUS4949	2	2	2	2	2	2
DIATSA_LOCUS495	0	0	0	0	0	0
DIATSA_LOCUS4950	0	0	0	0	0	0
DIATSA_LOCUS4951	0	0	0	0	0	0
DIATSA_LOCUS4952	3	7	7	1	0	0
DIATSA_LOCUS4953	2	2	2	1	1	1
DIATSA_LOCUS4954	1	2	2	3	3	3
DIATSA_LOCUS4955	1	1	1	0	0	0
DIATSA_LOCUS4956	19	19	19	22	21	21
DIATSA_LOCUS4957	0	0	0	0	0	0
DIATSA_LOCUS4958	0	0	0	0	0	0
DIATSA_LOCUS4959	35	35	35	44	44	44
DIATSA_LOCUS496	0	0	0	0	0	0
DIATSA_LOCUS4960	1	1	1	1	1	1
DIATSA_LOCUS4961	0	0	0	0	0	0
DIATSA_LOCUS4962	1	1	1	3	3	3
DIATSA_LOCUS4963	0	0	0	0	0	0
DIATSA_LOCUS4964	3	3	3	0	0	0
DIATSA_LOCUS4965	18	18	18	22	22	22
DIATSA_LOCUS4966	0	0	0	0	0	0
DIATSA_LOCUS4967	0	0	0	0	0	0
DIATSA_LOCUS4968	31	32	32	30	29	29
DIATSA_LOCUS4969	1	1	1	2	2	2
DIATSA_LOCUS497	0	0	0	0	0	0
DIATSA_LOCUS4970	6	6	7	6	6	6
DIATSA_LOCUS4971	0	0	0	1	1	1
DIATSA_LOCUS4972	0	0	0	0	0	0
DIATSA_LOCUS4973	1	1	1	1	1	1
DIATSA_LOCUS4974	4	5	5	1	1	1
DIATSA_LOCUS4975	4	4	4	6	6	6
DIATSA_LOCUS4976	5	5	5	6	7	6
DIATSA_LOCUS4977	3	3	3	3	3	3
DIATSA_LOCUS4978	0	0	0	0	0	0
DIATSA_LOCUS4979	0	0	0	0	0	0
DIATSA_LOCUS498	0	0	0	0	0	0
DIATSA_LOCUS4980	1	1	1	0	1	1
DIATSA_LOCUS4981	0	0	0	0	0	0
DIATSA_LOCUS4982	2	3	3	1	1	1
DIATSA_LOCUS4983	11	11	10	16	16	16
DIATSA_LOCUS4984	0	0	0	0	0	0
DIATSA_LOCUS4985	0	0	0	0	0	0
DIATSA_LOCUS4986	0	0	0	0	0	0
DIATSA_LOCUS4987	0	0	0	0	0	0
DIATSA_LOCUS4988	0	0	0	0	0	0
DIATSA_LOCUS4989	17	17	17	18	18	18
DIATSA_LOCUS499	0	0	0	0	0	0
DIATSA_LOCUS4990	0	0	0	0	0	0
DIATSA_LOCUS4991	1	2	1	0	0	0
DIATSA_LOCUS4992	0	0	0	0	0	0
DIATSA_LOCUS4993	1	1	1	0	0	0
DIATSA_LOCUS4994	0	0	0	0	0	0
DIATSA_LOCUS4995	0	0	0	0	0	0
DIATSA_LOCUS4996	0	0	0	0	0	0
DIATSA_LOCUS4997	4	4	4	3	3	3
DIATSA_LOCUS4998	3	2	2	2	2	2
DIATSA_LOCUS4999	2	2	2	0	0	0
DIATSA_LOCUS5	26	26	26	35	35	35
DIATSA_LOCUS50	0	0	0	0	0	0
DIATSA_LOCUS500	0	0	0	0	0	0
DIATSA_LOCUS5000	137	136	137	209	209	210
DIATSA_LOCUS5001	0	0	0	0	0	0
DIATSA_LOCUS5002	0	0	0	0	0	0
DIATSA_LOCUS5003	0	0	0	0	0	0
DIATSA_LOCUS5004	0	0	0	0	0	0
DIATSA_LOCUS5005	0	0	0	0	0	0
DIATSA_LOCUS5006	9	9	9	10	10	10
DIATSA_LOCUS5007	0	0	0	0	0	0
DIATSA_LOCUS5008	0	0	0	0	0	0
DIATSA_LOCUS5009	0	0	0	0	0	0
DIATSA_LOCUS501	0	0	0	0	0	0
DIATSA_LOCUS5010	0	0	0	0	0	0
DIATSA_LOCUS5011	3	3	3	3	3	3
DIATSA_LOCUS5012	0	0	0	0	0	0
DIATSA_LOCUS5013	1	1	1	0	0	0
DIATSA_LOCUS5014	0	0	0	0	0	0
DIATSA_LOCUS5015	0	0	0	0	0	0
DIATSA_LOCUS5016	0	1	0	0	0	0
DIATSA_LOCUS5017	0	0	0	0	0	0
DIATSA_LOCUS5018	0	0	0	0	0	0
DIATSA_LOCUS5019	2	2	2	0	0	0
DIATSA_LOCUS502	0	0	0	0	0	0
DIATSA_LOCUS5020	0	0	0	0	0	0
DIATSA_LOCUS5021	0	0	0	0	0	0
DIATSA_LOCUS5022	0	0	0	0	0	0
DIATSA_LOCUS5023	17	17	16	36	36	37
DIATSA_LOCUS5024	0	0	0	0	0	0
DIATSA_LOCUS5025	9	10	10	8	8	8
DIATSA_LOCUS5026	0	0	0	0	0	0
DIATSA_LOCUS5027	1	2	2	0	0	0
DIATSA_LOCUS5028	0	0	0	0	0	0
DIATSA_LOCUS5029	0	1	1	1	0	0
DIATSA_LOCUS503	0	0	0	0	0	0
DIATSA_LOCUS5030	2	2	2	3	3	3
DIATSA_LOCUS5031	0	0	0	0	0	0
DIATSA_LOCUS5032	0	0	0	0	0	0
DIATSA_LOCUS5033	0	0	0	0	0	0
DIATSA_LOCUS5034	1	1	1	1	1	1
DIATSA_LOCUS5035	5	4	4	5	6	6
DIATSA_LOCUS5036	0	0	0	0	0	0
DIATSA_LOCUS5037	3	3	3	2	2	2
DIATSA_LOCUS5038	0	0	0	0	0	0
DIATSA_LOCUS5039	0	0	0	0	0	0
DIATSA_LOCUS504	5	5	5	7	7	7
DIATSA_LOCUS5040	0	0	0	0	0	0
DIATSA_LOCUS5041	0	0	0	0	0	0
DIATSA_LOCUS5042	7	7	7	10	10	10
DIATSA_LOCUS5043	0	0	0	0	0	0
DIATSA_LOCUS5044	0	0	0	1	1	1
DIATSA_LOCUS5045	37	38	38	41	41	41
DIATSA_LOCUS5046	6	6	6	1	1	1
DIATSA_LOCUS5047	6	6	6	0	0	0
DIATSA_LOCUS5048	5	4	4	2	3	3
DIATSA_LOCUS5049	0	0	0	0	0	0
DIATSA_LOCUS505	0	0	0	0	0	0
DIATSA_LOCUS5050	1	1	1	1	1	1
DIATSA_LOCUS5051	0	0	0	0	0	0
DIATSA_LOCUS5052	0	0	0	0	0	0
DIATSA_LOCUS5053	2	2	2	6	6	6
DIATSA_LOCUS5054	4	4	4	11	11	11
DIATSA_LOCUS5055	0	0	0	1	1	1
DIATSA_LOCUS5056	0	0	0	0	0	0
DIATSA_LOCUS5057	1	1	1	3	3	3
DIATSA_LOCUS5058	0	0	0	16	17	17
DIATSA_LOCUS5059	2	2	2	1	1	1
DIATSA_LOCUS506	0	0	0	0	0	0
DIATSA_LOCUS5060	1	1	1	0	0	0
DIATSA_LOCUS5061	0	0	0	0	0	0
DIATSA_LOCUS5062	1	1	1	3	3	2
DIATSA_LOCUS5063	1	1	1	1	1	1
DIATSA_LOCUS5064	9	9	9	10	10	10
DIATSA_LOCUS5065	0	0	0	0	0	0
DIATSA_LOCUS5066	0	0	0	0	0	0
DIATSA_LOCUS5067	0	0	0	0	0	0
DIATSA_LOCUS5068	0	0	0	0	0	0
DIATSA_LOCUS5069	28	30	30	32	30	30
DIATSA_LOCUS507	1	1	1	2	2	2
DIATSA_LOCUS5070	0	0	0	0	0	0
DIATSA_LOCUS5071	0	0	0	0	0	0
DIATSA_LOCUS5072	0	0	0	4	2	2
DIATSA_LOCUS5073	0	0	0	0	0	0
DIATSA_LOCUS5074	0	0	0	0	0	0
DIATSA_LOCUS5075	0	0	0	0	0	0
DIATSA_LOCUS5076	0	0	0	0	0	0
DIATSA_LOCUS5077	1	0	0	2	2	2
DIATSA_LOCUS5078	0	0	0	0	0	0
DIATSA_LOCUS5079	0	0	0	0	0	0
DIATSA_LOCUS508	4	5	5	3	2	2
DIATSA_LOCUS5080	0	0	0	1	1	1
DIATSA_LOCUS5081	0	0	0	0	0	0
DIATSA_LOCUS5082	0	0	0	0	0	0
DIATSA_LOCUS5083	0	0	0	0	0	0
DIATSA_LOCUS5084	0	0	0	0	0	1
DIATSA_LOCUS5085	0	0	0	0	0	0
DIATSA_LOCUS5086	7	7	7	7	7	7
DIATSA_LOCUS5087	0	0	0	0	0	0
DIATSA_LOCUS5088	0	0	0	0	0	0
DIATSA_LOCUS5089	0	0	0	0	0	0
DIATSA_LOCUS509	1	1	1	0	0	0
DIATSA_LOCUS5090	0	0	0	0	0	0
DIATSA_LOCUS5091	0	1	1	0	0	0
DIATSA_LOCUS5092	0	0	0	0	0	0
DIATSA_LOCUS5093	0	0	0	0	0	0
DIATSA_LOCUS5094	0	0	0	0	0	0
DIATSA_LOCUS5095	4	4	4	6	6	6
DIATSA_LOCUS5096	0	0	0	1	1	1
DIATSA_LOCUS5097	1	1	1	2	2	2
DIATSA_LOCUS5098	0	0	0	0	0	0
DIATSA_LOCUS5099	0	1	1	3	2	2
DIATSA_LOCUS51	0	1	1	0	0	0
DIATSA_LOCUS510	0	0	0	0	0	0
DIATSA_LOCUS5100	18	18	18	16	17	17
DIATSA_LOCUS5101	3	3	3	4	4	4
DIATSA_LOCUS5102	4	4	4	4	5	4
DIATSA_LOCUS5103	0	0	0	0	0	0
DIATSA_LOCUS5104	1	1	1	0	0	0
DIATSA_LOCUS5105	0	0	0	0	0	0
DIATSA_LOCUS5106	0	0	0	0	0	0
DIATSA_LOCUS5107	3	3	3	1	1	1
DIATSA_LOCUS5108	71	70	70	42	42	42
DIATSA_LOCUS5109	0	0	0	0	0	0
DIATSA_LOCUS511	0	0	0	0	0	0
DIATSA_LOCUS5110	0	0	0	0	0	0
DIATSA_LOCUS5111	22	22	22	11	11	11
DIATSA_LOCUS5112	0	0	0	0	0	0
DIATSA_LOCUS5113	0	0	0	0	0	0
DIATSA_LOCUS5114	1	1	1	1	1	1
DIATSA_LOCUS5115	15	15	15	17	18	17
DIATSA_LOCUS5116	3	3	3	7	7	7
DIATSA_LOCUS5117	25	26	26	14	14	14
DIATSA_LOCUS5118	2	2	2	2	2	2
DIATSA_LOCUS5119	2	2	2	3	3	3
DIATSA_LOCUS512	1	1	1	1	1	1
DIATSA_LOCUS5120	321	302	304	556	583	591
DIATSA_LOCUS5121	1	1	1	1	1	1
DIATSA_LOCUS5122	5	6	6	6	6	6
DIATSA_LOCUS5123	1	1	1	0	0	0
DIATSA_LOCUS5124	2	1	1	3	3	3
DIATSA_LOCUS5125	0	0	0	0	0	0
DIATSA_LOCUS5126	312	316	318	461	453	454
DIATSA_LOCUS5127	1	1	1	0	0	0
DIATSA_LOCUS5128	0	0	0	0	0	0
DIATSA_LOCUS5129	0	0	0	0	0	0
DIATSA_LOCUS513	0	0	0	0	0	0
DIATSA_LOCUS5130	0	0	0	0	0	0
DIATSA_LOCUS5131	0	0	0	0	0	0
DIATSA_LOCUS5132	0	0	0	0	0	0
DIATSA_LOCUS5133	13	13	13	9	9	9
DIATSA_LOCUS5134	0	0	0	0	0	0
DIATSA_LOCUS5135	0	0	0	0	0	0
DIATSA_LOCUS5136	0	0	0	0	0	0
DIATSA_LOCUS5137	0	0	0	0	0	0
DIATSA_LOCUS5138	0	0	0	0	0	0
DIATSA_LOCUS5139	7	7	7	9	9	9
DIATSA_LOCUS514	0	0	0	0	0	0
DIATSA_LOCUS5140	1	1	1	1	1	1
DIATSA_LOCUS5141	0	0	0	0	0	0
DIATSA_LOCUS5142	0	0	0	0	0	0
DIATSA_LOCUS5143	0	0	0	0	0	0
DIATSA_LOCUS5144	0	0	0	1	1	1
DIATSA_LOCUS5145	97	97	98	97	97	96
DIATSA_LOCUS5146	7	7	7	6	6	6
DIATSA_LOCUS5147	0	0	0	0	0	0
DIATSA_LOCUS5148	9	10	9	12	12	12
DIATSA_LOCUS5149	2	2	2	2	2	2
DIATSA_LOCUS515	9	9	9	13	14	14
DIATSA_LOCUS5150	5	5	5	6	5	5
DIATSA_LOCUS5151	2	2	2	1	1	1
DIATSA_LOCUS5152	0	0	0	0	0	0
DIATSA_LOCUS5153	0	0	0	0	0	0
DIATSA_LOCUS5154	8	8	8	6	6	6
DIATSA_LOCUS5155	0	0	0	0	0	0
DIATSA_LOCUS5156	0	0	0	0	0	0
DIATSA_LOCUS5157	6	6	7	2	2	3
DIATSA_LOCUS5158	2	2	2	1	1	1
DIATSA_LOCUS5159	0	0	0	0	0	0
DIATSA_LOCUS516	1	2	1	2	2	2
DIATSA_LOCUS5160	0	0	0	0	0	0
DIATSA_LOCUS5161	0	0	0	0	0	0
DIATSA_LOCUS5162	0	0	0	0	0	0
DIATSA_LOCUS5163	0	0	0	0	0	0
DIATSA_LOCUS5164	1	0	0	0	0	0
DIATSA_LOCUS5165	0	0	0	1	1	1
DIATSA_LOCUS5166	0	0	0	0	0	0
DIATSA_LOCUS5167	2	2	2	0	0	0
DIATSA_LOCUS5168	0	0	0	0	0	0
DIATSA_LOCUS5169	0	0	0	0	0	0
DIATSA_LOCUS517	0	0	0	0	0	0
DIATSA_LOCUS5170	0	0	0	0	0	0
DIATSA_LOCUS5171	0	0	0	0	0	0
DIATSA_LOCUS5172	0	0	0	0	0	0
DIATSA_LOCUS5173	0	0	0	0	0	0
DIATSA_LOCUS5174	1	1	1	0	0	0
DIATSA_LOCUS5175	0	0	0	0	0	0
DIATSA_LOCUS5176	0	0	0	0	0	0
DIATSA_LOCUS5177	0	0	0	0	0	0
DIATSA_LOCUS5178	0	0	0	0	0	0
DIATSA_LOCUS5179	0	0	0	0	0	0
DIATSA_LOCUS518	0	0	0	0	0	0
DIATSA_LOCUS5180	0	0	0	0	0	0
DIATSA_LOCUS5181	2	2	2	2	2	2
DIATSA_LOCUS5182	5	5	5	9	9	8
DIATSA_LOCUS5183	0	0	0	0	0	0
DIATSA_LOCUS5184	2	3	3	2	2	2
DIATSA_LOCUS5185	23	22	23	24	25	25
DIATSA_LOCUS5186	3	3	3	5	5	5
DIATSA_LOCUS5187	0	0	0	0	0	0
DIATSA_LOCUS5188	4	4	4	5	5	5
DIATSA_LOCUS5189	4	4	4	5	5	5
DIATSA_LOCUS519	0	0	0	0	0	0
DIATSA_LOCUS5190	0	1	0	1	1	1
DIATSA_LOCUS5191	0	0	0	0	0	0
DIATSA_LOCUS5192	0	0	0	0	0	0
DIATSA_LOCUS5193	0	0	0	0	0	0
DIATSA_LOCUS5194	0	0	0	0	0	0
DIATSA_LOCUS5195	15	15	15	16	16	16
DIATSA_LOCUS5196	26	26	26	34	34	34
DIATSA_LOCUS5197	0	0	0	0	0	0
DIATSA_LOCUS5198	9	9	9	4	4	4
DIATSA_LOCUS5199	0	0	0	0	0	0
DIATSA_LOCUS52	0	0	0	0	0	0
DIATSA_LOCUS520	0	0	0	0	0	0
DIATSA_LOCUS5200	6	6	6	7	7	7
DIATSA_LOCUS5201	0	0	0	0	0	0
DIATSA_LOCUS5202	0	0	0	0	0	0
DIATSA_LOCUS5203	0	0	0	0	0	0
DIATSA_LOCUS5204	0	0	0	0	0	0
DIATSA_LOCUS5205	0	0	0	0	0	0
DIATSA_LOCUS5206	0	0	0	0	0	0
DIATSA_LOCUS5207	2	3	3	1	1	1
DIATSA_LOCUS5208	1	1	1	2	2	2
DIATSA_LOCUS5209	0	0	0	0	0	0
DIATSA_LOCUS521	0	0	0	1	1	1
DIATSA_LOCUS5210	656	636	639	892	915	918
DIATSA_LOCUS5211	2	3	3	2	2	2
DIATSA_LOCUS5212	0	0	0	0	0	0
DIATSA_LOCUS5213	3	4	4	1	1	1
DIATSA_LOCUS5214	329	328	329	560	561	562
DIATSA_LOCUS5215	4	4	3	1	1	1
DIATSA_LOCUS5216	5	5	5	9	10	10
DIATSA_LOCUS5217	11	11	11	14	14	14
DIATSA_LOCUS5218	1	1	1	0	0	0
DIATSA_LOCUS5219	0	0	0	0	0	0
DIATSA_LOCUS522	0	0	0	0	0	0
DIATSA_LOCUS5220	8	8	8	6	6	6
DIATSA_LOCUS5221	0	0	0	0	0	0
DIATSA_LOCUS5222	398	389	398	262	260	269
DIATSA_LOCUS5223	21	21	21	30	30	30
DIATSA_LOCUS5224	0	0	0	0	0	0
DIATSA_LOCUS5225	0	0	0	0	0	0
DIATSA_LOCUS5226	0	0	0	0	0	0
DIATSA_LOCUS5227	56	57	57	62	61	61
DIATSA_LOCUS5228	13	12	13	18	19	19
DIATSA_LOCUS5229	0	0	0	0	0	0
DIATSA_LOCUS523	0	0	0	0	0	0
DIATSA_LOCUS5230	5	5	5	9	8	8
DIATSA_LOCUS5231	2	2	2	3	2	2
DIATSA_LOCUS5232	0	0	0	0	0	0
DIATSA_LOCUS5233	1	1	1	1	2	2
DIATSA_LOCUS5234	2	2	2	2	2	2
DIATSA_LOCUS5235	13	12	12	11	11	11
DIATSA_LOCUS5236	63	64	63	73	73	72
DIATSA_LOCUS5237	0	0	0	0	0	0
DIATSA_LOCUS5238	0	0	0	0	0	0
DIATSA_LOCUS5239	0	0	0	0	0	0
DIATSA_LOCUS524	3	3	3	4	4	4
DIATSA_LOCUS5240	0	0	0	0	0	0
DIATSA_LOCUS5241	2	2	2	3	3	3
DIATSA_LOCUS5242	0	0	0	0	0	0
DIATSA_LOCUS5243	0	0	0	0	0	0
DIATSA_LOCUS5244	0	0	0	0	0	0
DIATSA_LOCUS5245	0	0	0	0	0	0
DIATSA_LOCUS5246	0	0	0	0	0	0
DIATSA_LOCUS5247	0	0	0	0	0	0
DIATSA_LOCUS5248	0	0	0	0	0	0
DIATSA_LOCUS5249	0	0	0	0	0	0
DIATSA_LOCUS525	9	9	9	4	4	4
DIATSA_LOCUS5250	0	0	0	0	0	0
DIATSA_LOCUS5251	0	0	0	0	0	0
DIATSA_LOCUS5252	0	0	0	0	0	0
DIATSA_LOCUS5253	3	3	3	1	1	1
DIATSA_LOCUS5254	0	0	0	0	0	0
DIATSA_LOCUS5255	0	0	0	0	0	0
DIATSA_LOCUS5256	0	0	0	0	0	0
DIATSA_LOCUS5257	0	0	0	0	0	0
DIATSA_LOCUS5258	1	1	1	0	0	0
DIATSA_LOCUS5259	0	0	0	0	0	0
DIATSA_LOCUS526	0	0	0	0	0	0
DIATSA_LOCUS5260	0	0	0	0	0	0
DIATSA_LOCUS5261	0	0	0	0	0	0
DIATSA_LOCUS5262	0	0	0	0	0	0
DIATSA_LOCUS5263	0	0	0	0	0	0
DIATSA_LOCUS5264	0	0	0	0	0	0
DIATSA_LOCUS5265	0	0	0	0	0	0
DIATSA_LOCUS5266	0	0	0	0	0	0
DIATSA_LOCUS5267	0	0	0	0	0	0
DIATSA_LOCUS5268	0	0	0	0	0	0
DIATSA_LOCUS5269	0	0	0	0	0	0
DIATSA_LOCUS527	0	0	0	0	0	0
DIATSA_LOCUS5270	0	0	0	0	0	0
DIATSA_LOCUS5271	0	0	0	0	0	0
DIATSA_LOCUS5272	0	0	0	0	0	0
DIATSA_LOCUS5273	0	0	0	0	0	0
DIATSA_LOCUS5274	0	0	0	0	0	0
DIATSA_LOCUS5275	0	0	0	0	0	0
DIATSA_LOCUS5276	0	0	0	0	0	0
DIATSA_LOCUS5277	0	0	0	0	0	0
DIATSA_LOCUS5278	0	0	0	0	0	0
DIATSA_LOCUS5279	0	0	0	0	0	0
DIATSA_LOCUS528	0	0	0	0	0	0
DIATSA_LOCUS5280	0	0	0	2	1	1
DIATSA_LOCUS5281	0	0	0	0	0	0
DIATSA_LOCUS5282	0	0	0	0	0	0
DIATSA_LOCUS5283	2	2	2	2	2	2
DIATSA_LOCUS5284	2	2	2	3	3	3
DIATSA_LOCUS5285	0	0	0	0	0	0
DIATSA_LOCUS5286	0	0	0	0	0	0
DIATSA_LOCUS5287	0	0	0	0	0	0
DIATSA_LOCUS5288	0	0	0	0	0	0
DIATSA_LOCUS5289	3	3	3	0	0	0
DIATSA_LOCUS529	0	0	0	0	0	0
DIATSA_LOCUS5290	4	4	4	5	5	6
DIATSA_LOCUS5291	0	0	0	0	0	0
DIATSA_LOCUS5292	0	0	0	0	0	0
DIATSA_LOCUS5293	0	0	0	0	0	0
DIATSA_LOCUS5294	0	0	0	0	0	0
DIATSA_LOCUS5295	1	0	0	0	0	0
DIATSA_LOCUS5296	0	0	0	0	0	0
DIATSA_LOCUS5297	0	0	0	0	0	0
DIATSA_LOCUS5298	0	0	0	0	0	0
DIATSA_LOCUS5299	0	0	0	0	0	0
DIATSA_LOCUS53	0	1	1	0	0	0
DIATSA_LOCUS530	0	0	0	0	0	0
DIATSA_LOCUS5300	0	0	0	0	0	0
DIATSA_LOCUS5301	1	1	1	1	1	1
DIATSA_LOCUS5302	1	1	1	0	0	0
DIATSA_LOCUS5303	0	0	0	2	2	2
DIATSA_LOCUS5304	0	0	0	0	0	0
DIATSA_LOCUS5305	0	0	0	0	0	0
DIATSA_LOCUS5306	16	15	15	23	24	24
DIATSA_LOCUS5307	3	3	3	3	3	3
DIATSA_LOCUS5308	0	0	0	0	0	0
DIATSA_LOCUS5309	0	0	0	0	0	0
DIATSA_LOCUS531	0	0	0	0	0	0
DIATSA_LOCUS5310	26	27	27	39	38	38
DIATSA_LOCUS5311	4	4	4	3	3	3
DIATSA_LOCUS5312	12	12	12	14	15	15
DIATSA_LOCUS5313	24	25	25	23	22	22
DIATSA_LOCUS5314	95	94	95	64	64	64
DIATSA_LOCUS5315	0	0	0	1	0	0
DIATSA_LOCUS5316	0	0	0	0	0	0
DIATSA_LOCUS5317	0	0	0	0	0	0
DIATSA_LOCUS5318	8	8	8	10	10	10
DIATSA_LOCUS5319	2	2	2	3	3	3
DIATSA_LOCUS532	2	2	2	1	1	1
DIATSA_LOCUS5320	4	4	4	4	4	4
DIATSA_LOCUS5321	1	1	1	2	2	2
DIATSA_LOCUS5322	0	0	0	0	0	0
DIATSA_LOCUS5323	2	2	2	3	2	2
DIATSA_LOCUS5324	1	0	0	0	0	0
DIATSA_LOCUS5325	0	0	0	0	0	0
DIATSA_LOCUS5326	0	0	0	0	0	0
DIATSA_LOCUS5327	0	0	0	0	0	0
DIATSA_LOCUS5328	5	5	5	7	6	7
DIATSA_LOCUS5329	0	0	0	1	1	1
DIATSA_LOCUS533	0	0	0	0	0	0
DIATSA_LOCUS5330	1	1	1	1	1	1
DIATSA_LOCUS5331	0	0	0	0	0	0
DIATSA_LOCUS5332	0	0	0	0	0	0
DIATSA_LOCUS5333	2	2	2	1	1	1
DIATSA_LOCUS5334	2	3	3	1	1	1
DIATSA_LOCUS5335	1	1	1	2	1	1
DIATSA_LOCUS5336	3	3	3	3	3	3
DIATSA_LOCUS5337	0	0	0	0	0	0
DIATSA_LOCUS5338	0	0	0	0	0	0
DIATSA_LOCUS5339	5	5	5	2	2	2
DIATSA_LOCUS534	0	0	0	0	0	0
DIATSA_LOCUS5340	4	5	5	3	2	2
DIATSA_LOCUS5341	0	0	0	0	0	0
DIATSA_LOCUS5342	4	4	4	1	1	1
DIATSA_LOCUS5343	0	0	0	0	0	0
DIATSA_LOCUS5344	0	0	0	1	0	0
DIATSA_LOCUS5345	0	0	0	0	0	0
DIATSA_LOCUS5346	0	0	0	0	0	0
DIATSA_LOCUS5347	12	11	11	14	14	14
DIATSA_LOCUS5348	0	0	0	0	0	0
DIATSA_LOCUS5349	0	0	0	0	0	0
DIATSA_LOCUS535	0	0	0	0	0	0
DIATSA_LOCUS5350	1	0	0	0	0	0
DIATSA_LOCUS5351	0	0	0	0	0	0
DIATSA_LOCUS5352	0	0	0	0	0	0
DIATSA_LOCUS5353	0	0	0	1	1	1
DIATSA_LOCUS5354	1	1	1	2	1	1
DIATSA_LOCUS5355	0	0	0	0	0	0
DIATSA_LOCUS5356	0	0	0	0	0	0
DIATSA_LOCUS5357	0	0	0	0	0	0
DIATSA_LOCUS5358	1	1	1	1	1	1
DIATSA_LOCUS5359	0	0	0	0	0	0
DIATSA_LOCUS536	1	1	1	0	0	0
DIATSA_LOCUS5360	0	0	0	0	0	0
DIATSA_LOCUS5361	0	0	0	0	0	0
DIATSA_LOCUS5362	1	1	1	0	0	0
DIATSA_LOCUS5363	0	0	0	0	0	0
DIATSA_LOCUS5364	0	0	0	0	0	0
DIATSA_LOCUS5365	2	2	2	3	3	3
DIATSA_LOCUS5366	0	0	0	1	1	1
DIATSA_LOCUS5367	0	0	0	0	0	0
DIATSA_LOCUS5368	0	0	0	1	1	1
DIATSA_LOCUS5369	0	0	0	0	0	0
DIATSA_LOCUS537	0	0	0	0	0	0
DIATSA_LOCUS5370	1	1	1	3	3	3
DIATSA_LOCUS5371	0	0	0	0	0	0
DIATSA_LOCUS5372	0	0	0	0	0	0
DIATSA_LOCUS5373	3	3	3	2	2	2
DIATSA_LOCUS5374	7	7	7	10	9	9
DIATSA_LOCUS5375	6	5	5	5	5	5
DIATSA_LOCUS5376	9	9	9	15	14	14
DIATSA_LOCUS5377	0	0	0	0	0	0
DIATSA_LOCUS5378	0	0	0	0	0	0
DIATSA_LOCUS5379	0	0	0	0	0	0
DIATSA_LOCUS538	0	0	0	0	0	0
DIATSA_LOCUS5380	0	0	0	0	0	0
DIATSA_LOCUS5381	0	0	0	0	0	0
DIATSA_LOCUS5382	0	0	0	0	0	0
DIATSA_LOCUS5383	0	0	0	0	0	0
DIATSA_LOCUS5384	0	0	0	0	0	0
DIATSA_LOCUS5385	0	0	0	0	0	0
DIATSA_LOCUS5386	0	0	0	0	0	0
DIATSA_LOCUS5387	1	1	1	0	0	0
DIATSA_LOCUS5388	0	0	0	0	0	0
DIATSA_LOCUS5389	0	0	0	0	0	0
DIATSA_LOCUS539	1	1	1	1	1	1
DIATSA_LOCUS5390	9	10	10	3	2	2
DIATSA_LOCUS5391	2	2	3	0	0	0
DIATSA_LOCUS5392	0	0	0	1	1	1
DIATSA_LOCUS5393	0	0	0	0	0	0
DIATSA_LOCUS5394	109	110	110	151	149	149
DIATSA_LOCUS5395	1	1	1	0	0	0
DIATSA_LOCUS5396	215	217	222	301	293	297
DIATSA_LOCUS5397	20	20	20	27	27	27
DIATSA_LOCUS5398	7	6	6	6	6	6
DIATSA_LOCUS5399	0	0	0	0	0	0
DIATSA_LOCUS54	0	1	1	1	1	0
DIATSA_LOCUS540	0	0	0	0	0	0
DIATSA_LOCUS5400	6	6	6	5	5	5
DIATSA_LOCUS5401	167	168	169	260	257	259
DIATSA_LOCUS5402	15	15	16	20	20	20
DIATSA_LOCUS5403	0	0	0	0	0	0
DIATSA_LOCUS5404	0	0	0	0	0	0
DIATSA_LOCUS5405	3	2	3	1	1	1
DIATSA_LOCUS5406	1	1	1	1	1	1
DIATSA_LOCUS5407	0	0	0	0	0	0
DIATSA_LOCUS5408	0	0	0	1	1	1
DIATSA_LOCUS5409	6	6	7	8	8	8
DIATSA_LOCUS541	1	1	1	1	1	1
DIATSA_LOCUS5410	0	0	0	0	0	0
DIATSA_LOCUS5411	0	0	0	0	0	0
DIATSA_LOCUS5412	0	0	0	0	0	0
DIATSA_LOCUS5413	0	0	0	0	0	0
DIATSA_LOCUS5414	0	0	0	0	0	0
DIATSA_LOCUS5415	5	5	5	8	8	8
DIATSA_LOCUS5416	0	0	0	0	0	0
DIATSA_LOCUS5417	0	0	0	0	0	0
DIATSA_LOCUS5418	0	0	0	0	0	0
DIATSA_LOCUS5419	1	1	1	2	2	2
DIATSA_LOCUS542	90	92	92	192	188	186
DIATSA_LOCUS5420	13	13	13	14	15	15
DIATSA_LOCUS5421	0	0	0	0	0	0
DIATSA_LOCUS5422	0	0	0	0	0	0
DIATSA_LOCUS5423	0	0	0	0	0	0
DIATSA_LOCUS5424	0	0	0	0	0	0
DIATSA_LOCUS5425	0	0	0	0	0	0
DIATSA_LOCUS5426	0	0	0	0	0	0
DIATSA_LOCUS5427	9	9	9	15	15	15
DIATSA_LOCUS5428	0	0	0	0	0	0
DIATSA_LOCUS5429	104	104	107	113	111	113
DIATSA_LOCUS543	5	5	5	3	3	4
DIATSA_LOCUS5430	0	0	0	0	0	0
DIATSA_LOCUS5431	1	1	1	0	0	0
DIATSA_LOCUS5432	1	1	1	0	0	0
DIATSA_LOCUS5433	26	26	26	21	22	22
DIATSA_LOCUS5434	5	5	5	3	3	3
DIATSA_LOCUS5435	3	3	3	4	4	4
DIATSA_LOCUS5436	1	1	1	1	1	1
DIATSA_LOCUS5437	0	0	0	0	0	0
DIATSA_LOCUS5438	2	2	2	1	1	1
DIATSA_LOCUS5439	0	0	0	0	0	0
DIATSA_LOCUS544	0	0	0	0	0	0
DIATSA_LOCUS5440	7	7	8	10	10	10
DIATSA_LOCUS5441	2	2	2	3	3	3
DIATSA_LOCUS5442	5	5	5	6	6	6
DIATSA_LOCUS5443	4	4	4	4	3	3
DIATSA_LOCUS5444	4	4	4	1	1	1
DIATSA_LOCUS5445	1	1	1	0	0	0
DIATSA_LOCUS5446	2	2	2	1	1	1
DIATSA_LOCUS5447	15	14	14	20	21	21
DIATSA_LOCUS5448	0	0	0	0	0	0
DIATSA_LOCUS5449	1	1	1	3	3	2
DIATSA_LOCUS545	0	0	0	0	0	0
DIATSA_LOCUS5450	0	0	0	0	0	0
DIATSA_LOCUS5451	0	0	0	0	0	0
DIATSA_LOCUS5452	0	0	0	0	0	0
DIATSA_LOCUS5453	31	31	32	38	38	38
DIATSA_LOCUS5454	9	9	9	7	7	7
DIATSA_LOCUS5455	4	4	4	3	3	3
DIATSA_LOCUS5456	0	0	0	0	0	0
DIATSA_LOCUS5457	2	2	2	0	0	0
DIATSA_LOCUS5458	0	0	0	0	0	0
DIATSA_LOCUS5459	0	0	0	0	0	0
DIATSA_LOCUS546	136	139	139	150	147	147
DIATSA_LOCUS5460	2	2	2	1	1	1
DIATSA_LOCUS5461	0	0	0	0	0	0
DIATSA_LOCUS5462	64	66	66	35	34	34
DIATSA_LOCUS5463	18	18	18	15	15	15
DIATSA_LOCUS5464	5	5	5	5	5	5
DIATSA_LOCUS5465	0	1	1	1	1	1
DIATSA_LOCUS5466	2	2	2	2	2	2
DIATSA_LOCUS5467	9	9	9	13	14	13
DIATSA_LOCUS5468	0	0	0	0	0	0
DIATSA_LOCUS5469	1	1	1	1	1	1
DIATSA_LOCUS547	5	5	5	11	11	11
DIATSA_LOCUS5470	0	0	0	0	0	0
DIATSA_LOCUS5471	1	1	1	1	1	1
DIATSA_LOCUS5472	20	21	21	20	20	20
DIATSA_LOCUS5473	0	0	0	1	1	1
DIATSA_LOCUS5474	14	13	14	18	18	18
DIATSA_LOCUS5475	0	0	0	0	0	0
DIATSA_LOCUS5476	0	0	0	0	0	0
DIATSA_LOCUS5477	5	5	5	2	2	2
DIATSA_LOCUS5478	0	0	0	0	0	0
DIATSA_LOCUS5479	1	1	1	0	0	0
DIATSA_LOCUS548	0	0	0	2	2	2
DIATSA_LOCUS5480	3	3	3	4	3	3
DIATSA_LOCUS5481	6	6	6	6	6	6
DIATSA_LOCUS5482	4	4	4	3	3	3
DIATSA_LOCUS5483	0	0	0	0	0	0
DIATSA_LOCUS5484	4	4	4	3	3	3
DIATSA_LOCUS5485	0	0	0	0	0	0
DIATSA_LOCUS5486	3	3	3	4	4	4
DIATSA_LOCUS5487	0	0	0	0	0	0
DIATSA_LOCUS5488	0	0	0	0	0	0
DIATSA_LOCUS5489	0	0	0	0	0	0
DIATSA_LOCUS549	4	4	4	1	1	1
DIATSA_LOCUS5490	151	147	148	143	146	146
DIATSA_LOCUS5491	0	0	0	0	0	0
DIATSA_LOCUS5492	2	2	2	2	2	2
DIATSA_LOCUS5493	0	0	0	0	0	0
DIATSA_LOCUS5494	0	0	0	0	0	0
DIATSA_LOCUS5495	0	0	0	0	0	0
DIATSA_LOCUS5496	1	1	1	0	0	0
DIATSA_LOCUS5497	0	0	0	1	1	1
DIATSA_LOCUS5498	2	2	2	3	3	3
DIATSA_LOCUS5499	22	22	22	36	36	36
DIATSA_LOCUS55	0	0	0	0	0	0
DIATSA_LOCUS550	0	0	0	0	0	0
DIATSA_LOCUS5500	0	0	0	0	0	0
DIATSA_LOCUS5501	8	6	7	2	2	3
DIATSA_LOCUS5502	8	8	8	10	10	10
DIATSA_LOCUS5503	0	0	0	0	0	0
DIATSA_LOCUS5504	1	1	1	2	2	2
DIATSA_LOCUS5505	0	0	0	1	1	1
DIATSA_LOCUS5506	3	2	2	3	3	3
DIATSA_LOCUS5507	0	0	0	0	0	0
DIATSA_LOCUS5508	1	1	1	1	1	1
DIATSA_LOCUS5509	1	1	1	1	1	1
DIATSA_LOCUS551	0	0	0	0	0	0
DIATSA_LOCUS5510	0	0	0	1	1	1
DIATSA_LOCUS5511	0	0	0	0	0	0
DIATSA_LOCUS5512	0	0	0	0	0	0
DIATSA_LOCUS5513	1	1	1	1	1	1
DIATSA_LOCUS5514	0	0	0	0	0	0
DIATSA_LOCUS5515	0	0	0	0	0	0
DIATSA_LOCUS5516	0	0	0	0	0	0
DIATSA_LOCUS5517	0	0	0	0	0	0
DIATSA_LOCUS5518	3	3	3	4	3	3
DIATSA_LOCUS5519	0	0	0	0	0	0
DIATSA_LOCUS552	0	0	0	0	0	0
DIATSA_LOCUS5520	0	0	0	0	0	0
DIATSA_LOCUS5521	216	219	218	433	431	428
DIATSA_LOCUS5522	0	0	0	0	0	0
DIATSA_LOCUS5523	0	0	0	0	0	0
DIATSA_LOCUS5524	0	0	0	0	0	0
DIATSA_LOCUS5525	14	13	13	11	11	11
DIATSA_LOCUS5526	0	0	0	0	0	0
DIATSA_LOCUS5527	2	2	2	6	6	6
DIATSA_LOCUS5528	11	11	11	16	15	15
DIATSA_LOCUS5529	0	0	0	0	0	0
DIATSA_LOCUS553	0	0	0	0	0	0
DIATSA_LOCUS5530	7	6	7	5	5	5
DIATSA_LOCUS5531	0	0	0	0	0	0
DIATSA_LOCUS5532	1	1	1	2	2	2
DIATSA_LOCUS5533	0	0	0	0	0	0
DIATSA_LOCUS5534	2	2	2	1	1	1
DIATSA_LOCUS5535	0	0	0	0	0	0
DIATSA_LOCUS5536	1	1	2	1	1	0
DIATSA_LOCUS5537	0	0	0	0	0	0
DIATSA_LOCUS5538	11	11	11	18	18	18
DIATSA_LOCUS5539	1	2	2	1	1	1
DIATSA_LOCUS554	0	0	0	0	0	0
DIATSA_LOCUS5540	0	0	0	0	0	0
DIATSA_LOCUS5541	44	44	44	80	80	80
DIATSA_LOCUS5542	14	14	14	24	24	24
DIATSA_LOCUS5543	0	0	0	0	0	0
DIATSA_LOCUS5544	1	1	1	1	1	1
DIATSA_LOCUS5545	22	21	22	14	14	13
DIATSA_LOCUS5546	2	2	2	1	1	1
DIATSA_LOCUS5547	0	0	0	0	0	0
DIATSA_LOCUS5548	0	0	0	0	0	0
DIATSA_LOCUS5549	0	0	0	0	0	0
DIATSA_LOCUS555	0	0	0	0	0	0
DIATSA_LOCUS5550	18	17	17	21	22	22
DIATSA_LOCUS5551	0	0	0	0	0	0
DIATSA_LOCUS5552	2	1	1	2	2	2
DIATSA_LOCUS5553	6	6	6	3	3	3
DIATSA_LOCUS5554	0	0	0	0	0	0
DIATSA_LOCUS5555	0	0	0	0	0	0
DIATSA_LOCUS5556	0	0	0	0	0	0
DIATSA_LOCUS5557	0	0	0	0	0	0
DIATSA_LOCUS5558	0	0	0	0	0	0
DIATSA_LOCUS5559	1	1	1	2	1	1
DIATSA_LOCUS556	0	0	0	0	0	0
DIATSA_LOCUS5560	0	0	0	0	0	0
DIATSA_LOCUS5561	0	0	0	0	0	0
DIATSA_LOCUS5562	0	0	0	0	0	0
DIATSA_LOCUS5563	3	3	3	3	2	2
DIATSA_LOCUS5564	0	0	0	0	0	0
DIATSA_LOCUS5565	0	0	0	0	0	0
DIATSA_LOCUS5566	0	0	0	0	0	0
DIATSA_LOCUS5567	0	0	0	0	0	0
DIATSA_LOCUS5568	1	1	1	1	1	1
DIATSA_LOCUS5569	3	3	3	2	2	2
DIATSA_LOCUS557	0	0	0	0	0	0
DIATSA_LOCUS5570	2	2	2	0	0	0
DIATSA_LOCUS5571	0	0	0	0	0	0
DIATSA_LOCUS5572	0	0	0	0	0	0
DIATSA_LOCUS5573	1	1	1	0	0	0
DIATSA_LOCUS5574	14	13	14	25	26	25
DIATSA_LOCUS5575	8	8	8	12	11	11
DIATSA_LOCUS5576	0	0	0	0	0	0
DIATSA_LOCUS5577	0	0	0	0	0	0
DIATSA_LOCUS5578	7	7	7	7	7	7
DIATSA_LOCUS5579	2	2	2	3	3	3
DIATSA_LOCUS558	0	0	0	0	0	0
DIATSA_LOCUS5580	1	1	1	0	0	0
DIATSA_LOCUS5581	6	6	6	6	6	6
DIATSA_LOCUS5582	0	0	0	0	0	0
DIATSA_LOCUS5583	4	4	4	5	5	5
DIATSA_LOCUS5584	0	0	0	1	1	1
DIATSA_LOCUS5585	0	0	0	0	0	0
DIATSA_LOCUS5586	33	32	32	29	30	30
DIATSA_LOCUS5587	0	0	0	0	0	0
DIATSA_LOCUS5588	5	5	5	7	7	7
DIATSA_LOCUS5589	0	0	0	1	1	1
DIATSA_LOCUS559	0	0	0	0	0	0
DIATSA_LOCUS5590	0	0	0	0	0	0
DIATSA_LOCUS5591	0	0	0	0	0	0
DIATSA_LOCUS5592	31	32	31	36	36	36
DIATSA_LOCUS5593	0	0	0	1	1	1
DIATSA_LOCUS5594	110	107	108	197	201	201
DIATSA_LOCUS5595	0	0	0	0	0	0
DIATSA_LOCUS5596	0	0	0	0	0	0
DIATSA_LOCUS5597	4	4	4	1	1	1
DIATSA_LOCUS5598	0	0	0	0	0	0
DIATSA_LOCUS5599	2	2	2	3	3	3
DIATSA_LOCUS56	0	0	0	0	0	0
DIATSA_LOCUS560	3	2	2	3	4	3
DIATSA_LOCUS5600	10	10	10	16	17	17
DIATSA_LOCUS5601	1	1	1	1	1	1
DIATSA_LOCUS5602	1	1	1	1	1	1
DIATSA_LOCUS5603	0	0	0	0	0	0
DIATSA_LOCUS5604	0	0	0	0	0	0
DIATSA_LOCUS5605	0	0	0	0	0	0
DIATSA_LOCUS5606	0	0	0	0	0	0
DIATSA_LOCUS5607	0	0	0	0	0	0
DIATSA_LOCUS5608	0	0	0	0	0	0
DIATSA_LOCUS5609	3	2	2	2	2	2
DIATSA_LOCUS561	1	1	1	2	2	2
DIATSA_LOCUS5610	0	0	0	0	0	0
DIATSA_LOCUS5611	0	0	0	0	0	0
DIATSA_LOCUS5612	0	0	0	0	0	0
DIATSA_LOCUS5613	0	0	0	0	0	0
DIATSA_LOCUS5614	0	0	0	11	16	16
DIATSA_LOCUS5615	0	0	0	19	24	24
DIATSA_LOCUS5616	0	0	0	9	11	11
DIATSA_LOCUS5617	3	3	3	3	4	4
DIATSA_LOCUS5618	2	2	2	4	4	4
DIATSA_LOCUS5619	2	2	2	3	3	3
DIATSA_LOCUS562	36	36	36	26	26	26
DIATSA_LOCUS5620	0	0	0	0	0	0
DIATSA_LOCUS5621	0	0	0	0	0	0
DIATSA_LOCUS5622	1	1	1	1	1	1
DIATSA_LOCUS5623	3	3	3	1	1	1
DIATSA_LOCUS5624	0	0	0	0	0	0
DIATSA_LOCUS5625	4	4	4	8	8	8
DIATSA_LOCUS5626	2	3	3	3	3	3
DIATSA_LOCUS5627	42	44	43	28	27	27
DIATSA_LOCUS5628	0	0	0	1	1	1
DIATSA_LOCUS5629	0	0	0	0	0	0
DIATSA_LOCUS563	7	7	7	4	4	4
DIATSA_LOCUS5630	1	2	2	1	1	1
DIATSA_LOCUS5631	1	1	1	2	2	2
DIATSA_LOCUS5632	0	0	0	0	0	0
DIATSA_LOCUS5633	12	12	12	15	15	15
DIATSA_LOCUS5634	0	0	0	0	0	0
DIATSA_LOCUS5635	6	6	6	8	8	8
DIATSA_LOCUS5636	10	10	9	12	12	12
DIATSA_LOCUS5637	38	38	38	50	50	51
DIATSA_LOCUS5638	0	0	0	0	0	0
DIATSA_LOCUS5639	7	7	7	5	5	5
DIATSA_LOCUS564	0	0	0	0	0	0
DIATSA_LOCUS5640	5	5	5	5	5	5
DIATSA_LOCUS5641	0	0	0	1	1	1
DIATSA_LOCUS5642	0	0	0	0	0	0
DIATSA_LOCUS5643	16	18	18	14	12	12
DIATSA_LOCUS5644	1	1	1	1	1	1
DIATSA_LOCUS5645	2	2	2	3	3	3
DIATSA_LOCUS5646	0	0	0	0	0	0
DIATSA_LOCUS5647	0	0	0	0	0	0
DIATSA_LOCUS5648	3	3	3	5	6	6
DIATSA_LOCUS5649	5	5	5	10	10	10
DIATSA_LOCUS565	81	83	82	139	138	136
DIATSA_LOCUS5650	0	0	0	0	0	0
DIATSA_LOCUS5651	3	3	3	2	2	2
DIATSA_LOCUS5652	0	0	0	0	0	0
DIATSA_LOCUS5653	4	4	4	1	1	1
DIATSA_LOCUS5654	0	0	0	0	0	0
DIATSA_LOCUS5655	2	2	2	1	1	1
DIATSA_LOCUS5656	0	1	1	1	1	1
DIATSA_LOCUS5657	0	0	0	2	2	2
DIATSA_LOCUS5658	26	27	26	36	35	35
DIATSA_LOCUS5659	0	0	0	0	0	0
DIATSA_LOCUS566	1	1	1	0	0	0
DIATSA_LOCUS5660	0	0	0	0	0	0
DIATSA_LOCUS5661	1	1	1	0	0	0
DIATSA_LOCUS5662	7	8	8	4	3	3
DIATSA_LOCUS5663	0	0	0	0	0	0
DIATSA_LOCUS5664	389	392	393	695	692	688
DIATSA_LOCUS5665	5	5	5	2	2	2
DIATSA_LOCUS5666	0	0	0	0	0	0
DIATSA_LOCUS5667	0	0	0	1	1	1
DIATSA_LOCUS5668	0	0	0	0	0	0
DIATSA_LOCUS5669	3	4	4	5	4	4
DIATSA_LOCUS567	0	0	0	0	0	0
DIATSA_LOCUS5670	2	2	2	2	2	2
DIATSA_LOCUS5671	0	0	0	0	0	0
DIATSA_LOCUS5672	0	0	0	0	0	0
DIATSA_LOCUS5673	0	0	0	0	0	0
DIATSA_LOCUS5674	7	7	8	11	11	11
DIATSA_LOCUS5675	36	36	36	58	58	58
DIATSA_LOCUS5676	0	0	0	0	0	0
DIATSA_LOCUS5677	0	0	0	0	0	0
DIATSA_LOCUS5678	0	0	0	0	0	0
DIATSA_LOCUS5679	0	0	0	0	0	0
DIATSA_LOCUS568	1	1	1	1	1	1
DIATSA_LOCUS5680	0	0	0	0	0	0
DIATSA_LOCUS5681	0	0	0	0	0	0
DIATSA_LOCUS5682	4	4	4	8	8	8
DIATSA_LOCUS5683	1	2	2	0	0	0
DIATSA_LOCUS5684	27	27	26	38	39	39
DIATSA_LOCUS5685	0	0	0	0	0	0
DIATSA_LOCUS5686	13	8	9	5	7	8
DIATSA_LOCUS5687	87	85	86	41	41	42
DIATSA_LOCUS5688	19	18	18	7	7	7
DIATSA_LOCUS5689	182	176	179	77	78	79
DIATSA_LOCUS569	2	2	2	0	0	0
DIATSA_LOCUS5690	308	302	308	164	163	166
DIATSA_LOCUS5691	11	11	11	14	14	14
DIATSA_LOCUS5692	0	0	0	0	0	0
DIATSA_LOCUS5693	0	0	0	0	0	0
DIATSA_LOCUS5694	2	2	2	0	0	0
DIATSA_LOCUS5695	0	0	0	0	0	0
DIATSA_LOCUS5696	0	0	0	0	0	0
DIATSA_LOCUS5697	0	0	0	0	0	0
DIATSA_LOCUS5698	0	0	0	0	0	0
DIATSA_LOCUS5699	0	0	0	0	0	0
DIATSA_LOCUS57	0	0	0	0	0	0
DIATSA_LOCUS570	0	0	0	0	0	0
DIATSA_LOCUS5700	0	0	0	0	0	0
DIATSA_LOCUS5701	0	0	0	0	0	0
DIATSA_LOCUS5702	0	0	0	1	1	1
DIATSA_LOCUS5703	0	0	0	0	0	0
DIATSA_LOCUS5704	1	1	1	1	1	1
DIATSA_LOCUS5705	1	1	1	1	2	2
DIATSA_LOCUS5706	0	0	0	0	0	0
DIATSA_LOCUS5707	0	0	0	0	0	0
DIATSA_LOCUS5708	2	2	2	3	3	3
DIATSA_LOCUS5709	2	3	3	0	0	0
DIATSA_LOCUS571	0	0	0	0	0	0
DIATSA_LOCUS5710	36	35	36	34	34	35
DIATSA_LOCUS5711	7	7	7	15	14	14
DIATSA_LOCUS5712	3	4	4	3	3	3
DIATSA_LOCUS5713	0	0	0	0	0	0
DIATSA_LOCUS5714	34	36	36	294	283	282
DIATSA_LOCUS5715	3	2	2	3	4	4
DIATSA_LOCUS5716	1	1	1	1	2	1
DIATSA_LOCUS5717	0	0	0	0	0	0
DIATSA_LOCUS5718	5	4	4	2	2	2
DIATSA_LOCUS5719	10	9	9	7	7	7
DIATSA_LOCUS572	0	0	0	0	0	0
DIATSA_LOCUS5720	45	46	46	109	106	106
DIATSA_LOCUS5721	0	0	0	0	0	0
DIATSA_LOCUS5722	6	7	7	10	9	9
DIATSA_LOCUS5723	0	0	0	0	0	0
DIATSA_LOCUS5724	0	0	0	0	0	0
DIATSA_LOCUS5725	1	1	1	2	2	1
DIATSA_LOCUS5726	0	0	0	0	0	0
DIATSA_LOCUS5727	0	0	0	0	0	0
DIATSA_LOCUS5728	0	0	0	0	0	0
DIATSA_LOCUS5729	0	0	0	0	0	0
DIATSA_LOCUS573	0	0	0	0	0	0
DIATSA_LOCUS5730	14	13	14	20	20	21
DIATSA_LOCUS5731	0	0	0	0	0	0
DIATSA_LOCUS5732	1	1	1	1	2	1
DIATSA_LOCUS5733	6	6	6	10	10	10
DIATSA_LOCUS5734	2	3	3	4	4	4
DIATSA_LOCUS5735	0	0	0	0	0	0
DIATSA_LOCUS5736	0	0	0	0	0	0
DIATSA_LOCUS5737	1	1	1	2	2	2
DIATSA_LOCUS5738	0	0	0	0	0	0
DIATSA_LOCUS5739	1	2	1	0	0	0
DIATSA_LOCUS574	0	0	0	0	0	0
DIATSA_LOCUS5740	0	1	1	1	1	1
DIATSA_LOCUS5741	23	23	23	31	30	30
DIATSA_LOCUS5742	1	1	1	1	1	1
DIATSA_LOCUS5743	0	0	0	0	0	0
DIATSA_LOCUS5744	0	0	0	0	0	0
DIATSA_LOCUS5745	0	0	0	0	0	0
DIATSA_LOCUS5746	9	9	9	8	8	8
DIATSA_LOCUS5747	2	2	2	1	2	2
DIATSA_LOCUS5748	0	0	0	0	0	0
DIATSA_LOCUS5749	22	21	22	11	11	11
DIATSA_LOCUS575	0	0	0	0	0	0
DIATSA_LOCUS5750	2	3	3	3	3	3
DIATSA_LOCUS5751	0	0	0	0	0	0
DIATSA_LOCUS5752	0	0	0	0	0	0
DIATSA_LOCUS5753	0	0	0	1	1	1
DIATSA_LOCUS5754	16	17	17	21	20	20
DIATSA_LOCUS5755	70	70	70	271	271	272
DIATSA_LOCUS5756	0	0	0	0	0	0
DIATSA_LOCUS5757	0	0	0	0	0	0
DIATSA_LOCUS5758	0	0	0	0	0	0
DIATSA_LOCUS5759	0	0	0	2	2	2
DIATSA_LOCUS576	0	0	0	0	0	0
DIATSA_LOCUS5760	1	1	1	0	0	1
DIATSA_LOCUS5761	17	17	17	21	22	22
DIATSA_LOCUS5762	0	0	0	0	0	0
DIATSA_LOCUS5763	0	0	0	0	0	0
DIATSA_LOCUS5764	0	0	0	0	0	0
DIATSA_LOCUS5765	5	5	5	4	4	4
DIATSA_LOCUS5766	1	1	1	1	1	1
DIATSA_LOCUS5767	28	28	28	34	34	34
DIATSA_LOCUS5768	28	28	27	39	40	39
DIATSA_LOCUS5769	0	0	0	0	0	0
DIATSA_LOCUS577	0	0	0	0	0	0
DIATSA_LOCUS5770	0	0	0	0	0	0
DIATSA_LOCUS5771	6	6	6	5	5	5
DIATSA_LOCUS5772	2	3	3	3	3	3
DIATSA_LOCUS5773	4	4	4	8	8	8
DIATSA_LOCUS5774	0	0	0	0	0	0
DIATSA_LOCUS5775	1	1	1	1	0	0
DIATSA_LOCUS5776	0	0	0	0	0	0
DIATSA_LOCUS5777	2	2	2	2	2	2
DIATSA_LOCUS5778	7	9	10	5	4	4
DIATSA_LOCUS5779	0	0	0	0	0	0
DIATSA_LOCUS578	0	0	0	0	0	0
DIATSA_LOCUS5780	0	0	0	0	0	0
DIATSA_LOCUS5781	0	0	0	0	0	0
DIATSA_LOCUS5782	2	1	1	1	2	2
DIATSA_LOCUS5783	0	0	0	0	0	0
DIATSA_LOCUS5784	1	1	1	0	0	0
DIATSA_LOCUS5785	1	1	1	2	1	1
DIATSA_LOCUS5786	0	0	0	0	0	0
DIATSA_LOCUS5787	4	4	4	2	2	2
DIATSA_LOCUS5788	6	6	6	3	3	3
DIATSA_LOCUS5789	0	0	0	0	0	0
DIATSA_LOCUS579	0	0	0	0	0	0
DIATSA_LOCUS5790	0	0	0	0	0	0
DIATSA_LOCUS5791	0	0	0	0	0	0
DIATSA_LOCUS5792	1	1	1	1	1	1
DIATSA_LOCUS5793	1	1	1	0	0	0
DIATSA_LOCUS5794	0	0	0	0	0	0
DIATSA_LOCUS5795	5	5	5	3	3	3
DIATSA_LOCUS5796	0	1	0	0	0	0
DIATSA_LOCUS5797	1	1	1	3	3	3
DIATSA_LOCUS5798	458	460	462	774	768	770
DIATSA_LOCUS5799	2	2	2	4	4	4
DIATSA_LOCUS58	0	0	0	0	0	0
DIATSA_LOCUS580	0	0	0	0	0	0
DIATSA_LOCUS5800	0	0	0	0	0	0
DIATSA_LOCUS5801	1	2	2	2	2	2
DIATSA_LOCUS5802	1	1	1	1	1	1
DIATSA_LOCUS5803	0	0	0	0	0	0
DIATSA_LOCUS5804	0	0	0	0	0	0
DIATSA_LOCUS5805	0	0	0	0	0	0
DIATSA_LOCUS5806	0	0	0	0	0	0
DIATSA_LOCUS5807	0	0	0	0	0	0
DIATSA_LOCUS5808	0	0	0	0	0	0
DIATSA_LOCUS5809	0	0	0	0	0	0
DIATSA_LOCUS581	0	0	0	0	0	0
DIATSA_LOCUS5810	0	0	0	0	0	0
DIATSA_LOCUS5811	0	0	0	0	0	0
DIATSA_LOCUS5812	0	0	0	0	0	0
DIATSA_LOCUS5813	0	0	0	0	0	0
DIATSA_LOCUS5814	0	0	0	0	0	0
DIATSA_LOCUS5815	0	0	0	0	0	0
DIATSA_LOCUS5816	0	0	0	0	0	0
DIATSA_LOCUS5817	0	0	0	0	0	0
DIATSA_LOCUS5818	9	9	9	20	20	20
DIATSA_LOCUS5819	3	3	3	3	4	4
DIATSA_LOCUS582	0	0	0	0	0	0
DIATSA_LOCUS5820	4	4	4	2	1	1
DIATSA_LOCUS5821	3	3	3	4	4	4
DIATSA_LOCUS5822	2	2	2	1	1	1
DIATSA_LOCUS5823	185	184	183	339	344	343
DIATSA_LOCUS5824	17	17	17	33	33	32
DIATSA_LOCUS5825	0	0	0	0	0	0
DIATSA_LOCUS5826	41	41	41	51	52	51
DIATSA_LOCUS5827	0	0	0	0	0	0
DIATSA_LOCUS5828	8	8	8	11	12	11
DIATSA_LOCUS5829	0	0	0	0	0	0
DIATSA_LOCUS583	0	0	0	0	0	0
DIATSA_LOCUS5830	0	0	0	0	0	0
DIATSA_LOCUS5831	15	15	15	26	26	26
DIATSA_LOCUS5832	0	0	0	0	0	0
DIATSA_LOCUS5833	0	0	0	0	0	0
DIATSA_LOCUS5834	3	4	3	4	4	4
DIATSA_LOCUS5835	10	10	10	6	6	7
DIATSA_LOCUS5836	212	213	213	589	590	585
DIATSA_LOCUS5837	0	0	0	0	0	0
DIATSA_LOCUS5838	0	0	0	0	0	0
DIATSA_LOCUS5839	0	0	0	0	0	0
DIATSA_LOCUS584	0	0	0	0	0	0
DIATSA_LOCUS5840	1	0	0	0	0	0
DIATSA_LOCUS5841	0	0	0	0	0	0
DIATSA_LOCUS5842	1	1	1	2	2	2
DIATSA_LOCUS5843	255	251	254	310	311	314
DIATSA_LOCUS5844	0	0	0	0	0	0
DIATSA_LOCUS5845	5	5	5	3	4	4
DIATSA_LOCUS5846	18	18	18	13	13	13
DIATSA_LOCUS5847	0	0	0	0	0	0
DIATSA_LOCUS5848	0	0	0	0	0	0
DIATSA_LOCUS5849	0	0	0	1	1	1
DIATSA_LOCUS585	0	0	0	0	0	0
DIATSA_LOCUS5850	3	3	3	3	4	4
DIATSA_LOCUS5851	0	0	0	0	0	0
DIATSA_LOCUS5852	0	0	0	0	0	0
DIATSA_LOCUS5853	11	11	11	12	13	13
DIATSA_LOCUS5854	0	0	0	0	0	0
DIATSA_LOCUS5855	0	0	0	0	0	0
DIATSA_LOCUS5856	0	0	0	0	0	0
DIATSA_LOCUS5857	0	0	0	0	0	0
DIATSA_LOCUS5858	0	0	0	0	0	0
DIATSA_LOCUS5859	9	9	9	17	17	17
DIATSA_LOCUS586	0	0	0	0	0	0
DIATSA_LOCUS5860	0	0	0	0	0	0
DIATSA_LOCUS5861	3	3	3	5	5	5
DIATSA_LOCUS5862	0	0	0	0	0	0
DIATSA_LOCUS5863	7	6	6	7	8	8
DIATSA_LOCUS5864	6	6	6	7	8	8
DIATSA_LOCUS5865	33	33	33	55	54	54
DIATSA_LOCUS5866	0	0	0	0	0	0
DIATSA_LOCUS5867	0	0	0	0	0	0
DIATSA_LOCUS5868	0	1	1	0	0	0
DIATSA_LOCUS5869	0	0	0	0	0	0
DIATSA_LOCUS587	0	0	0	0	0	0
DIATSA_LOCUS5870	10	10	10	10	10	10
DIATSA_LOCUS5871	0	0	0	0	0	0
DIATSA_LOCUS5872	0	0	0	0	0	0
DIATSA_LOCUS5873	0	0	0	2	2	2
DIATSA_LOCUS5874	0	0	0	0	0	0
DIATSA_LOCUS5875	1	1	1	2	2	2
DIATSA_LOCUS5876	0	0	0	0	0	0
DIATSA_LOCUS5877	40	42	41	38	38	37
DIATSA_LOCUS5878	2	2	2	0	0	0
DIATSA_LOCUS5879	4	4	4	4	4	4
DIATSA_LOCUS588	0	0	0	0	0	0
DIATSA_LOCUS5880	23	24	24	46	45	44
DIATSA_LOCUS5881	3	3	3	4	4	4
DIATSA_LOCUS5882	0	0	0	2	2	2
DIATSA_LOCUS5883	0	0	0	0	0	0
DIATSA_LOCUS5884	1	1	1	2	2	2
DIATSA_LOCUS5885	0	0	0	0	0	0
DIATSA_LOCUS5886	1	1	1	0	0	0
DIATSA_LOCUS5887	0	0	0	0	0	0
DIATSA_LOCUS5888	0	0	0	0	0	0
DIATSA_LOCUS5889	0	0	0	0	0	0
DIATSA_LOCUS589	0	0	0	0	0	0
DIATSA_LOCUS5890	0	0	0	0	0	0
DIATSA_LOCUS5891	3	3	3	2	2	2
DIATSA_LOCUS5892	3	3	3	3	3	3
DIATSA_LOCUS5893	3	3	3	3	3	3
DIATSA_LOCUS5894	0	0	0	0	0	0
DIATSA_LOCUS5895	2	2	2	1	1	1
DIATSA_LOCUS5896	9	9	9	15	15	15
DIATSA_LOCUS5897	16	16	16	19	19	19
DIATSA_LOCUS5898	1	1	1	0	0	0
DIATSA_LOCUS5899	0	0	0	0	0	0
DIATSA_LOCUS59	0	0	0	0	1	1
DIATSA_LOCUS590	0	0	0	0	0	0
DIATSA_LOCUS5900	1	1	1	2	2	2
DIATSA_LOCUS5901	0	0	0	0	0	0
DIATSA_LOCUS5902	0	0	0	0	0	0
DIATSA_LOCUS5903	0	0	0	0	0	0
DIATSA_LOCUS5904	0	0	0	0	0	0
DIATSA_LOCUS5905	0	0	0	0	0	0
DIATSA_LOCUS5906	0	0	0	0	0	0
DIATSA_LOCUS5907	3	3	3	2	2	2
DIATSA_LOCUS5908	0	0	0	0	0	0
DIATSA_LOCUS5909	0	0	0	2	2	2
DIATSA_LOCUS591	0	0	0	0	0	0
DIATSA_LOCUS5910	0	0	0	0	0	0
DIATSA_LOCUS5911	1	1	1	2	2	2
DIATSA_LOCUS5912	0	0	0	0	0	0
DIATSA_LOCUS5913	0	0	0	0	0	0
DIATSA_LOCUS5914	0	0	0	0	0	0
DIATSA_LOCUS5915	1	1	1	0	0	0
DIATSA_LOCUS5916	0	0	0	0	0	0
DIATSA_LOCUS5917	0	0	0	0	0	0
DIATSA_LOCUS5918	0	0	0	0	0	0
DIATSA_LOCUS5919	0	0	0	0	0	0
DIATSA_LOCUS592	0	0	0	0	0	0
DIATSA_LOCUS5920	0	0	0	0	0	0
DIATSA_LOCUS5921	0	1	0	0	0	0
DIATSA_LOCUS5922	0	0	0	0	0	0
DIATSA_LOCUS5923	0	0	0	0	0	0
DIATSA_LOCUS5924	1	0	0	1	1	1
DIATSA_LOCUS5925	1	1	1	3	3	3
DIATSA_LOCUS5926	0	0	0	1	1	1
DIATSA_LOCUS5927	1	1	1	2	2	2
DIATSA_LOCUS5928	1	1	1	1	1	1
DIATSA_LOCUS5929	4	4	4	1	1	1
DIATSA_LOCUS593	0	0	0	0	0	0
DIATSA_LOCUS5930	8	8	8	7	7	7
DIATSA_LOCUS5931	0	0	0	0	0	0
DIATSA_LOCUS5932	0	0	0	0	0	0
DIATSA_LOCUS5933	0	0	0	0	1	1
DIATSA_LOCUS5934	0	0	0	0	0	0
DIATSA_LOCUS5935	0	0	0	0	0	0
DIATSA_LOCUS5936	0	0	0	0	0	0
DIATSA_LOCUS5937	0	0	0	0	0	0
DIATSA_LOCUS5938	0	0	0	1	1	1
DIATSA_LOCUS5939	0	0	0	0	0	0
DIATSA_LOCUS594	0	0	0	0	0	0
DIATSA_LOCUS5940	5	5	5	6	6	6
DIATSA_LOCUS5941	0	0	0	1	1	1
DIATSA_LOCUS5942	0	0	0	0	0	0
DIATSA_LOCUS5943	0	0	0	0	0	0
DIATSA_LOCUS5944	0	0	0	0	0	0
DIATSA_LOCUS5945	1	0	0	0	0	0
DIATSA_LOCUS5946	0	0	0	0	0	0
DIATSA_LOCUS5947	6	6	6	8	8	7
DIATSA_LOCUS5948	1	2	2	2	2	2
DIATSA_LOCUS5949	6	6	6	4	4	4
DIATSA_LOCUS595	0	0	0	0	0	0
DIATSA_LOCUS5950	1	0	1	1	2	1
DIATSA_LOCUS5951	0	0	0	0	0	0
DIATSA_LOCUS5952	0	0	0	0	0	0
DIATSA_LOCUS5953	0	0	0	0	0	0
DIATSA_LOCUS5954	0	0	0	0	0	0
DIATSA_LOCUS5955	0	0	0	0	0	0
DIATSA_LOCUS5956	0	0	0	0	0	0
DIATSA_LOCUS5957	2	2	2	2	2	2
DIATSA_LOCUS5958	11	11	11	13	12	12
DIATSA_LOCUS5959	0	0	0	0	0	0
DIATSA_LOCUS596	0	0	0	0	0	0
DIATSA_LOCUS5960	0	0	0	0	0	0
DIATSA_LOCUS5961	0	1	0	0	0	0
DIATSA_LOCUS5962	0	0	0	0	0	0
DIATSA_LOCUS5963	0	0	0	0	0	0
DIATSA_LOCUS5964	1	1	1	0	0	0
DIATSA_LOCUS5965	163	158	158	91	93	93
DIATSA_LOCUS5966	1	1	1	1	0	0
DIATSA_LOCUS5967	0	0	0	0	0	0
DIATSA_LOCUS5968	0	0	0	0	0	0
DIATSA_LOCUS5969	1	1	1	0	0	0
DIATSA_LOCUS597	0	0	0	0	0	0
DIATSA_LOCUS5970	0	0	0	0	0	0
DIATSA_LOCUS5971	0	0	0	2	2	2
DIATSA_LOCUS5972	0	0	0	0	0	0
DIATSA_LOCUS5973	5	5	5	5	5	5
DIATSA_LOCUS5974	0	0	0	0	0	0
DIATSA_LOCUS5975	3	3	3	3	3	3
DIATSA_LOCUS5976	0	0	0	0	0	0
DIATSA_LOCUS5977	0	0	0	0	0	0
DIATSA_LOCUS5978	27	26	26	31	32	32
DIATSA_LOCUS5979	0	0	0	0	0	0
DIATSA_LOCUS598	5	5	5	4	4	4
DIATSA_LOCUS5980	4	4	4	5	5	5
DIATSA_LOCUS5981	0	0	0	0	0	0
DIATSA_LOCUS5982	0	0	0	0	0	0
DIATSA_LOCUS5983	0	0	0	0	0	0
DIATSA_LOCUS5984	1	1	1	1	1	1
DIATSA_LOCUS5985	0	1	0	0	0	0
DIATSA_LOCUS5986	1	1	1	0	0	0
DIATSA_LOCUS5987	1	1	1	2	2	2
DIATSA_LOCUS5988	0	0	0	0	0	0
DIATSA_LOCUS5989	0	0	0	0	0	0
DIATSA_LOCUS599	695	690	694	1257	1260	1263
DIATSA_LOCUS5990	2	2	2	4	4	4
DIATSA_LOCUS5991	11	10	10	11	11	11
DIATSA_LOCUS5992	10	10	10	10	11	11
DIATSA_LOCUS5993	0	0	0	1	1	1
DIATSA_LOCUS5994	5	6	6	11	11	11
DIATSA_LOCUS5995	44	44	44	120	118	118
DIATSA_LOCUS5996	6	7	7	14	14	13
DIATSA_LOCUS5997	85	84	84	96	97	96
DIATSA_LOCUS5998	4	4	4	9	10	9
DIATSA_LOCUS5999	0	0	0	0	0	0
DIATSA_LOCUS6	1	0	0	0	1	1
DIATSA_LOCUS60	4	4	4	2	2	2
DIATSA_LOCUS600	3	3	2	1	1	1
DIATSA_LOCUS6000	2	2	2	3	3	3
DIATSA_LOCUS6001	0	0	0	0	0	0
DIATSA_LOCUS6002	0	0	0	0	0	0
DIATSA_LOCUS6003	0	0	0	0	0	0
DIATSA_LOCUS6004	0	0	0	0	0	0
DIATSA_LOCUS6005	43	42	43	70	71	71
DIATSA_LOCUS6006	138	137	139	211	210	211
DIATSA_LOCUS6007	20	20	20	31	31	31
DIATSA_LOCUS6008	1	2	2	0	0	0
DIATSA_LOCUS6009	0	0	0	0	0	0
DIATSA_LOCUS601	1	1	1	2	2	2
DIATSA_LOCUS6010	6	5	5	9	9	9
DIATSA_LOCUS6011	34	33	33	44	44	44
DIATSA_LOCUS6012	33	33	33	34	34	34
DIATSA_LOCUS6013	2	2	2	2	2	2
DIATSA_LOCUS6014	0	0	0	0	0	0
DIATSA_LOCUS6015	516	508	512	714	721	722
DIATSA_LOCUS6016	0	0	0	0	0	0
DIATSA_LOCUS6017	7	7	7	8	8	8
DIATSA_LOCUS6018	3	3	3	1	1	1
DIATSA_LOCUS6019	0	0	0	0	0	0
DIATSA_LOCUS602	1	1	1	1	0	0
DIATSA_LOCUS6020	0	0	0	0	0	0
DIATSA_LOCUS6021	30	29	30	37	37	37
DIATSA_LOCUS6022	31	31	31	44	45	45
DIATSA_LOCUS6023	2	2	2	1	1	1
DIATSA_LOCUS6024	3	3	3	3	3	3
DIATSA_LOCUS6025	11	11	11	8	8	8
DIATSA_LOCUS6026	0	0	0	0	0	0
DIATSA_LOCUS6027	0	0	0	0	0	0
DIATSA_LOCUS6028	1	1	1	3	3	3
DIATSA_LOCUS6029	6	6	6	10	10	10
DIATSA_LOCUS603	2	2	2	2	2	2
DIATSA_LOCUS6030	0	0	0	0	0	0
DIATSA_LOCUS6031	5	5	5	4	4	4
DIATSA_LOCUS6032	0	0	0	1	1	1
DIATSA_LOCUS6033	0	0	0	0	0	0
DIATSA_LOCUS6034	2	2	2	2	2	2
DIATSA_LOCUS6035	2	2	2	4	4	4
DIATSA_LOCUS6036	13	14	14	6	6	6
DIATSA_LOCUS6037	0	0	0	1	1	1
DIATSA_LOCUS6038	0	0	0	0	0	0
DIATSA_LOCUS6039	0	0	0	0	0	0
DIATSA_LOCUS604	1	1	1	0	0	0
DIATSA_LOCUS6040	0	0	0	0	0	0
DIATSA_LOCUS6041	0	0	0	0	0	0
DIATSA_LOCUS6042	0	0	0	0	0	0
DIATSA_LOCUS6043	0	0	0	0	0	0
DIATSA_LOCUS6044	0	0	0	0	0	0
DIATSA_LOCUS6045	1	1	1	3	2	2
DIATSA_LOCUS6046	0	0	0	0	0	0
DIATSA_LOCUS6047	0	0	0	0	0	0
DIATSA_LOCUS6048	0	0	0	0	0	0
DIATSA_LOCUS6049	2	2	2	2	2	2
DIATSA_LOCUS605	0	0	0	0	0	0
DIATSA_LOCUS6050	0	0	0	0	0	0
DIATSA_LOCUS6051	0	0	0	0	0	0
DIATSA_LOCUS6052	0	0	0	0	0	0
DIATSA_LOCUS6053	0	0	0	0	0	0
DIATSA_LOCUS6054	0	0	0	0	0	0
DIATSA_LOCUS6055	0	0	0	0	0	0
DIATSA_LOCUS6056	0	0	0	0	0	0
DIATSA_LOCUS6057	0	0	0	0	0	0
DIATSA_LOCUS6058	1	1	1	0	0	0
DIATSA_LOCUS6059	0	0	0	0	0	0
DIATSA_LOCUS606	9	10	10	12	11	12
DIATSA_LOCUS6060	0	0	0	0	0	0
DIATSA_LOCUS6061	0	0	0	1	1	1
DIATSA_LOCUS6062	0	0	0	0	0	0
DIATSA_LOCUS6063	1	1	1	2	3	3
DIATSA_LOCUS6064	1	1	1	0	0	0
DIATSA_LOCUS6065	0	0	0	0	0	0
DIATSA_LOCUS6066	27	28	27	37	37	37
DIATSA_LOCUS6067	0	0	0	0	0	0
DIATSA_LOCUS6068	2	2	2	0	0	0
DIATSA_LOCUS6069	0	0	0	0	0	0
DIATSA_LOCUS607	0	0	0	0	0	0
DIATSA_LOCUS6070	4	4	4	5	5	5
DIATSA_LOCUS6071	1	1	1	0	0	0
DIATSA_LOCUS6072	4	5	5	3	3	3
DIATSA_LOCUS6073	0	0	0	0	0	0
DIATSA_LOCUS6074	3	3	3	1	1	1
DIATSA_LOCUS6075	4	4	4	4	4	4
DIATSA_LOCUS6076	4	4	4	7	7	7
DIATSA_LOCUS6077	5	5	5	3	3	3
DIATSA_LOCUS6078	0	0	0	0	0	0
DIATSA_LOCUS6079	6	6	6	5	5	5
DIATSA_LOCUS608	0	0	0	0	0	0
DIATSA_LOCUS6080	0	0	0	0	0	0
DIATSA_LOCUS6081	0	0	0	0	0	0
DIATSA_LOCUS6082	1	1	1	0	0	0
DIATSA_LOCUS6083	3	3	3	2	2	2
DIATSA_LOCUS6084	0	0	0	0	0	0
DIATSA_LOCUS6085	0	1	1	1	1	1
DIATSA_LOCUS6086	2	2	2	3	2	2
DIATSA_LOCUS6087	0	0	0	0	0	0
DIATSA_LOCUS6088	0	0	0	0	0	0
DIATSA_LOCUS6089	0	0	0	0	0	0
DIATSA_LOCUS609	0	0	0	1	1	1
DIATSA_LOCUS6090	1	1	1	2	2	2
DIATSA_LOCUS6091	14	14	14	14	14	14
DIATSA_LOCUS6092	0	0	0	0	0	0
DIATSA_LOCUS6093	0	0	0	0	0	0
DIATSA_LOCUS6094	0	0	0	1	1	1
DIATSA_LOCUS6095	0	0	0	0	0	0
DIATSA_LOCUS6096	25	27	27	30	28	28
DIATSA_LOCUS6097	36	36	36	33	33	33
DIATSA_LOCUS6098	0	0	0	0	0	0
DIATSA_LOCUS6099	0	0	0	0	0	0
DIATSA_LOCUS61	0	0	0	0	0	0
DIATSA_LOCUS610	0	0	0	0	0	0
DIATSA_LOCUS6100	1	1	1	0	0	0
DIATSA_LOCUS6101	0	0	0	0	0	0
DIATSA_LOCUS6102	0	0	0	0	0	0
DIATSA_LOCUS6103	0	0	0	0	0	0
DIATSA_LOCUS6104	1	1	1	0	0	0
DIATSA_LOCUS6105	0	0	0	0	0	0
DIATSA_LOCUS6106	0	0	0	0	0	0
DIATSA_LOCUS6107	0	0	0	0	0	0
DIATSA_LOCUS6108	1	1	1	1	1	1
DIATSA_LOCUS6109	4	4	4	5	6	6
DIATSA_LOCUS611	2	2	2	2	2	2
DIATSA_LOCUS6110	0	0	0	0	0	0
DIATSA_LOCUS6111	0	0	0	1	1	1
DIATSA_LOCUS6112	4	4	4	4	4	4
DIATSA_LOCUS6113	11	11	11	16	15	15
DIATSA_LOCUS6114	0	0	0	0	0	0
DIATSA_LOCUS6115	0	0	0	0	0	0
DIATSA_LOCUS6116	0	0	0	0	0	0
DIATSA_LOCUS6117	0	0	0	0	0	0
DIATSA_LOCUS6118	4	4	5	6	6	6
DIATSA_LOCUS6119	0	0	0	0	0	0
DIATSA_LOCUS612	1	1	1	1	1	1
DIATSA_LOCUS6120	1	1	1	3	4	4
DIATSA_LOCUS6121	21	21	21	33	33	33
DIATSA_LOCUS6122	8	8	8	5	5	5
DIATSA_LOCUS6123	0	0	0	0	0	0
DIATSA_LOCUS6124	0	0	0	0	0	0
DIATSA_LOCUS6125	2	2	2	1	1	1
DIATSA_LOCUS6126	2	2	2	1	1	1
DIATSA_LOCUS6127	1	1	1	0	0	0
DIATSA_LOCUS6128	2	2	2	2	2	2
DIATSA_LOCUS6129	0	0	0	0	0	0
DIATSA_LOCUS613	0	0	0	1	1	1
DIATSA_LOCUS6130	0	0	0	0	0	0
DIATSA_LOCUS6131	0	0	0	0	1	1
DIATSA_LOCUS6132	0	0	0	0	0	0
DIATSA_LOCUS6133	11	11	11	10	10	10
DIATSA_LOCUS6134	4	4	4	1	1	1
DIATSA_LOCUS6135	3	3	3	4	4	4
DIATSA_LOCUS6136	7	7	7	12	13	12
DIATSA_LOCUS6137	7	7	7	10	10	10
DIATSA_LOCUS6138	5	5	4	2	2	2
DIATSA_LOCUS6139	0	0	0	0	0	0
DIATSA_LOCUS614	0	0	0	0	0	0
DIATSA_LOCUS6140	4	4	4	6	6	6
DIATSA_LOCUS6141	0	0	0	0	0	0
DIATSA_LOCUS6142	0	0	0	0	0	0
DIATSA_LOCUS6143	1	1	1	1	1	1
DIATSA_LOCUS6144	1	1	1	3	3	3
DIATSA_LOCUS6145	0	0	0	0	0	0
DIATSA_LOCUS6146	42	43	43	58	58	58
DIATSA_LOCUS6147	0	0	0	0	0	0
DIATSA_LOCUS6148	0	0	0	0	0	0
DIATSA_LOCUS6149	13	8	9	5	7	8
DIATSA_LOCUS615	0	0	0	0	0	0
DIATSA_LOCUS6150	0	0	0	0	0	0
DIATSA_LOCUS6151	176	178	179	121	120	120
DIATSA_LOCUS6152	24	25	26	53	51	52
DIATSA_LOCUS6153	0	0	0	0	0	0
DIATSA_LOCUS6154	1	2	2	1	1	1
DIATSA_LOCUS6155	0	0	0	0	0	0
DIATSA_LOCUS6156	6	6	6	8	8	8
DIATSA_LOCUS6157	14	15	15	15	14	14
DIATSA_LOCUS6158	3	3	3	5	5	5
DIATSA_LOCUS6159	1	1	1	1	0	0
DIATSA_LOCUS616	4	4	4	4	4	4
DIATSA_LOCUS6160	0	0	0	0	0	0
DIATSA_LOCUS6161	0	0	0	0	0	0
DIATSA_LOCUS6162	0	0	0	0	0	0
DIATSA_LOCUS6163	0	0	0	0	0	0
DIATSA_LOCUS6164	0	0	0	0	0	0
DIATSA_LOCUS6165	0	0	0	0	0	0
DIATSA_LOCUS6166	0	1	1	0	0	0
DIATSA_LOCUS6167	2	2	2	3	3	3
DIATSA_LOCUS6168	0	0	0	1	1	1
DIATSA_LOCUS6169	0	0	0	0	0	0
DIATSA_LOCUS617	3	3	3	7	7	7
DIATSA_LOCUS6170	230	222	222	405	422	419
DIATSA_LOCUS6171	30	30	30	30	30	30
DIATSA_LOCUS6172	0	0	0	0	0	0
DIATSA_LOCUS6173	2	2	2	1	1	1
DIATSA_LOCUS6174	0	0	0	0	0	0
DIATSA_LOCUS6175	0	0	0	0	0	0
DIATSA_LOCUS6176	0	0	0	0	0	0
DIATSA_LOCUS6177	0	0	0	0	0	0
DIATSA_LOCUS6178	0	0	0	0	0	0
DIATSA_LOCUS6179	0	0	0	0	0	0
DIATSA_LOCUS618	0	0	0	0	0	0
DIATSA_LOCUS6180	0	0	0	0	0	0
DIATSA_LOCUS6181	260	255	256	250	255	254
DIATSA_LOCUS6182	12	11	12	10	10	10
DIATSA_LOCUS6183	2	2	2	1	1	1
DIATSA_LOCUS6184	1	1	1	0	0	0
DIATSA_LOCUS6185	0	0	0	0	0	0
DIATSA_LOCUS6186	2	2	2	2	2	1
DIATSA_LOCUS6187	0	3	3	0	0	0
DIATSA_LOCUS6188	0	0	0	0	0	0
DIATSA_LOCUS6189	0	0	0	0	0	0
DIATSA_LOCUS619	0	0	0	0	0	0
DIATSA_LOCUS6190	10	10	10	6	6	6
DIATSA_LOCUS6191	1	1	1	2	2	2
DIATSA_LOCUS6192	0	0	0	0	0	0
DIATSA_LOCUS6193	0	0	0	0	0	0
DIATSA_LOCUS6194	1	2	2	0	0	0
DIATSA_LOCUS6195	0	0	0	0	0	0
DIATSA_LOCUS6196	0	0	0	0	0	0
DIATSA_LOCUS6197	1	1	1	3	3	3
DIATSA_LOCUS6198	6	6	6	6	6	6
DIATSA_LOCUS6199	1	1	1	2	1	1
DIATSA_LOCUS62	0	0	0	0	0	0
DIATSA_LOCUS620	0	0	0	0	0	0
DIATSA_LOCUS6200	42	42	42	59	59	59
DIATSA_LOCUS6201	9	9	9	9	9	9
DIATSA_LOCUS6202	0	0	0	0	0	0
DIATSA_LOCUS6203	0	0	0	0	0	0
DIATSA_LOCUS6204	0	0	0	0	0	0
DIATSA_LOCUS6205	0	0	0	0	0	0
DIATSA_LOCUS6206	0	0	0	0	0	0
DIATSA_LOCUS6207	0	0	0	0	0	0
DIATSA_LOCUS6208	0	0	0	0	0	0
DIATSA_LOCUS6209	0	0	0	0	0	0
DIATSA_LOCUS621	164	167	167	69	68	68
DIATSA_LOCUS6210	0	0	0	0	0	0
DIATSA_LOCUS6211	0	0	0	0	0	0
DIATSA_LOCUS6212	2	2	2	2	2	2
DIATSA_LOCUS6213	2	2	2	0	0	0
DIATSA_LOCUS6214	3	3	3	2	1	1
DIATSA_LOCUS6215	1	1	1	0	0	0
DIATSA_LOCUS6216	1	1	1	1	1	1
DIATSA_LOCUS6217	4	4	4	4	4	4
DIATSA_LOCUS6218	0	0	0	0	0	0
DIATSA_LOCUS6219	1	2	2	0	0	0
DIATSA_LOCUS622	1	1	0	0	0	0
DIATSA_LOCUS6220	6	5	6	4	4	4
DIATSA_LOCUS6221	4	4	4	4	3	4
DIATSA_LOCUS6222	2	2	2	3	3	2
DIATSA_LOCUS6223	0	0	0	0	0	0
DIATSA_LOCUS6224	0	0	0	0	0	0
DIATSA_LOCUS6225	1	1	1	0	0	0
DIATSA_LOCUS6226	32	33	33	69	68	68
DIATSA_LOCUS6227	28	27	28	33	34	34
DIATSA_LOCUS6228	14	14	15	9	8	9
DIATSA_LOCUS6229	3	3	3	4	4	5
DIATSA_LOCUS623	0	1	1	2	2	2
DIATSA_LOCUS6230	16	15	15	12	12	12
DIATSA_LOCUS6231	0	0	0	0	0	0
DIATSA_LOCUS6232	37	38	38	33	32	32
DIATSA_LOCUS6233	1	1	1	4	4	4
DIATSA_LOCUS6234	0	0	0	2	2	2
DIATSA_LOCUS6235	2	2	2	2	2	2
DIATSA_LOCUS6236	2	2	2	2	3	2
DIATSA_LOCUS6237	0	0	0	0	0	0
DIATSA_LOCUS6238	0	0	0	0	0	0
DIATSA_LOCUS6239	20	20	21	14	14	14
DIATSA_LOCUS624	0	0	0	0	0	0
DIATSA_LOCUS6240	0	0	0	0	0	0
DIATSA_LOCUS6241	12	13	12	15	14	15
DIATSA_LOCUS6242	0	0	0	0	0	0
DIATSA_LOCUS6243	3	4	4	5	5	5
DIATSA_LOCUS6244	289	287	289	339	339	341
DIATSA_LOCUS6245	0	0	0	0	0	0
DIATSA_LOCUS6246	0	0	0	0	0	0
DIATSA_LOCUS6247	0	0	0	0	0	0
DIATSA_LOCUS6248	0	0	0	0	0	0
DIATSA_LOCUS6249	10	10	10	11	10	10
DIATSA_LOCUS625	0	0	0	0	0	0
DIATSA_LOCUS6250	1	1	1	0	0	0
DIATSA_LOCUS6251	0	0	0	0	0	0
DIATSA_LOCUS6252	0	0	0	0	0	0
DIATSA_LOCUS6253	0	0	0	1	1	1
DIATSA_LOCUS6254	0	0	0	0	0	0
DIATSA_LOCUS6255	0	0	0	0	0	0
DIATSA_LOCUS6256	5	6	6	5	5	5
DIATSA_LOCUS6257	608	595	609	1120	1117	1140
DIATSA_LOCUS6258	0	0	0	1	1	1
DIATSA_LOCUS6259	0	0	0	0	0	0
DIATSA_LOCUS626	1	0	0	0	0	0
DIATSA_LOCUS6260	0	1	1	0	0	0
DIATSA_LOCUS6261	94	94	95	199	196	199
DIATSA_LOCUS6262	0	0	0	0	0	0
DIATSA_LOCUS6263	0	0	0	0	0	0
DIATSA_LOCUS6264	1	1	1	1	1	1
DIATSA_LOCUS6265	0	0	0	0	0	0
DIATSA_LOCUS6266	0	0	0	0	0	0
DIATSA_LOCUS6267	0	1	1	1	0	0
DIATSA_LOCUS6268	27	27	27	45	45	45
DIATSA_LOCUS6269	0	0	0	0	0	0
DIATSA_LOCUS627	0	0	0	0	0	0
DIATSA_LOCUS6270	0	0	0	0	0	0
DIATSA_LOCUS6271	0	0	0	0	0	0
DIATSA_LOCUS6272	3	3	3	4	3	3
DIATSA_LOCUS6273	0	0	0	0	0	0
DIATSA_LOCUS6274	0	0	0	0	0	0
DIATSA_LOCUS6275	0	0	0	0	0	0
DIATSA_LOCUS6276	1	1	1	2	2	2
DIATSA_LOCUS6277	0	0	0	0	0	0
DIATSA_LOCUS6278	25	25	26	40	38	38
DIATSA_LOCUS6279	0	0	0	0	0	0
DIATSA_LOCUS628	0	0	0	0	0	0
DIATSA_LOCUS6280	1	1	1	2	2	2
DIATSA_LOCUS6281	2	2	2	2	2	2
DIATSA_LOCUS6282	0	0	0	0	0	0
DIATSA_LOCUS6283	0	0	0	0	0	0
DIATSA_LOCUS6284	0	0	0	1	1	1
DIATSA_LOCUS6285	0	0	0	0	0	0
DIATSA_LOCUS6286	97	99	98	177	176	173
DIATSA_LOCUS6287	0	0	0	0	0	0
DIATSA_LOCUS6288	4	4	4	1	1	1
DIATSA_LOCUS6289	0	0	0	0	0	0
DIATSA_LOCUS629	2	2	2	0	0	0
DIATSA_LOCUS6290	0	0	0	0	0	0
DIATSA_LOCUS6291	5	5	5	5	5	5
DIATSA_LOCUS6292	0	0	0	0	0	0
DIATSA_LOCUS6293	10	10	10	9	10	9
DIATSA_LOCUS6294	12	11	11	18	20	20
DIATSA_LOCUS6295	4	4	4	5	5	5
DIATSA_LOCUS6296	0	0	0	0	0	0
DIATSA_LOCUS6297	21	22	22	47	45	45
DIATSA_LOCUS6298	10	10	10	24	23	23
DIATSA_LOCUS6299	104	107	106	214	211	208
DIATSA_LOCUS63	7	6	6	1	2	2
DIATSA_LOCUS630	0	0	0	0	0	0
DIATSA_LOCUS6300	4	4	4	5	5	5
DIATSA_LOCUS6301	0	0	0	0	0	0
DIATSA_LOCUS6302	0	0	0	0	0	0
DIATSA_LOCUS6303	0	0	0	0	0	0
DIATSA_LOCUS6304	0	0	0	0	0	0
DIATSA_LOCUS6305	99	99	98	98	99	99
DIATSA_LOCUS6306	0	0	0	0	0	0
DIATSA_LOCUS6307	1	1	1	1	1	1
DIATSA_LOCUS6308	0	0	0	0	0	0
DIATSA_LOCUS6309	5	5	5	3	3	3
DIATSA_LOCUS631	1	1	1	3	3	3
DIATSA_LOCUS6310	1	1	1	0	0	1
DIATSA_LOCUS6311	0	0	0	1	1	1
DIATSA_LOCUS6312	0	0	0	0	0	0
DIATSA_LOCUS6313	0	0	0	0	0	0
DIATSA_LOCUS6314	7	7	7	11	10	11
DIATSA_LOCUS6315	5	6	6	4	4	4
DIATSA_LOCUS6316	1	1	1	0	0	0
DIATSA_LOCUS6317	1	1	1	1	1	1
DIATSA_LOCUS6318	3	3	3	0	0	0
DIATSA_LOCUS6319	0	0	0	0	0	0
DIATSA_LOCUS632	0	0	0	0	0	0
DIATSA_LOCUS6320	17	16	16	10	10	10
DIATSA_LOCUS6321	2	1	1	1	1	1
DIATSA_LOCUS6322	0	0	0	0	0	0
DIATSA_LOCUS6323	0	0	0	0	0	0
DIATSA_LOCUS6324	1	1	1	0	0	0
DIATSA_LOCUS6325	25	25	26	29	28	28
DIATSA_LOCUS6326	0	0	0	0	0	0
DIATSA_LOCUS6327	1	1	1	2	2	2
DIATSA_LOCUS6328	0	0	0	0	0	0
DIATSA_LOCUS6329	1	2	2	0	0	0
DIATSA_LOCUS633	2	2	2	1	1	1
DIATSA_LOCUS6330	1	1	1	0	0	0
DIATSA_LOCUS6331	7	7	7	4	4	4
DIATSA_LOCUS6332	0	0	0	0	0	0
DIATSA_LOCUS6333	0	0	0	0	0	0
DIATSA_LOCUS6334	0	0	0	0	0	0
DIATSA_LOCUS6335	0	0	0	0	0	0
DIATSA_LOCUS6336	0	0	0	0	0	0
DIATSA_LOCUS6337	0	0	0	0	0	0
DIATSA_LOCUS6338	3	2	2	0	0	0
DIATSA_LOCUS6339	0	0	0	0	0	0
DIATSA_LOCUS634	0	0	0	0	0	0
DIATSA_LOCUS6340	0	0	0	0	0	0
DIATSA_LOCUS6341	2	2	2	3	3	3
DIATSA_LOCUS6342	0	0	0	0	0	0
DIATSA_LOCUS6343	0	0	0	0	0	0
DIATSA_LOCUS6344	4	4	4	6	6	6
DIATSA_LOCUS6345	2	2	2	2	2	2
DIATSA_LOCUS6346	0	0	0	0	0	0
DIATSA_LOCUS6347	0	0	0	0	0	0
DIATSA_LOCUS6348	0	0	0	0	0	0
DIATSA_LOCUS6349	0	0	1	2	1	1
DIATSA_LOCUS635	15	16	16	5	5	5
DIATSA_LOCUS6350	0	0	0	0	0	0
DIATSA_LOCUS6351	0	0	0	0	0	0
DIATSA_LOCUS6352	0	0	0	1	1	1
DIATSA_LOCUS6353	11	11	11	17	17	17
DIATSA_LOCUS6354	22	22	22	30	31	31
DIATSA_LOCUS6355	0	0	0	0	0	0
DIATSA_LOCUS6356	0	0	0	0	0	0
DIATSA_LOCUS6357	14	14	14	22	22	22
DIATSA_LOCUS6358	3	3	3	5	5	5
DIATSA_LOCUS6359	0	0	0	0	0	0
DIATSA_LOCUS636	1	1	1	3	3	3
DIATSA_LOCUS6360	1	1	1	1	1	1
DIATSA_LOCUS6361	0	0	0	0	0	0
DIATSA_LOCUS6362	10	10	10	5	5	5
DIATSA_LOCUS6363	0	0	0	0	0	0
DIATSA_LOCUS6364	0	0	0	0	0	0
DIATSA_LOCUS6365	21	21	22	22	22	22
DIATSA_LOCUS6366	0	1	1	0	0	0
DIATSA_LOCUS6367	0	0	0	0	0	0
DIATSA_LOCUS6368	0	0	0	0	0	0
DIATSA_LOCUS6369	0	0	0	0	0	0
DIATSA_LOCUS637	0	0	0	0	0	0
DIATSA_LOCUS6370	0	0	0	0	0	0
DIATSA_LOCUS6371	27	29	29	34	32	32
DIATSA_LOCUS6372	0	0	0	0	0	0
DIATSA_LOCUS6373	1	1	1	1	1	1
DIATSA_LOCUS6374	3	3	3	5	5	5
DIATSA_LOCUS6375	2	2	2	1	1	1
DIATSA_LOCUS6376	2	2	1	0	0	0
DIATSA_LOCUS6377	1	1	1	2	2	2
DIATSA_LOCUS6378	10	10	10	8	8	8
DIATSA_LOCUS6379	2	2	2	1	1	1
DIATSA_LOCUS638	0	0	0	0	0	0
DIATSA_LOCUS6380	62	60	60	53	54	54
DIATSA_LOCUS6381	256	255	255	438	439	438
DIATSA_LOCUS6382	1	1	1	1	1	1
DIATSA_LOCUS6383	0	0	0	0	0	0
DIATSA_LOCUS6384	4	4	4	2	1	1
DIATSA_LOCUS6385	0	0	0	0	0	0
DIATSA_LOCUS6386	0	0	0	0	0	0
DIATSA_LOCUS6387	0	0	0	0	0	0
DIATSA_LOCUS6388	127	124	126	251	252	255
DIATSA_LOCUS6389	12	12	13	25	24	24
DIATSA_LOCUS639	1	0	0	0	0	0
DIATSA_LOCUS6390	0	0	0	0	0	0
DIATSA_LOCUS6391	0	0	0	0	0	0
DIATSA_LOCUS6392	0	0	0	0	0	0
DIATSA_LOCUS6393	0	0	0	0	0	0
DIATSA_LOCUS6394	2	2	1	0	0	0
DIATSA_LOCUS6395	0	0	0	0	0	0
DIATSA_LOCUS6396	3	3	3	1	1	1
DIATSA_LOCUS6397	12	12	12	24	24	24
DIATSA_LOCUS6398	2	2	2	3	2	2
DIATSA_LOCUS6399	1	1	1	1	1	1
DIATSA_LOCUS64	0	0	0	0	0	0
DIATSA_LOCUS640	0	0	0	0	0	0
DIATSA_LOCUS6400	0	0	0	0	0	0
DIATSA_LOCUS6401	55	55	55	60	60	59
DIATSA_LOCUS6402	0	0	0	0	0	0
DIATSA_LOCUS6403	10	10	10	8	8	8
DIATSA_LOCUS6404	24	25	25	20	19	19
DIATSA_LOCUS6405	0	0	0	1	1	1
DIATSA_LOCUS6406	0	0	0	0	0	0
DIATSA_LOCUS6407	1035	1018	1021	1401	1421	1424
DIATSA_LOCUS6408	2	2	3	0	0	0
DIATSA_LOCUS6409	0	0	0	0	0	0
DIATSA_LOCUS641	0	0	0	0	0	0
DIATSA_LOCUS6410	2	2	2	1	1	1
DIATSA_LOCUS6411	0	0	0	1	1	1
DIATSA_LOCUS6412	3	3	3	2	2	2
DIATSA_LOCUS6413	9	9	9	5	5	5
DIATSA_LOCUS6414	0	0	0	0	0	0
DIATSA_LOCUS6415	26	25	25	47	48	48
DIATSA_LOCUS6416	1	1	1	0	0	0
DIATSA_LOCUS6417	0	0	0	0	0	0
DIATSA_LOCUS6418	0	0	0	0	0	0
DIATSA_LOCUS6419	6	6	6	2	2	2
DIATSA_LOCUS642	75	76	75	58	58	57
DIATSA_LOCUS6420	0	0	0	0	0	0
DIATSA_LOCUS6421	1	1	1	1	1	1
DIATSA_LOCUS6422	6	6	6	4	4	4
DIATSA_LOCUS6423	0	0	0	0	0	0
DIATSA_LOCUS6424	0	0	0	0	0	0
DIATSA_LOCUS6425	0	0	0	0	0	0
DIATSA_LOCUS6426	0	0	0	0	0	0
DIATSA_LOCUS6427	1	1	1	3	3	3
DIATSA_LOCUS6428	0	0	0	0	0	0
DIATSA_LOCUS6429	0	0	0	0	0	0
DIATSA_LOCUS643	6	6	6	1	1	1
DIATSA_LOCUS6430	0	0	0	0	0	0
DIATSA_LOCUS6431	0	0	0	0	0	0
DIATSA_LOCUS6432	0	0	0	0	0	0
DIATSA_LOCUS6433	18	17	17	38	39	39
DIATSA_LOCUS6434	0	0	0	0	0	0
DIATSA_LOCUS6435	0	0	0	0	0	0
DIATSA_LOCUS6436	0	0	0	0	0	0
DIATSA_LOCUS6437	2	2	2	3	3	3
DIATSA_LOCUS6438	2	2	2	2	2	2
DIATSA_LOCUS6439	0	0	0	0	0	0
DIATSA_LOCUS644	2	2	2	2	2	2
DIATSA_LOCUS6440	0	0	0	0	0	0
DIATSA_LOCUS6441	3	3	3	3	3	3
DIATSA_LOCUS6442	0	0	0	0	0	0
DIATSA_LOCUS6443	0	0	0	0	0	0
DIATSA_LOCUS6444	2	2	2	2	2	2
DIATSA_LOCUS6445	40	40	40	50	51	50
DIATSA_LOCUS6446	0	0	0	0	0	0
DIATSA_LOCUS6447	1	1	1	1	1	1
DIATSA_LOCUS6448	0	0	0	0	0	0
DIATSA_LOCUS6449	46	44	44	34	36	36
DIATSA_LOCUS645	0	0	0	0	0	0
DIATSA_LOCUS6450	0	0	0	0	0	0
DIATSA_LOCUS6451	0	0	0	0	0	0
DIATSA_LOCUS6452	0	0	0	0	0	0
DIATSA_LOCUS6453	0	0	0	0	0	0
DIATSA_LOCUS6454	0	0	0	0	0	0
DIATSA_LOCUS6455	0	0	0	0	0	0
DIATSA_LOCUS6456	4	4	4	2	3	3
DIATSA_LOCUS6457	0	0	0	0	0	0
DIATSA_LOCUS6458	0	0	0	0	0	0
DIATSA_LOCUS6459	4	5	5	5	5	5
DIATSA_LOCUS646	9	9	9	6	6	6
DIATSA_LOCUS6460	0	0	0	0	0	0
DIATSA_LOCUS6461	17	16	16	12	12	12
DIATSA_LOCUS6462	0	0	0	0	0	0
DIATSA_LOCUS6463	3	3	3	3	3	3
DIATSA_LOCUS6464	0	0	0	0	0	0
DIATSA_LOCUS6465	0	0	0	0	0	0
DIATSA_LOCUS6466	0	0	0	0	0	0
DIATSA_LOCUS6467	0	0	0	0	0	0
DIATSA_LOCUS6468	734	749	749	1435	1409	1404
DIATSA_LOCUS6469	706	718	716	2113	2087	2075
DIATSA_LOCUS647	3	3	3	0	0	0
DIATSA_LOCUS6470	599	610	609	1343	1328	1315
DIATSA_LOCUS6471	136	137	136	294	294	292
DIATSA_LOCUS6472	0	0	0	0	0	0
DIATSA_LOCUS6473	0	0	0	0	0	1
DIATSA_LOCUS6474	73	75	75	84	82	82
DIATSA_LOCUS6475	1	1	1	12	13	14
DIATSA_LOCUS6476	2	2	2	1	1	2
DIATSA_LOCUS6477	0	0	0	0	0	0
DIATSA_LOCUS6478	0	1	1	4	3	3
DIATSA_LOCUS6479	0	0	0	0	0	0
DIATSA_LOCUS648	2	2	2	0	0	0
DIATSA_LOCUS6480	9	9	9	10	11	11
DIATSA_LOCUS6481	2	1	1	3	3	3
DIATSA_LOCUS6482	0	0	0	0	0	0
DIATSA_LOCUS6483	261	258	258	487	496	493
DIATSA_LOCUS6484	0	0	0	0	0	0
DIATSA_LOCUS6485	13	14	13	25	25	24
DIATSA_LOCUS6486	0	0	0	0	0	0
DIATSA_LOCUS6487	0	0	0	0	0	0
DIATSA_LOCUS6488	0	0	0	0	0	0
DIATSA_LOCUS6489	0	0	0	0	0	0
DIATSA_LOCUS649	0	0	0	0	0	0
DIATSA_LOCUS6490	1	1	1	2	2	2
DIATSA_LOCUS6491	0	0	0	0	0	0
DIATSA_LOCUS6492	0	0	0	0	0	0
DIATSA_LOCUS6493	6	6	6	9	9	9
DIATSA_LOCUS6494	11	11	11	12	12	12
DIATSA_LOCUS6495	3	3	3	4	4	4
DIATSA_LOCUS6496	0	0	0	0	0	0
DIATSA_LOCUS6497	3	3	3	2	2	2
DIATSA_LOCUS6498	5	6	6	4	4	4
DIATSA_LOCUS6499	1	1	1	1	1	0
DIATSA_LOCUS65	1	1	1	0	0	0
DIATSA_LOCUS650	0	1	1	0	0	0
DIATSA_LOCUS6500	7	7	7	13	13	13
DIATSA_LOCUS6501	0	0	0	0	0	0
DIATSA_LOCUS6502	0	0	0	0	0	0
DIATSA_LOCUS6503	0	0	0	0	0	0
DIATSA_LOCUS6504	2	2	2	1	1	1
DIATSA_LOCUS6505	1	1	1	0	0	0
DIATSA_LOCUS6506	4	3	3	5	5	5
DIATSA_LOCUS6507	0	0	0	0	0	0
DIATSA_LOCUS6508	10	10	10	19	19	19
DIATSA_LOCUS6509	0	0	0	0	0	0
DIATSA_LOCUS651	0	0	0	0	0	0
DIATSA_LOCUS6510	1	1	1	1	1	1
DIATSA_LOCUS6511	0	0	0	0	0	0
DIATSA_LOCUS6512	0	0	0	0	0	0
DIATSA_LOCUS6513	22	23	23	37	36	36
DIATSA_LOCUS6514	0	0	0	0	0	0
DIATSA_LOCUS6515	1	1	1	3	2	2
DIATSA_LOCUS6516	128	130	131	172	169	169
DIATSA_LOCUS6517	10	10	10	14	15	15
DIATSA_LOCUS6518	2	2	2	3	3	3
DIATSA_LOCUS6519	1	0	0	0	0	0
DIATSA_LOCUS652	0	0	0	1	0	0
DIATSA_LOCUS6520	458	458	459	840	840	838
DIATSA_LOCUS6521	1	1	1	1	1	1
DIATSA_LOCUS6522	0	0	0	0	0	0
DIATSA_LOCUS6523	0	0	1	0	0	0
DIATSA_LOCUS6524	6	6	6	6	6	6
DIATSA_LOCUS6525	1	1	1	1	1	1
DIATSA_LOCUS6526	0	0	0	0	0	0
DIATSA_LOCUS6527	3	3	3	3	3	3
DIATSA_LOCUS6528	1	1	1	1	2	2
DIATSA_LOCUS6529	0	0	0	0	0	0
DIATSA_LOCUS653	0	0	0	0	0	0
DIATSA_LOCUS6530	0	0	0	1	1	1
DIATSA_LOCUS6531	0	0	0	0	0	0
DIATSA_LOCUS6532	0	0	0	0	0	0
DIATSA_LOCUS6533	0	0	0	0	0	0
DIATSA_LOCUS6534	0	0	0	0	0	0
DIATSA_LOCUS6535	0	0	0	0	0	0
DIATSA_LOCUS6536	7	7	7	1	1	1
DIATSA_LOCUS6537	0	0	0	0	0	0
DIATSA_LOCUS6538	1	1	1	0	0	0
DIATSA_LOCUS6539	0	0	0	0	0	0
DIATSA_LOCUS654	1	1	1	1	1	1
DIATSA_LOCUS6540	7	7	7	16	16	16
DIATSA_LOCUS6541	32	31	31	33	33	33
DIATSA_LOCUS6542	0	0	0	0	0	0
DIATSA_LOCUS6543	1	1	1	1	1	1
DIATSA_LOCUS6544	0	0	0	0	0	0
DIATSA_LOCUS6545	1	1	1	1	1	1
DIATSA_LOCUS6546	4	4	4	5	5	5
DIATSA_LOCUS6547	0	0	0	0	0	0
DIATSA_LOCUS6548	0	0	0	0	0	0
DIATSA_LOCUS6549	1	1	1	3	3	3
DIATSA_LOCUS655	1	0	0	0	0	0
DIATSA_LOCUS6550	0	0	0	0	0	0
DIATSA_LOCUS6551	2	2	2	1	1	1
DIATSA_LOCUS6552	8	8	8	8	8	8
DIATSA_LOCUS6553	0	0	0	0	0	0
DIATSA_LOCUS6554	2	3	3	3	3	3
DIATSA_LOCUS6555	0	0	0	0	0	0
DIATSA_LOCUS6556	0	0	0	0	0	0
DIATSA_LOCUS6557	0	0	0	0	0	0
DIATSA_LOCUS6558	2	2	2	3	2	2
DIATSA_LOCUS6559	0	0	0	0	0	0
DIATSA_LOCUS656	0	0	0	0	1	1
DIATSA_LOCUS6560	4	4	4	4	4	4
DIATSA_LOCUS6561	2	2	2	2	3	2
DIATSA_LOCUS6562	0	0	0	0	0	0
DIATSA_LOCUS6563	1	1	1	2	2	2
DIATSA_LOCUS6564	0	0	0	0	0	0
DIATSA_LOCUS6565	5	5	5	2	2	2
DIATSA_LOCUS6566	8	8	8	6	6	6
DIATSA_LOCUS6567	0	0	0	0	0	0
DIATSA_LOCUS6568	12	13	13	15	14	14
DIATSA_LOCUS6569	171	173	173	463	460	460
DIATSA_LOCUS657	2	2	2	2	2	2
DIATSA_LOCUS6570	6	6	5	4	4	4
DIATSA_LOCUS6571	5	4	4	2	2	2
DIATSA_LOCUS6572	1	0	0	0	0	0
DIATSA_LOCUS6573	0	0	0	0	0	0
DIATSA_LOCUS6574	3	3	3	5	5	5
DIATSA_LOCUS6575	1	1	1	1	1	1
DIATSA_LOCUS6576	0	0	0	0	0	0
DIATSA_LOCUS6577	1	0	0	1	1	1
DIATSA_LOCUS6578	0	0	0	0	0	0
DIATSA_LOCUS6579	0	0	0	0	0	0
DIATSA_LOCUS658	0	0	0	0	0	0
DIATSA_LOCUS6580	0	0	0	0	0	0
DIATSA_LOCUS6581	0	0	0	0	0	0
DIATSA_LOCUS6582	0	0	0	0	0	0
DIATSA_LOCUS6583	7	7	7	12	11	11
DIATSA_LOCUS6584	0	0	0	0	0	0
DIATSA_LOCUS6585	0	0	0	0	0	0
DIATSA_LOCUS6586	3	3	3	3	3	3
DIATSA_LOCUS6587	0	0	0	0	0	0
DIATSA_LOCUS6588	4	4	4	4	4	4
DIATSA_LOCUS6589	12	12	12	18	18	17
DIATSA_LOCUS659	0	0	0	0	0	0
DIATSA_LOCUS6590	0	0	0	0	0	0
DIATSA_LOCUS6591	0	0	0	0	0	0
DIATSA_LOCUS6592	2	2	2	1	1	1
DIATSA_LOCUS6593	0	0	0	0	0	0
DIATSA_LOCUS6594	0	0	0	0	0	0
DIATSA_LOCUS6595	3	3	3	6	6	6
DIATSA_LOCUS6596	14	15	15	22	21	21
DIATSA_LOCUS6597	16	15	15	32	33	34
DIATSA_LOCUS6598	0	0	0	0	0	0
DIATSA_LOCUS6599	0	0	0	0	0	0
DIATSA_LOCUS66	0	0	0	0	0	0
DIATSA_LOCUS660	0	0	0	0	0	0
DIATSA_LOCUS6600	5	5	5	5	6	6
DIATSA_LOCUS6601	0	0	0	0	0	0
DIATSA_LOCUS6602	5	5	5	6	6	6
DIATSA_LOCUS6603	0	0	0	0	0	0
DIATSA_LOCUS6604	0	0	0	0	0	0
DIATSA_LOCUS6605	0	0	0	0	0	0
DIATSA_LOCUS6606	0	0	0	0	0	0
DIATSA_LOCUS6607	8	8	8	10	11	11
DIATSA_LOCUS6608	0	0	0	0	0	0
DIATSA_LOCUS6609	0	0	0	0	0	0
DIATSA_LOCUS661	0	0	0	0	0	0
DIATSA_LOCUS6610	2	3	3	4	4	4
DIATSA_LOCUS6611	0	0	0	0	0	0
DIATSA_LOCUS6612	37	37	37	43	43	43
DIATSA_LOCUS6613	45	45	44	86	87	86
DIATSA_LOCUS6614	1	1	1	1	1	1
DIATSA_LOCUS6615	1	2	2	3	3	3
DIATSA_LOCUS6616	0	0	0	0	0	0
DIATSA_LOCUS6617	0	0	0	0	0	0
DIATSA_LOCUS6618	9	9	9	12	13	13
DIATSA_LOCUS6619	42	42	41	56	57	56
DIATSA_LOCUS662	0	0	0	0	0	0
DIATSA_LOCUS6620	4	4	4	6	7	7
DIATSA_LOCUS6621	0	0	0	0	0	0
DIATSA_LOCUS6622	0	0	0	0	0	0
DIATSA_LOCUS6623	0	0	0	0	0	0
DIATSA_LOCUS6624	0	0	0	0	0	0
DIATSA_LOCUS6625	0	0	0	0	0	0
DIATSA_LOCUS6626	14	14	14	10	10	10
DIATSA_LOCUS6627	2	2	2	1	1	1
DIATSA_LOCUS6628	1	1	1	3	3	3
DIATSA_LOCUS6629	6	6	6	2	2	2
DIATSA_LOCUS663	0	0	0	0	0	0
DIATSA_LOCUS6630	13	14	14	13	12	12
DIATSA_LOCUS6631	5	4	4	5	5	5
DIATSA_LOCUS6632	8	9	9	9	8	8
DIATSA_LOCUS6633	5	6	6	6	5	5
DIATSA_LOCUS6634	0	0	0	0	0	0
DIATSA_LOCUS6635	5	6	6	4	4	4
DIATSA_LOCUS6636	0	0	0	0	0	0
DIATSA_LOCUS6637	3	4	3	5	4	4
DIATSA_LOCUS6638	0	0	0	0	0	0
DIATSA_LOCUS6639	0	0	0	0	0	0
DIATSA_LOCUS664	6	5	5	4	4	4
DIATSA_LOCUS6640	1	1	1	0	0	0
DIATSA_LOCUS6641	0	0	0	0	0	0
DIATSA_LOCUS6642	0	0	0	0	0	0
DIATSA_LOCUS6643	0	0	0	0	0	0
DIATSA_LOCUS6644	3270	1006	16033	988	693	740
DIATSA_LOCUS6645	0	0	0	0	0	0
DIATSA_LOCUS6646	0	0	0	0	0	0
DIATSA_LOCUS6647	0	0	0	0	0	0
DIATSA_LOCUS6648	0	0	0	0	0	0
DIATSA_LOCUS6649	0	0	0	0	0	0
DIATSA_LOCUS665	0	0	0	0	0	0
DIATSA_LOCUS6650	0	0	0	0	0	0
DIATSA_LOCUS6651	365	49	51	22	771	41
DIATSA_LOCUS6652	0	0	0	0	0	0
DIATSA_LOCUS6653	0	0	0	0	0	0
DIATSA_LOCUS6654	0	0	0	0	0	0
DIATSA_LOCUS6655	0	0	0	0	0	0
DIATSA_LOCUS6656	0	0	0	0	0	0
DIATSA_LOCUS6657	5	5	5	8	9	8
DIATSA_LOCUS6658	1	1	1	0	0	0
DIATSA_LOCUS6659	0	0	0	0	0	0
DIATSA_LOCUS666	0	0	0	0	0	0
DIATSA_LOCUS6660	8	8	8	10	10	10
DIATSA_LOCUS6661	6	6	6	11	11	10
DIATSA_LOCUS6662	2	2	2	1	1	1
DIATSA_LOCUS6663	2	2	2	0	0	0
DIATSA_LOCUS6664	1	1	1	1	1	1
DIATSA_LOCUS6665	9	10	10	14	14	13
DIATSA_LOCUS6666	0	0	0	1	1	1
DIATSA_LOCUS6667	0	0	0	0	0	0
DIATSA_LOCUS6668	12	13	13	36	34	34
DIATSA_LOCUS6669	0	0	0	75	81	81
DIATSA_LOCUS667	0	0	0	0	0	0
DIATSA_LOCUS6670	5	4	4	5	5	5
DIATSA_LOCUS6671	0	0	0	1	1	1
DIATSA_LOCUS6672	0	0	0	0	0	0
DIATSA_LOCUS6673	50	49	49	35	35	35
DIATSA_LOCUS6674	5	5	5	7	7	7
DIATSA_LOCUS6675	5	5	5	7	7	7
DIATSA_LOCUS6676	4	4	3	6	7	6
DIATSA_LOCUS6677	0	1	1	0	0	0
DIATSA_LOCUS6678	0	0	0	0	0	0
DIATSA_LOCUS6679	0	0	0	0	0	0
DIATSA_LOCUS668	0	0	0	0	0	0
DIATSA_LOCUS6680	0	0	0	0	0	0
DIATSA_LOCUS6681	0	0	0	0	0	0
DIATSA_LOCUS6682	3	3	3	1	1	1
DIATSA_LOCUS6683	0	0	0	0	0	0
DIATSA_LOCUS6684	0	0	0	0	0	0
DIATSA_LOCUS6685	20	20	20	38	39	39
DIATSA_LOCUS6686	0	0	0	0	0	0
DIATSA_LOCUS6687	4	3	3	0	0	0
DIATSA_LOCUS6688	0	0	0	0	0	0
DIATSA_LOCUS6689	0	0	0	0	0	0
DIATSA_LOCUS669	10	10	10	14	14	14
DIATSA_LOCUS6690	2	2	2	4	4	4
DIATSA_LOCUS6691	2	2	2	0	0	0
DIATSA_LOCUS6692	0	0	0	0	0	0
DIATSA_LOCUS6693	18	19	19	16	15	15
DIATSA_LOCUS6694	2	2	2	3	3	3
DIATSA_LOCUS6695	4	5	5	1	1	1
DIATSA_LOCUS6696	9	9	9	21	20	20
DIATSA_LOCUS6697	49	48	48	84	85	85
DIATSA_LOCUS6698	4	4	4	9	9	9
DIATSA_LOCUS6699	0	0	0	1	1	1
DIATSA_LOCUS67	0	0	0	0	0	0
DIATSA_LOCUS670	0	0	0	0	0	0
DIATSA_LOCUS6700	0	0	0	0	0	0
DIATSA_LOCUS6701	0	0	0	0	0	0
DIATSA_LOCUS6702	0	0	0	0	0	0
DIATSA_LOCUS6703	7	7	7	3	3	3
DIATSA_LOCUS6704	5	5	5	7	7	8
DIATSA_LOCUS6705	0	0	0	0	0	0
DIATSA_LOCUS6706	4	4	5	3	3	3
DIATSA_LOCUS6707	0	0	0	0	0	0
DIATSA_LOCUS6708	4	5	5	2	1	1
DIATSA_LOCUS6709	0	0	0	0	0	0
DIATSA_LOCUS671	1	1	1	0	0	0
DIATSA_LOCUS6710	0	0	0	0	0	0
DIATSA_LOCUS6711	0	0	0	0	0	0
DIATSA_LOCUS6712	0	0	0	0	0	0
DIATSA_LOCUS6713	0	0	0	0	0	0
DIATSA_LOCUS6714	0	0	0	1	1	1
DIATSA_LOCUS6715	0	0	0	0	0	0
DIATSA_LOCUS6716	0	0	0	0	0	0
DIATSA_LOCUS6717	0	0	0	0	0	0
DIATSA_LOCUS6718	0	0	0	0	0	0
DIATSA_LOCUS6719	0	0	0	0	0	0
DIATSA_LOCUS672	11	11	11	14	14	14
DIATSA_LOCUS6720	0	0	0	0	0	0
DIATSA_LOCUS6721	1	1	1	0	0	0
DIATSA_LOCUS6722	0	0	0	0	0	0
DIATSA_LOCUS6723	0	0	0	0	0	0
DIATSA_LOCUS6724	0	0	0	0	0	0
DIATSA_LOCUS6725	17	15	15	17	19	19
DIATSA_LOCUS6726	1	1	1	0	0	0
DIATSA_LOCUS6727	0	0	0	0	0	0
DIATSA_LOCUS6728	0	1	1	1	1	1
DIATSA_LOCUS6729	0	0	0	0	0	0
DIATSA_LOCUS673	7	7	7	8	8	8
DIATSA_LOCUS6730	0	0	0	0	0	0
DIATSA_LOCUS6731	0	0	0	0	0	0
DIATSA_LOCUS6732	0	1	1	0	0	0
DIATSA_LOCUS6733	2	2	2	1	1	1
DIATSA_LOCUS6734	0	0	0	0	0	0
DIATSA_LOCUS6735	0	0	0	0	0	0
DIATSA_LOCUS6736	12	12	12	5	5	5
DIATSA_LOCUS6737	0	0	0	0	0	0
DIATSA_LOCUS6738	8	9	8	16	16	16
DIATSA_LOCUS6739	0	0	0	0	0	0
DIATSA_LOCUS674	0	0	0	0	0	0
DIATSA_LOCUS6740	0	0	0	0	0	0
DIATSA_LOCUS6741	1	1	1	1	1	1
DIATSA_LOCUS6742	7	7	7	4	5	5
DIATSA_LOCUS6743	0	0	0	0	0	0
DIATSA_LOCUS6744	0	0	0	0	0	0
DIATSA_LOCUS6745	0	0	0	0	0	0
DIATSA_LOCUS6746	0	0	0	0	0	0
DIATSA_LOCUS6747	0	0	0	0	0	0
DIATSA_LOCUS6748	0	0	0	0	0	0
DIATSA_LOCUS6749	0	0	0	0	0	0
DIATSA_LOCUS675	1	1	1	1	1	1
DIATSA_LOCUS6750	0	0	0	0	0	0
DIATSA_LOCUS6751	0	0	0	0	0	0
DIATSA_LOCUS6752	0	0	0	0	0	0
DIATSA_LOCUS6753	0	0	0	0	0	0
DIATSA_LOCUS6754	1	1	1	1	1	0
DIATSA_LOCUS6755	0	0	0	0	0	0
DIATSA_LOCUS6756	0	0	0	0	0	0
DIATSA_LOCUS6757	0	0	0	0	0	0
DIATSA_LOCUS6758	0	0	0	0	0	0
DIATSA_LOCUS6759	0	0	0	0	0	0
DIATSA_LOCUS676	1	1	1	2	2	2
DIATSA_LOCUS6760	2	2	2	1	1	1
DIATSA_LOCUS6761	0	0	0	0	0	0
DIATSA_LOCUS6762	2	1	1	0	0	0
DIATSA_LOCUS6763	0	0	0	0	0	0
DIATSA_LOCUS6764	0	0	0	0	0	0
DIATSA_LOCUS6765	0	0	0	0	0	0
DIATSA_LOCUS6766	0	0	0	2	2	2
DIATSA_LOCUS6767	39	39	39	28	28	28
DIATSA_LOCUS6768	17	18	18	31	30	30
DIATSA_LOCUS6769	0	0	0	0	0	0
DIATSA_LOCUS677	0	0	0	0	0	0
DIATSA_LOCUS6770	1	1	1	1	1	1
DIATSA_LOCUS6771	2	2	2	1	1	1
DIATSA_LOCUS6772	0	0	0	0	0	0
DIATSA_LOCUS6773	0	0	0	0	0	0
DIATSA_LOCUS6774	0	0	0	0	0	0
DIATSA_LOCUS6775	4	4	4	5	6	5
DIATSA_LOCUS6776	0	0	0	0	0	0
DIATSA_LOCUS6777	0	0	0	0	0	0
DIATSA_LOCUS6778	8	8	8	2	3	3
DIATSA_LOCUS6779	3	3	3	3	3	3
DIATSA_LOCUS678	0	0	0	0	0	0
DIATSA_LOCUS6780	0	0	0	0	0	0
DIATSA_LOCUS6781	0	0	0	0	0	0
DIATSA_LOCUS6782	0	0	0	0	0	0
DIATSA_LOCUS6783	0	0	0	0	0	0
DIATSA_LOCUS6784	2	1	1	1	2	2
DIATSA_LOCUS6785	1	1	1	0	0	0
DIATSA_LOCUS6786	2	3	3	2	2	2
DIATSA_LOCUS6787	1	1	1	0	0	0
DIATSA_LOCUS6788	1909	1873	1897	2516	2532	2559
DIATSA_LOCUS6789	4	4	4	3	3	3
DIATSA_LOCUS679	0	0	0	0	0	0
DIATSA_LOCUS6790	0	0	0	0	0	0
DIATSA_LOCUS6791	0	0	0	1	1	1
DIATSA_LOCUS6792	6	6	6	3	2	2
DIATSA_LOCUS6793	0	0	0	0	0	0
DIATSA_LOCUS6794	0	0	0	0	0	0
DIATSA_LOCUS6795	0	0	0	0	0	0
DIATSA_LOCUS6796	0	0	0	0	0	0
DIATSA_LOCUS6797	3	3	3	3	3	3
DIATSA_LOCUS6798	21	22	22	40	38	38
DIATSA_LOCUS6799	53	54	54	73	72	72
DIATSA_LOCUS68	0	0	0	0	0	0
DIATSA_LOCUS680	0	0	0	0	0	0
DIATSA_LOCUS6800	4	4	4	9	9	9
DIATSA_LOCUS6801	0	0	0	0	0	0
DIATSA_LOCUS6802	0	0	0	1	1	1
DIATSA_LOCUS6803	1	1	1	3	3	4
DIATSA_LOCUS6804	4	4	4	6	6	6
DIATSA_LOCUS6805	0	0	0	0	0	0
DIATSA_LOCUS6806	0	1	1	0	0	0
DIATSA_LOCUS6807	0	0	0	0	0	0
DIATSA_LOCUS6808	0	0	0	0	0	0
DIATSA_LOCUS6809	3	3	3	0	0	0
DIATSA_LOCUS681	0	0	0	0	0	0
DIATSA_LOCUS6810	11	10	10	10	10	10
DIATSA_LOCUS6811	0	0	0	0	0	0
DIATSA_LOCUS6812	1	1	1	0	0	0
DIATSA_LOCUS6813	3	4	4	4	3	3
DIATSA_LOCUS6814	0	0	0	0	0	0
DIATSA_LOCUS6815	0	0	0	0	0	0
DIATSA_LOCUS6816	0	0	0	0	0	0
DIATSA_LOCUS6817	10	10	10	11	11	11
DIATSA_LOCUS6818	0	0	0	0	0	0
DIATSA_LOCUS6819	0	0	0	0	0	0
DIATSA_LOCUS682	0	0	0	0	0	0
DIATSA_LOCUS6820	0	0	0	0	0	0
DIATSA_LOCUS6821	1	1	1	1	1	1
DIATSA_LOCUS6822	0	0	0	0	0	0
DIATSA_LOCUS6823	3	2	2	1	1	1
DIATSA_LOCUS6824	1	1	1	0	0	0
DIATSA_LOCUS6825	28	27	27	18	18	18
DIATSA_LOCUS6826	0	0	0	0	0	0
DIATSA_LOCUS6827	2	2	2	2	2	2
DIATSA_LOCUS6828	1	1	1	0	0	0
DIATSA_LOCUS6829	1	1	1	1	1	1
DIATSA_LOCUS683	0	0	0	0	0	0
DIATSA_LOCUS6830	0	0	0	0	0	0
DIATSA_LOCUS6831	0	0	0	0	0	0
DIATSA_LOCUS6832	0	0	0	0	0	0
DIATSA_LOCUS6833	2	2	2	3	3	3
DIATSA_LOCUS6834	2	2	2	2	2	2
DIATSA_LOCUS6835	7	7	7	6	6	6
DIATSA_LOCUS6836	0	1	1	0	0	0
DIATSA_LOCUS6837	3	2	2	2	2	2
DIATSA_LOCUS6838	0	0	0	0	0	0
DIATSA_LOCUS6839	1	1	1	0	0	0
DIATSA_LOCUS684	0	0	0	0	0	0
DIATSA_LOCUS6840	1	1	1	2	2	2
DIATSA_LOCUS6841	1	2	2	1	0	0
DIATSA_LOCUS6842	0	0	0	1	1	1
DIATSA_LOCUS6843	0	0	0	0	0	0
DIATSA_LOCUS6844	1	1	1	0	0	0
DIATSA_LOCUS6845	1	1	1	0	0	0
DIATSA_LOCUS6846	15	14	14	13	14	14
DIATSA_LOCUS6847	0	0	0	0	0	0
DIATSA_LOCUS6848	0	0	0	0	0	0
DIATSA_LOCUS6849	1	1	1	1	1	1
DIATSA_LOCUS685	0	0	0	0	0	0
DIATSA_LOCUS6850	0	0	0	0	0	0
DIATSA_LOCUS6851	0	0	0	0	0	0
DIATSA_LOCUS6852	4	4	4	8	7	7
DIATSA_LOCUS6853	0	0	0	0	0	0
DIATSA_LOCUS6854	40	40	40	197	196	196
DIATSA_LOCUS6855	3	3	3	1	1	1
DIATSA_LOCUS6856	6	6	7	3	3	3
DIATSA_LOCUS6857	1	1	1	2	1	1
DIATSA_LOCUS6858	0	0	0	0	0	0
DIATSA_LOCUS6859	1	1	1	0	0	0
DIATSA_LOCUS686	0	0	0	0	0	0
DIATSA_LOCUS6860	0	0	0	0	0	0
DIATSA_LOCUS6861	7	8	8	15	15	15
DIATSA_LOCUS6862	5	5	5	7	7	7
DIATSA_LOCUS6863	0	0	0	0	0	0
DIATSA_LOCUS6864	1	1	1	0	0	0
DIATSA_LOCUS6865	0	0	0	0	0	0
DIATSA_LOCUS6866	68	65	65	37	38	38
DIATSA_LOCUS6867	3	3	3	4	4	4
DIATSA_LOCUS6868	1	1	1	0	0	0
DIATSA_LOCUS6869	0	0	0	0	0	0
DIATSA_LOCUS687	0	0	0	0	0	0
DIATSA_LOCUS6870	3	3	3	0	0	0
DIATSA_LOCUS6871	0	0	0	0	0	0
DIATSA_LOCUS6872	17	17	17	8	8	8
DIATSA_LOCUS6873	0	0	0	0	0	0
DIATSA_LOCUS6874	0	0	0	0	0	0
DIATSA_LOCUS6875	13	13	13	15	15	15
DIATSA_LOCUS6876	15	15	15	20	20	20
DIATSA_LOCUS6877	0	0	0	0	0	0
DIATSA_LOCUS6878	0	0	0	0	0	0
DIATSA_LOCUS6879	1	2	2	1	1	1
DIATSA_LOCUS688	0	0	0	0	0	0
DIATSA_LOCUS6880	0	0	0	0	0	0
DIATSA_LOCUS6881	5	4	4	3	3	4
DIATSA_LOCUS6882	0	0	0	0	0	0
DIATSA_LOCUS6883	317	317	320	470	466	468
DIATSA_LOCUS6884	7	7	7	5	5	5
DIATSA_LOCUS6885	5	5	5	6	6	6
DIATSA_LOCUS6886	20	20	20	30	30	29
DIATSA_LOCUS6887	0	0	0	0	0	0
DIATSA_LOCUS6888	3	2	3	3	3	3
DIATSA_LOCUS6889	0	0	0	0	0	0
DIATSA_LOCUS689	0	0	0	0	0	0
DIATSA_LOCUS6890	0	0	0	0	0	0
DIATSA_LOCUS6891	0	0	0	0	0	0
DIATSA_LOCUS6892	0	0	0	0	0	0
DIATSA_LOCUS6893	0	0	0	1	1	1
DIATSA_LOCUS6894	0	0	0	0	0	0
DIATSA_LOCUS6895	0	0	0	0	0	0
DIATSA_LOCUS6896	1	1	1	1	1	1
DIATSA_LOCUS6897	0	0	0	0	0	0
DIATSA_LOCUS6898	1	0	0	1	1	1
DIATSA_LOCUS6899	7	6	6	6	6	6
DIATSA_LOCUS69	0	0	0	0	0	0
DIATSA_LOCUS690	0	0	0	0	0	0
DIATSA_LOCUS6900	2	2	2	3	2	2
DIATSA_LOCUS6901	5	5	4	6	6	6
DIATSA_LOCUS6902	0	0	0	0	0	0
DIATSA_LOCUS6903	6	6	6	6	6	6
DIATSA_LOCUS6904	1	1	1	0	0	0
DIATSA_LOCUS6905	0	0	0	0	0	0
DIATSA_LOCUS6906	0	0	0	0	0	0
DIATSA_LOCUS6907	1	1	0	1	1	1
DIATSA_LOCUS6908	0	0	0	0	0	0
DIATSA_LOCUS6909	1	1	1	1	1	1
DIATSA_LOCUS691	0	0	0	0	0	0
DIATSA_LOCUS6910	0	0	0	0	0	0
DIATSA_LOCUS6911	0	0	0	0	0	0
DIATSA_LOCUS6912	0	0	0	0	0	0
DIATSA_LOCUS6913	0	0	0	0	0	0
DIATSA_LOCUS6914	0	0	0	0	0	0
DIATSA_LOCUS6915	0	0	0	0	0	0
DIATSA_LOCUS6916	0	0	0	0	0	0
DIATSA_LOCUS6917	0	0	0	0	0	0
DIATSA_LOCUS6918	3	3	3	1	1	1
DIATSA_LOCUS6919	0	0	0	0	0	0
DIATSA_LOCUS692	0	0	0	0	0	0
DIATSA_LOCUS6920	0	0	0	0	0	0
DIATSA_LOCUS6921	0	0	0	0	0	0
DIATSA_LOCUS6922	0	0	0	0	0	0
DIATSA_LOCUS6923	0	0	0	0	0	0
DIATSA_LOCUS6924	0	0	0	0	0	0
DIATSA_LOCUS6925	0	0	0	0	0	0
DIATSA_LOCUS6926	0	0	0	0	0	0
DIATSA_LOCUS6927	2	2	2	0	0	0
DIATSA_LOCUS6928	0	0	0	0	0	0
DIATSA_LOCUS6929	0	0	0	0	0	0
DIATSA_LOCUS693	0	0	0	0	0	0
DIATSA_LOCUS6930	0	0	0	0	0	0
DIATSA_LOCUS6931	0	0	0	0	0	0
DIATSA_LOCUS6932	0	0	0	0	0	0
DIATSA_LOCUS6933	0	0	0	0	0	0
DIATSA_LOCUS6934	2	2	2	2	2	2
DIATSA_LOCUS6935	0	0	0	0	0	0
DIATSA_LOCUS6936	0	0	0	2	2	2
DIATSA_LOCUS6937	0	0	0	0	0	0
DIATSA_LOCUS6938	4	4	4	6	6	6
DIATSA_LOCUS6939	1	1	1	1	1	1
DIATSA_LOCUS694	0	0	0	0	0	0
DIATSA_LOCUS6940	5	5	5	5	6	5
DIATSA_LOCUS6941	0	0	0	0	0	0
DIATSA_LOCUS6942	1	1	1	1	0	0
DIATSA_LOCUS6943	2	2	2	3	3	3
DIATSA_LOCUS6944	0	0	0	0	0	0
DIATSA_LOCUS6945	2	2	2	2	2	2
DIATSA_LOCUS6946	2	2	2	1	1	1
DIATSA_LOCUS6947	0	0	0	0	0	0
DIATSA_LOCUS6948	3	4	4	3	2	2
DIATSA_LOCUS6949	1	1	1	3	3	3
DIATSA_LOCUS695	0	0	0	0	0	0
DIATSA_LOCUS6950	0	0	0	0	0	0
DIATSA_LOCUS6951	0	0	0	0	0	0
DIATSA_LOCUS6952	0	0	0	0	0	0
DIATSA_LOCUS6953	3	3	3	4	3	3
DIATSA_LOCUS6954	1	1	1	2	2	2
DIATSA_LOCUS6955	1	1	1	2	3	3
DIATSA_LOCUS6956	21	22	22	32	32	32
DIATSA_LOCUS6957	0	0	0	0	0	0
DIATSA_LOCUS6958	0	0	0	1	2	2
DIATSA_LOCUS6959	1	1	1	1	1	1
DIATSA_LOCUS696	0	0	0	0	0	0
DIATSA_LOCUS6960	2	2	1	3	3	3
DIATSA_LOCUS6961	1	1	1	2	2	2
DIATSA_LOCUS6962	0	0	0	0	0	0
DIATSA_LOCUS6963	0	0	0	0	0	0
DIATSA_LOCUS6964	1	1	1	2	2	2
DIATSA_LOCUS6965	1	1	1	1	1	1
DIATSA_LOCUS6966	1	1	1	3	3	3
DIATSA_LOCUS6967	2	2	2	0	0	0
DIATSA_LOCUS6968	0	0	0	0	0	0
DIATSA_LOCUS6969	12	12	12	21	21	22
DIATSA_LOCUS697	0	0	0	0	0	0
DIATSA_LOCUS6970	0	0	0	0	1	0
DIATSA_LOCUS6971	4	3	3	7	7	7
DIATSA_LOCUS6972	3	3	3	4	5	4
DIATSA_LOCUS6973	2	2	1	0	0	0
DIATSA_LOCUS6974	1	1	1	2	2	2
DIATSA_LOCUS6975	1	1	1	1	1	1
DIATSA_LOCUS6976	18	18	18	28	28	27
DIATSA_LOCUS6977	0	0	0	0	0	0
DIATSA_LOCUS6978	0	1	1	1	1	1
DIATSA_LOCUS6979	0	0	0	0	0	0
DIATSA_LOCUS698	0	0	0	0	0	0
DIATSA_LOCUS6980	0	0	0	0	0	0
DIATSA_LOCUS6981	0	0	0	0	0	0
DIATSA_LOCUS6982	90	94	94	151	145	144
DIATSA_LOCUS6983	0	1	1	0	0	0
DIATSA_LOCUS6984	0	0	0	0	0	0
DIATSA_LOCUS6985	0	0	0	0	0	0
DIATSA_LOCUS6986	1	1	1	0	0	0
DIATSA_LOCUS6987	0	0	0	0	0	0
DIATSA_LOCUS6988	0	0	0	0	0	0
DIATSA_LOCUS6989	0	0	0	0	0	0
DIATSA_LOCUS699	0	0	0	0	0	0
DIATSA_LOCUS6990	0	0	0	0	0	0
DIATSA_LOCUS6991	0	0	0	0	0	0
DIATSA_LOCUS6992	0	0	0	0	0	0
DIATSA_LOCUS6993	0	0	0	0	0	0
DIATSA_LOCUS6994	0	0	0	0	0	0
DIATSA_LOCUS6995	1	1	1	2	2	2
DIATSA_LOCUS6996	0	0	0	0	0	0
DIATSA_LOCUS6997	6	6	6	14	14	13
DIATSA_LOCUS6998	1	1	1	1	1	1
DIATSA_LOCUS6999	2	2	2	2	2	2
DIATSA_LOCUS7	0	0	0	0	0	0
DIATSA_LOCUS70	1	0	0	0	0	0
DIATSA_LOCUS700	0	0	0	0	0	0
DIATSA_LOCUS7000	14	14	14	13	12	12
DIATSA_LOCUS7001	2	2	2	3	3	3
DIATSA_LOCUS7002	8	8	8	6	6	6
DIATSA_LOCUS7003	116	115	118	17	17	18
DIATSA_LOCUS7004	1	1	1	5	5	5
DIATSA_LOCUS7005	8	8	9	13	12	12
DIATSA_LOCUS7006	0	0	0	0	0	0
DIATSA_LOCUS7007	0	0	0	0	0	0
DIATSA_LOCUS7008	0	0	0	0	0	0
DIATSA_LOCUS7009	0	0	0	0	0	0
DIATSA_LOCUS701	0	0	0	0	0	0
DIATSA_LOCUS7010	0	0	0	0	0	0
DIATSA_LOCUS7011	0	0	0	0	0	0
DIATSA_LOCUS7012	0	0	0	1	0	0
DIATSA_LOCUS7013	0	0	0	0	0	0
DIATSA_LOCUS7014	5	5	5	8	8	8
DIATSA_LOCUS7015	7	7	7	11	11	11
DIATSA_LOCUS7016	1	1	1	1	1	1
DIATSA_LOCUS7017	1	1	1	0	0	0
DIATSA_LOCUS7018	5	5	5	4	4	4
DIATSA_LOCUS7019	0	0	0	0	0	0
DIATSA_LOCUS702	1	1	1	3	3	3
DIATSA_LOCUS7020	1	1	1	0	0	0
DIATSA_LOCUS7021	0	0	0	0	0	0
DIATSA_LOCUS7022	0	0	0	1	1	1
DIATSA_LOCUS7023	1	1	1	3	3	3
DIATSA_LOCUS7024	0	0	0	0	0	0
DIATSA_LOCUS7025	2	2	2	1	1	1
DIATSA_LOCUS7026	0	0	0	0	0	0
DIATSA_LOCUS7027	4	3	3	5	5	5
DIATSA_LOCUS7028	0	0	0	0	0	0
DIATSA_LOCUS7029	0	0	0	0	0	0
DIATSA_LOCUS703	0	0	0	0	0	0
DIATSA_LOCUS7030	8	8	8	9	9	9
DIATSA_LOCUS7031	0	0	0	0	0	0
DIATSA_LOCUS7032	6	6	6	7	7	7
DIATSA_LOCUS7033	2	2	2	2	2	2
DIATSA_LOCUS7034	58	56	57	77	78	79
DIATSA_LOCUS7035	5	5	5	4	4	4
DIATSA_LOCUS7036	0	0	0	0	0	0
DIATSA_LOCUS7037	0	0	0	0	0	0
DIATSA_LOCUS7038	0	0	0	0	0	0
DIATSA_LOCUS7039	2	2	2	2	2	2
DIATSA_LOCUS704	0	0	0	0	0	0
DIATSA_LOCUS7040	1	1	1	1	2	1
DIATSA_LOCUS7041	0	0	0	1	1	1
DIATSA_LOCUS7042	0	0	0	1	1	1
DIATSA_LOCUS7043	0	0	0	0	0	0
DIATSA_LOCUS7044	0	0	0	0	0	0
DIATSA_LOCUS7045	0	0	0	0	0	0
DIATSA_LOCUS7046	0	0	0	0	0	0
DIATSA_LOCUS7047	0	0	0	0	0	0
DIATSA_LOCUS7048	0	0	0	0	0	0
DIATSA_LOCUS7049	0	0	0	0	0	0
DIATSA_LOCUS705	0	0	0	1	1	1
DIATSA_LOCUS7050	0	0	0	0	0	0
DIATSA_LOCUS7051	0	0	0	0	0	0
DIATSA_LOCUS7052	3	3	3	3	3	4
DIATSA_LOCUS7053	10	9	10	8	8	8
DIATSA_LOCUS7054	0	0	0	0	0	0
DIATSA_LOCUS7055	0	0	0	0	0	0
DIATSA_LOCUS7056	0	0	0	0	0	0
DIATSA_LOCUS7057	11	11	11	12	13	12
DIATSA_LOCUS7058	6	6	6	3	3	3
DIATSA_LOCUS7059	8	8	8	6	6	6
DIATSA_LOCUS706	0	0	0	0	0	0
DIATSA_LOCUS7060	1	1	1	3	3	3
DIATSA_LOCUS7061	0	0	0	0	0	0
DIATSA_LOCUS7062	0	0	0	0	0	0
DIATSA_LOCUS7063	1	1	1	1	0	0
DIATSA_LOCUS7064	3	3	3	5	5	5
DIATSA_LOCUS7065	3	3	3	2	2	2
DIATSA_LOCUS7066	22	22	22	25	24	24
DIATSA_LOCUS7067	0	0	0	0	0	0
DIATSA_LOCUS7068	18	18	18	18	18	18
DIATSA_LOCUS7069	0	0	0	0	0	0
DIATSA_LOCUS707	0	0	0	0	0	0
DIATSA_LOCUS7070	3	2	3	1	1	1
DIATSA_LOCUS7071	14	14	14	16	16	16
DIATSA_LOCUS7072	0	0	0	0	0	0
DIATSA_LOCUS7073	11	11	11	7	7	7
DIATSA_LOCUS7074	1	1	1	0	0	0
DIATSA_LOCUS7075	0	0	0	0	0	0
DIATSA_LOCUS7076	9	11	11	13	10	11
DIATSA_LOCUS7077	0	0	0	0	0	0
DIATSA_LOCUS7078	11	11	11	10	11	11
DIATSA_LOCUS7079	0	1	1	0	0	0
DIATSA_LOCUS708	0	0	0	0	0	0
DIATSA_LOCUS7080	2	2	2	3	3	3
DIATSA_LOCUS7081	0	0	0	0	0	0
DIATSA_LOCUS7082	1	1	1	2	2	2
DIATSA_LOCUS7083	0	0	0	0	0	0
DIATSA_LOCUS7084	0	0	0	1	0	0
DIATSA_LOCUS7085	4	4	4	5	5	5
DIATSA_LOCUS7086	2	2	2	3	3	2
DIATSA_LOCUS7087	0	0	0	0	1	1
DIATSA_LOCUS7088	0	0	0	0	0	0
DIATSA_LOCUS7089	5	5	5	5	5	5
DIATSA_LOCUS709	0	0	0	0	0	0
DIATSA_LOCUS7090	3	3	3	3	3	3
DIATSA_LOCUS7091	7	7	7	10	10	10
DIATSA_LOCUS7092	1	1	1	0	0	0
DIATSA_LOCUS7093	0	0	0	0	0	0
DIATSA_LOCUS7094	0	0	0	0	0	0
DIATSA_LOCUS7095	0	0	0	0	0	0
DIATSA_LOCUS7096	0	0	0	0	0	0
DIATSA_LOCUS7097	0	0	0	0	0	0
DIATSA_LOCUS7098	6	6	6	3	3	3
DIATSA_LOCUS7099	5	5	5	5	5	5
DIATSA_LOCUS71	0	0	0	0	0	0
DIATSA_LOCUS710	0	0	0	0	0	0
DIATSA_LOCUS7100	0	0	0	0	0	0
DIATSA_LOCUS7101	38	38	38	57	58	58
DIATSA_LOCUS7102	13	14	14	13	12	12
DIATSA_LOCUS7103	0	0	0	1	1	1
DIATSA_LOCUS7104	0	0	0	0	0	0
DIATSA_LOCUS7105	0	0	0	0	0	0
DIATSA_LOCUS7106	0	0	0	0	0	0
DIATSA_LOCUS7107	0	0	0	0	0	0
DIATSA_LOCUS7108	0	0	0	0	0	0
DIATSA_LOCUS7109	0	0	0	0	0	0
DIATSA_LOCUS711	0	0	0	0	1	1
DIATSA_LOCUS7110	0	0	0	0	0	0
DIATSA_LOCUS7111	2	2	2	3	3	3
DIATSA_LOCUS7112	0	0	0	0	0	0
DIATSA_LOCUS7113	0	0	0	0	0	0
DIATSA_LOCUS7114	0	0	0	0	0	0
DIATSA_LOCUS7115	0	0	0	0	0	0
DIATSA_LOCUS7116	47	44	44	40	43	43
DIATSA_LOCUS7117	3	3	3	6	6	6
DIATSA_LOCUS7118	0	0	0	0	0	0
DIATSA_LOCUS7119	636	627	632	1237	1246	1250
DIATSA_LOCUS712	29	30	30	30	29	29
DIATSA_LOCUS7120	1	1	1	2	2	2
DIATSA_LOCUS7121	7	7	7	7	7	7
DIATSA_LOCUS7122	0	0	0	0	0	0
DIATSA_LOCUS7123	0	0	0	0	0	0
DIATSA_LOCUS7124	0	0	0	0	0	0
DIATSA_LOCUS7125	7	6	6	6	6	6
DIATSA_LOCUS7126	2	2	2	0	0	0
DIATSA_LOCUS7127	0	0	0	0	0	0
DIATSA_LOCUS7128	1	1	1	5	4	4
DIATSA_LOCUS7129	0	0	1	0	0	0
DIATSA_LOCUS713	0	0	0	0	0	0
DIATSA_LOCUS7130	0	0	0	0	0	0
DIATSA_LOCUS7131	0	0	0	0	0	0
DIATSA_LOCUS7132	3	3	3	0	0	0
DIATSA_LOCUS7133	1	1	1	0	0	0
DIATSA_LOCUS7134	0	0	0	0	0	0
DIATSA_LOCUS7135	6	6	6	5	5	5
DIATSA_LOCUS7136	0	0	0	0	0	0
DIATSA_LOCUS7137	3	3	3	3	3	4
DIATSA_LOCUS7138	0	0	0	0	0	0
DIATSA_LOCUS7139	6	6	5	3	3	3
DIATSA_LOCUS714	1	1	1	0	0	0
DIATSA_LOCUS7140	0	0	0	0	0	0
DIATSA_LOCUS7141	1	1	1	2	2	2
DIATSA_LOCUS7142	10	11	11	16	15	15
DIATSA_LOCUS7143	6	6	6	4	4	4
DIATSA_LOCUS7144	38	40	41	50	47	47
DIATSA_LOCUS7145	0	0	0	0	0	0
DIATSA_LOCUS7146	0	0	0	0	0	0
DIATSA_LOCUS7147	0	0	0	0	0	0
DIATSA_LOCUS7148	0	0	1	0	0	0
DIATSA_LOCUS7149	0	0	0	0	0	0
DIATSA_LOCUS715	3	2	2	1	1	1
DIATSA_LOCUS7150	1	1	1	2	2	2
DIATSA_LOCUS7151	0	0	0	0	0	0
DIATSA_LOCUS7152	0	0	0	0	0	0
DIATSA_LOCUS7153	0	1	1	0	0	0
DIATSA_LOCUS7154	0	0	0	0	0	0
DIATSA_LOCUS7155	0	0	0	0	0	0
DIATSA_LOCUS7156	0	0	0	1	1	1
DIATSA_LOCUS7157	5	6	6	7	7	7
DIATSA_LOCUS7158	12	11	11	13	13	13
DIATSA_LOCUS7159	3	3	3	7	6	6
DIATSA_LOCUS716	2	2	2	2	2	2
DIATSA_LOCUS7160	2	2	2	1	1	1
DIATSA_LOCUS7161	2	2	2	2	2	2
DIATSA_LOCUS7162	4	4	4	8	8	8
DIATSA_LOCUS7163	10	10	10	20	20	20
DIATSA_LOCUS7164	15	15	15	20	21	21
DIATSA_LOCUS7165	0	0	0	1	1	1
DIATSA_LOCUS7166	12	12	12	18	18	18
DIATSA_LOCUS7167	2	2	2	2	1	1
DIATSA_LOCUS7168	9	9	9	10	10	10
DIATSA_LOCUS7169	56	57	57	47	46	46
DIATSA_LOCUS717	0	0	0	0	0	0
DIATSA_LOCUS7170	0	0	0	2	2	2
DIATSA_LOCUS7171	0	0	0	0	0	0
DIATSA_LOCUS7172	1	1	1	1	1	1
DIATSA_LOCUS7173	0	0	0	0	0	0
DIATSA_LOCUS7174	0	0	0	0	0	0
DIATSA_LOCUS7175	0	0	0	0	0	0
DIATSA_LOCUS7176	0	0	0	0	0	0
DIATSA_LOCUS7177	0	0	0	0	0	0
DIATSA_LOCUS7178	0	0	0	0	0	0
DIATSA_LOCUS7179	1	0	0	0	0	0
DIATSA_LOCUS718	83	84	84	154	151	150
DIATSA_LOCUS7180	11	11	11	9	9	9
DIATSA_LOCUS7181	0	0	0	0	0	0
DIATSA_LOCUS7182	3	3	3	5	5	5
DIATSA_LOCUS7183	0	0	0	0	0	0
DIATSA_LOCUS7184	9	9	9	10	11	10
DIATSA_LOCUS7185	0	0	0	0	0	0
DIATSA_LOCUS7186	0	0	0	1	1	1
DIATSA_LOCUS7187	0	0	0	0	0	0
DIATSA_LOCUS7188	0	0	0	0	0	0
DIATSA_LOCUS7189	130	128	128	85	86	86
DIATSA_LOCUS719	11	11	11	16	17	17
DIATSA_LOCUS7190	15	15	15	17	17	17
DIATSA_LOCUS7191	60	58	58	82	85	85
DIATSA_LOCUS7192	158	157	158	209	210	210
DIATSA_LOCUS7193	0	0	0	0	0	0
DIATSA_LOCUS7194	0	0	0	0	0	0
DIATSA_LOCUS7195	0	0	0	0	0	0
DIATSA_LOCUS7196	0	0	0	0	0	0
DIATSA_LOCUS7197	0	0	0	0	0	0
DIATSA_LOCUS7198	0	0	0	0	0	0
DIATSA_LOCUS7199	3	3	3	4	3	3
DIATSA_LOCUS72	13	13	13	6	6	5
DIATSA_LOCUS720	0	0	0	0	0	0
DIATSA_LOCUS7200	0	0	0	0	0	0
DIATSA_LOCUS7201	50	51	51	60	59	58
DIATSA_LOCUS7202	7	6	6	7	7	7
DIATSA_LOCUS7203	24	25	25	38	38	37
DIATSA_LOCUS7204	0	0	0	0	0	0
DIATSA_LOCUS7205	0	0	0	0	0	0
DIATSA_LOCUS7206	53	53	52	61	61	61
DIATSA_LOCUS7207	12	13	13	15	14	14
DIATSA_LOCUS7208	3	3	2	4	4	4
DIATSA_LOCUS7209	13	8	11	13	17	19
DIATSA_LOCUS721	0	0	0	0	0	0
DIATSA_LOCUS7210	11	11	11	13	13	13
DIATSA_LOCUS7211	0	0	0	0	0	0
DIATSA_LOCUS7212	14	15	15	15	14	14
DIATSA_LOCUS7213	1	1	1	1	1	2
DIATSA_LOCUS7214	8	7	7	7	7	7
DIATSA_LOCUS7215	1	2	2	2	2	2
DIATSA_LOCUS7216	0	0	0	0	0	0
DIATSA_LOCUS7217	0	0	0	0	0	0
DIATSA_LOCUS7218	0	0	0	0	0	0
DIATSA_LOCUS7219	0	0	0	0	0	0
DIATSA_LOCUS722	0	0	0	0	0	0
DIATSA_LOCUS7220	0	0	0	0	0	0
DIATSA_LOCUS7221	0	0	0	0	0	0
DIATSA_LOCUS7222	0	0	0	0	0	0
DIATSA_LOCUS7223	0	0	0	0	0	0
DIATSA_LOCUS7224	2	2	2	2	2	2
DIATSA_LOCUS7225	0	0	0	0	1	1
DIATSA_LOCUS7226	0	0	0	0	0	0
DIATSA_LOCUS7227	1	0	0	2	2	3
DIATSA_LOCUS7228	1	1	1	1	1	1
DIATSA_LOCUS7229	2	2	2	2	2	2
DIATSA_LOCUS723	0	0	0	0	0	0
DIATSA_LOCUS7230	30	31	31	25	24	24
DIATSA_LOCUS7231	0	0	0	0	0	0
DIATSA_LOCUS7232	3	2	2	4	4	4
DIATSA_LOCUS7233	1	1	1	0	0	0
DIATSA_LOCUS7234	0	0	0	0	0	0
DIATSA_LOCUS7235	48	48	49	75	73	74
DIATSA_LOCUS7236	1	1	1	1	1	1
DIATSA_LOCUS7237	26	27	26	46	45	45
DIATSA_LOCUS7238	9	9	9	10	10	9
DIATSA_LOCUS7239	0	0	0	0	0	0
DIATSA_LOCUS724	0	0	0	0	0	0
DIATSA_LOCUS7240	0	0	0	1	0	1
DIATSA_LOCUS7241	4	5	5	4	3	3
DIATSA_LOCUS7242	0	0	0	0	0	0
DIATSA_LOCUS7243	0	0	0	0	0	0
DIATSA_LOCUS7244	0	0	0	0	0	0
DIATSA_LOCUS7245	2	2	2	3	2	2
DIATSA_LOCUS7246	0	0	0	0	0	0
DIATSA_LOCUS7247	2	2	2	2	2	2
DIATSA_LOCUS7248	0	0	0	0	0	0
DIATSA_LOCUS7249	0	0	0	1	1	1
DIATSA_LOCUS725	0	0	0	0	0	0
DIATSA_LOCUS7250	0	0	0	0	0	0
DIATSA_LOCUS7251	8	8	8	12	12	12
DIATSA_LOCUS7252	4	3	3	3	3	3
DIATSA_LOCUS7253	0	0	0	0	0	0
DIATSA_LOCUS7254	0	0	0	0	0	0
DIATSA_LOCUS7255	0	0	0	0	0	0
DIATSA_LOCUS7256	0	0	0	0	0	0
DIATSA_LOCUS7257	10	10	10	12	12	12
DIATSA_LOCUS7258	0	0	0	1	1	1
DIATSA_LOCUS7259	0	0	0	0	0	0
DIATSA_LOCUS726	0	0	0	0	0	0
DIATSA_LOCUS7260	0	0	0	0	0	0
DIATSA_LOCUS7261	7	7	7	6	6	6
DIATSA_LOCUS7262	0	0	0	0	0	0
DIATSA_LOCUS7263	0	0	0	0	0	0
DIATSA_LOCUS7264	21	21	21	24	23	24
DIATSA_LOCUS7265	71	70	70	95	96	95
DIATSA_LOCUS7266	0	0	0	0	0	0
DIATSA_LOCUS7267	2	2	2	2	2	2
DIATSA_LOCUS7268	3	2	3	6	6	6
DIATSA_LOCUS7269	7	7	7	12	12	12
DIATSA_LOCUS727	0	0	0	0	0	0
DIATSA_LOCUS7270	10	10	10	6	6	6
DIATSA_LOCUS7271	13	13	13	9	9	9
DIATSA_LOCUS7272	1	1	1	1	0	0
DIATSA_LOCUS7273	0	0	0	0	0	0
DIATSA_LOCUS7274	0	0	0	0	0	0
DIATSA_LOCUS7275	0	0	0	0	0	0
DIATSA_LOCUS7276	0	1	1	0	0	0
DIATSA_LOCUS7277	10	10	10	12	12	12
DIATSA_LOCUS7278	1	1	1	1	1	1
DIATSA_LOCUS7279	1	1	1	0	0	0
DIATSA_LOCUS728	0	0	0	0	0	0
DIATSA_LOCUS7280	0	0	0	0	0	0
DIATSA_LOCUS7281	0	0	0	0	0	0
DIATSA_LOCUS7282	0	0	0	1	1	1
DIATSA_LOCUS7283	0	0	0	0	0	0
DIATSA_LOCUS7284	7	7	7	4	5	5
DIATSA_LOCUS7285	15	15	15	4	4	5
DIATSA_LOCUS7286	2	3	3	3	3	3
DIATSA_LOCUS7287	0	0	0	0	0	0
DIATSA_LOCUS7288	2	2	2	3	3	3
DIATSA_LOCUS7289	0	0	0	0	0	0
DIATSA_LOCUS729	0	0	0	0	0	0
DIATSA_LOCUS7290	4	4	4	4	4	4
DIATSA_LOCUS7291	0	0	0	0	0	0
DIATSA_LOCUS7292	4	4	4	8	8	8
DIATSA_LOCUS7293	0	0	0	0	0	0
DIATSA_LOCUS7294	0	0	0	0	0	0
DIATSA_LOCUS7295	0	0	0	0	0	0
DIATSA_LOCUS7296	0	0	0	0	0	0
DIATSA_LOCUS7297	7	7	7	12	12	12
DIATSA_LOCUS7298	0	0	0	0	0	0
DIATSA_LOCUS7299	5	5	5	9	9	9
DIATSA_LOCUS73	3	4	4	0	0	0
DIATSA_LOCUS730	0	0	0	0	0	0
DIATSA_LOCUS7300	0	0	0	0	0	0
DIATSA_LOCUS7301	11	12	12	17	17	16
DIATSA_LOCUS7302	8	8	8	10	11	11
DIATSA_LOCUS7303	0	0	0	0	0	0
DIATSA_LOCUS7304	0	0	0	1	1	1
DIATSA_LOCUS7305	0	0	0	0	0	0
DIATSA_LOCUS7306	0	0	0	0	0	0
DIATSA_LOCUS7307	0	0	0	0	0	0
DIATSA_LOCUS7308	0	0	0	0	0	0
DIATSA_LOCUS7309	0	0	0	0	0	0
DIATSA_LOCUS731	0	0	0	0	0	0
DIATSA_LOCUS7310	1	1	1	2	1	1
DIATSA_LOCUS7311	0	0	0	0	0	0
DIATSA_LOCUS7312	1	1	1	0	0	0
DIATSA_LOCUS7313	2	2	2	2	2	2
DIATSA_LOCUS7314	0	0	0	0	0	0
DIATSA_LOCUS7315	8	8	8	7	7	7
DIATSA_LOCUS7316	0	0	0	0	0	0
DIATSA_LOCUS7317	0	0	0	0	0	0
DIATSA_LOCUS7318	0	0	0	0	0	0
DIATSA_LOCUS7319	0	0	0	0	0	0
DIATSA_LOCUS732	0	0	0	0	0	0
DIATSA_LOCUS7320	0	0	0	0	0	0
DIATSA_LOCUS7321	0	0	0	0	0	0
DIATSA_LOCUS7322	0	0	0	0	0	0
DIATSA_LOCUS7323	0	0	0	0	0	0
DIATSA_LOCUS7324	0	0	0	0	0	0
DIATSA_LOCUS7325	0	0	0	0	0	0
DIATSA_LOCUS7326	0	0	0	0	0	0
DIATSA_LOCUS7327	0	0	0	0	0	0
DIATSA_LOCUS7328	0	0	0	0	0	0
DIATSA_LOCUS7329	0	0	0	0	0	0
DIATSA_LOCUS733	0	0	0	0	0	0
DIATSA_LOCUS7330	0	0	0	0	0	0
DIATSA_LOCUS7331	0	0	0	0	0	0
DIATSA_LOCUS7332	0	0	0	0	0	0
DIATSA_LOCUS7333	0	0	0	0	0	0
DIATSA_LOCUS7334	0	0	0	0	0	0
DIATSA_LOCUS7335	0	0	0	0	0	0
DIATSA_LOCUS7336	0	0	0	0	0	0
DIATSA_LOCUS7337	0	0	0	0	0	0
DIATSA_LOCUS7338	0	0	0	0	0	0
DIATSA_LOCUS7339	0	0	0	0	0	0
DIATSA_LOCUS734	0	0	0	0	0	0
DIATSA_LOCUS7340	0	0	0	0	0	0
DIATSA_LOCUS7341	0	0	0	0	0	0
DIATSA_LOCUS7342	0	0	0	0	0	0
DIATSA_LOCUS7343	0	0	0	0	0	0
DIATSA_LOCUS7344	0	0	0	0	0	0
DIATSA_LOCUS7345	0	0	0	1	0	0
DIATSA_LOCUS7346	0	0	0	0	0	0
DIATSA_LOCUS7347	0	0	0	0	0	0
DIATSA_LOCUS7348	0	0	0	0	0	0
DIATSA_LOCUS7349	6	9	9	11	8	8
DIATSA_LOCUS735	0	0	0	0	0	0
DIATSA_LOCUS7350	0	0	0	0	0	0
DIATSA_LOCUS7351	0	0	0	0	0	0
DIATSA_LOCUS7352	0	0	0	0	0	0
DIATSA_LOCUS7353	0	0	0	0	0	0
DIATSA_LOCUS7354	0	0	0	0	0	0
DIATSA_LOCUS7355	0	0	0	0	0	0
DIATSA_LOCUS7356	0	0	0	0	0	0
DIATSA_LOCUS7357	0	0	0	0	0	0
DIATSA_LOCUS7358	0	0	0	0	0	0
DIATSA_LOCUS7359	0	0	0	0	0	0
DIATSA_LOCUS736	0	0	0	0	0	0
DIATSA_LOCUS7360	0	0	0	0	0	0
DIATSA_LOCUS7361	0	0	0	0	0	0
DIATSA_LOCUS7362	0	0	0	0	0	0
DIATSA_LOCUS7363	0	0	0	0	0	0
DIATSA_LOCUS7364	0	0	0	0	0	0
DIATSA_LOCUS7365	0	0	0	0	0	0
DIATSA_LOCUS7366	0	0	0	0	0	0
DIATSA_LOCUS7367	0	0	0	0	0	0
DIATSA_LOCUS7368	0	0	0	0	0	0
DIATSA_LOCUS7369	0	0	0	0	0	0
DIATSA_LOCUS737	11	12	11	7	6	7
DIATSA_LOCUS7370	0	0	0	0	0	0
DIATSA_LOCUS7371	0	0	0	0	0	0
DIATSA_LOCUS7372	0	0	0	0	0	0
DIATSA_LOCUS7373	0	0	0	0	0	0
DIATSA_LOCUS7374	0	0	0	0	0	0
DIATSA_LOCUS7375	0	0	0	0	0	0
DIATSA_LOCUS7376	0	0	0	1	1	1
DIATSA_LOCUS7377	2	2	2	3	3	3
DIATSA_LOCUS7378	0	0	0	0	0	0
DIATSA_LOCUS7379	0	0	0	0	0	0
DIATSA_LOCUS738	1	1	1	1	1	1
DIATSA_LOCUS7380	0	0	0	0	0	0
DIATSA_LOCUS7381	0	0	0	0	0	0
DIATSA_LOCUS7382	0	0	0	0	0	0
DIATSA_LOCUS7383	31	30	30	27	28	28
DIATSA_LOCUS7384	0	0	0	0	0	0
DIATSA_LOCUS7385	43	43	43	78	80	79
DIATSA_LOCUS7386	0	0	0	0	0	0
DIATSA_LOCUS7387	0	0	0	0	0	0
DIATSA_LOCUS7388	0	0	0	0	0	0
DIATSA_LOCUS7389	2	2	2	3	3	3
DIATSA_LOCUS739	39	41	42	32	30	30
DIATSA_LOCUS7390	129	130	130	42	42	42
DIATSA_LOCUS7391	0	0	0	0	0	0
DIATSA_LOCUS7392	0	0	0	0	0	0
DIATSA_LOCUS7393	29	28	28	18	18	18
DIATSA_LOCUS7394	0	0	0	0	0	0
DIATSA_LOCUS7395	0	0	0	0	0	0
DIATSA_LOCUS7396	0	0	0	0	0	0
DIATSA_LOCUS7397	1	1	1	1	1	1
DIATSA_LOCUS7398	2	3	2	1	1	1
DIATSA_LOCUS7399	7	7	7	8	8	8
DIATSA_LOCUS74	5	6	6	0	0	0
DIATSA_LOCUS740	0	0	0	0	0	0
DIATSA_LOCUS7400	1	1	1	2	2	2
DIATSA_LOCUS7401	0	0	0	0	0	0
DIATSA_LOCUS7402	0	0	0	0	0	0
DIATSA_LOCUS7403	10	10	10	11	12	12
DIATSA_LOCUS7404	0	0	0	0	0	0
DIATSA_LOCUS7405	0	0	0	0	0	0
DIATSA_LOCUS7406	4	4	4	3	3	3
DIATSA_LOCUS7407	0	0	0	0	0	0
DIATSA_LOCUS7408	1	1	1	2	2	2
DIATSA_LOCUS7409	0	0	0	0	0	0
DIATSA_LOCUS741	0	0	0	0	0	0
DIATSA_LOCUS7410	0	0	0	0	0	0
DIATSA_LOCUS7411	25	24	24	26	27	27
DIATSA_LOCUS7412	0	0	0	0	0	0
DIATSA_LOCUS7413	0	0	0	0	0	0
DIATSA_LOCUS7414	0	0	0	0	0	0
DIATSA_LOCUS7415	251	253	254	377	374	373
DIATSA_LOCUS7416	0	0	0	0	0	0
DIATSA_LOCUS7417	9	9	9	24	25	25
DIATSA_LOCUS7418	0	0	0	0	0	0
DIATSA_LOCUS7419	6	6	6	11	11	11
DIATSA_LOCUS742	7	7	7	2	2	2
DIATSA_LOCUS7420	0	0	0	0	0	0
DIATSA_LOCUS7421	0	0	0	0	0	0
DIATSA_LOCUS7422	49	47	48	100	102	104
DIATSA_LOCUS7423	3	3	3	2	2	2
DIATSA_LOCUS7424	0	0	0	1	1	1
DIATSA_LOCUS7425	0	0	0	0	0	0
DIATSA_LOCUS7426	0	0	0	1	1	1
DIATSA_LOCUS7427	4	3	3	3	3	3
DIATSA_LOCUS7428	0	0	0	0	0	0
DIATSA_LOCUS7429	2	2	2	3	3	3
DIATSA_LOCUS743	0	0	0	0	0	0
DIATSA_LOCUS7430	0	0	0	0	0	0
DIATSA_LOCUS7431	0	0	0	0	0	0
DIATSA_LOCUS7432	0	0	0	0	0	0
DIATSA_LOCUS7433	0	0	0	0	0	0
DIATSA_LOCUS7434	0	0	0	0	0	0
DIATSA_LOCUS7435	0	0	0	0	0	0
DIATSA_LOCUS7436	0	0	0	0	0	0
DIATSA_LOCUS7437	0	0	0	0	0	0
DIATSA_LOCUS7438	0	0	0	0	0	0
DIATSA_LOCUS7439	0	0	0	0	0	0
DIATSA_LOCUS744	0	1	1	0	0	0
DIATSA_LOCUS7440	113	113	114	115	115	115
DIATSA_LOCUS7441	0	0	0	0	1	1
DIATSA_LOCUS7442	1	1	1	0	0	0
DIATSA_LOCUS7443	0	0	0	0	0	0
DIATSA_LOCUS7444	0	0	0	0	0	0
DIATSA_LOCUS7445	1	2	2	3	3	3
DIATSA_LOCUS7446	0	0	0	1	1	1
DIATSA_LOCUS7447	0	0	0	3	3	3
DIATSA_LOCUS7448	0	0	0	0	0	0
DIATSA_LOCUS7449	9	9	9	15	14	15
DIATSA_LOCUS745	0	0	0	0	0	0
DIATSA_LOCUS7450	0	0	0	0	0	0
DIATSA_LOCUS7451	0	0	0	0	0	0
DIATSA_LOCUS7452	0	0	0	0	0	0
DIATSA_LOCUS7453	0	0	0	0	0	0
DIATSA_LOCUS7454	0	0	0	0	0	0
DIATSA_LOCUS7455	0	0	0	0	0	0
DIATSA_LOCUS7456	52	51	52	83	83	84
DIATSA_LOCUS7457	3	3	3	2	2	2
DIATSA_LOCUS7458	0	0	0	0	0	0
DIATSA_LOCUS7459	3	3	3	2	2	2
DIATSA_LOCUS746	1	1	1	1	1	1
DIATSA_LOCUS7460	0	0	0	0	0	0
DIATSA_LOCUS7461	1	0	0	0	0	0
DIATSA_LOCUS7462	0	0	0	0	0	0
DIATSA_LOCUS7463	1	1	1	1	1	1
DIATSA_LOCUS7464	3	4	4	3	3	3
DIATSA_LOCUS7465	0	0	1	1	1	1
DIATSA_LOCUS7466	0	0	0	0	0	0
DIATSA_LOCUS7467	0	0	0	0	0	0
DIATSA_LOCUS7468	0	0	0	0	0	0
DIATSA_LOCUS7469	0	0	0	0	0	0
DIATSA_LOCUS747	20	20	20	18	18	18
DIATSA_LOCUS7470	0	0	0	0	0	0
DIATSA_LOCUS7471	0	0	0	0	0	0
DIATSA_LOCUS7472	0	0	0	0	0	0
DIATSA_LOCUS7473	0	0	0	0	0	0
DIATSA_LOCUS7474	0	0	0	0	0	0
DIATSA_LOCUS7475	0	0	0	0	0	0
DIATSA_LOCUS7476	1	1	1	0	0	0
DIATSA_LOCUS7477	0	0	0	0	1	1
DIATSA_LOCUS7478	0	0	0	0	0	0
DIATSA_LOCUS7479	0	0	0	0	0	0
DIATSA_LOCUS748	1	1	1	0	0	0
DIATSA_LOCUS7480	0	0	0	0	0	0
DIATSA_LOCUS7481	0	0	0	0	0	0
DIATSA_LOCUS7482	0	0	0	0	0	0
DIATSA_LOCUS7483	0	0	0	0	0	0
DIATSA_LOCUS7484	4	4	4	1	1	1
DIATSA_LOCUS7485	16	15	15	26	27	27
DIATSA_LOCUS7486	1	1	1	0	0	0
DIATSA_LOCUS7487	5	6	6	3	3	3
DIATSA_LOCUS7488	1	1	1	0	0	0
DIATSA_LOCUS7489	0	0	0	0	0	0
DIATSA_LOCUS749	2	2	2	4	5	5
DIATSA_LOCUS7490	0	0	0	0	0	0
DIATSA_LOCUS7491	1	1	1	0	0	0
DIATSA_LOCUS7492	6	6	6	4	4	4
DIATSA_LOCUS7493	0	0	0	0	1	1
DIATSA_LOCUS7494	1	1	1	3	3	3
DIATSA_LOCUS7495	0	0	0	0	0	0
DIATSA_LOCUS7496	0	0	0	0	0	0
DIATSA_LOCUS7497	0	0	0	0	0	0
DIATSA_LOCUS7498	12	14	13	35	33	32
DIATSA_LOCUS7499	0	0	0	0	0	0
DIATSA_LOCUS75	0	0	0	0	0	0
DIATSA_LOCUS750	0	0	0	1	1	1
DIATSA_LOCUS7500	0	0	0	0	0	0
DIATSA_LOCUS7501	0	0	0	0	0	0
DIATSA_LOCUS7502	34	34	34	29	29	29
DIATSA_LOCUS7503	0	0	0	0	0	0
DIATSA_LOCUS7504	24	24	25	51	48	49
DIATSA_LOCUS7505	0	0	0	0	0	0
DIATSA_LOCUS7506	0	0	0	0	0	0
DIATSA_LOCUS7507	1	1	1	1	1	1
DIATSA_LOCUS7508	0	0	0	0	0	0
DIATSA_LOCUS7509	3	3	4	1	1	1
DIATSA_LOCUS751	4	4	4	3	3	3
DIATSA_LOCUS7510	5	4	4	2	2	2
DIATSA_LOCUS7511	0	0	0	0	0	0
DIATSA_LOCUS7512	23	23	24	36	34	34
DIATSA_LOCUS7513	2	1	1	3	3	3
DIATSA_LOCUS7514	0	0	0	0	0	0
DIATSA_LOCUS7515	0	0	0	0	0	0
DIATSA_LOCUS7516	50	51	51	145	143	143
DIATSA_LOCUS7517	1	1	1	1	1	1
DIATSA_LOCUS7518	0	0	0	0	0	0
DIATSA_LOCUS7519	0	0	0	0	0	0
DIATSA_LOCUS752	0	0	0	0	0	0
DIATSA_LOCUS7520	0	0	0	0	0	0
DIATSA_LOCUS7521	3	3	3	1	1	1
DIATSA_LOCUS7522	2	2	2	1	0	0
DIATSA_LOCUS7523	26	26	27	20	20	20
DIATSA_LOCUS7524	7	8	8	14	13	13
DIATSA_LOCUS7525	130	129	129	179	181	180
DIATSA_LOCUS7526	172	173	173	263	261	262
DIATSA_LOCUS7527	27	28	29	23	22	22
DIATSA_LOCUS7528	0	0	0	0	0	0
DIATSA_LOCUS7529	1	1	1	1	1	1
DIATSA_LOCUS753	2	2	2	2	2	2
DIATSA_LOCUS7530	3	3	3	3	3	3
DIATSA_LOCUS7531	2	2	2	1	1	1
DIATSA_LOCUS7532	15	15	14	9	9	10
DIATSA_LOCUS7533	20	21	22	13	12	12
DIATSA_LOCUS7534	0	0	0	0	0	0
DIATSA_LOCUS7535	0	0	0	0	0	0
DIATSA_LOCUS7536	10	10	10	4	4	4
DIATSA_LOCUS7537	1	1	1	0	0	0
DIATSA_LOCUS7538	0	0	0	0	0	0
DIATSA_LOCUS7539	1	1	1	3	3	3
DIATSA_LOCUS754	0	0	0	0	0	0
DIATSA_LOCUS7540	4	5	5	3	2	2
DIATSA_LOCUS7541	0	0	0	0	0	0
DIATSA_LOCUS7542	1	1	1	1	1	1
DIATSA_LOCUS7543	4	4	4	3	4	3
DIATSA_LOCUS7544	22	23	23	9	9	9
DIATSA_LOCUS7545	0	0	0	0	0	0
DIATSA_LOCUS7546	1	1	1	0	1	1
DIATSA_LOCUS7547	0	0	0	0	0	0
DIATSA_LOCUS7548	0	0	0	0	0	0
DIATSA_LOCUS7549	3	3	3	0	0	0
DIATSA_LOCUS755	0	0	0	0	0	0
DIATSA_LOCUS7550	4	4	4	3	3	3
DIATSA_LOCUS7551	0	0	0	0	0	0
DIATSA_LOCUS7552	2	2	2	4	4	4
DIATSA_LOCUS7553	0	0	0	0	0	0
DIATSA_LOCUS7554	10	10	10	13	13	13
DIATSA_LOCUS7555	5	6	6	12	10	10
DIATSA_LOCUS7556	6	7	7	2	1	1
DIATSA_LOCUS7557	1	1	1	2	2	2
DIATSA_LOCUS7558	0	0	0	1	1	1
DIATSA_LOCUS7559	4	4	4	3	3	3
DIATSA_LOCUS756	11	11	11	7	7	7
DIATSA_LOCUS7560	0	0	0	0	0	0
DIATSA_LOCUS7561	4	4	4	6	6	6
DIATSA_LOCUS7562	0	0	0	0	0	0
DIATSA_LOCUS7563	1	1	1	1	0	0
DIATSA_LOCUS7564	0	0	0	0	0	0
DIATSA_LOCUS7565	0	1	0	0	0	0
DIATSA_LOCUS7566	0	0	0	0	0	0
DIATSA_LOCUS7567	0	0	0	0	0	0
DIATSA_LOCUS7568	1	1	1	0	0	0
DIATSA_LOCUS7569	2	3	3	4	3	3
DIATSA_LOCUS757	1	1	1	1	2	2
DIATSA_LOCUS7570	0	0	0	0	0	0
DIATSA_LOCUS7571	2	2	2	1	2	2
DIATSA_LOCUS7572	0	1	1	0	0	0
DIATSA_LOCUS7573	1	1	1	0	0	0
DIATSA_LOCUS7574	51	50	50	79	80	79
DIATSA_LOCUS7575	9	9	9	10	10	10
DIATSA_LOCUS7576	19	20	20	18	18	17
DIATSA_LOCUS7577	9	8	8	8	9	9
DIATSA_LOCUS7578	0	0	0	0	0	0
DIATSA_LOCUS7579	0	0	0	0	0	0
DIATSA_LOCUS758	0	0	0	0	0	0
DIATSA_LOCUS7580	0	0	0	0	0	0
DIATSA_LOCUS7581	1	1	1	0	0	0
DIATSA_LOCUS7582	0	0	0	0	1	1
DIATSA_LOCUS7583	0	0	0	0	0	0
DIATSA_LOCUS7584	0	0	0	0	0	0
DIATSA_LOCUS7585	1	1	1	0	0	0
DIATSA_LOCUS7586	39	39	40	21	21	21
DIATSA_LOCUS7587	0	0	0	0	0	0
DIATSA_LOCUS7588	0	0	0	0	0	0
DIATSA_LOCUS7589	1	1	1	0	0	0
DIATSA_LOCUS759	1	1	1	0	0	0
DIATSA_LOCUS7590	2	2	2	0	0	0
DIATSA_LOCUS7591	4	4	4	5	5	5
DIATSA_LOCUS7592	3	3	3	5	5	5
DIATSA_LOCUS7593	8	8	8	7	6	7
DIATSA_LOCUS7594	0	0	0	0	0	0
DIATSA_LOCUS7595	0	0	0	0	0	0
DIATSA_LOCUS7596	2	2	2	2	3	3
DIATSA_LOCUS7597	0	0	0	0	0	0
DIATSA_LOCUS7598	0	0	0	0	0	0
DIATSA_LOCUS7599	9	8	9	7	7	7
DIATSA_LOCUS76	0	0	0	0	0	0
DIATSA_LOCUS760	0	0	0	0	0	0
DIATSA_LOCUS7600	5	6	6	9	9	9
DIATSA_LOCUS7601	20	21	21	26	25	25
DIATSA_LOCUS7602	8	7	8	11	11	11
DIATSA_LOCUS7603	11	11	10	10	10	11
DIATSA_LOCUS7604	0	0	0	0	0	0
DIATSA_LOCUS7605	5	5	5	3	3	3
DIATSA_LOCUS7606	0	0	0	0	0	0
DIATSA_LOCUS7607	0	0	0	0	0	0
DIATSA_LOCUS7608	0	0	0	0	0	0
DIATSA_LOCUS7609	0	0	0	0	0	0
DIATSA_LOCUS761	0	0	0	0	0	0
DIATSA_LOCUS7610	17	17	17	26	25	26
DIATSA_LOCUS7611	0	0	0	0	0	0
DIATSA_LOCUS7612	1	1	1	2	2	2
DIATSA_LOCUS7613	0	0	0	0	0	0
DIATSA_LOCUS7614	0	0	0	0	0	0
DIATSA_LOCUS7615	1	1	1	2	2	2
DIATSA_LOCUS7616	16	16	16	23	23	22
DIATSA_LOCUS7617	0	0	0	0	0	0
DIATSA_LOCUS7618	50	49	49	21	22	22
DIATSA_LOCUS7619	0	0	0	0	0	0
DIATSA_LOCUS762	8	8	8	11	11	11
DIATSA_LOCUS7620	0	0	0	0	0	0
DIATSA_LOCUS7621	0	0	0	0	0	0
DIATSA_LOCUS7622	0	0	0	0	0	0
DIATSA_LOCUS7623	8	6	7	2	2	3
DIATSA_LOCUS7624	1	1	1	1	1	1
DIATSA_LOCUS7625	1	1	1	1	1	1
DIATSA_LOCUS7626	0	0	0	0	0	0
DIATSA_LOCUS7627	17	17	17	18	18	18
DIATSA_LOCUS7628	1	1	1	3	4	4
DIATSA_LOCUS7629	0	0	0	2	2	2
DIATSA_LOCUS763	0	0	0	0	0	0
DIATSA_LOCUS7630	1	1	1	3	3	3
DIATSA_LOCUS7631	11	10	10	10	11	11
DIATSA_LOCUS7632	4	4	4	5	4	4
DIATSA_LOCUS7633	2	2	2	0	1	0
DIATSA_LOCUS7634	0	0	0	0	0	0
DIATSA_LOCUS7635	0	0	0	0	0	0
DIATSA_LOCUS7636	0	0	0	0	0	0
DIATSA_LOCUS7637	9	9	9	3	3	3
DIATSA_LOCUS7638	0	0	0	0	0	0
DIATSA_LOCUS7639	0	0	0	0	0	0
DIATSA_LOCUS764	2	2	2	0	0	0
DIATSA_LOCUS7640	0	0	0	0	0	0
DIATSA_LOCUS7641	0	0	0	0	0	0
DIATSA_LOCUS7642	0	0	0	0	0	0
DIATSA_LOCUS7643	2	2	2	1	1	1
DIATSA_LOCUS7644	0	0	0	0	0	0
DIATSA_LOCUS7645	16	16	16	24	24	24
DIATSA_LOCUS7646	13	12	12	9	9	9
DIATSA_LOCUS7647	0	0	0	0	0	0
DIATSA_LOCUS7648	0	0	0	0	0	0
DIATSA_LOCUS7649	0	0	0	0	0	0
DIATSA_LOCUS765	0	0	0	0	0	0
DIATSA_LOCUS7650	0	0	0	0	0	0
DIATSA_LOCUS7651	0	0	0	0	0	0
DIATSA_LOCUS7652	1	1	1	2	2	2
DIATSA_LOCUS7653	0	0	0	1	1	1
DIATSA_LOCUS7654	1	1	1	2	1	1
DIATSA_LOCUS7655	0	0	0	0	0	0
DIATSA_LOCUS7656	0	0	0	0	0	0
DIATSA_LOCUS7657	0	0	0	0	0	0
DIATSA_LOCUS7658	0	0	0	0	0	0
DIATSA_LOCUS7659	3	3	3	2	2	2
DIATSA_LOCUS766	0	0	0	0	0	0
DIATSA_LOCUS7660	77	77	77	38	38	39
DIATSA_LOCUS7661	0	0	0	0	0	0
DIATSA_LOCUS7662	0	0	0	0	0	0
DIATSA_LOCUS7663	3	2	2	3	3	3
DIATSA_LOCUS7664	0	0	0	0	0	0
DIATSA_LOCUS7665	0	0	0	0	0	0
DIATSA_LOCUS7666	81	85	85	25	24	23
DIATSA_LOCUS7667	0	0	0	0	0	0
DIATSA_LOCUS7668	0	0	0	0	0	0
DIATSA_LOCUS7669	0	0	0	0	0	0
DIATSA_LOCUS767	0	0	0	0	0	0
DIATSA_LOCUS7670	1	1	1	0	0	0
DIATSA_LOCUS7671	0	0	0	0	0	0
DIATSA_LOCUS7672	0	0	0	0	0	0
DIATSA_LOCUS7673	1	1	1	0	0	0
DIATSA_LOCUS7674	53	54	55	89	87	87
DIATSA_LOCUS7675	11	11	11	16	16	16
DIATSA_LOCUS7676	0	0	0	0	0	0
DIATSA_LOCUS7677	0	0	0	0	0	0
DIATSA_LOCUS7678	0	0	0	0	0	0
DIATSA_LOCUS7679	0	0	0	0	0	0
DIATSA_LOCUS768	4	3	3	1	1	1
DIATSA_LOCUS7680	0	0	0	0	0	0
DIATSA_LOCUS7681	3	3	3	0	0	0
DIATSA_LOCUS7682	0	0	0	0	0	0
DIATSA_LOCUS7683	1	1	1	0	0	0
DIATSA_LOCUS7684	4	4	4	2	2	2
DIATSA_LOCUS7685	0	0	0	0	0	0
DIATSA_LOCUS7686	0	0	0	0	0	0
DIATSA_LOCUS7687	0	0	0	0	0	0
DIATSA_LOCUS7688	0	0	0	0	0	0
DIATSA_LOCUS7689	2	2	2	3	2	2
DIATSA_LOCUS769	3	3	3	2	1	1
DIATSA_LOCUS7690	5	5	5	6	6	6
DIATSA_LOCUS7691	4	5	5	3	3	3
DIATSA_LOCUS7692	1	1	1	1	1	1
DIATSA_LOCUS7693	4	4	4	4	4	4
DIATSA_LOCUS7694	164087	20911	22780	751437	5138421	5753201
DIATSA_LOCUS7695	0	0	0	1	1	1
DIATSA_LOCUS7696	0	0	0	0	0	0
DIATSA_LOCUS7697	0	0	0	0	0	0
DIATSA_LOCUS7698	7	7	7	10	10	10
DIATSA_LOCUS7699	2	1	1	1	1	1
DIATSA_LOCUS77	7	6	6	2	2	2
DIATSA_LOCUS770	0	0	0	0	0	0
DIATSA_LOCUS7700	0	0	0	0	0	0
DIATSA_LOCUS7701	0	0	0	0	0	0
DIATSA_LOCUS7702	2	2	2	7	7	7
DIATSA_LOCUS7703	170	172	170	199	198	196
DIATSA_LOCUS7704	0	0	0	0	0	0
DIATSA_LOCUS7705	0	0	0	0	0	0
DIATSA_LOCUS7706	0	0	0	0	0	0
DIATSA_LOCUS7707	0	0	0	0	0	0
DIATSA_LOCUS7708	1	1	1	0	0	0
DIATSA_LOCUS7709	0	0	0	0	0	0
DIATSA_LOCUS771	5	4	4	1	1	2
DIATSA_LOCUS7710	0	0	0	0	0	0
DIATSA_LOCUS7711	11	11	11	9	9	9
DIATSA_LOCUS7712	0	0	0	0	0	0
DIATSA_LOCUS7713	4	4	4	7	7	7
DIATSA_LOCUS7714	1	2	2	0	0	0
DIATSA_LOCUS7715	0	0	0	0	0	0
DIATSA_LOCUS7716	0	0	0	1	1	1
DIATSA_LOCUS7717	0	0	0	0	0	0
DIATSA_LOCUS7718	0	0	0	0	0	0
DIATSA_LOCUS7719	0	0	0	0	0	0
DIATSA_LOCUS772	0	0	0	0	0	0
DIATSA_LOCUS7720	0	0	0	0	0	0
DIATSA_LOCUS7721	3	3	3	3	3	3
DIATSA_LOCUS7722	0	0	0	0	0	0
DIATSA_LOCUS7723	0	0	0	0	0	0
DIATSA_LOCUS7724	0	0	0	0	0	0
DIATSA_LOCUS7725	1	2	2	0	0	0
DIATSA_LOCUS7726	5	4	4	5	6	6
DIATSA_LOCUS7727	0	0	0	0	0	0
DIATSA_LOCUS7728	0	0	0	0	0	0
DIATSA_LOCUS7729	0	0	0	0	0	0
DIATSA_LOCUS773	0	0	0	0	0	0
DIATSA_LOCUS7730	0	0	0	0	0	0
DIATSA_LOCUS7731	0	0	0	0	0	0
DIATSA_LOCUS7732	1	1	1	1	1	1
DIATSA_LOCUS7733	0	0	0	0	0	0
DIATSA_LOCUS7734	0	0	0	0	0	0
DIATSA_LOCUS7735	0	0	0	0	0	0
DIATSA_LOCUS7736	0	0	0	0	0	0
DIATSA_LOCUS7737	1	1	1	0	0	0
DIATSA_LOCUS7738	31	31	31	22	22	22
DIATSA_LOCUS7739	3	3	3	5	5	5
DIATSA_LOCUS774	0	0	0	0	0	0
DIATSA_LOCUS7740	0	0	0	0	0	0
DIATSA_LOCUS7741	0	0	0	0	0	0
DIATSA_LOCUS7742	0	0	0	0	0	0
DIATSA_LOCUS7743	1	1	1	1	1	1
DIATSA_LOCUS7744	4	4	4	1	1	1
DIATSA_LOCUS7745	0	0	0	0	0	0
DIATSA_LOCUS7746	1	1	1	1	1	1
DIATSA_LOCUS7747	0	0	0	0	0	0
DIATSA_LOCUS7748	0	0	0	0	0	0
DIATSA_LOCUS7749	0	0	0	0	1	1
DIATSA_LOCUS775	14	14	14	15	15	15
DIATSA_LOCUS7750	3	3	3	3	3	3
DIATSA_LOCUS7751	20	20	20	13	13	13
DIATSA_LOCUS7752	0	0	0	0	0	0
DIATSA_LOCUS7753	3	3	3	1	1	1
DIATSA_LOCUS7754	15	15	14	14	14	14
DIATSA_LOCUS7755	0	0	0	0	0	0
DIATSA_LOCUS7756	0	0	0	0	0	0
DIATSA_LOCUS7757	0	0	0	2	1	1
DIATSA_LOCUS7758	0	0	0	0	0	0
DIATSA_LOCUS7759	0	0	0	0	0	0
DIATSA_LOCUS776	0	0	0	0	0	0
DIATSA_LOCUS7760	0	0	0	0	0	0
DIATSA_LOCUS7761	1	1	1	1	1	1
DIATSA_LOCUS7762	3	3	3	4	4	4
DIATSA_LOCUS7763	11	11	11	20	19	19
DIATSA_LOCUS7764	6	7	7	5	5	4
DIATSA_LOCUS7765	5	5	5	7	7	7
DIATSA_LOCUS7766	3	3	3	3	3	3
DIATSA_LOCUS7767	0	0	0	1	0	1
DIATSA_LOCUS7768	0	0	0	1	1	1
DIATSA_LOCUS7769	7	8	8	12	11	11
DIATSA_LOCUS777	0	0	0	0	0	1
DIATSA_LOCUS7770	9	8	8	6	6	6
DIATSA_LOCUS7771	0	0	0	0	0	0
DIATSA_LOCUS7772	0	1	1	0	0	0
DIATSA_LOCUS7773	0	0	0	0	0	0
DIATSA_LOCUS7774	0	0	0	0	0	0
DIATSA_LOCUS7775	2	2	2	1	1	1
DIATSA_LOCUS7776	0	0	0	0	0	0
DIATSA_LOCUS7777	0	0	0	0	0	0
DIATSA_LOCUS7778	1	2	2	1	1	1
DIATSA_LOCUS7779	0	0	0	0	0	0
DIATSA_LOCUS778	0	0	0	0	0	0
DIATSA_LOCUS7780	0	0	0	1	1	1
DIATSA_LOCUS7781	4	3	3	3	3	4
DIATSA_LOCUS7782	0	0	0	0	0	0
DIATSA_LOCUS7783	22	21	21	25	25	26
DIATSA_LOCUS7784	1	1	1	2	2	2
DIATSA_LOCUS7785	0	0	0	0	0	0
DIATSA_LOCUS7786	2	2	2	2	2	2
DIATSA_LOCUS7787	0	0	0	0	0	0
DIATSA_LOCUS7788	0	0	0	0	0	0
DIATSA_LOCUS7789	0	0	0	0	0	0
DIATSA_LOCUS779	0	0	0	0	0	0
DIATSA_LOCUS7790	0	0	0	0	0	0
DIATSA_LOCUS7791	13	8	9	5	7	8
DIATSA_LOCUS7792	0	0	0	0	0	0
DIATSA_LOCUS7793	0	0	0	1	1	1
DIATSA_LOCUS7794	0	0	0	0	0	0
DIATSA_LOCUS7795	0	0	0	0	0	0
DIATSA_LOCUS7796	1	1	1	1	0	0
DIATSA_LOCUS7797	0	0	0	0	0	0
DIATSA_LOCUS7798	1	0	0	0	0	0
DIATSA_LOCUS7799	11	10	10	7	8	8
DIATSA_LOCUS78	0	0	0	0	0	0
DIATSA_LOCUS780	0	0	0	0	0	0
DIATSA_LOCUS7800	0	0	0	0	0	0
DIATSA_LOCUS7801	1	1	1	0	0	0
DIATSA_LOCUS7802	1	1	1	3	3	3
DIATSA_LOCUS7803	0	0	0	0	0	0
DIATSA_LOCUS7804	0	0	0	0	0	0
DIATSA_LOCUS7805	0	0	0	0	0	0
DIATSA_LOCUS7806	0	0	0	0	0	0
DIATSA_LOCUS7807	4	4	4	2	2	2
DIATSA_LOCUS7808	0	0	0	0	0	0
DIATSA_LOCUS7809	0	0	0	0	0	0
DIATSA_LOCUS781	2	2	2	1	1	1
DIATSA_LOCUS7810	0	0	0	0	0	0
DIATSA_LOCUS7811	0	0	0	0	0	0
DIATSA_LOCUS7812	1	1	1	0	0	0
DIATSA_LOCUS7813	9	9	9	8	8	8
DIATSA_LOCUS7814	0	0	0	0	0	0
DIATSA_LOCUS7815	0	0	0	0	0	0
DIATSA_LOCUS7816	0	0	0	0	0	0
DIATSA_LOCUS7817	9	9	10	7	7	7
DIATSA_LOCUS7818	0	0	0	1	1	1
DIATSA_LOCUS7819	2	2	2	1	1	1
DIATSA_LOCUS782	0	0	0	0	0	0
DIATSA_LOCUS7820	1	1	1	0	0	0
DIATSA_LOCUS7821	1	1	1	0	0	0
DIATSA_LOCUS7822	2	2	2	2	2	2
DIATSA_LOCUS7823	0	0	0	0	0	0
DIATSA_LOCUS7824	0	0	0	0	0	0
DIATSA_LOCUS7825	0	0	0	0	0	0
DIATSA_LOCUS7826	1	1	1	0	0	0
DIATSA_LOCUS7827	1	1	1	9	9	9
DIATSA_LOCUS7828	0	0	0	0	0	0
DIATSA_LOCUS7829	0	0	0	0	0	0
DIATSA_LOCUS783	0	0	0	0	0	0
DIATSA_LOCUS7830	2	2	2	1	1	1
DIATSA_LOCUS7831	3	3	3	3	3	2
DIATSA_LOCUS7832	3	3	3	3	3	3
DIATSA_LOCUS7833	0	0	0	0	0	0
DIATSA_LOCUS7834	0	0	0	0	0	0
DIATSA_LOCUS7835	8	8	8	13	13	13
DIATSA_LOCUS7836	7	7	7	10	10	10
DIATSA_LOCUS7837	10	9	9	3	3	3
DIATSA_LOCUS7838	0	0	0	0	0	0
DIATSA_LOCUS7839	0	0	0	0	0	0
DIATSA_LOCUS784	6	6	6	2	2	2
DIATSA_LOCUS7840	0	0	0	0	0	0
DIATSA_LOCUS7841	5	5	5	7	7	7
DIATSA_LOCUS7842	2	2	2	0	0	0
DIATSA_LOCUS7843	53	53	53	39	39	40
DIATSA_LOCUS7844	0	0	0	0	0	0
DIATSA_LOCUS7845	0	0	0	0	0	0
DIATSA_LOCUS7846	0	0	0	0	0	0
DIATSA_LOCUS7847	0	0	0	0	0	0
DIATSA_LOCUS7848	1	1	1	0	0	0
DIATSA_LOCUS7849	0	0	0	1	0	0
DIATSA_LOCUS785	2	2	2	3	3	3
DIATSA_LOCUS7850	0	0	0	0	0	0
DIATSA_LOCUS7851	0	0	0	0	0	0
DIATSA_LOCUS7852	4	3	3	3	4	4
DIATSA_LOCUS7853	0	0	0	0	0	0
DIATSA_LOCUS7854	3	3	3	7	6	7
DIATSA_LOCUS7855	0	0	0	0	0	0
DIATSA_LOCUS7856	18	19	20	10	7	10
DIATSA_LOCUS7857	0	0	0	0	0	0
DIATSA_LOCUS7858	0	0	0	0	0	0
DIATSA_LOCUS7859	0	0	0	0	0	0
DIATSA_LOCUS786	20	20	20	17	17	17
DIATSA_LOCUS7860	0	0	0	0	0	0
DIATSA_LOCUS7861	0	0	0	0	0	0
DIATSA_LOCUS7862	0	0	0	0	0	0
DIATSA_LOCUS7863	0	0	0	0	0	0
DIATSA_LOCUS7864	0	0	0	0	0	0
DIATSA_LOCUS7865	0	0	0	0	0	0
DIATSA_LOCUS7866	11	11	11	17	16	16
DIATSA_LOCUS7867	0	0	0	0	0	0
DIATSA_LOCUS7868	0	0	0	0	0	0
DIATSA_LOCUS7869	0	0	0	0	0	0
DIATSA_LOCUS787	4	4	4	1	1	1
DIATSA_LOCUS7870	0	0	0	0	0	0
DIATSA_LOCUS7871	0	0	0	0	0	0
DIATSA_LOCUS7872	0	0	0	0	0	0
DIATSA_LOCUS7873	0	0	0	0	0	0
DIATSA_LOCUS7874	0	0	0	0	0	0
DIATSA_LOCUS7875	0	0	0	0	0	0
DIATSA_LOCUS7876	0	0	0	0	0	0
DIATSA_LOCUS7877	0	0	0	0	0	0
DIATSA_LOCUS7878	0	0	0	0	0	0
DIATSA_LOCUS7879	0	0	0	0	0	0
DIATSA_LOCUS788	0	0	0	0	0	0
DIATSA_LOCUS7880	0	0	0	0	0	0
DIATSA_LOCUS7881	0	0	0	0	0	0
DIATSA_LOCUS7882	0	0	0	0	0	0
DIATSA_LOCUS7883	0	0	0	0	0	0
DIATSA_LOCUS7884	0	0	0	0	0	0
DIATSA_LOCUS7885	2	2	2	1	1	1
DIATSA_LOCUS7886	0	0	0	2	2	2
DIATSA_LOCUS7887	2	2	2	0	0	0
DIATSA_LOCUS7888	0	0	0	0	0	0
DIATSA_LOCUS7889	0	0	0	0	0	0
DIATSA_LOCUS789	0	0	0	0	0	0
DIATSA_LOCUS7890	0	0	0	0	0	0
DIATSA_LOCUS7891	0	0	0	0	0	0
DIATSA_LOCUS7892	0	0	0	0	0	0
DIATSA_LOCUS7893	0	0	0	0	0	0
DIATSA_LOCUS7894	0	0	0	0	0	0
DIATSA_LOCUS7895	0	0	0	0	0	0
DIATSA_LOCUS7896	0	0	0	0	0	0
DIATSA_LOCUS7897	1	1	2	5	5	5
DIATSA_LOCUS7898	0	0	0	0	0	0
DIATSA_LOCUS7899	0	0	0	0	0	0
DIATSA_LOCUS79	0	0	0	0	0	0
DIATSA_LOCUS790	0	0	0	0	0	0
DIATSA_LOCUS7900	0	0	0	0	0	0
DIATSA_LOCUS7901	1	1	1	0	0	0
DIATSA_LOCUS7902	0	0	0	0	0	0
DIATSA_LOCUS7903	0	0	0	0	0	0
DIATSA_LOCUS7904	0	0	0	0	0	0
DIATSA_LOCUS7905	0	0	0	0	0	0
DIATSA_LOCUS7906	0	0	0	0	0	0
DIATSA_LOCUS7907	0	0	0	0	0	0
DIATSA_LOCUS7908	0	0	0	0	0	0
DIATSA_LOCUS7909	0	0	0	0	0	0
DIATSA_LOCUS791	0	0	0	0	0	0
DIATSA_LOCUS7910	0	0	0	0	0	0
DIATSA_LOCUS7911	0	0	0	0	0	0
DIATSA_LOCUS7912	0	0	0	0	0	0
DIATSA_LOCUS7913	0	0	0	0	0	0
DIATSA_LOCUS7914	0	0	0	0	0	0
DIATSA_LOCUS7915	0	0	0	0	0	0
DIATSA_LOCUS7916	0	0	0	0	0	0
DIATSA_LOCUS7917	0	0	0	0	0	0
DIATSA_LOCUS7918	0	0	0	0	0	0
DIATSA_LOCUS7919	0	0	0	0	0	0
DIATSA_LOCUS792	0	0	0	0	0	0
DIATSA_LOCUS7920	0	0	0	0	0	0
DIATSA_LOCUS7921	0	0	0	0	0	0
DIATSA_LOCUS7922	0	0	0	0	0	0
DIATSA_LOCUS7923	0	0	0	0	0	0
DIATSA_LOCUS7924	0	0	0	0	0	0
DIATSA_LOCUS7925	0	0	0	0	0	0
DIATSA_LOCUS7926	0	0	0	0	0	0
DIATSA_LOCUS7927	0	0	0	0	0	0
DIATSA_LOCUS7928	0	0	0	0	0	0
DIATSA_LOCUS7929	0	0	0	0	0	0
DIATSA_LOCUS793	0	0	0	0	0	0
DIATSA_LOCUS7930	0	0	0	0	0	0
DIATSA_LOCUS7931	0	0	0	0	0	0
DIATSA_LOCUS7932	0	0	0	0	0	0
DIATSA_LOCUS7933	0	0	0	0	0	0
DIATSA_LOCUS7934	0	0	0	0	0	0
DIATSA_LOCUS7935	0	0	0	0	0	0
DIATSA_LOCUS7936	0	0	0	0	0	0
DIATSA_LOCUS7937	0	0	0	0	0	0
DIATSA_LOCUS7938	0	0	0	0	0	0
DIATSA_LOCUS7939	0	0	0	0	0	0
DIATSA_LOCUS794	0	0	0	0	0	0
DIATSA_LOCUS7940	0	0	0	0	0	0
DIATSA_LOCUS7941	0	0	0	0	0	0
DIATSA_LOCUS7942	0	0	0	0	0	0
DIATSA_LOCUS7943	0	0	0	0	0	0
DIATSA_LOCUS7944	0	0	0	0	0	0
DIATSA_LOCUS7945	0	0	0	0	0	0
DIATSA_LOCUS7946	0	0	0	0	0	0
DIATSA_LOCUS7947	0	0	0	0	0	0
DIATSA_LOCUS7948	0	0	0	0	0	0
DIATSA_LOCUS7949	0	0	0	0	0	0
DIATSA_LOCUS795	0	0	0	0	0	0
DIATSA_LOCUS7950	0	0	0	0	0	0
DIATSA_LOCUS7951	0	0	0	0	0	0
DIATSA_LOCUS7952	0	0	0	0	0	0
DIATSA_LOCUS7953	0	0	0	0	0	0
DIATSA_LOCUS7954	0	0	0	0	0	0
DIATSA_LOCUS7955	0	0	0	0	0	0
DIATSA_LOCUS7956	0	0	0	0	0	0
DIATSA_LOCUS7957	0	0	0	0	0	0
DIATSA_LOCUS7958	0	0	0	0	0	0
DIATSA_LOCUS7959	0	0	0	0	0	0
DIATSA_LOCUS796	0	0	0	0	0	0
DIATSA_LOCUS7960	0	0	0	0	0	0
DIATSA_LOCUS7961	0	0	0	0	0	0
DIATSA_LOCUS7962	0	0	0	0	0	0
DIATSA_LOCUS7963	0	0	0	0	0	0
DIATSA_LOCUS7964	0	0	0	0	0	0
DIATSA_LOCUS7965	0	0	0	0	0	0
DIATSA_LOCUS7966	0	0	0	0	0	0
DIATSA_LOCUS7967	0	0	0	0	0	0
DIATSA_LOCUS7968	0	0	0	0	0	0
DIATSA_LOCUS7969	0	0	0	0	0	0
DIATSA_LOCUS797	0	0	0	0	0	0
DIATSA_LOCUS7970	5	5	5	0	0	0
DIATSA_LOCUS7971	0	0	0	0	0	0
DIATSA_LOCUS7972	0	0	0	0	0	0
DIATSA_LOCUS7973	0	0	0	0	0	0
DIATSA_LOCUS7974	0	0	0	0	0	0
DIATSA_LOCUS7975	2	2	2	0	0	0
DIATSA_LOCUS7976	0	0	0	0	0	0
DIATSA_LOCUS7977	0	0	0	0	0	0
DIATSA_LOCUS7978	0	0	0	0	0	0
DIATSA_LOCUS7979	0	0	0	0	0	0
DIATSA_LOCUS798	0	0	0	0	0	0
DIATSA_LOCUS7980	0	0	0	0	0	0
DIATSA_LOCUS7981	0	0	0	0	0	0
DIATSA_LOCUS7982	0	0	0	0	0	0
DIATSA_LOCUS7983	1	1	1	0	0	0
DIATSA_LOCUS7984	0	0	0	0	0	0
DIATSA_LOCUS7985	0	0	0	0	0	0
DIATSA_LOCUS7986	0	0	0	0	0	0
DIATSA_LOCUS7987	0	0	0	0	0	0
DIATSA_LOCUS7988	0	0	0	0	0	0
DIATSA_LOCUS7989	0	0	0	0	0	0
DIATSA_LOCUS799	0	0	0	0	0	0
DIATSA_LOCUS7990	0	0	0	0	0	0
DIATSA_LOCUS7991	0	0	0	0	0	0
DIATSA_LOCUS7992	0	0	0	0	0	0
DIATSA_LOCUS7993	0	0	0	0	0	0
DIATSA_LOCUS7994	0	0	0	0	0	0
DIATSA_LOCUS7995	0	0	0	0	0	0
DIATSA_LOCUS7996	0	0	0	1	1	1
DIATSA_LOCUS7997	0	0	0	0	0	0
DIATSA_LOCUS7998	0	0	0	0	0	0
DIATSA_LOCUS7999	2	2	2	0	0	0
DIATSA_LOCUS8	0	0	0	0	0	0
DIATSA_LOCUS80	0	0	0	0	0	0
DIATSA_LOCUS800	2	2	2	2	2	2
DIATSA_LOCUS8000	0	0	0	0	0	0
DIATSA_LOCUS8001	0	0	0	0	0	0
DIATSA_LOCUS8002	0	0	0	0	0	0
DIATSA_LOCUS8003	183	88	92	35	69	72
DIATSA_LOCUS8004	0	0	0	0	0	0
DIATSA_LOCUS8005	0	0	0	0	0	0
DIATSA_LOCUS8006	0	0	0	0	0	0
DIATSA_LOCUS8007	0	0	0	0	0	0
DIATSA_LOCUS8008	1	1	1	1	0	0
DIATSA_LOCUS8009	0	0	0	0	0	0
DIATSA_LOCUS801	0	0	0	0	0	0
DIATSA_LOCUS8010	0	0	0	0	0	0
DIATSA_LOCUS8011	0	0	0	0	0	0
DIATSA_LOCUS8012	0	0	0	0	0	0
DIATSA_LOCUS8013	0	0	0	0	0	0
DIATSA_LOCUS8014	0	0	0	0	0	0
DIATSA_LOCUS8015	0	0	0	0	0	0
DIATSA_LOCUS8016	0	0	0	0	0	0
DIATSA_LOCUS8017	0	0	0	0	0	0
DIATSA_LOCUS8018	0	0	0	0	0	0
DIATSA_LOCUS8019	0	0	0	0	0	0
DIATSA_LOCUS802	0	0	0	0	0	0
DIATSA_LOCUS8020	0	0	0	0	0	0
DIATSA_LOCUS8021	0	0	0	0	0	0
DIATSA_LOCUS8022	0	0	0	0	0	0
DIATSA_LOCUS8023	0	0	0	0	0	0
DIATSA_LOCUS8024	0	0	0	0	0	0
DIATSA_LOCUS8025	0	0	0	0	0	0
DIATSA_LOCUS8026	1	1	1	0	0	0
DIATSA_LOCUS8027	4	3	3	2	2	2
DIATSA_LOCUS8028	2	2	2	1	1	1
DIATSA_LOCUS8029	3	3	3	10	10	10
DIATSA_LOCUS803	0	0	0	0	0	0
DIATSA_LOCUS8030	0	0	0	0	0	0
DIATSA_LOCUS8031	0	0	0	0	0	0
DIATSA_LOCUS8032	5	5	5	8	8	8
DIATSA_LOCUS8033	0	0	0	0	0	0
DIATSA_LOCUS8034	0	0	0	0	0	0
DIATSA_LOCUS8035	0	0	0	0	0	0
DIATSA_LOCUS8036	0	0	0	0	0	0
DIATSA_LOCUS8037	0	0	0	0	0	0
DIATSA_LOCUS8038	0	0	0	0	0	0
DIATSA_LOCUS8039	0	0	0	0	0	0
DIATSA_LOCUS804	3	4	4	3	2	2
DIATSA_LOCUS8040	0	0	0	0	0	0
DIATSA_LOCUS8041	45	51	51	58	51	51
DIATSA_LOCUS8042	4	3	3	6	6	6
DIATSA_LOCUS8043	0	0	0	0	0	0
DIATSA_LOCUS8044	0	0	0	0	0	0
DIATSA_LOCUS8045	0	0	0	0	0	0
DIATSA_LOCUS8046	9	10	10	11	10	10
DIATSA_LOCUS8047	0	0	0	0	0	0
DIATSA_LOCUS8048	0	0	0	0	0	0
DIATSA_LOCUS8049	0	0	0	0	0	0
DIATSA_LOCUS805	3	3	3	2	2	2
DIATSA_LOCUS8050	0	0	0	0	0	0
DIATSA_LOCUS8051	0	0	0	0	0	0
DIATSA_LOCUS8052	0	0	0	0	0	0
DIATSA_LOCUS8053	0	0	0	0	0	0
DIATSA_LOCUS8054	0	0	0	0	0	0
DIATSA_LOCUS8055	0	0	0	0	0	0
DIATSA_LOCUS8056	0	0	0	0	0	0
DIATSA_LOCUS8057	0	0	0	0	0	0
DIATSA_LOCUS8058	0	0	0	0	0	0
DIATSA_LOCUS8059	0	0	0	0	0	0
DIATSA_LOCUS806	0	0	0	0	0	0
DIATSA_LOCUS8060	0	0	0	0	0	0
DIATSA_LOCUS8061	0	0	0	0	0	0
DIATSA_LOCUS8062	0	0	0	0	0	0
DIATSA_LOCUS8063	0	0	0	0	0	0
DIATSA_LOCUS8064	0	0	0	0	0	0
DIATSA_LOCUS8065	0	0	0	0	0	0
DIATSA_LOCUS8066	0	0	0	0	0	0
DIATSA_LOCUS8067	1	1	1	1	1	1
DIATSA_LOCUS8068	0	0	0	0	0	0
DIATSA_LOCUS8069	0	0	0	0	0	0
DIATSA_LOCUS807	0	0	0	1	1	1
DIATSA_LOCUS8070	0	0	0	0	0	0
DIATSA_LOCUS8071	0	0	0	0	0	0
DIATSA_LOCUS8072	0	0	0	0	0	0
DIATSA_LOCUS8073	0	0	0	0	0	0
DIATSA_LOCUS8074	0	0	0	0	0	0
DIATSA_LOCUS8075	0	0	0	0	0	0
DIATSA_LOCUS8076	0	0	0	0	0	0
DIATSA_LOCUS8077	0	0	0	0	0	0
DIATSA_LOCUS8078	0	0	0	0	0	0
DIATSA_LOCUS8079	0	0	0	0	0	0
DIATSA_LOCUS808	0	0	0	0	0	0
DIATSA_LOCUS8080	0	0	0	0	0	0
DIATSA_LOCUS8081	0	0	0	0	0	0
DIATSA_LOCUS8082	0	0	0	0	0	0
DIATSA_LOCUS8083	114	115	116	236	232	234
DIATSA_LOCUS8084	0	0	0	0	0	0
DIATSA_LOCUS8085	0	0	0	0	0	0
DIATSA_LOCUS8086	0	0	0	0	0	0
DIATSA_LOCUS8087	37	35	35	47	50	49
DIATSA_LOCUS8088	0	0	0	0	0	0
DIATSA_LOCUS8089	0	0	0	0	0	0
DIATSA_LOCUS809	5	5	5	4	4	4
DIATSA_LOCUS8090	0	0	0	0	0	0
DIATSA_LOCUS8091	0	0	0	0	0	0
DIATSA_LOCUS8092	0	0	0	0	0	0
DIATSA_LOCUS8093	0	0	0	0	0	0
DIATSA_LOCUS8094	4	4	4	4	4	4
DIATSA_LOCUS8095	0	0	0	0	0	0
DIATSA_LOCUS8096	2	2	2	0	0	0
DIATSA_LOCUS8097	0	0	0	0	0	0
DIATSA_LOCUS8098	0	0	0	1	1	1
DIATSA_LOCUS8099	0	0	0	0	0	0
DIATSA_LOCUS81	0	0	0	0	0	0
DIATSA_LOCUS810	1	1	1	1	1	1
DIATSA_LOCUS8100	0	0	0	0	0	0
DIATSA_LOCUS8101	0	0	0	0	0	0
DIATSA_LOCUS8102	0	0	0	0	0	0
DIATSA_LOCUS8103	1	1	1	1	1	1
DIATSA_LOCUS8104	0	0	0	0	0	0
DIATSA_LOCUS8105	0	0	0	0	0	0
DIATSA_LOCUS8106	0	0	0	0	0	0
DIATSA_LOCUS8107	0	0	0	0	0	0
DIATSA_LOCUS8108	0	0	0	0	0	0
DIATSA_LOCUS8109	0	0	0	0	0	0
DIATSA_LOCUS811	0	0	0	0	0	0
DIATSA_LOCUS8110	0	0	0	0	0	0
DIATSA_LOCUS8111	0	0	0	0	0	0
DIATSA_LOCUS8112	0	0	0	0	0	0
DIATSA_LOCUS8113	0	0	0	1	1	1
DIATSA_LOCUS8114	1	1	1	1	1	1
DIATSA_LOCUS8115	3	3	3	1	1	1
DIATSA_LOCUS8116	1	1	1	0	0	0
DIATSA_LOCUS8117	8	8	9	6	6	6
DIATSA_LOCUS8118	0	0	0	0	0	0
DIATSA_LOCUS8119	1	1	1	1	1	1
DIATSA_LOCUS812	0	0	0	0	0	0
DIATSA_LOCUS8120	0	0	0	0	0	0
DIATSA_LOCUS8121	0	0	0	0	0	0
DIATSA_LOCUS8122	0	1	1	0	0	0
DIATSA_LOCUS8123	0	0	0	0	0	0
DIATSA_LOCUS8124	0	0	0	0	0	0
DIATSA_LOCUS8125	0	0	0	0	0	0
DIATSA_LOCUS8126	0	0	0	0	0	0
DIATSA_LOCUS8127	0	0	0	0	0	0
DIATSA_LOCUS8128	0	0	0	0	0	0
DIATSA_LOCUS8129	0	0	0	0	0	0
DIATSA_LOCUS813	0	0	0	0	0	0
DIATSA_LOCUS8130	0	0	0	0	0	0
DIATSA_LOCUS8131	0	0	0	0	0	0
DIATSA_LOCUS8132	0	0	0	0	1	1
DIATSA_LOCUS8133	0	0	0	2	1	1
DIATSA_LOCUS8134	0	0	0	0	0	0
DIATSA_LOCUS8135	1	1	1	1	1	1
DIATSA_LOCUS8136	0	0	0	0	0	0
DIATSA_LOCUS8137	0	0	0	0	0	0
DIATSA_LOCUS8138	0	0	0	0	0	0
DIATSA_LOCUS8139	0	0	0	0	0	0
DIATSA_LOCUS814	0	0	0	0	0	0
DIATSA_LOCUS8140	20	20	20	19	20	20
DIATSA_LOCUS8141	6	7	7	8	8	8
DIATSA_LOCUS8142	0	0	0	0	0	0
DIATSA_LOCUS8143	2	2	2	4	4	4
DIATSA_LOCUS8144	5	5	5	5	5	5
DIATSA_LOCUS8145	1	1	1	4	4	4
DIATSA_LOCUS8146	0	0	0	0	0	0
DIATSA_LOCUS8147	1	1	1	1	1	1
DIATSA_LOCUS8148	14	14	14	0	0	0
DIATSA_LOCUS8149	46	48	48	50	48	48
DIATSA_LOCUS815	0	0	0	0	0	0
DIATSA_LOCUS8150	1	1	1	1	0	0
DIATSA_LOCUS8151	0	0	0	0	0	0
DIATSA_LOCUS8152	0	0	0	0	0	0
DIATSA_LOCUS8153	0	0	0	0	0	0
DIATSA_LOCUS8154	7	7	7	16	16	16
DIATSA_LOCUS8155	0	0	0	0	0	0
DIATSA_LOCUS8156	0	0	0	0	0	0
DIATSA_LOCUS8157	0	0	0	0	0	0
DIATSA_LOCUS8158	0	0	0	0	0	0
DIATSA_LOCUS8159	1	1	1	0	0	0
DIATSA_LOCUS816	0	0	0	0	0	0
DIATSA_LOCUS8160	4	7	7	3	1	2
DIATSA_LOCUS8161	0	0	0	1	0	0
DIATSA_LOCUS8162	2	1	1	1	1	1
DIATSA_LOCUS8163	0	0	0	0	0	0
DIATSA_LOCUS8164	0	0	0	0	0	0
DIATSA_LOCUS8165	0	0	0	0	0	0
DIATSA_LOCUS8166	0	0	0	0	0	0
DIATSA_LOCUS8167	1	1	1	0	0	0
DIATSA_LOCUS8168	0	0	0	0	0	0
DIATSA_LOCUS8169	1	1	1	1	1	1
DIATSA_LOCUS817	12	12	12	16	17	16
DIATSA_LOCUS8170	0	0	0	0	0	0
DIATSA_LOCUS8171	2	2	2	2	2	2
DIATSA_LOCUS8172	1	0	0	0	1	1
DIATSA_LOCUS8173	41	40	40	22	23	23
DIATSA_LOCUS8174	15	16	16	31	29	29
DIATSA_LOCUS8175	51	50	51	98	97	98
DIATSA_LOCUS8176	27	27	27	47	46	46
DIATSA_LOCUS8177	18	19	19	42	40	40
DIATSA_LOCUS8178	4	5	5	12	11	11
DIATSA_LOCUS8179	0	0	0	1	1	1
DIATSA_LOCUS818	2	2	2	1	1	1
DIATSA_LOCUS8180	3	3	3	3	3	3
DIATSA_LOCUS8181	0	0	0	0	0	0
DIATSA_LOCUS8182	0	0	0	0	0	0
DIATSA_LOCUS8183	0	0	0	0	0	0
DIATSA_LOCUS8184	0	0	0	0	0	0
DIATSA_LOCUS8185	1	1	1	1	1	1
DIATSA_LOCUS8186	4	4	4	8	7	7
DIATSA_LOCUS8187	0	0	0	0	0	0
DIATSA_LOCUS8188	0	0	0	0	0	0
DIATSA_LOCUS8189	0	0	0	0	0	0
DIATSA_LOCUS819	22	23	23	10	9	9
DIATSA_LOCUS8190	0	0	0	0	0	0
DIATSA_LOCUS8191	0	0	0	0	0	0
DIATSA_LOCUS8192	0	0	0	0	0	0
DIATSA_LOCUS8193	4	4	5	7	7	7
DIATSA_LOCUS8194	0	0	0	0	0	0
DIATSA_LOCUS8195	0	0	0	0	0	0
DIATSA_LOCUS8196	4	5	5	0	0	0
DIATSA_LOCUS8197	0	0	0	0	0	0
DIATSA_LOCUS8198	0	0	0	0	0	0
DIATSA_LOCUS8199	1	1	1	1	1	0
DIATSA_LOCUS82	0	0	0	0	0	0
DIATSA_LOCUS820	0	0	0	0	0	0
DIATSA_LOCUS8200	0	0	0	0	0	0
DIATSA_LOCUS8201	0	0	0	0	0	0
DIATSA_LOCUS8202	0	0	0	1	1	1
DIATSA_LOCUS8203	0	0	0	0	0	0
DIATSA_LOCUS8204	0	0	0	4	4	5
DIATSA_LOCUS8205	1	1	1	2	2	2
DIATSA_LOCUS8206	3	3	3	1	2	2
DIATSA_LOCUS8207	0	0	0	0	0	0
DIATSA_LOCUS8208	0	0	0	0	0	0
DIATSA_LOCUS8209	0	0	0	0	0	0
DIATSA_LOCUS821	0	0	0	0	0	0
DIATSA_LOCUS8210	0	0	0	0	0	0
DIATSA_LOCUS8211	0	0	0	0	0	0
DIATSA_LOCUS8212	0	0	0	0	0	0
DIATSA_LOCUS8213	0	0	0	0	1	1
DIATSA_LOCUS8214	0	0	0	0	0	0
DIATSA_LOCUS8215	0	0	0	0	0	0
DIATSA_LOCUS8216	2	2	2	2	2	2
DIATSA_LOCUS8217	2	2	2	3	4	4
DIATSA_LOCUS8218	0	0	0	0	0	0
DIATSA_LOCUS8219	471	484	489	874	843	850
DIATSA_LOCUS822	0	0	0	0	0	0
DIATSA_LOCUS8220	3	3	3	0	0	1
DIATSA_LOCUS8221	2	1	1	2	2	2
DIATSA_LOCUS8222	0	0	0	0	0	0
DIATSA_LOCUS8223	0	0	0	1	1	0
DIATSA_LOCUS8224	0	0	0	0	0	0
DIATSA_LOCUS8225	7	7	7	3	3	3
DIATSA_LOCUS8226	0	0	0	0	0	0
DIATSA_LOCUS8227	0	0	0	0	0	0
DIATSA_LOCUS8228	1	1	1	0	1	1
DIATSA_LOCUS8229	0	0	0	0	0	0
DIATSA_LOCUS823	0	0	0	0	0	0
DIATSA_LOCUS8230	0	0	0	0	0	0
DIATSA_LOCUS8231	0	0	0	0	0	0
DIATSA_LOCUS8232	0	0	0	0	0	0
DIATSA_LOCUS8233	0	0	0	0	0	0
DIATSA_LOCUS8234	0	0	0	0	0	0
DIATSA_LOCUS8235	27	39	37	11	7	8
DIATSA_LOCUS8236	0	0	0	0	0	0
DIATSA_LOCUS8237	3	3	3	1	1	1
DIATSA_LOCUS8238	0	0	0	0	0	0
DIATSA_LOCUS8239	0	0	0	2	2	2
DIATSA_LOCUS824	0	0	0	0	0	0
DIATSA_LOCUS8240	0	0	0	0	0	0
DIATSA_LOCUS8241	0	0	0	0	0	0
DIATSA_LOCUS8242	0	0	0	0	0	0
DIATSA_LOCUS8243	0	0	0	0	0	0
DIATSA_LOCUS8244	0	0	0	0	0	0
DIATSA_LOCUS8245	0	0	1	0	0	0
DIATSA_LOCUS8246	0	0	0	0	0	0
DIATSA_LOCUS8247	0	0	0	0	0	0
DIATSA_LOCUS8248	0	0	0	0	0	0
DIATSA_LOCUS8249	1	1	1	1	1	1
DIATSA_LOCUS825	1	2	2	3	2	3
DIATSA_LOCUS8250	0	0	0	0	0	0
DIATSA_LOCUS8251	0	0	0	0	0	0
DIATSA_LOCUS8252	3	3	3	4	4	4
DIATSA_LOCUS8253	0	0	0	0	0	0
DIATSA_LOCUS8254	0	0	0	0	0	0
DIATSA_LOCUS8255	0	0	0	0	0	0
DIATSA_LOCUS8256	0	0	0	0	0	0
DIATSA_LOCUS8257	1	1	1	4	4	3
DIATSA_LOCUS8258	2	2	2	1	1	1
DIATSA_LOCUS8259	0	0	0	0	0	0
DIATSA_LOCUS826	0	0	0	0	0	0
DIATSA_LOCUS8260	3	4	4	1	0	0
DIATSA_LOCUS8261	0	0	0	0	0	0
DIATSA_LOCUS8262	1	1	1	0	0	0
DIATSA_LOCUS8263	3	3	3	1	1	1
DIATSA_LOCUS8264	3	3	3	2	2	2
DIATSA_LOCUS8265	0	0	0	0	0	0
DIATSA_LOCUS8266	0	0	0	0	0	0
DIATSA_LOCUS8267	0	0	0	0	0	0
DIATSA_LOCUS8268	0	0	0	0	0	0
DIATSA_LOCUS8269	0	0	0	0	0	0
DIATSA_LOCUS827	0	0	0	0	0	0
DIATSA_LOCUS8270	0	0	0	0	0	0
DIATSA_LOCUS8271	0	0	0	0	0	0
DIATSA_LOCUS8272	0	0	0	0	0	0
DIATSA_LOCUS8273	0	0	0	0	0	0
DIATSA_LOCUS8274	0	0	0	0	0	0
DIATSA_LOCUS8275	0	0	0	0	0	0
DIATSA_LOCUS8276	0	0	0	0	0	0
DIATSA_LOCUS8277	0	0	1	3	3	3
DIATSA_LOCUS8278	14	14	14	22	22	22
DIATSA_LOCUS8279	7	7	7	7	7	7
DIATSA_LOCUS828	9	9	9	6	5	5
DIATSA_LOCUS8280	0	0	0	0	0	0
DIATSA_LOCUS8281	0	0	0	0	0	0
DIATSA_LOCUS8282	0	0	0	0	0	0
DIATSA_LOCUS8283	0	0	0	0	0	0
DIATSA_LOCUS8284	0	0	0	0	0	0
DIATSA_LOCUS8285	0	0	0	0	0	0
DIATSA_LOCUS8286	5	4	4	5	6	7
DIATSA_LOCUS8287	0	0	0	0	0	0
DIATSA_LOCUS8288	0	0	0	0	0	0
DIATSA_LOCUS8289	0	0	0	0	0	0
DIATSA_LOCUS829	1	1	1	0	0	0
DIATSA_LOCUS8290	13	13	13	22	22	22
DIATSA_LOCUS8291	85	85	85	73	73	73
DIATSA_LOCUS8292	3	2	2	3	3	3
DIATSA_LOCUS8293	0	0	0	0	0	0
DIATSA_LOCUS8294	0	0	0	0	0	0
DIATSA_LOCUS8295	0	0	0	0	0	0
DIATSA_LOCUS8296	0	0	0	0	0	0
DIATSA_LOCUS8297	0	0	0	0	0	0
DIATSA_LOCUS8298	0	0	0	1	1	1
DIATSA_LOCUS8299	0	0	0	0	0	0
DIATSA_LOCUS83	0	0	0	0	0	0
DIATSA_LOCUS830	1	1	1	0	0	0
DIATSA_LOCUS8300	0	0	0	0	0	0
DIATSA_LOCUS8301	0	0	0	0	0	0
DIATSA_LOCUS8302	3	3	3	2	2	2
DIATSA_LOCUS8303	0	0	0	0	0	0
DIATSA_LOCUS8304	1	1	1	1	1	1
DIATSA_LOCUS8305	0	0	0	0	0	0
DIATSA_LOCUS8306	0	0	0	0	0	0
DIATSA_LOCUS8307	0	0	0	0	0	0
DIATSA_LOCUS8308	0	0	0	0	0	0
DIATSA_LOCUS8309	0	0	0	0	0	0
DIATSA_LOCUS831	5	5	5	1	0	1
DIATSA_LOCUS8310	0	0	0	0	0	0
DIATSA_LOCUS8311	0	0	0	0	0	0
DIATSA_LOCUS8312	2	2	3	0	0	0
DIATSA_LOCUS8313	0	0	0	0	0	0
DIATSA_LOCUS8314	0	0	0	0	0	0
DIATSA_LOCUS8315	0	0	0	0	0	0
DIATSA_LOCUS8316	0	0	0	0	0	0
DIATSA_LOCUS8317	0	0	0	0	0	0
DIATSA_LOCUS8318	0	0	0	0	0	0
DIATSA_LOCUS8319	0	0	0	0	0	0
DIATSA_LOCUS832	0	0	0	0	0	0
DIATSA_LOCUS8320	25	25	25	29	29	29
DIATSA_LOCUS8321	0	0	0	0	0	0
DIATSA_LOCUS8322	0	0	0	0	0	0
DIATSA_LOCUS8323	0	0	0	1	1	1
DIATSA_LOCUS8324	0	0	0	1	1	1
DIATSA_LOCUS8325	0	0	0	0	0	0
DIATSA_LOCUS8326	0	0	0	0	0	0
DIATSA_LOCUS8327	0	0	0	0	0	0
DIATSA_LOCUS8328	0	0	0	0	0	0
DIATSA_LOCUS8329	0	0	0	0	0	0
DIATSA_LOCUS833	1	1	1	0	0	0
DIATSA_LOCUS8330	0	0	0	0	0	0
DIATSA_LOCUS8331	1	0	0	0	1	1
DIATSA_LOCUS8332	1	1	1	0	0	0
DIATSA_LOCUS8333	0	0	0	0	0	0
DIATSA_LOCUS8334	7	7	8	12	11	11
DIATSA_LOCUS8335	13	14	14	8	8	8
DIATSA_LOCUS8336	0	0	0	0	0	0
DIATSA_LOCUS8337	0	0	0	0	0	0
DIATSA_LOCUS8338	0	0	0	0	0	0
DIATSA_LOCUS8339	0	0	0	0	0	0
DIATSA_LOCUS834	1	1	1	0	0	0
DIATSA_LOCUS8340	0	0	0	0	0	0
DIATSA_LOCUS8341	0	0	0	0	0	0
DIATSA_LOCUS8342	0	0	0	0	0	0
DIATSA_LOCUS8343	0	0	0	0	0	0
DIATSA_LOCUS8344	0	0	0	0	0	0
DIATSA_LOCUS8345	0	0	0	0	0	0
DIATSA_LOCUS8346	0	0	0	0	0	0
DIATSA_LOCUS8347	0	0	0	0	0	0
DIATSA_LOCUS8348	0	0	0	0	0	0
DIATSA_LOCUS8349	0	0	0	0	0	0
DIATSA_LOCUS835	5	6	6	5	4	4
DIATSA_LOCUS8350	0	0	0	0	0	0
DIATSA_LOCUS8351	7	7	7	11	12	12
DIATSA_LOCUS8352	0	0	0	0	0	0
DIATSA_LOCUS8353	0	0	0	1	1	1
DIATSA_LOCUS8354	0	0	0	0	0	0
DIATSA_LOCUS8355	0	0	0	0	0	0
DIATSA_LOCUS8356	0	0	0	0	0	0
DIATSA_LOCUS8357	0	0	0	0	0	0
DIATSA_LOCUS8358	0	0	0	0	0	0
DIATSA_LOCUS8359	0	0	0	0	0	0
DIATSA_LOCUS836	0	0	0	0	0	0
DIATSA_LOCUS8360	0	0	0	0	0	0
DIATSA_LOCUS8361	0	0	0	0	0	0
DIATSA_LOCUS8362	0	0	0	0	0	0
DIATSA_LOCUS8363	0	0	0	0	0	0
DIATSA_LOCUS8364	0	0	0	0	0	0
DIATSA_LOCUS8365	0	0	0	0	0	0
DIATSA_LOCUS8366	0	0	0	0	0	0
DIATSA_LOCUS8367	0	0	0	0	0	0
DIATSA_LOCUS8368	0	0	0	0	0	0
DIATSA_LOCUS8369	0	0	0	1	1	1
DIATSA_LOCUS837	0	0	0	0	0	0
DIATSA_LOCUS8370	0	0	0	0	0	0
DIATSA_LOCUS8371	0	0	0	0	0	0
DIATSA_LOCUS8372	0	0	0	0	0	0
DIATSA_LOCUS8373	0	0	0	0	0	0
DIATSA_LOCUS8374	0	0	0	0	0	0
DIATSA_LOCUS8375	0	0	0	0	0	0
DIATSA_LOCUS8376	2	2	2	3	3	3
DIATSA_LOCUS8377	4	4	4	6	7	7
DIATSA_LOCUS8378	0	0	0	0	0	0
DIATSA_LOCUS8379	0	0	0	0	0	0
DIATSA_LOCUS838	2	2	2	4	4	4
DIATSA_LOCUS8380	1	1	1	1	0	0
DIATSA_LOCUS8381	2	2	2	1	1	1
DIATSA_LOCUS8382	0	0	0	0	0	0
DIATSA_LOCUS8383	0	0	0	0	0	0
DIATSA_LOCUS8384	0	0	0	0	0	0
DIATSA_LOCUS8385	0	0	0	0	0	0
DIATSA_LOCUS8386	0	0	0	0	0	0
DIATSA_LOCUS8387	0	0	0	0	0	0
DIATSA_LOCUS8388	11	12	12	21	20	20
DIATSA_LOCUS8389	1	1	1	1	1	1
DIATSA_LOCUS839	1	1	1	0	0	0
DIATSA_LOCUS8390	1	1	1	2	2	2
DIATSA_LOCUS8391	0	0	0	0	0	0
DIATSA_LOCUS8392	13	13	13	11	11	11
DIATSA_LOCUS8393	2	2	2	0	0	0
DIATSA_LOCUS8394	2	3	3	0	0	0
DIATSA_LOCUS8395	10	10	9	3	3	3
DIATSA_LOCUS8396	0	0	0	0	0	0
DIATSA_LOCUS8397	2	3	3	0	0	0
DIATSA_LOCUS8398	1	1	1	3	3	3
DIATSA_LOCUS8399	0	0	0	0	0	0
DIATSA_LOCUS84	0	0	0	0	0	0
DIATSA_LOCUS840	0	0	0	0	0	0
DIATSA_LOCUS8400	4	5	5	8	7	7
DIATSA_LOCUS8401	0	0	0	0	0	0
DIATSA_LOCUS8402	0	0	0	1	0	0
DIATSA_LOCUS8403	1	2	2	1	1	1
DIATSA_LOCUS8404	22	22	22	30	30	30
DIATSA_LOCUS8405	0	0	0	0	0	0
DIATSA_LOCUS8406	1	1	1	1	1	1
DIATSA_LOCUS8407	0	0	0	0	0	0
DIATSA_LOCUS8408	0	0	0	0	0	0
DIATSA_LOCUS8409	0	0	0	0	0	0
DIATSA_LOCUS841	0	0	0	0	0	0
DIATSA_LOCUS8410	0	0	0	2	2	2
DIATSA_LOCUS8411	0	0	0	0	0	0
DIATSA_LOCUS8412	0	0	0	0	0	0
DIATSA_LOCUS8413	5	5	5	4	4	4
DIATSA_LOCUS8414	0	0	0	0	0	0
DIATSA_LOCUS8415	0	0	0	0	0	0
DIATSA_LOCUS8416	0	0	0	0	0	0
DIATSA_LOCUS8417	0	0	0	0	0	0
DIATSA_LOCUS8418	0	0	0	0	0	0
DIATSA_LOCUS8419	0	0	0	0	0	0
DIATSA_LOCUS842	0	0	0	0	0	0
DIATSA_LOCUS8420	10	10	10	7	7	7
DIATSA_LOCUS8421	1	1	1	1	1	1
DIATSA_LOCUS8422	1	1	1	2	2	1
DIATSA_LOCUS8423	0	0	0	0	0	0
DIATSA_LOCUS8424	0	0	0	1	1	1
DIATSA_LOCUS8425	0	0	0	0	0	0
DIATSA_LOCUS8426	0	0	0	0	0	0
DIATSA_LOCUS8427	0	0	0	0	0	0
DIATSA_LOCUS8428	0	0	0	0	0	0
DIATSA_LOCUS8429	0	0	0	0	0	0
DIATSA_LOCUS843	0	0	0	0	0	0
DIATSA_LOCUS8430	0	0	0	0	0	0
DIATSA_LOCUS8431	0	0	0	0	0	0
DIATSA_LOCUS8432	3	3	3	5	5	5
DIATSA_LOCUS8433	0	0	0	0	0	0
DIATSA_LOCUS8434	4	4	4	1	1	1
DIATSA_LOCUS8435	1	1	1	2	2	2
DIATSA_LOCUS8436	52	52	53	128	127	128
DIATSA_LOCUS8437	0	0	0	0	0	0
DIATSA_LOCUS8438	0	0	0	0	0	0
DIATSA_LOCUS8439	2	2	2	4	4	4
DIATSA_LOCUS844	0	0	0	0	0	0
DIATSA_LOCUS8440	0	0	0	0	0	0
DIATSA_LOCUS8441	15	12	13	23	26	27
DIATSA_LOCUS8442	0	0	0	0	0	0
DIATSA_LOCUS8443	0	0	0	0	0	0
DIATSA_LOCUS8444	0	0	0	0	0	0
DIATSA_LOCUS8445	0	0	0	0	0	0
DIATSA_LOCUS8446	0	0	0	0	0	0
DIATSA_LOCUS8447	0	0	0	0	0	0
DIATSA_LOCUS8448	0	0	0	0	0	0
DIATSA_LOCUS8449	0	0	0	0	0	0
DIATSA_LOCUS845	0	0	0	0	0	0
DIATSA_LOCUS8450	1	1	1	1	2	2
DIATSA_LOCUS8451	0	0	0	1	1	1
DIATSA_LOCUS8452	8	7	7	8	8	8
DIATSA_LOCUS8453	46	47	47	123	121	119
DIATSA_LOCUS8454	0	0	0	1	1	0
DIATSA_LOCUS8455	1	1	1	0	0	0
DIATSA_LOCUS8456	1	1	1	0	0	0
DIATSA_LOCUS8457	0	0	0	0	0	0
DIATSA_LOCUS8458	0	0	0	0	0	0
DIATSA_LOCUS8459	2	1	1	1	2	2
DIATSA_LOCUS846	4	4	4	5	5	5
DIATSA_LOCUS8460	0	0	0	0	0	0
DIATSA_LOCUS8461	0	0	0	0	0	0
DIATSA_LOCUS8462	0	0	0	1	1	1
DIATSA_LOCUS8463	24	25	25	39	38	38
DIATSA_LOCUS8464	0	0	0	0	0	0
DIATSA_LOCUS8465	0	0	0	0	0	0
DIATSA_LOCUS8466	3	3	3	2	2	2
DIATSA_LOCUS8467	6	6	6	2	2	2
DIATSA_LOCUS8468	148	149	150	336	334	334
DIATSA_LOCUS8469	0	0	0	0	0	0
DIATSA_LOCUS847	0	0	0	0	0	0
DIATSA_LOCUS8470	33	33	33	61	60	61
DIATSA_LOCUS8471	0	0	0	0	0	0
DIATSA_LOCUS8472	1	1	1	1	0	0
DIATSA_LOCUS8473	15	15	15	31	31	30
DIATSA_LOCUS8474	0	0	0	0	0	0
DIATSA_LOCUS8475	0	0	0	0	0	0
DIATSA_LOCUS8476	3	3	3	1	1	2
DIATSA_LOCUS8477	9	9	9	3	3	3
DIATSA_LOCUS8478	0	0	0	0	0	0
DIATSA_LOCUS8479	0	0	0	0	0	0
DIATSA_LOCUS848	1	1	1	1	0	0
DIATSA_LOCUS8480	523	524	523	984	983	981
DIATSA_LOCUS8481	358	365	367	756	736	740
DIATSA_LOCUS8482	1	1	1	3	3	3
DIATSA_LOCUS8483	44	44	45	73	73	72
DIATSA_LOCUS8484	4	4	4	2	2	2
DIATSA_LOCUS8485	0	0	0	0	0	0
DIATSA_LOCUS8486	0	0	0	0	0	0
DIATSA_LOCUS8487	0	0	0	0	0	0
DIATSA_LOCUS8488	14	13	13	14	14	14
DIATSA_LOCUS8489	0	0	0	0	0	0
DIATSA_LOCUS849	0	0	0	0	0	0
DIATSA_LOCUS8490	1	1	1	1	1	1
DIATSA_LOCUS8491	0	0	0	0	0	0
DIATSA_LOCUS8492	0	0	0	0	0	0
DIATSA_LOCUS8493	2	2	2	1	1	1
DIATSA_LOCUS8494	0	0	0	0	0	0
DIATSA_LOCUS8495	24	25	25	29	28	29
DIATSA_LOCUS8496	0	0	0	0	0	0
DIATSA_LOCUS8497	1	0	0	1	1	1
DIATSA_LOCUS8498	0	0	0	0	0	0
DIATSA_LOCUS8499	0	0	0	0	0	0
DIATSA_LOCUS85	0	0	0	0	0	0
DIATSA_LOCUS850	0	0	0	0	0	0
DIATSA_LOCUS8500	2	2	2	3	3	3
DIATSA_LOCUS8501	0	0	0	0	0	0
DIATSA_LOCUS8502	1	1	1	1	1	1
DIATSA_LOCUS8503	0	0	0	0	0	0
DIATSA_LOCUS8504	0	0	0	0	0	0
DIATSA_LOCUS8505	0	0	0	0	0	0
DIATSA_LOCUS8506	0	0	0	0	0	0
DIATSA_LOCUS8507	0	0	0	0	0	0
DIATSA_LOCUS8508	0	0	0	0	0	0
DIATSA_LOCUS8509	0	0	0	0	0	0
DIATSA_LOCUS851	0	0	0	0	0	0
DIATSA_LOCUS8510	1	1	1	0	0	0
DIATSA_LOCUS8511	97	100	100	81	78	78
DIATSA_LOCUS8512	2	2	2	1	1	1
DIATSA_LOCUS8513	7	7	7	2	2	2
DIATSA_LOCUS8514	8	8	8	9	9	9
DIATSA_LOCUS8515	0	0	0	0	0	0
DIATSA_LOCUS8516	2	2	2	1	1	1
DIATSA_LOCUS8517	0	0	0	0	0	0
DIATSA_LOCUS8518	0	0	0	0	0	0
DIATSA_LOCUS8519	8	8	8	12	11	11
DIATSA_LOCUS852	0	0	0	0	0	0
DIATSA_LOCUS8520	0	0	0	0	0	0
DIATSA_LOCUS8521	2	2	2	0	0	0
DIATSA_LOCUS8522	0	1	1	1	0	1
DIATSA_LOCUS8523	8	7	8	6	6	7
DIATSA_LOCUS8524	0	0	0	1	1	1
DIATSA_LOCUS8525	0	0	0	0	0	0
DIATSA_LOCUS8526	2	2	2	1	1	1
DIATSA_LOCUS8527	6	6	6	8	8	8
DIATSA_LOCUS8528	2	2	2	0	0	0
DIATSA_LOCUS8529	2	2	2	0	0	0
DIATSA_LOCUS853	0	0	0	0	0	0
DIATSA_LOCUS8530	0	0	0	0	0	0
DIATSA_LOCUS8531	55	54	54	36	37	37
DIATSA_LOCUS8532	0	0	0	0	0	0
DIATSA_LOCUS8533	424	447	451	458	420	443
DIATSA_LOCUS8534	0	0	0	0	0	0
DIATSA_LOCUS8535	6	5	5	4	4	4
DIATSA_LOCUS8536	0	0	0	0	0	0
DIATSA_LOCUS8537	0	0	0	0	0	0
DIATSA_LOCUS8538	16	16	16	19	19	19
DIATSA_LOCUS8539	0	0	0	0	0	0
DIATSA_LOCUS854	4	4	4	5	4	4
DIATSA_LOCUS8540	0	0	0	0	0	0
DIATSA_LOCUS8541	0	0	0	0	0	0
DIATSA_LOCUS8542	0	0	0	0	0	0
DIATSA_LOCUS8543	1	1	1	1	1	1
DIATSA_LOCUS8544	6	6	6	3	4	4
DIATSA_LOCUS8545	1	1	1	1	2	1
DIATSA_LOCUS8546	19	20	20	38	37	36
DIATSA_LOCUS8547	3	3	3	5	5	5
DIATSA_LOCUS8548	0	0	0	0	0	0
DIATSA_LOCUS8549	0	0	0	0	0	0
DIATSA_LOCUS855	0	0	0	1	1	1
DIATSA_LOCUS8550	1	1	1	2	3	3
DIATSA_LOCUS8551	0	0	0	0	0	0
DIATSA_LOCUS8552	0	0	0	0	0	0
DIATSA_LOCUS8553	0	0	0	0	0	0
DIATSA_LOCUS8554	2	3	3	2	1	1
DIATSA_LOCUS8555	2	2	2	2	2	2
DIATSA_LOCUS8556	0	0	0	0	0	0
DIATSA_LOCUS8557	32	32	32	11	11	11
DIATSA_LOCUS8558	0	0	0	0	0	0
DIATSA_LOCUS8559	0	0	0	0	0	0
DIATSA_LOCUS856	0	0	0	0	0	0
DIATSA_LOCUS8560	1	2	1	2	2	2
DIATSA_LOCUS8561	2	2	2	1	1	1
DIATSA_LOCUS8562	2	2	2	1	1	1
DIATSA_LOCUS8563	0	0	0	0	0	0
DIATSA_LOCUS8564	1	1	1	0	0	0
DIATSA_LOCUS8565	0	0	0	0	0	0
DIATSA_LOCUS8566	0	0	0	0	0	0
DIATSA_LOCUS8567	0	0	0	0	0	0
DIATSA_LOCUS8568	1	1	1	1	1	1
DIATSA_LOCUS8569	1	1	1	2	2	2
DIATSA_LOCUS857	0	0	0	0	0	0
DIATSA_LOCUS8570	0	0	0	0	0	0
DIATSA_LOCUS8571	1	1	1	0	0	0
DIATSA_LOCUS8572	0	1	1	1	1	1
DIATSA_LOCUS8573	1	1	1	2	1	1
DIATSA_LOCUS8574	0	0	0	0	0	0
DIATSA_LOCUS8575	0	0	0	0	0	0
DIATSA_LOCUS8576	0	0	0	0	0	0
DIATSA_LOCUS8577	6	6	6	4	4	4
DIATSA_LOCUS8578	38	39	39	48	46	46
DIATSA_LOCUS8579	8	7	7	3	3	3
DIATSA_LOCUS858	9	9	8	7	7	7
DIATSA_LOCUS8580	2	2	2	3	2	2
DIATSA_LOCUS8581	0	0	0	0	0	0
DIATSA_LOCUS8582	0	0	0	0	0	0
DIATSA_LOCUS8583	0	0	0	0	0	0
DIATSA_LOCUS8584	0	0	0	0	0	0
DIATSA_LOCUS8585	0	0	0	0	0	0
DIATSA_LOCUS8586	4	4	4	1	1	1
DIATSA_LOCUS8587	2	2	2	0	0	0
DIATSA_LOCUS8588	0	0	0	1	1	1
DIATSA_LOCUS8589	3	3	3	5	5	5
DIATSA_LOCUS859	3	3	3	7	7	7
DIATSA_LOCUS8590	0	0	0	0	0	0
DIATSA_LOCUS8591	4	4	4	5	5	5
DIATSA_LOCUS8592	40	41	41	76	75	75
DIATSA_LOCUS8593	0	0	0	1	1	1
DIATSA_LOCUS8594	48	49	49	60	59	59
DIATSA_LOCUS8595	0	0	0	0	0	0
DIATSA_LOCUS8596	2	2	2	0	0	0
DIATSA_LOCUS8597	0	0	0	0	0	0
DIATSA_LOCUS8598	1	1	1	1	1	1
DIATSA_LOCUS8599	2	2	2	3	3	2
DIATSA_LOCUS86	3	3	3	2	2	2
DIATSA_LOCUS860	0	0	0	0	0	0
DIATSA_LOCUS8600	425	425	425	808	805	809
DIATSA_LOCUS8601	4	4	4	4	4	4
DIATSA_LOCUS8602	5	5	5	8	9	9
DIATSA_LOCUS8603	3	2	2	1	1	1
DIATSA_LOCUS8604	0	0	0	0	0	0
DIATSA_LOCUS8605	0	0	0	0	0	0
DIATSA_LOCUS8606	7	8	8	6	6	6
DIATSA_LOCUS8607	619	620	624	564	560	562
DIATSA_LOCUS8608	0	0	0	0	0	0
DIATSA_LOCUS8609	3	3	3	0	0	0
DIATSA_LOCUS861	3	3	3	1	1	1
DIATSA_LOCUS8610	0	0	0	0	0	0
DIATSA_LOCUS8611	317	316	316	551	553	553
DIATSA_LOCUS8612	3	3	3	2	2	2
DIATSA_LOCUS8613	2	2	2	3	3	3
DIATSA_LOCUS8614	0	0	0	1	1	1
DIATSA_LOCUS8615	1	1	1	2	2	2
DIATSA_LOCUS8616	1	1	1	1	1	1
DIATSA_LOCUS8617	4	4	4	2	2	2
DIATSA_LOCUS8618	2	2	2	2	3	3
DIATSA_LOCUS8619	1	1	1	2	2	2
DIATSA_LOCUS862	0	0	0	0	0	0
DIATSA_LOCUS8620	4	4	4	4	5	5
DIATSA_LOCUS8621	3	3	3	3	3	3
DIATSA_LOCUS8622	0	0	0	0	0	0
DIATSA_LOCUS8623	2	2	2	2	2	2
DIATSA_LOCUS8624	0	0	0	0	0	0
DIATSA_LOCUS8625	0	0	0	0	0	0
DIATSA_LOCUS8626	231	241	241	304	289	292
DIATSA_LOCUS8627	26	26	27	47	46	48
DIATSA_LOCUS8628	0	1	1	3	2	2
DIATSA_LOCUS8629	0	0	0	0	0	0
DIATSA_LOCUS863	0	0	0	0	0	0
DIATSA_LOCUS8630	0	0	0	0	0	0
DIATSA_LOCUS8631	0	0	0	0	0	0
DIATSA_LOCUS8632	0	0	0	0	0	0
DIATSA_LOCUS8633	0	0	0	0	0	0
DIATSA_LOCUS8634	0	0	0	0	0	0
DIATSA_LOCUS8635	0	0	0	0	0	0
DIATSA_LOCUS8636	0	0	0	0	0	0
DIATSA_LOCUS8637	0	0	0	0	0	0
DIATSA_LOCUS8638	2	2	2	5	4	4
DIATSA_LOCUS8639	1	1	1	1	1	1
DIATSA_LOCUS864	4	5	5	2	1	2
DIATSA_LOCUS8640	370	375	374	655	647	646
DIATSA_LOCUS8641	0	0	0	0	0	0
DIATSA_LOCUS8642	0	0	0	0	0	0
DIATSA_LOCUS8643	0	0	0	0	0	0
DIATSA_LOCUS8644	0	0	0	0	0	0
DIATSA_LOCUS8645	16	15	15	8	8	8
DIATSA_LOCUS8646	38	40	40	16	15	15
DIATSA_LOCUS8647	5	5	5	7	7	8
DIATSA_LOCUS8648	2	2	2	3	2	2
DIATSA_LOCUS8649	9	9	9	6	6	6
DIATSA_LOCUS865	1	1	1	1	1	1
DIATSA_LOCUS8650	18	18	18	8	8	8
DIATSA_LOCUS8651	0	0	0	0	0	0
DIATSA_LOCUS8652	0	0	0	0	0	0
DIATSA_LOCUS8653	0	0	0	0	0	0
DIATSA_LOCUS8654	53	99	89	33	18	19
DIATSA_LOCUS8655	0	0	0	0	0	0
DIATSA_LOCUS8656	0	0	0	0	0	0
DIATSA_LOCUS8657	8	8	8	6	5	5
DIATSA_LOCUS8658	0	0	0	0	0	0
DIATSA_LOCUS8659	0	0	0	0	0	0
DIATSA_LOCUS866	0	0	0	0	0	0
DIATSA_LOCUS8660	5	5	5	6	5	6
DIATSA_LOCUS8661	1	1	1	0	0	0
DIATSA_LOCUS8662	324	322	322	745	749	749
DIATSA_LOCUS8663	2	1	1	2	2	2
DIATSA_LOCUS8664	1	1	0	0	0	0
DIATSA_LOCUS8665	0	0	0	0	0	0
DIATSA_LOCUS8666	0	0	0	0	0	0
DIATSA_LOCUS8667	0	0	0	0	0	0
DIATSA_LOCUS8668	0	0	0	0	0	0
DIATSA_LOCUS8669	0	0	0	0	0	0
DIATSA_LOCUS867	7	7	7	10	10	10
DIATSA_LOCUS8670	0	0	0	0	0	0
DIATSA_LOCUS8671	0	0	0	0	0	0
DIATSA_LOCUS8672	0	0	0	0	0	0
DIATSA_LOCUS8673	0	0	0	0	0	0
DIATSA_LOCUS8674	0	0	0	0	0	0
DIATSA_LOCUS8675	0	0	0	0	0	0
DIATSA_LOCUS8676	0	0	0	0	0	0
DIATSA_LOCUS8677	0	1	1	0	0	0
DIATSA_LOCUS8678	0	0	0	0	0	0
DIATSA_LOCUS8679	0	0	0	0	0	0
DIATSA_LOCUS868	3	4	4	5	5	5
DIATSA_LOCUS8680	0	0	0	0	0	0
DIATSA_LOCUS8681	0	0	0	0	0	0
DIATSA_LOCUS8682	0	0	0	0	0	0
DIATSA_LOCUS8683	2	2	2	0	0	0
DIATSA_LOCUS8684	0	0	0	0	0	0
DIATSA_LOCUS8685	0	0	0	0	0	0
DIATSA_LOCUS8686	4	4	4	3	3	3
DIATSA_LOCUS8687	0	0	0	1	1	1
DIATSA_LOCUS8688	1	1	1	3	3	2
DIATSA_LOCUS8689	1	1	1	0	0	0
DIATSA_LOCUS869	0	0	0	0	0	0
DIATSA_LOCUS8690	0	0	0	0	0	0
DIATSA_LOCUS8691	0	0	0	0	0	0
DIATSA_LOCUS8692	22	23	23	16	15	15
DIATSA_LOCUS8693	0	0	0	0	0	0
DIATSA_LOCUS8694	0	0	0	0	0	0
DIATSA_LOCUS8695	1	1	1	0	0	0
DIATSA_LOCUS8696	0	0	0	0	0	0
DIATSA_LOCUS8697	0	0	0	0	0	0
DIATSA_LOCUS8698	0	0	0	0	0	0
DIATSA_LOCUS8699	2	2	2	5	5	5
DIATSA_LOCUS87	32	32	32	17	17	17
DIATSA_LOCUS870	0	0	0	0	0	0
DIATSA_LOCUS8700	10	10	10	15	15	14
DIATSA_LOCUS8701	0	0	0	0	0	0
DIATSA_LOCUS8702	4	4	4	3	3	3
DIATSA_LOCUS8703	0	0	0	0	0	0
DIATSA_LOCUS8704	0	0	0	0	0	0
DIATSA_LOCUS8705	0	0	0	0	0	0
DIATSA_LOCUS8706	0	0	0	0	0	0
DIATSA_LOCUS8707	0	0	0	0	0	0
DIATSA_LOCUS8708	1	1	1	2	2	2
DIATSA_LOCUS8709	0	0	0	0	0	0
DIATSA_LOCUS871	2	2	2	3	3	3
DIATSA_LOCUS8710	0	0	0	0	0	0
DIATSA_LOCUS8711	3	3	3	4	4	4
DIATSA_LOCUS8712	17	18	18	9	9	9
DIATSA_LOCUS8713	4	4	4	3	3	3
DIATSA_LOCUS8714	0	0	0	0	0	0
DIATSA_LOCUS8715	1	1	1	0	0	0
DIATSA_LOCUS8716	0	0	0	0	0	0
DIATSA_LOCUS8717	4	4	4	5	5	5
DIATSA_LOCUS8718	0	1	1	0	0	0
DIATSA_LOCUS8719	5	5	5	10	9	9
DIATSA_LOCUS872	7	6	7	11	11	11
DIATSA_LOCUS8720	1	0	0	0	0	0
DIATSA_LOCUS8721	8	9	9	2	2	2
DIATSA_LOCUS8722	0	0	0	0	0	0
DIATSA_LOCUS8723	4	3	3	1	2	2
DIATSA_LOCUS8724	0	0	0	0	0	0
DIATSA_LOCUS8725	2	2	2	1	0	1
DIATSA_LOCUS8726	0	0	0	0	0	0
DIATSA_LOCUS8727	0	0	0	0	0	0
DIATSA_LOCUS8728	9	9	9	19	19	19
DIATSA_LOCUS8729	0	0	0	0	0	0
DIATSA_LOCUS873	4	3	3	8	8	8
DIATSA_LOCUS8730	0	0	0	0	0	0
DIATSA_LOCUS8731	0	0	0	0	0	0
DIATSA_LOCUS8732	464	461	471	167	166	167
DIATSA_LOCUS8733	1	1	1	0	0	0
DIATSA_LOCUS8734	0	0	0	0	0	0
DIATSA_LOCUS8735	1	2	2	1	1	1
DIATSA_LOCUS8736	29	29	30	28	27	28
DIATSA_LOCUS8737	0	0	0	0	0	0
DIATSA_LOCUS8738	0	0	0	0	0	0
DIATSA_LOCUS8739	30	29	30	11	11	11
DIATSA_LOCUS874	0	0	0	0	0	0
DIATSA_LOCUS8740	0	0	0	0	0	0
DIATSA_LOCUS8741	0	0	0	0	0	0
DIATSA_LOCUS8742	0	0	0	0	0	0
DIATSA_LOCUS8743	0	0	0	0	0	0
DIATSA_LOCUS8744	0	0	0	0	0	0
DIATSA_LOCUS8745	4	4	4	3	3	3
DIATSA_LOCUS8746	1	1	1	0	0	0
DIATSA_LOCUS8747	3	3	3	3	3	3
DIATSA_LOCUS8748	0	0	0	1	1	1
DIATSA_LOCUS8749	1	1	1	0	0	0
DIATSA_LOCUS875	0	0	0	0	0	0
DIATSA_LOCUS8750	0	0	0	0	0	0
DIATSA_LOCUS8751	18	17	18	14	14	14
DIATSA_LOCUS8752	0	0	0	0	0	0
DIATSA_LOCUS8753	78	65	64	107	130	128
DIATSA_LOCUS8754	14	14	15	26	24	25
DIATSA_LOCUS8755	0	0	0	0	0	0
DIATSA_LOCUS8756	0	0	0	0	0	0
DIATSA_LOCUS8757	0	0	0	0	0	0
DIATSA_LOCUS8758	0	0	0	0	0	0
DIATSA_LOCUS8759	0	0	0	0	0	0
DIATSA_LOCUS876	1	1	1	4	4	4
DIATSA_LOCUS8760	0	0	0	0	0	0
DIATSA_LOCUS8761	0	0	0	0	0	0
DIATSA_LOCUS8762	0	0	0	0	0	0
DIATSA_LOCUS8763	0	0	0	0	0	0
DIATSA_LOCUS8764	1	1	1	2	2	2
DIATSA_LOCUS8765	2	1	1	1	1	1
DIATSA_LOCUS8766	0	1	1	0	0	0
DIATSA_LOCUS8767	4	4	4	2	2	2
DIATSA_LOCUS8768	0	0	0	0	0	0
DIATSA_LOCUS8769	18	19	19	19	18	18
DIATSA_LOCUS877	0	0	0	0	0	0
DIATSA_LOCUS8770	0	0	0	0	0	0
DIATSA_LOCUS8771	0	0	0	0	0	0
DIATSA_LOCUS8772	0	0	0	0	0	0
DIATSA_LOCUS8773	1	1	1	1	2	2
DIATSA_LOCUS8774	6	6	6	7	7	7
DIATSA_LOCUS8775	88	86	87	118	120	120
DIATSA_LOCUS8776	78	80	80	31	31	31
DIATSA_LOCUS8777	1	1	1	0	0	0
DIATSA_LOCUS8778	0	0	0	0	0	0
DIATSA_LOCUS8779	0	0	0	0	0	0
DIATSA_LOCUS878	0	0	0	0	0	0
DIATSA_LOCUS8780	0	0	0	0	0	0
DIATSA_LOCUS8781	9	9	9	7	7	7
DIATSA_LOCUS8782	0	0	0	0	0	0
DIATSA_LOCUS8783	0	0	0	0	0	0
DIATSA_LOCUS8784	13	13	13	11	11	11
DIATSA_LOCUS8785	0	0	0	1	1	1
DIATSA_LOCUS8786	0	0	0	0	0	0
DIATSA_LOCUS8787	0	0	0	0	0	0
DIATSA_LOCUS8788	7	7	7	10	10	10
DIATSA_LOCUS8789	3	3	3	4	4	4
DIATSA_LOCUS879	0	0	0	0	0	0
DIATSA_LOCUS8790	1	1	1	1	1	1
DIATSA_LOCUS8791	0	0	0	0	0	0
DIATSA_LOCUS8792	1	1	1	1	1	1
DIATSA_LOCUS8793	1	1	1	1	1	1
DIATSA_LOCUS8794	0	0	0	1	0	0
DIATSA_LOCUS8795	3	3	4	0	0	0
DIATSA_LOCUS8796	0	0	0	0	0	0
DIATSA_LOCUS8797	0	0	0	0	0	0
DIATSA_LOCUS8798	19	20	20	25	24	24
DIATSA_LOCUS8799	0	0	0	0	0	0
DIATSA_LOCUS88	1	1	1	1	1	1
DIATSA_LOCUS880	0	0	0	0	0	0
DIATSA_LOCUS8800	0	0	0	0	0	0
DIATSA_LOCUS8801	5	4	4	4	4	4
DIATSA_LOCUS8802	0	0	0	0	0	0
DIATSA_LOCUS8803	8	9	9	11	10	10
DIATSA_LOCUS8804	0	0	0	0	0	0
DIATSA_LOCUS8805	1	1	1	0	0	0
DIATSA_LOCUS8806	0	0	0	0	0	0
DIATSA_LOCUS8807	0	0	0	0	0	0
DIATSA_LOCUS8808	0	0	0	0	0	0
DIATSA_LOCUS8809	0	0	0	0	0	0
DIATSA_LOCUS881	0	0	0	0	0	0
DIATSA_LOCUS8810	1	1	1	1	1	0
DIATSA_LOCUS8811	2	2	2	2	2	2
DIATSA_LOCUS8812	0	0	0	0	0	0
DIATSA_LOCUS8813	2	2	2	1	1	1
DIATSA_LOCUS8814	2	2	2	0	0	0
DIATSA_LOCUS8815	1	0	0	0	0	0
DIATSA_LOCUS8816	8	8	8	14	13	13
DIATSA_LOCUS8817	0	0	0	0	0	0
DIATSA_LOCUS8818	0	0	0	0	0	0
DIATSA_LOCUS8819	105	105	106	212	210	210
DIATSA_LOCUS882	8	8	8	8	8	8
DIATSA_LOCUS8820	0	0	0	0	0	0
DIATSA_LOCUS8821	1	1	1	1	1	1
DIATSA_LOCUS8822	2	3	3	0	0	0
DIATSA_LOCUS8823	0	0	0	0	0	0
DIATSA_LOCUS8824	2	2	2	5	5	5
DIATSA_LOCUS8825	0	0	0	0	0	0
DIATSA_LOCUS8826	0	0	0	0	0	0
DIATSA_LOCUS8827	0	0	0	0	0	0
DIATSA_LOCUS8828	0	0	0	0	0	0
DIATSA_LOCUS8829	0	0	0	0	0	0
DIATSA_LOCUS883	0	0	0	0	0	0
DIATSA_LOCUS8830	0	0	0	0	0	0
DIATSA_LOCUS8831	0	0	0	0	0	0
DIATSA_LOCUS8832	0	0	0	0	0	0
DIATSA_LOCUS8833	4	4	4	8	8	7
DIATSA_LOCUS8834	0	0	0	1	1	0
DIATSA_LOCUS8835	0	0	1	0	0	0
DIATSA_LOCUS8836	0	0	0	0	0	0
DIATSA_LOCUS8837	0	0	0	0	0	0
DIATSA_LOCUS8838	0	0	0	0	0	0
DIATSA_LOCUS8839	0	0	0	0	0	0
DIATSA_LOCUS884	9	9	9	13	13	13
DIATSA_LOCUS8840	34	32	32	17	18	18
DIATSA_LOCUS8841	0	0	0	0	0	0
DIATSA_LOCUS8842	0	0	0	0	0	0
DIATSA_LOCUS8843	5	4	4	4	4	4
DIATSA_LOCUS8844	0	0	0	0	0	0
DIATSA_LOCUS8845	0	0	0	0	0	0
DIATSA_LOCUS8846	54	54	55	71	70	71
DIATSA_LOCUS8847	1	1	1	2	2	2
DIATSA_LOCUS8848	0	0	0	0	0	0
DIATSA_LOCUS8849	3	3	3	4	4	4
DIATSA_LOCUS885	0	0	0	0	0	0
DIATSA_LOCUS8850	2	3	3	0	0	0
DIATSA_LOCUS8851	0	0	0	0	0	0
DIATSA_LOCUS8852	0	0	0	0	0	0
DIATSA_LOCUS8853	3	3	3	4	3	3
DIATSA_LOCUS8854	3	3	3	4	4	4
DIATSA_LOCUS8855	3	3	3	4	4	4
DIATSA_LOCUS8856	1	1	1	1	0	0
DIATSA_LOCUS8857	5	5	5	4	4	4
DIATSA_LOCUS8858	0	0	0	0	0	0
DIATSA_LOCUS8859	0	0	0	0	0	0
DIATSA_LOCUS886	0	0	0	0	0	0
DIATSA_LOCUS8860	9	9	9	7	7	6
DIATSA_LOCUS8861	0	0	0	0	0	0
DIATSA_LOCUS8862	0	0	0	0	0	0
DIATSA_LOCUS8863	0	0	0	1	1	1
DIATSA_LOCUS8864	0	0	0	0	0	0
DIATSA_LOCUS8865	8	8	8	8	8	8
DIATSA_LOCUS8866	0	0	0	0	0	0
DIATSA_LOCUS8867	0	0	0	0	0	0
DIATSA_LOCUS8868	0	0	0	0	0	0
DIATSA_LOCUS8869	0	0	0	0	0	0
DIATSA_LOCUS887	0	0	0	0	0	0
DIATSA_LOCUS8870	25	25	25	8	8	8
DIATSA_LOCUS8871	8	7	7	9	9	9
DIATSA_LOCUS8872	0	0	0	0	0	0
DIATSA_LOCUS8873	0	0	0	0	0	0
DIATSA_LOCUS8874	0	0	0	1	1	1
DIATSA_LOCUS8875	3	2	3	1	1	1
DIATSA_LOCUS8876	0	0	0	0	0	0
DIATSA_LOCUS8877	45	44	44	49	50	50
DIATSA_LOCUS8878	4	4	4	4	5	5
DIATSA_LOCUS8879	0	0	0	0	0	0
DIATSA_LOCUS888	0	0	0	0	0	0
DIATSA_LOCUS8880	0	0	0	0	0	0
DIATSA_LOCUS8881	0	0	0	0	0	0
DIATSA_LOCUS8882	0	0	0	0	0	0
DIATSA_LOCUS8883	0	0	0	0	0	0
DIATSA_LOCUS8884	0	0	0	0	0	0
DIATSA_LOCUS8885	6	6	6	7	6	6
DIATSA_LOCUS8886	2	3	3	3	2	2
DIATSA_LOCUS8887	22	22	21	31	32	32
DIATSA_LOCUS8888	0	0	0	0	0	0
DIATSA_LOCUS8889	0	0	0	0	0	0
DIATSA_LOCUS889	2	2	3	0	0	0
DIATSA_LOCUS8890	5	6	6	4	3	3
DIATSA_LOCUS8891	1	1	1	1	1	1
DIATSA_LOCUS8892	303	308	310	670	656	659
DIATSA_LOCUS8893	0	0	0	0	0	0
DIATSA_LOCUS8894	0	0	0	0	0	0
DIATSA_LOCUS8895	0	0	0	1	1	1
DIATSA_LOCUS8896	1	1	1	4	4	4
DIATSA_LOCUS8897	1	1	1	1	1	1
DIATSA_LOCUS8898	0	0	0	0	0	0
DIATSA_LOCUS8899	0	0	0	0	0	0
DIATSA_LOCUS89	0	0	0	0	0	0
DIATSA_LOCUS890	0	0	0	0	0	0
DIATSA_LOCUS8900	123	121	122	236	239	240
DIATSA_LOCUS8901	0	0	0	0	0	0
DIATSA_LOCUS8902	3	3	3	4	4	4
DIATSA_LOCUS8903	0	0	0	0	0	0
DIATSA_LOCUS8904	0	0	0	1	1	1
DIATSA_LOCUS8905	1	1	1	1	1	1
DIATSA_LOCUS8906	0	0	0	0	0	0
DIATSA_LOCUS8907	19	18	18	16	17	17
DIATSA_LOCUS8908	1	1	1	0	0	0
DIATSA_LOCUS8909	0	0	0	0	0	0
DIATSA_LOCUS891	0	0	0	0	0	0
DIATSA_LOCUS8910	0	0	0	0	0	0
DIATSA_LOCUS8911	1	1	1	2	2	2
DIATSA_LOCUS8912	337	335	337	406	407	408
DIATSA_LOCUS8913	0	0	0	0	0	0
DIATSA_LOCUS8914	0	0	0	0	0	0
DIATSA_LOCUS8915	0	0	0	0	0	0
DIATSA_LOCUS8916	0	0	0	0	0	0
DIATSA_LOCUS8917	5	5	5	5	5	5
DIATSA_LOCUS8918	1	1	1	1	1	1
DIATSA_LOCUS8919	3	3	3	5	5	5
DIATSA_LOCUS892	7	8	8	9	8	8
DIATSA_LOCUS8920	9	9	9	5	6	6
DIATSA_LOCUS8921	3	3	3	1	2	2
DIATSA_LOCUS8922	16	16	16	23	23	23
DIATSA_LOCUS8923	16	15	15	18	19	19
DIATSA_LOCUS8924	0	0	0	0	0	0
DIATSA_LOCUS8925	0	0	0	0	0	0
DIATSA_LOCUS8926	6	6	6	6	7	7
DIATSA_LOCUS8927	2	2	2	2	2	2
DIATSA_LOCUS8928	0	0	0	0	0	0
DIATSA_LOCUS8929	0	0	0	0	0	0
DIATSA_LOCUS893	160	160	159	320	321	320
DIATSA_LOCUS8930	1	1	1	0	0	0
DIATSA_LOCUS8931	14	15	15	14	13	13
DIATSA_LOCUS8932	0	0	0	0	0	0
DIATSA_LOCUS8933	0	0	0	0	0	0
DIATSA_LOCUS8934	0	0	0	0	0	0
DIATSA_LOCUS8935	0	0	0	0	0	0
DIATSA_LOCUS8936	0	0	0	0	0	0
DIATSA_LOCUS8937	0	0	0	0	0	0
DIATSA_LOCUS8938	0	0	0	0	0	0
DIATSA_LOCUS8939	0	0	0	0	0	0
DIATSA_LOCUS894	8	8	8	9	9	9
DIATSA_LOCUS8940	0	0	0	0	0	0
DIATSA_LOCUS8941	2	2	2	3	3	3
DIATSA_LOCUS8942	1	1	1	1	1	1
DIATSA_LOCUS8943	1	1	1	0	0	0
DIATSA_LOCUS8944	0	0	0	0	0	0
DIATSA_LOCUS8945	35	34	34	37	38	38
DIATSA_LOCUS8946	0	0	0	0	0	0
DIATSA_LOCUS8947	3	3	3	2	2	2
DIATSA_LOCUS8948	1	1	1	1	1	1
DIATSA_LOCUS8949	0	0	0	0	0	0
DIATSA_LOCUS895	0	0	0	0	0	0
DIATSA_LOCUS8950	0	0	0	0	0	0
DIATSA_LOCUS8951	0	0	0	0	0	0
DIATSA_LOCUS8952	4	4	4	2	1	1
DIATSA_LOCUS8953	55	54	55	37	38	38
DIATSA_LOCUS8954	2	2	2	2	2	2
DIATSA_LOCUS8955	0	0	0	0	0	0
DIATSA_LOCUS8956	1	1	1	1	1	1
DIATSA_LOCUS8957	0	0	0	0	0	0
DIATSA_LOCUS8958	0	0	0	0	0	0
DIATSA_LOCUS8959	0	0	0	0	0	0
DIATSA_LOCUS896	43	43	43	50	51	51
DIATSA_LOCUS8960	0	0	0	0	0	0
DIATSA_LOCUS8961	0	0	0	0	0	0
DIATSA_LOCUS8962	0	0	0	0	0	0
DIATSA_LOCUS8963	0	0	0	0	0	0
DIATSA_LOCUS8964	0	0	0	0	0	0
DIATSA_LOCUS8965	0	0	0	0	0	0
DIATSA_LOCUS8966	7	7	7	3	3	3
DIATSA_LOCUS8967	2	2	2	2	2	2
DIATSA_LOCUS8968	4	4	4	6	6	6
DIATSA_LOCUS8969	0	0	0	0	0	0
DIATSA_LOCUS897	0	0	0	0	0	0
DIATSA_LOCUS8970	1	1	1	0	0	0
DIATSA_LOCUS8971	0	0	0	0	0	0
DIATSA_LOCUS8972	5	5	5	4	4	4
DIATSA_LOCUS8973	16	16	17	15	14	14
DIATSA_LOCUS8974	3	3	3	1	1	1
DIATSA_LOCUS8975	5	6	6	2	2	2
DIATSA_LOCUS8976	25	25	25	28	28	28
DIATSA_LOCUS8977	31	31	31	42	42	42
DIATSA_LOCUS8978	4	4	4	4	4	4
DIATSA_LOCUS8979	0	0	0	0	0	0
DIATSA_LOCUS898	0	0	0	0	0	0
DIATSA_LOCUS8980	97	99	100	62	60	61
DIATSA_LOCUS8981	2	3	3	6	5	5
DIATSA_LOCUS8982	0	0	0	0	0	0
DIATSA_LOCUS8983	0	0	0	0	0	0
DIATSA_LOCUS8984	0	0	0	0	0	0
DIATSA_LOCUS8985	0	0	0	0	0	0
DIATSA_LOCUS8986	4	4	4	6	6	6
DIATSA_LOCUS8987	4	4	4	5	4	4
DIATSA_LOCUS8988	5	5	5	7	7	7
DIATSA_LOCUS8989	0	0	0	1	1	1
DIATSA_LOCUS899	0	0	0	0	0	0
DIATSA_LOCUS8990	0	0	0	0	0	0
DIATSA_LOCUS8991	0	0	0	0	0	0
DIATSA_LOCUS8992	0	1	1	0	0	0
DIATSA_LOCUS8993	9	9	10	17	17	16
DIATSA_LOCUS8994	0	0	0	0	0	0
DIATSA_LOCUS8995	1	0	0	0	0	0
DIATSA_LOCUS8996	3	3	3	2	2	2
DIATSA_LOCUS8997	5	4	4	6	7	7
DIATSA_LOCUS8998	13	13	13	11	11	11
DIATSA_LOCUS8999	2	2	2	4	4	4
DIATSA_LOCUS9	0	0	0	0	0	0
DIATSA_LOCUS90	1	1	1	0	0	0
DIATSA_LOCUS900	0	0	0	0	0	0
DIATSA_LOCUS9000	0	0	0	1	1	1
DIATSA_LOCUS9001	14	13	13	15	15	15
DIATSA_LOCUS9002	1	1	1	11	10	10
DIATSA_LOCUS9003	5	4	4	8	8	8
DIATSA_LOCUS9004	0	0	0	0	0	0
DIATSA_LOCUS9005	0	0	0	0	0	0
DIATSA_LOCUS9006	0	0	0	0	0	0
DIATSA_LOCUS9007	0	0	0	0	0	0
DIATSA_LOCUS9008	0	0	0	0	0	0
DIATSA_LOCUS9009	0	0	0	0	0	0
DIATSA_LOCUS901	0	0	0	0	0	0
DIATSA_LOCUS9010	0	0	0	0	0	0
DIATSA_LOCUS9011	0	0	0	0	0	0
DIATSA_LOCUS9012	0	0	0	0	0	0
DIATSA_LOCUS9013	1	1	1	1	1	1
DIATSA_LOCUS9014	0	0	0	0	0	0
DIATSA_LOCUS9015	0	0	0	0	0	0
DIATSA_LOCUS9016	0	0	0	0	0	0
DIATSA_LOCUS9017	0	0	0	0	0	0
DIATSA_LOCUS9018	1	1	1	0	0	0
DIATSA_LOCUS9019	0	0	0	0	0	0
DIATSA_LOCUS902	1	1	1	1	1	1
DIATSA_LOCUS9020	0	0	0	0	0	0
DIATSA_LOCUS9021	1	0	0	1	1	1
DIATSA_LOCUS9022	2	2	2	0	0	0
DIATSA_LOCUS9023	0	0	0	0	0	0
DIATSA_LOCUS9024	0	0	0	0	0	0
DIATSA_LOCUS9025	0	0	0	0	0	0
DIATSA_LOCUS9026	0	0	0	0	0	0
DIATSA_LOCUS9027	0	0	0	0	0	0
DIATSA_LOCUS9028	0	0	0	0	0	0
DIATSA_LOCUS9029	0	0	0	0	0	0
DIATSA_LOCUS903	0	0	0	0	0	0
DIATSA_LOCUS9030	0	0	0	0	0	0
DIATSA_LOCUS9031	1	1	1	0	0	0
DIATSA_LOCUS9032	0	0	0	0	0	0
DIATSA_LOCUS9033	2	2	2	2	2	2
DIATSA_LOCUS9034	10	10	10	11	11	11
DIATSA_LOCUS9035	5	5	6	8	8	7
DIATSA_LOCUS9036	0	0	0	0	0	0
DIATSA_LOCUS9037	0	0	0	0	0	0
DIATSA_LOCUS9038	13	13	13	17	17	17
DIATSA_LOCUS9039	0	0	0	0	0	0
DIATSA_LOCUS904	0	0	0	0	0	0
DIATSA_LOCUS9040	1	1	1	2	2	2
DIATSA_LOCUS9041	0	0	0	0	0	0
DIATSA_LOCUS9042	0	0	0	0	0	0
DIATSA_LOCUS9043	1	1	1	0	0	0
DIATSA_LOCUS9044	3	3	3	5	5	5
DIATSA_LOCUS9045	0	0	0	2	2	2
DIATSA_LOCUS9046	0	0	0	0	0	0
DIATSA_LOCUS9047	2	2	2	1	1	1
DIATSA_LOCUS9048	2	2	2	2	2	2
DIATSA_LOCUS9049	20	20	20	36	36	36
DIATSA_LOCUS905	0	0	0	0	0	0
DIATSA_LOCUS9050	0	0	0	0	0	0
DIATSA_LOCUS9051	0	0	0	0	0	0
DIATSA_LOCUS9052	1	1	1	0	0	0
DIATSA_LOCUS9053	4	3	3	4	4	4
DIATSA_LOCUS9054	6	6	6	3	3	3
DIATSA_LOCUS9055	2	2	2	1	1	0
DIATSA_LOCUS9056	6	7	7	2	2	2
DIATSA_LOCUS9057	1	1	1	1	1	1
DIATSA_LOCUS9058	0	0	0	0	0	0
DIATSA_LOCUS9059	0	0	0	0	0	0
DIATSA_LOCUS906	0	0	0	0	0	0
DIATSA_LOCUS9060	0	0	0	0	0	0
DIATSA_LOCUS9061	0	0	0	0	0	0
DIATSA_LOCUS9062	3	3	3	4	4	4
DIATSA_LOCUS9063	0	0	0	0	0	0
DIATSA_LOCUS9064	0	0	0	0	0	0
DIATSA_LOCUS9065	0	0	0	0	0	0
DIATSA_LOCUS9066	0	0	0	0	0	0
DIATSA_LOCUS9067	0	0	0	0	0	0
DIATSA_LOCUS9068	0	0	0	0	0	0
DIATSA_LOCUS9069	0	0	0	0	0	0
DIATSA_LOCUS907	0	0	0	0	0	0
DIATSA_LOCUS9070	13	8	9	5	7	8
DIATSA_LOCUS9071	0	0	0	0	0	0
DIATSA_LOCUS9072	0	0	0	0	0	0
DIATSA_LOCUS9073	0	0	0	0	0	0
DIATSA_LOCUS9074	0	0	0	0	0	0
DIATSA_LOCUS9075	0	0	0	0	0	0
DIATSA_LOCUS9076	0	0	0	0	0	0
DIATSA_LOCUS9077	0	0	0	1	1	1
DIATSA_LOCUS9078	0	0	0	0	0	0
DIATSA_LOCUS9079	0	0	0	0	0	0
DIATSA_LOCUS908	0	0	0	0	0	0
DIATSA_LOCUS9080	0	0	0	0	0	0
DIATSA_LOCUS9081	0	0	0	0	0	0
DIATSA_LOCUS9082	2	2	2	1	1	1
DIATSA_LOCUS9083	123	124	125	258	255	255
DIATSA_LOCUS9084	49	50	50	85	83	84
DIATSA_LOCUS9085	5	5	5	7	7	7
DIATSA_LOCUS9086	1	1	1	2	2	2
DIATSA_LOCUS9087	0	0	0	0	0	0
DIATSA_LOCUS9088	3	3	3	3	3	3
DIATSA_LOCUS9089	6	5	6	8	8	8
DIATSA_LOCUS909	0	0	0	0	0	0
DIATSA_LOCUS9090	6	6	6	11	11	11
DIATSA_LOCUS9091	4	4	4	1	1	1
DIATSA_LOCUS9092	2	2	2	0	0	0
DIATSA_LOCUS9093	0	0	0	0	0	0
DIATSA_LOCUS9094	0	0	0	0	0	0
DIATSA_LOCUS9095	0	0	0	0	0	0
DIATSA_LOCUS9096	3	2	2	1	2	2
DIATSA_LOCUS9097	0	0	0	0	0	0
DIATSA_LOCUS9098	0	0	0	0	0	0
DIATSA_LOCUS9099	0	0	0	0	0	0
DIATSA_LOCUS91	0	0	0	0	0	0
DIATSA_LOCUS910	0	0	0	0	0	0
DIATSA_LOCUS9100	12	12	12	17	18	18
DIATSA_LOCUS9101	3	3	3	2	2	2
DIATSA_LOCUS9102	0	0	0	0	0	0
DIATSA_LOCUS9103	3	3	3	4	3	3
DIATSA_LOCUS9104	0	0	0	0	0	0
DIATSA_LOCUS9105	0	0	0	0	0	0
DIATSA_LOCUS9106	9	9	9	12	12	11
DIATSA_LOCUS9107	0	0	0	0	0	0
DIATSA_LOCUS9108	4	4	4	2	3	3
DIATSA_LOCUS9109	0	0	0	0	0	0
DIATSA_LOCUS911	0	0	0	0	0	0
DIATSA_LOCUS9110	21	20	20	12	12	12
DIATSA_LOCUS9111	0	0	0	0	0	0
DIATSA_LOCUS9112	0	0	0	0	0	0
DIATSA_LOCUS9113	0	0	0	0	0	0
DIATSA_LOCUS9114	2	2	2	3	3	3
DIATSA_LOCUS9115	0	0	0	0	0	0
DIATSA_LOCUS9116	0	0	0	0	0	0
DIATSA_LOCUS9117	7	7	7	4	4	4
DIATSA_LOCUS9118	1	1	1	0	0	0
DIATSA_LOCUS9119	0	0	0	0	0	0
DIATSA_LOCUS912	0	0	0	1	0	0
DIATSA_LOCUS9120	1	1	1	1	1	1
DIATSA_LOCUS9121	0	0	0	0	0	0
DIATSA_LOCUS9122	1	1	1	1	1	1
DIATSA_LOCUS9123	0	0	0	0	0	0
DIATSA_LOCUS9124	4	4	4	5	5	5
DIATSA_LOCUS9125	8	8	8	10	10	10
DIATSA_LOCUS9126	0	0	0	0	0	0
DIATSA_LOCUS9127	0	0	0	0	0	0
DIATSA_LOCUS9128	0	0	0	0	0	0
DIATSA_LOCUS9129	0	0	0	0	0	0
DIATSA_LOCUS913	0	0	0	0	0	0
DIATSA_LOCUS9130	0	0	0	0	0	0
DIATSA_LOCUS9131	0	0	0	0	0	0
DIATSA_LOCUS9132	0	0	0	0	0	0
DIATSA_LOCUS9133	1	1	1	3	3	3
DIATSA_LOCUS9134	0	0	0	0	0	0
DIATSA_LOCUS9135	0	0	0	0	1	0
DIATSA_LOCUS9136	0	0	0	0	0	0
DIATSA_LOCUS9137	0	0	0	0	0	0
DIATSA_LOCUS9138	2	2	2	8	8	8
DIATSA_LOCUS9139	0	0	0	1	1	1
DIATSA_LOCUS914	0	0	0	0	0	0
DIATSA_LOCUS9140	0	0	0	0	0	0
DIATSA_LOCUS9141	0	0	0	0	0	0
DIATSA_LOCUS9142	3	3	3	2	2	2
DIATSA_LOCUS9143	0	0	0	0	0	0
DIATSA_LOCUS9144	0	0	0	0	0	0
DIATSA_LOCUS9145	0	0	0	0	0	0
DIATSA_LOCUS9146	8	8	8	9	9	9
DIATSA_LOCUS9147	0	1	1	1	1	1
DIATSA_LOCUS9148	0	0	0	0	0	0
DIATSA_LOCUS9149	2	2	2	2	2	2
DIATSA_LOCUS915	0	0	0	0	0	0
DIATSA_LOCUS9150	0	0	0	0	0	0
DIATSA_LOCUS9151	5	5	5	8	8	8
DIATSA_LOCUS9152	2	2	2	2	2	2
DIATSA_LOCUS9153	0	0	0	0	0	0
DIATSA_LOCUS9154	0	0	0	0	0	0
DIATSA_LOCUS9155	2	2	2	0	1	1
DIATSA_LOCUS9156	0	0	0	0	0	0
DIATSA_LOCUS9157	21	22	22	36	35	35
DIATSA_LOCUS9158	11	10	10	14	15	15
DIATSA_LOCUS9159	0	0	0	0	0	0
DIATSA_LOCUS916	0	0	0	0	0	0
DIATSA_LOCUS9160	0	0	0	0	0	0
DIATSA_LOCUS9161	1	1	1	1	1	1
DIATSA_LOCUS9162	0	0	0	0	0	0
DIATSA_LOCUS9163	2	2	2	2	2	2
DIATSA_LOCUS9164	1	1	1	0	0	0
DIATSA_LOCUS9165	2	2	2	1	1	1
DIATSA_LOCUS9166	0	0	0	0	0	0
DIATSA_LOCUS9167	0	0	0	1	1	1
DIATSA_LOCUS9168	3	3	3	3	3	3
DIATSA_LOCUS9169	26	25	25	13	14	14
DIATSA_LOCUS917	1	0	0	1	2	2
DIATSA_LOCUS9170	1	1	1	3	3	3
DIATSA_LOCUS9171	3	3	3	3	3	3
DIATSA_LOCUS9172	2	3	3	3	3	3
DIATSA_LOCUS9173	15	16	16	29	28	27
DIATSA_LOCUS9174	1	1	1	0	0	0
DIATSA_LOCUS9175	0	0	0	0	0	0
DIATSA_LOCUS9176	8	8	7	9	9	9
DIATSA_LOCUS9177	1	1	1	0	0	0
DIATSA_LOCUS9178	0	0	0	0	0	0
DIATSA_LOCUS9179	1	1	1	1	1	1
DIATSA_LOCUS918	52	51	51	93	96	96
DIATSA_LOCUS9180	0	0	0	0	0	0
DIATSA_LOCUS9181	0	0	0	0	0	0
DIATSA_LOCUS9182	0	0	0	0	0	0
DIATSA_LOCUS9183	0	0	0	0	0	0
DIATSA_LOCUS9184	0	1	1	1	1	1
DIATSA_LOCUS9185	0	0	0	0	0	0
DIATSA_LOCUS9186	2	2	2	0	0	0
DIATSA_LOCUS9187	15	15	14	14	15	14
DIATSA_LOCUS9188	7	7	7	6	6	6
DIATSA_LOCUS9189	0	0	0	0	0	0
DIATSA_LOCUS919	0	0	0	0	0	0
DIATSA_LOCUS9190	0	1	0	0	0	0
DIATSA_LOCUS9191	6	5	5	4	5	5
DIATSA_LOCUS9192	0	0	0	0	0	0
DIATSA_LOCUS9193	75	74	74	131	132	132
DIATSA_LOCUS9194	0	0	0	0	0	0
DIATSA_LOCUS9195	20	19	20	26	27	27
DIATSA_LOCUS9196	2	2	1	1	1	1
DIATSA_LOCUS9197	0	0	0	0	0	0
DIATSA_LOCUS9198	0	0	0	0	0	0
DIATSA_LOCUS9199	0	0	0	0	0	0
DIATSA_LOCUS92	0	0	0	0	0	0
DIATSA_LOCUS920	0	0	0	0	0	0
DIATSA_LOCUS9200	0	0	0	0	0	0
DIATSA_LOCUS9201	0	0	0	0	0	0
DIATSA_LOCUS9202	0	0	0	0	0	0
DIATSA_LOCUS9203	0	0	0	0	0	0
DIATSA_LOCUS9204	0	0	0	0	0	0
DIATSA_LOCUS9205	3	3	3	2	2	2
DIATSA_LOCUS9206	0	0	0	0	0	0
DIATSA_LOCUS9207	15	14	15	7	7	7
DIATSA_LOCUS9208	9	8	8	5	5	6
DIATSA_LOCUS9209	7	7	7	3	3	3
DIATSA_LOCUS921	4	3	3	3	3	3
DIATSA_LOCUS9210	1	1	1	1	1	1
DIATSA_LOCUS9211	0	0	0	0	0	0
DIATSA_LOCUS9212	1	1	0	0	0	0
DIATSA_LOCUS9213	2	2	2	2	2	2
DIATSA_LOCUS9214	0	0	0	0	0	0
DIATSA_LOCUS9215	0	0	0	0	0	0
DIATSA_LOCUS9216	0	0	0	1	1	1
DIATSA_LOCUS9217	1	1	1	2	1	1
DIATSA_LOCUS9218	0	0	0	0	0	0
DIATSA_LOCUS9219	17	16	16	22	23	22
DIATSA_LOCUS922	1	1	1	0	0	0
DIATSA_LOCUS9220	15	15	16	26	26	26
DIATSA_LOCUS9221	0	0	0	0	0	0
DIATSA_LOCUS9222	0	0	0	0	0	0
DIATSA_LOCUS9223	0	0	0	0	0	0
DIATSA_LOCUS9224	0	0	0	1	1	1
DIATSA_LOCUS9225	0	0	0	0	0	0
DIATSA_LOCUS9226	0	0	0	0	0	0
DIATSA_LOCUS9227	0	0	0	0	0	0
DIATSA_LOCUS9228	0	0	0	0	0	0
DIATSA_LOCUS9229	1	1	1	0	0	0
DIATSA_LOCUS923	42	41	41	78	80	80
DIATSA_LOCUS9230	5	5	5	3	3	3
DIATSA_LOCUS9231	0	0	0	1	1	1
DIATSA_LOCUS9232	19	19	19	20	20	20
DIATSA_LOCUS9233	0	0	0	0	0	0
DIATSA_LOCUS9234	0	1	1	0	0	0
DIATSA_LOCUS9235	0	0	0	0	0	0
DIATSA_LOCUS9236	0	0	0	0	0	0
DIATSA_LOCUS9237	0	0	0	0	0	0
DIATSA_LOCUS9238	1	1	1	1	1	1
DIATSA_LOCUS9239	0	0	0	0	0	0
DIATSA_LOCUS924	2	2	2	0	0	0
DIATSA_LOCUS9240	0	0	0	0	0	0
DIATSA_LOCUS9241	1	1	1	1	1	1
DIATSA_LOCUS9242	0	0	0	0	0	0
DIATSA_LOCUS9243	0	0	0	0	0	0
DIATSA_LOCUS9244	0	0	0	1	1	1
DIATSA_LOCUS9245	0	0	0	0	0	0
DIATSA_LOCUS9246	26	26	26	28	28	28
DIATSA_LOCUS9247	0	0	0	0	0	0
DIATSA_LOCUS9248	3	3	3	1	1	1
DIATSA_LOCUS9249	0	0	0	0	0	0
DIATSA_LOCUS925	0	0	0	1	1	1
DIATSA_LOCUS9250	0	0	0	0	0	0
DIATSA_LOCUS9251	7	7	7	5	5	5
DIATSA_LOCUS9252	1	1	1	1	1	1
DIATSA_LOCUS9253	12	12	12	19	19	19
DIATSA_LOCUS9254	2	2	2	1	1	1
DIATSA_LOCUS9255	0	0	0	0	0	0
DIATSA_LOCUS9256	1	1	1	2	3	3
DIATSA_LOCUS9257	0	0	0	0	0	0
DIATSA_LOCUS9258	3	4	4	3	3	3
DIATSA_LOCUS9259	0	0	0	0	0	0
DIATSA_LOCUS926	3	3	3	4	5	4
DIATSA_LOCUS9260	0	0	0	1	1	1
DIATSA_LOCUS9261	1	1	1	1	1	1
DIATSA_LOCUS9262	66	65	66	102	102	102
DIATSA_LOCUS9263	0	0	0	0	0	0
DIATSA_LOCUS9264	6	6	6	1	1	1
DIATSA_LOCUS9265	0	0	0	0	0	0
DIATSA_LOCUS9266	0	0	0	0	0	0
DIATSA_LOCUS9267	0	0	0	0	0	0
DIATSA_LOCUS9268	0	0	0	1	1	1
DIATSA_LOCUS9269	1	1	1	0	0	0
DIATSA_LOCUS927	0	0	0	0	0	0
DIATSA_LOCUS9270	0	0	0	0	0	0
DIATSA_LOCUS9271	1	1	1	0	0	0
DIATSA_LOCUS9272	1	1	1	1	1	1
DIATSA_LOCUS9273	30	28	28	29	31	31
DIATSA_LOCUS9274	0	0	0	0	0	0
DIATSA_LOCUS9275	0	0	0	0	0	0
DIATSA_LOCUS9276	0	0	0	0	0	0
DIATSA_LOCUS9277	0	0	0	0	1	0
DIATSA_LOCUS9278	0	0	0	0	0	0
DIATSA_LOCUS9279	1	1	1	1	1	1
DIATSA_LOCUS928	2	2	2	2	2	2
DIATSA_LOCUS9280	7	7	8	9	9	9
DIATSA_LOCUS9281	0	0	0	0	0	0
DIATSA_LOCUS9282	0	0	0	0	0	0
DIATSA_LOCUS9283	0	0	0	0	0	0
DIATSA_LOCUS9284	18	18	18	33	34	34
DIATSA_LOCUS9285	0	0	0	0	0	0
DIATSA_LOCUS9286	0	0	0	0	0	0
DIATSA_LOCUS9287	5	4	5	1	1	1
DIATSA_LOCUS9288	1	1	1	0	0	0
DIATSA_LOCUS9289	0	0	0	0	0	0
DIATSA_LOCUS929	0	0	0	0	0	0
DIATSA_LOCUS9290	103	104	105	225	221	223
DIATSA_LOCUS9291	2	3	3	3	3	3
DIATSA_LOCUS9292	30	30	30	34	34	34
DIATSA_LOCUS9293	0	0	0	0	0	0
DIATSA_LOCUS9294	0	0	0	0	0	0
DIATSA_LOCUS9295	0	0	0	0	0	0
DIATSA_LOCUS9296	0	0	0	0	0	0
DIATSA_LOCUS9297	6	6	6	6	6	6
DIATSA_LOCUS9298	0	0	0	0	0	0
DIATSA_LOCUS9299	1	1	1	0	0	0
DIATSA_LOCUS93	0	0	0	0	0	0
DIATSA_LOCUS930	6	6	6	10	11	10
DIATSA_LOCUS9300	0	0	0	0	0	0
DIATSA_LOCUS9301	0	0	0	0	0	0
DIATSA_LOCUS9302	0	0	0	0	0	0
DIATSA_LOCUS9303	2	1	2	0	0	1
DIATSA_LOCUS9304	1	1	1	0	0	0
DIATSA_LOCUS9305	1	1	1	1	1	1
DIATSA_LOCUS9306	0	0	0	0	0	0
DIATSA_LOCUS9307	0	0	0	0	0	0
DIATSA_LOCUS9308	0	0	0	0	0	0
DIATSA_LOCUS9309	0	0	0	0	0	0
DIATSA_LOCUS931	1	1	1	1	1	1
DIATSA_LOCUS9310	0	0	0	2	2	2
DIATSA_LOCUS9311	0	0	0	0	0	0
DIATSA_LOCUS9312	493	495	503	919	902	913
DIATSA_LOCUS9313	3	3	3	1	1	1
DIATSA_LOCUS9314	0	0	0	0	0	0
DIATSA_LOCUS9315	0	0	0	0	0	0
DIATSA_LOCUS9316	2	2	2	3	3	3
DIATSA_LOCUS9317	0	0	0	0	0	0
DIATSA_LOCUS9318	0	0	0	0	0	0
DIATSA_LOCUS9319	1	1	1	0	0	0
DIATSA_LOCUS932	3	3	3	2	2	2
DIATSA_LOCUS9320	0	0	0	0	0	0
DIATSA_LOCUS9321	21	21	21	64	62	63
DIATSA_LOCUS9322	9	9	9	14	14	14
DIATSA_LOCUS9323	0	0	0	0	0	0
DIATSA_LOCUS9324	0	0	0	0	0	0
DIATSA_LOCUS9325	2	2	2	3	3	3
DIATSA_LOCUS9326	0	0	0	0	0	0
DIATSA_LOCUS9327	0	0	0	0	0	0
DIATSA_LOCUS9328	0	0	0	0	0	0
DIATSA_LOCUS9329	0	0	0	0	0	0
DIATSA_LOCUS933	0	0	0	0	0	0
DIATSA_LOCUS9330	0	0	0	0	0	0
DIATSA_LOCUS9331	0	0	0	0	0	0
DIATSA_LOCUS9332	0	0	0	0	0	0
DIATSA_LOCUS9333	0	0	0	0	0	0
DIATSA_LOCUS9334	0	0	0	0	0	0
DIATSA_LOCUS9335	0	0	0	0	0	0
DIATSA_LOCUS9336	0	0	0	0	0	0
DIATSA_LOCUS9337	0	0	0	0	0	0
DIATSA_LOCUS9338	3	3	3	3	3	3
DIATSA_LOCUS9339	0	0	0	0	0	0
DIATSA_LOCUS934	0	0	0	0	0	0
DIATSA_LOCUS9340	0	0	0	0	0	0
DIATSA_LOCUS9341	0	0	0	0	0	0
DIATSA_LOCUS9342	0	0	0	0	0	0
DIATSA_LOCUS9343	0	0	0	1	1	1
DIATSA_LOCUS9344	359	360	363	531	526	527
DIATSA_LOCUS9345	2	2	2	3	3	3
DIATSA_LOCUS9346	2	2	2	3	3	3
DIATSA_LOCUS9347	0	0	0	0	0	0
DIATSA_LOCUS9348	2	2	2	3	2	2
DIATSA_LOCUS9349	1	1	1	1	1	0
DIATSA_LOCUS935	578	575	577	913	913	918
DIATSA_LOCUS9350	0	0	0	0	0	0
DIATSA_LOCUS9351	0	0	0	0	0	0
DIATSA_LOCUS9352	0	0	0	0	0	0
DIATSA_LOCUS9353	0	0	0	0	0	0
DIATSA_LOCUS9354	0	0	0	0	0	0
DIATSA_LOCUS9355	0	0	0	0	0	0
DIATSA_LOCUS9356	2	2	2	4	4	4
DIATSA_LOCUS9357	0	0	0	0	0	0
DIATSA_LOCUS9358	0	0	0	0	0	0
DIATSA_LOCUS9359	0	0	0	0	0	0
DIATSA_LOCUS936	0	0	0	0	0	0
DIATSA_LOCUS9360	0	0	0	0	0	0
DIATSA_LOCUS9361	1	1	1	1	1	1
DIATSA_LOCUS9362	0	0	0	0	0	0
DIATSA_LOCUS9363	0	1	1	0	0	0
DIATSA_LOCUS9364	0	0	0	0	0	0
DIATSA_LOCUS9365	5	5	5	2	2	2
DIATSA_LOCUS9366	0	0	0	0	0	0
DIATSA_LOCUS9367	2	2	2	1	1	1
DIATSA_LOCUS9368	0	0	0	0	0	0
DIATSA_LOCUS9369	0	0	0	0	0	0
DIATSA_LOCUS937	3	3	3	3	3	3
DIATSA_LOCUS9370	0	0	0	0	0	0
DIATSA_LOCUS9371	1	1	1	1	1	1
DIATSA_LOCUS9372	14	14	14	13	13	13
DIATSA_LOCUS9373	1	1	1	0	0	0
DIATSA_LOCUS9374	8	8	8	6	6	6
DIATSA_LOCUS9375	0	0	0	0	0	0
DIATSA_LOCUS9376	2	2	2	0	0	0
DIATSA_LOCUS9377	0	0	0	0	0	0
DIATSA_LOCUS9378	0	0	0	0	0	0
DIATSA_LOCUS9379	0	0	0	0	0	0
DIATSA_LOCUS938	0	0	0	0	0	0
DIATSA_LOCUS9380	5	5	5	4	4	4
DIATSA_LOCUS9381	3	3	3	4	4	4
DIATSA_LOCUS9382	1	2	2	0	0	0
DIATSA_LOCUS9383	0	0	0	0	0	0
DIATSA_LOCUS9384	0	0	0	0	0	0
DIATSA_LOCUS9385	0	0	0	0	0	0
DIATSA_LOCUS9386	6	6	6	8	8	8
DIATSA_LOCUS9387	13	13	13	40	40	40
DIATSA_LOCUS9388	1	1	1	1	1	1
DIATSA_LOCUS9389	0	0	0	0	0	0
DIATSA_LOCUS939	2	2	3	0	0	0
DIATSA_LOCUS9390	2	1	1	6	7	7
DIATSA_LOCUS9391	0	0	0	0	0	0
DIATSA_LOCUS9392	0	0	0	0	0	0
DIATSA_LOCUS9393	38	38	38	57	57	57
DIATSA_LOCUS9394	0	0	0	1	1	1
DIATSA_LOCUS9395	1	1	1	1	1	1
DIATSA_LOCUS9396	2	2	2	3	2	2
DIATSA_LOCUS9397	3	3	3	3	3	3
DIATSA_LOCUS9398	1	1	2	3	3	3
DIATSA_LOCUS9399	0	0	0	0	0	0
DIATSA_LOCUS94	0	0	0	0	0	0
DIATSA_LOCUS940	0	0	0	0	0	0
DIATSA_LOCUS9400	0	0	0	1	1	1
DIATSA_LOCUS9401	2	2	2	3	3	4
DIATSA_LOCUS9402	2	2	2	2	2	2
DIATSA_LOCUS9403	494	496	501	910	898	905
DIATSA_LOCUS9404	0	0	0	0	0	0
DIATSA_LOCUS9405	0	0	0	0	0	0
DIATSA_LOCUS9406	0	0	0	0	0	0
DIATSA_LOCUS9407	0	0	0	1	1	1
DIATSA_LOCUS9408	0	0	0	0	0	0
DIATSA_LOCUS9409	0	0	0	0	0	0
DIATSA_LOCUS941	15	15	15	20	20	20
DIATSA_LOCUS9410	0	0	0	0	0	0
DIATSA_LOCUS9411	0	0	0	0	0	0
DIATSA_LOCUS9412	0	0	0	4	4	3
DIATSA_LOCUS9413	23	21	21	22	23	23
DIATSA_LOCUS9414	1	1	1	2	2	2
DIATSA_LOCUS9415	1	1	1	1	1	1
DIATSA_LOCUS9416	0	0	0	0	0	0
DIATSA_LOCUS9417	0	0	0	0	0	0
DIATSA_LOCUS9418	0	0	0	0	0	0
DIATSA_LOCUS9419	28	28	28	15	15	15
DIATSA_LOCUS942	2	2	2	2	2	2
DIATSA_LOCUS9420	0	0	0	0	0	0
DIATSA_LOCUS9421	0	0	0	0	0	0
DIATSA_LOCUS9422	1	1	1	1	1	1
DIATSA_LOCUS9423	0	0	0	0	0	0
DIATSA_LOCUS9424	1	1	1	0	0	0
DIATSA_LOCUS9425	3	3	3	5	5	5
DIATSA_LOCUS9426	4	4	4	6	6	6
DIATSA_LOCUS9427	0	1	1	0	0	0
DIATSA_LOCUS9428	6	5	5	2	3	3
DIATSA_LOCUS9429	1	1	1	2	1	2
DIATSA_LOCUS943	0	0	0	0	0	0
DIATSA_LOCUS9430	10	10	10	12	11	11
DIATSA_LOCUS9431	0	0	0	0	0	0
DIATSA_LOCUS9432	3	2	2	5	5	5
DIATSA_LOCUS9433	5	5	5	8	7	7
DIATSA_LOCUS9434	1	1	1	1	1	1
DIATSA_LOCUS9435	0	0	0	0	1	1
DIATSA_LOCUS9436	0	0	0	1	1	1
DIATSA_LOCUS9437	13	13	13	19	19	18
DIATSA_LOCUS9438	15	15	15	25	25	25
DIATSA_LOCUS9439	0	0	0	0	0	0
DIATSA_LOCUS944	0	0	0	0	0	0
DIATSA_LOCUS9440	7	7	7	4	4	4
DIATSA_LOCUS9441	13	13	13	21	21	21
DIATSA_LOCUS9442	2	2	2	2	2	2
DIATSA_LOCUS9443	5	4	5	4	5	5
DIATSA_LOCUS9444	1	1	1	0	0	0
DIATSA_LOCUS9445	0	0	0	0	0	0
DIATSA_LOCUS9446	0	0	0	0	0	0
DIATSA_LOCUS9447	10	10	10	7	7	6
DIATSA_LOCUS9448	0	0	0	0	0	0
DIATSA_LOCUS9449	0	0	0	0	0	0
DIATSA_LOCUS945	0	0	0	0	0	0
DIATSA_LOCUS9450	7	7	7	8	8	8
DIATSA_LOCUS9451	0	0	0	0	0	0
DIATSA_LOCUS9452	0	0	0	0	0	0
DIATSA_LOCUS9453	1	1	1	0	0	0
DIATSA_LOCUS9454	2	2	2	0	0	0
DIATSA_LOCUS9455	0	0	0	0	0	0
DIATSA_LOCUS9456	0	0	0	0	0	0
DIATSA_LOCUS9457	0	0	0	0	0	0
DIATSA_LOCUS9458	1	1	1	0	0	0
DIATSA_LOCUS9459	2	3	3	0	0	0
DIATSA_LOCUS946	13	13	13	5	5	5
DIATSA_LOCUS9460	12	12	12	6	6	6
DIATSA_LOCUS9461	7	7	7	12	12	12
DIATSA_LOCUS9462	16	16	16	11	12	12
DIATSA_LOCUS9463	0	0	0	0	0	0
DIATSA_LOCUS9464	1	2	2	3	2	2
DIATSA_LOCUS9465	0	0	0	1	1	0
DIATSA_LOCUS9466	0	0	0	0	0	0
DIATSA_LOCUS9467	0	0	0	0	0	0
DIATSA_LOCUS9468	19	20	20	5	4	5
DIATSA_LOCUS9469	0	0	0	0	0	0
DIATSA_LOCUS947	2	1	1	0	0	0
DIATSA_LOCUS9470	2	2	2	1	1	1
DIATSA_LOCUS9471	25	26	26	39	38	38
DIATSA_LOCUS9472	343	350	352	718	700	702
DIATSA_LOCUS9473	10	10	10	18	18	18
DIATSA_LOCUS9474	0	0	0	0	0	0
DIATSA_LOCUS9475	0	0	0	0	0	0
DIATSA_LOCUS9476	5	4	4	6	6	6
DIATSA_LOCUS9477	2	2	2	2	2	2
DIATSA_LOCUS9478	0	0	0	0	0	0
DIATSA_LOCUS9479	0	0	0	0	0	0
DIATSA_LOCUS948	0	0	0	0	0	0
DIATSA_LOCUS9480	5	5	5	6	6	6
DIATSA_LOCUS9481	0	0	0	0	0	0
DIATSA_LOCUS9482	1	1	1	1	1	1
DIATSA_LOCUS9483	3	3	3	3	3	3
DIATSA_LOCUS9484	2	2	2	2	2	2
DIATSA_LOCUS9485	16	16	16	17	17	17
DIATSA_LOCUS9486	1	1	1	2	2	2
DIATSA_LOCUS9487	12	13	13	6	6	6
DIATSA_LOCUS9488	0	1	1	0	0	0
DIATSA_LOCUS9489	0	0	0	0	0	0
DIATSA_LOCUS949	4	4	4	2	2	2
DIATSA_LOCUS9490	0	0	0	0	0	0
DIATSA_LOCUS9491	0	0	0	0	0	0
DIATSA_LOCUS9492	0	0	0	2	2	2
DIATSA_LOCUS9493	0	0	0	0	0	0
DIATSA_LOCUS9494	0	0	0	0	0	0
DIATSA_LOCUS9495	3	3	3	3	4	4
DIATSA_LOCUS9496	0	0	0	0	0	0
DIATSA_LOCUS9497	2	1	1	3	4	4
DIATSA_LOCUS9498	0	0	0	0	0	0
DIATSA_LOCUS9499	19	18	18	29	30	30
DIATSA_LOCUS95	1	1	1	2	2	2
DIATSA_LOCUS950	1	1	1	0	0	0
DIATSA_LOCUS9500	3	3	3	5	5	5
DIATSA_LOCUS9501	2	3	3	3	3	3
DIATSA_LOCUS9502	4	4	4	4	4	4
DIATSA_LOCUS9503	0	0	0	0	0	0
DIATSA_LOCUS9504	0	0	0	0	0	0
DIATSA_LOCUS9505	0	0	0	0	0	0
DIATSA_LOCUS9506	0	0	0	0	0	0
DIATSA_LOCUS9507	0	0	0	0	0	0
DIATSA_LOCUS9508	1	1	1	0	0	0
DIATSA_LOCUS9509	0	0	0	0	0	0
DIATSA_LOCUS951	0	0	0	0	0	0
DIATSA_LOCUS9510	0	0	0	1	1	1
DIATSA_LOCUS9511	5	5	5	9	9	9
DIATSA_LOCUS9512	0	0	0	0	0	0
DIATSA_LOCUS9513	0	0	0	0	0	0
DIATSA_LOCUS9514	1	1	1	3	3	3
DIATSA_LOCUS9515	1	1	1	1	1	1
DIATSA_LOCUS9516	0	0	0	0	0	0
DIATSA_LOCUS9517	2	2	2	3	3	3
DIATSA_LOCUS9518	0	0	0	0	0	0
DIATSA_LOCUS9519	0	0	0	0	0	0
DIATSA_LOCUS952	4	3	3	5	5	5
DIATSA_LOCUS9520	47	48	48	43	43	43
DIATSA_LOCUS9521	43	42	42	39	40	40
DIATSA_LOCUS9522	0	0	0	0	0	0
DIATSA_LOCUS9523	0	0	0	0	0	0
DIATSA_LOCUS9524	0	0	0	0	0	0
DIATSA_LOCUS9525	0	0	0	0	0	0
DIATSA_LOCUS9526	3	3	3	4	4	4
DIATSA_LOCUS9527	0	0	0	0	0	0
DIATSA_LOCUS9528	2	2	2	2	2	2
DIATSA_LOCUS9529	1	1	1	1	1	1
DIATSA_LOCUS953	1	1	1	1	1	1
DIATSA_LOCUS9530	0	0	0	0	0	0
DIATSA_LOCUS9531	4	4	4	3	3	3
DIATSA_LOCUS9532	0	0	0	0	0	0
DIATSA_LOCUS9533	0	0	0	0	0	0
DIATSA_LOCUS9534	0	0	0	0	0	0
DIATSA_LOCUS9535	4	4	4	2	2	2
DIATSA_LOCUS9536	4	4	4	4	4	4
DIATSA_LOCUS9537	15	16	16	22	22	22
DIATSA_LOCUS9538	0	0	0	0	0	0
DIATSA_LOCUS9539	0	0	0	0	0	0
DIATSA_LOCUS954	0	0	0	0	0	0
DIATSA_LOCUS9540	0	0	0	0	0	0
DIATSA_LOCUS9541	4	4	4	5	4	4
DIATSA_LOCUS9542	1	1	1	1	1	1
DIATSA_LOCUS9543	3	3	3	3	3	3
DIATSA_LOCUS9544	0	0	0	0	0	0
DIATSA_LOCUS9545	6	6	6	9	9	9
DIATSA_LOCUS9546	16	16	17	25	25	25
DIATSA_LOCUS9547	1	1	1	2	2	1
DIATSA_LOCUS9548	1	1	1	2	2	2
DIATSA_LOCUS9549	0	0	0	0	0	0
DIATSA_LOCUS955	6	7	7	5	4	4
DIATSA_LOCUS9550	0	0	0	0	0	0
DIATSA_LOCUS9551	0	0	0	0	0	0
DIATSA_LOCUS9552	0	0	0	0	0	0
DIATSA_LOCUS9553	0	0	0	0	0	0
DIATSA_LOCUS9554	3	3	3	1	1	1
DIATSA_LOCUS9555	0	0	0	0	0	0
DIATSA_LOCUS9556	23	23	23	26	26	26
DIATSA_LOCUS9557	5	5	5	7	7	7
DIATSA_LOCUS9558	203	201	201	289	293	292
DIATSA_LOCUS9559	1	1	1	2	2	2
DIATSA_LOCUS956	0	0	0	1	1	1
DIATSA_LOCUS9560	0	0	0	0	0	0
DIATSA_LOCUS9561	3	3	3	2	2	2
DIATSA_LOCUS9562	0	0	0	0	0	0
DIATSA_LOCUS9563	0	0	0	0	0	0
DIATSA_LOCUS9564	2375	2380	2401	4286	4245	4269
DIATSA_LOCUS9565	4	4	4	7	7	7
DIATSA_LOCUS9566	722	739	739	1093	1070	1065
DIATSA_LOCUS9567	0	0	0	0	0	0
DIATSA_LOCUS9568	0	0	0	0	0	0
DIATSA_LOCUS9569	0	0	0	0	0	0
DIATSA_LOCUS957	0	0	0	0	0	0
DIATSA_LOCUS9570	4	4	4	5	5	5
DIATSA_LOCUS9571	0	0	0	0	0	0
DIATSA_LOCUS9572	0	0	0	0	0	0
DIATSA_LOCUS9573	0	0	0	0	0	0
DIATSA_LOCUS9574	6	6	6	7	7	7
DIATSA_LOCUS9575	2	2	2	1	1	1
DIATSA_LOCUS9576	0	0	0	0	0	0
DIATSA_LOCUS9577	1	1	1	1	1	1
DIATSA_LOCUS9578	3	3	3	5	5	5
DIATSA_LOCUS9579	0	0	0	0	0	0
DIATSA_LOCUS958	14	14	14	19	19	19
DIATSA_LOCUS9580	0	0	0	0	0	0
DIATSA_LOCUS9581	5	5	5	8	7	7
DIATSA_LOCUS9582	3	3	3	1	1	1
DIATSA_LOCUS9583	31	30	30	33	34	34
DIATSA_LOCUS9584	0	0	0	0	0	0
DIATSA_LOCUS9585	6	6	6	7	7	7
DIATSA_LOCUS9586	4	4	4	5	5	5
DIATSA_LOCUS9587	0	0	0	0	0	0
DIATSA_LOCUS9588	4	4	4	3	3	3
DIATSA_LOCUS9589	1	1	1	2	2	2
DIATSA_LOCUS959	0	0	0	0	0	0
DIATSA_LOCUS9590	55	59	58	120	113	111
DIATSA_LOCUS9591	0	0	0	0	0	0
DIATSA_LOCUS9592	0	0	0	0	0	0
DIATSA_LOCUS9593	0	0	0	0	0	0
DIATSA_LOCUS9594	0	0	0	0	0	0
DIATSA_LOCUS9595	5	5	5	1	1	1
DIATSA_LOCUS9596	9	10	9	6	6	6
DIATSA_LOCUS9597	0	0	0	0	0	0
DIATSA_LOCUS9598	0	0	0	0	0	0
DIATSA_LOCUS9599	2	2	2	0	0	0
DIATSA_LOCUS96	1	0	0	0	0	0
DIATSA_LOCUS960	49	50	50	91	89	88
DIATSA_LOCUS9600	1	1	1	1	1	1
DIATSA_LOCUS9601	0	0	0	0	0	0
DIATSA_LOCUS9602	8	8	8	5	5	6
DIATSA_LOCUS9603	100	102	102	95	94	93
DIATSA_LOCUS9604	0	0	0	0	0	0
DIATSA_LOCUS9605	9	9	9	18	18	18
DIATSA_LOCUS9606	1	1	1	2	3	2
DIATSA_LOCUS9607	0	0	0	0	0	0
DIATSA_LOCUS9608	2	3	3	3	3	3
DIATSA_LOCUS9609	1	1	1	1	1	1
DIATSA_LOCUS961	1	1	1	1	1	1
DIATSA_LOCUS9610	0	0	0	0	0	0
DIATSA_LOCUS9611	0	0	0	0	0	0
DIATSA_LOCUS9612	105	103	104	106	107	108
DIATSA_LOCUS9613	0	1	1	0	0	0
DIATSA_LOCUS9614	0	0	0	0	0	0
DIATSA_LOCUS9615	0	0	0	0	0	0
DIATSA_LOCUS9616	2	2	2	1	1	1
DIATSA_LOCUS9617	6	6	6	6	6	6
DIATSA_LOCUS9618	65	67	67	65	63	63
DIATSA_LOCUS9619	0	0	0	0	0	0
DIATSA_LOCUS962	0	0	0	0	0	0
DIATSA_LOCUS9620	14	13	13	12	12	12
DIATSA_LOCUS9621	0	0	0	0	0	0
DIATSA_LOCUS9622	0	0	0	0	0	0
DIATSA_LOCUS9623	5	5	5	5	5	5
DIATSA_LOCUS9624	0	0	0	0	0	0
DIATSA_LOCUS9625	7	7	7	3	3	3
DIATSA_LOCUS9626	0	0	0	0	0	0
DIATSA_LOCUS9627	3	3	3	3	3	3
DIATSA_LOCUS9628	3	2	2	0	1	0
DIATSA_LOCUS9629	0	0	0	0	0	0
DIATSA_LOCUS963	1	1	1	0	0	0
DIATSA_LOCUS9630	0	0	0	0	0	0
DIATSA_LOCUS9631	155	154	154	207	208	207
DIATSA_LOCUS9632	0	0	0	0	0	0
DIATSA_LOCUS9633	2	2	2	0	0	0
DIATSA_LOCUS9634	0	0	0	2	2	2
DIATSA_LOCUS9635	0	0	0	0	0	0
DIATSA_LOCUS9636	2	2	2	1	1	1
DIATSA_LOCUS9637	0	0	0	1	1	1
DIATSA_LOCUS9638	0	0	0	1	1	1
DIATSA_LOCUS9639	0	0	0	0	0	0
DIATSA_LOCUS964	4	4	4	3	3	3
DIATSA_LOCUS9640	0	0	0	0	0	0
DIATSA_LOCUS9641	1	1	1	1	1	1
DIATSA_LOCUS9642	0	0	0	0	0	0
DIATSA_LOCUS9643	3	3	3	3	3	3
DIATSA_LOCUS9644	0	0	0	0	0	0
DIATSA_LOCUS9645	0	0	0	0	0	0
DIATSA_LOCUS9646	13	8	9	5	7	8
DIATSA_LOCUS9647	0	0	0	0	0	0
DIATSA_LOCUS9648	0	0	0	0	0	0
DIATSA_LOCUS9649	0	0	1	0	0	0
DIATSA_LOCUS965	0	0	0	0	0	0
DIATSA_LOCUS9650	0	0	0	0	0	0
DIATSA_LOCUS9651	0	0	0	0	0	0
DIATSA_LOCUS9652	0	0	0	0	0	0
DIATSA_LOCUS9653	4	4	4	4	4	4
DIATSA_LOCUS9654	0	0	0	1	1	1
DIATSA_LOCUS9655	0	0	0	0	0	0
DIATSA_LOCUS9656	0	0	0	0	0	0
DIATSA_LOCUS9657	0	0	0	0	0	0
DIATSA_LOCUS9658	0	0	0	0	0	0
DIATSA_LOCUS9659	14	14	14	14	14	14
DIATSA_LOCUS966	0	0	0	0	0	0
DIATSA_LOCUS9660	0	0	0	0	0	0
DIATSA_LOCUS9661	10	10	10	13	13	13
DIATSA_LOCUS9662	0	0	0	1	1	1
DIATSA_LOCUS9663	0	0	0	0	0	0
DIATSA_LOCUS9664	1	1	1	1	1	1
DIATSA_LOCUS9665	2	2	2	3	2	2
DIATSA_LOCUS9666	0	0	0	0	0	0
DIATSA_LOCUS9667	0	0	0	0	0	0
DIATSA_LOCUS9668	0	0	0	1	1	1
DIATSA_LOCUS9669	0	0	0	0	0	0
DIATSA_LOCUS967	0	0	0	1	1	1
DIATSA_LOCUS9670	0	0	0	0	0	0
DIATSA_LOCUS9671	5	6	6	9	9	9
DIATSA_LOCUS9672	0	0	0	0	0	0
DIATSA_LOCUS9673	0	0	0	0	0	0
DIATSA_LOCUS9674	2	2	2	1	1	1
DIATSA_LOCUS9675	6	6	6	7	7	7
DIATSA_LOCUS9676	0	0	0	0	0	0
DIATSA_LOCUS9677	0	0	0	0	0	0
DIATSA_LOCUS9678	8	7	6	6	7	7
DIATSA_LOCUS9679	9	8	8	10	11	11
DIATSA_LOCUS968	2	2	2	3	2	2
DIATSA_LOCUS9680	0	0	0	1	1	1
DIATSA_LOCUS9681	8	8	8	13	13	13
DIATSA_LOCUS9682	0	0	0	0	0	0
DIATSA_LOCUS9683	1	1	1	2	2	2
DIATSA_LOCUS9684	0	0	0	0	0	0
DIATSA_LOCUS9685	0	0	0	0	0	0
DIATSA_LOCUS9686	0	0	0	0	0	0
DIATSA_LOCUS9687	7	7	7	14	14	14
DIATSA_LOCUS9688	0	0	0	0	0	0
DIATSA_LOCUS9689	2	1	1	1	1	1
DIATSA_LOCUS969	0	0	0	0	0	0
DIATSA_LOCUS9690	0	0	0	0	0	0
DIATSA_LOCUS9691	0	0	0	1	1	1
DIATSA_LOCUS9692	0	0	0	0	0	0
DIATSA_LOCUS9693	0	0	0	0	0	0
DIATSA_LOCUS9694	2	2	2	2	2	2
DIATSA_LOCUS9695	0	0	0	0	0	0
DIATSA_LOCUS9696	4	4	4	3	3	3
DIATSA_LOCUS9697	2	2	2	1	1	1
DIATSA_LOCUS9698	0	0	0	0	0	0
DIATSA_LOCUS9699	0	0	0	0	0	0
DIATSA_LOCUS97	0	0	0	0	0	0
DIATSA_LOCUS970	2	2	2	3	3	3
DIATSA_LOCUS9700	0	0	0	0	0	0
DIATSA_LOCUS9701	0	0	0	0	0	0
DIATSA_LOCUS9702	0	0	0	0	0	0
DIATSA_LOCUS9703	4	4	5	6	6	6
DIATSA_LOCUS9704	6	6	6	11	11	11
DIATSA_LOCUS9705	3	3	3	1	1	1
DIATSA_LOCUS9706	0	0	0	0	0	0
DIATSA_LOCUS9707	13	12	12	16	17	17
DIATSA_LOCUS9708	1	1	1	0	0	0
DIATSA_LOCUS9709	1	1	1	2	2	2
DIATSA_LOCUS971	0	0	0	0	0	0
DIATSA_LOCUS9710	2	2	2	1	1	1
DIATSA_LOCUS9711	0	0	0	0	0	0
DIATSA_LOCUS9712	0	0	0	0	0	0
DIATSA_LOCUS9713	0	0	0	0	0	0
DIATSA_LOCUS9714	4	4	4	5	4	4
DIATSA_LOCUS9715	3	3	3	3	3	3
DIATSA_LOCUS9716	0	0	0	0	0	0
DIATSA_LOCUS9717	8	8	8	9	9	9
DIATSA_LOCUS9718	170	168	168	312	316	315
DIATSA_LOCUS9719	0	0	0	0	0	0
DIATSA_LOCUS972	0	0	0	0	0	0
DIATSA_LOCUS9720	0	0	0	0	0	0
DIATSA_LOCUS9721	3	4	4	1	1	1
DIATSA_LOCUS9722	6	6	6	10	9	9
DIATSA_LOCUS9723	0	0	0	0	0	0
DIATSA_LOCUS9724	0	0	0	0	0	0
DIATSA_LOCUS9725	4	4	4	5	6	6
DIATSA_LOCUS9726	1	1	1	1	1	1
DIATSA_LOCUS9727	0	0	0	0	0	0
DIATSA_LOCUS9728	0	0	0	0	0	0
DIATSA_LOCUS9729	3	3	3	5	5	5
DIATSA_LOCUS973	0	0	0	0	0	0
DIATSA_LOCUS9730	0	0	0	1	1	1
DIATSA_LOCUS9731	6	6	6	7	7	7
DIATSA_LOCUS9732	10	10	10	11	11	11
DIATSA_LOCUS9733	0	0	0	0	0	0
DIATSA_LOCUS9734	2	2	2	0	1	1
DIATSA_LOCUS9735	0	0	0	0	0	0
DIATSA_LOCUS9736	0	0	0	0	0	0
DIATSA_LOCUS9737	2	1	1	2	2	3
DIATSA_LOCUS9738	1	1	1	0	0	0
DIATSA_LOCUS9739	0	0	0	0	0	0
DIATSA_LOCUS974	0	0	0	0	0	0
DIATSA_LOCUS9740	0	0	0	0	0	0
DIATSA_LOCUS9741	51	50	50	51	52	51
DIATSA_LOCUS9742	1	1	1	0	0	0
DIATSA_LOCUS9743	0	0	0	0	0	0
DIATSA_LOCUS9744	0	0	0	0	0	0
DIATSA_LOCUS9745	3	3	3	3	4	4
DIATSA_LOCUS9746	1	1	1	2	2	2
DIATSA_LOCUS9747	5	5	5	6	6	6
DIATSA_LOCUS9748	0	0	0	0	0	0
DIATSA_LOCUS9749	0	0	0	0	0	0
DIATSA_LOCUS975	0	0	0	0	0	0
DIATSA_LOCUS9750	1	1	1	1	1	1
DIATSA_LOCUS9751	2	1	1	1	2	1
DIATSA_LOCUS9752	2	2	2	2	2	2
DIATSA_LOCUS9753	1	1	1	2	2	2
DIATSA_LOCUS9754	7	7	7	12	12	12
DIATSA_LOCUS9755	1	1	1	1	1	1
DIATSA_LOCUS9756	1	1	1	3	3	3
DIATSA_LOCUS9757	5	5	5	6	7	7
DIATSA_LOCUS9758	8	9	9	5	4	4
DIATSA_LOCUS9759	0	0	0	0	0	0
DIATSA_LOCUS976	2	2	2	1	1	1
DIATSA_LOCUS9760	283	277	276	483	496	493
DIATSA_LOCUS9761	0	0	0	1	1	1
DIATSA_LOCUS9762	0	0	0	0	0	0
DIATSA_LOCUS9763	34	36	35	88	86	85
DIATSA_LOCUS9764	2	2	2	3	3	3
DIATSA_LOCUS9765	8	8	8	5	5	5
DIATSA_LOCUS9766	21	21	21	7	7	6
DIATSA_LOCUS9767	18	19	19	9	8	8
DIATSA_LOCUS9768	0	0	0	0	0	0
DIATSA_LOCUS9769	0	0	0	0	0	0
DIATSA_LOCUS977	0	0	0	0	0	0
DIATSA_LOCUS9770	0	0	0	0	0	0
DIATSA_LOCUS9771	0	0	0	0	0	0
DIATSA_LOCUS9772	0	0	0	0	0	0
DIATSA_LOCUS9773	0	0	0	0	0	0
DIATSA_LOCUS9774	0	0	0	0	0	0
DIATSA_LOCUS9775	0	0	0	0	0	0
DIATSA_LOCUS9776	0	0	0	0	0	0
DIATSA_LOCUS9777	13	8	9	5	7	8
DIATSA_LOCUS9778	5	5	5	5	5	5
DIATSA_LOCUS9779	10	9	9	9	9	9
DIATSA_LOCUS978	11	11	11	19	19	19
DIATSA_LOCUS9780	0	0	0	0	0	0
DIATSA_LOCUS9781	0	0	0	0	0	0
DIATSA_LOCUS9782	1	1	1	0	0	0
DIATSA_LOCUS9783	3	3	3	0	0	0
DIATSA_LOCUS9784	0	0	0	0	0	0
DIATSA_LOCUS9785	13	13	13	10	10	10
DIATSA_LOCUS9786	1	1	1	0	0	0
DIATSA_LOCUS9787	14	14	14	7	7	7
DIATSA_LOCUS9788	0	0	0	0	0	0
DIATSA_LOCUS9789	0	0	0	0	0	0
DIATSA_LOCUS979	5	5	5	5	5	5
DIATSA_LOCUS9790	0	0	0	0	0	0
DIATSA_LOCUS9791	0	0	0	0	0	0
DIATSA_LOCUS9792	1	1	1	3	3	3
DIATSA_LOCUS9793	1	1	1	0	0	0
DIATSA_LOCUS9794	0	0	0	4	4	4
DIATSA_LOCUS9795	0	0	0	0	0	0
DIATSA_LOCUS9796	0	0	0	1	0	0
DIATSA_LOCUS9797	3	2	2	2	2	3
DIATSA_LOCUS9798	3	3	3	3	3	3
DIATSA_LOCUS9799	8	8	8	4	4	4
DIATSA_LOCUS98	0	0	0	0	0	0
DIATSA_LOCUS980	0	0	0	0	0	0
DIATSA_LOCUS9800	10	10	10	9	9	9
DIATSA_LOCUS9801	83	82	83	78	78	79
DIATSA_LOCUS9802	0	0	0	0	0	0
DIATSA_LOCUS9803	0	0	0	0	0	0
DIATSA_LOCUS9804	4	4	4	6	6	6
DIATSA_LOCUS9805	0	0	0	0	0	0
DIATSA_LOCUS9806	0	0	0	0	0	0
DIATSA_LOCUS9807	0	0	0	0	0	0
DIATSA_LOCUS9808	0	0	0	0	0	0
DIATSA_LOCUS9809	1	1	1	1	1	1
DIATSA_LOCUS981	1	1	1	1	1	1
DIATSA_LOCUS9810	0	0	0	0	0	0
DIATSA_LOCUS9811	6	6	6	1	1	1
DIATSA_LOCUS9812	2	2	2	0	0	0
DIATSA_LOCUS9813	5	5	6	3	3	3
DIATSA_LOCUS9814	4	4	4	2	2	2
DIATSA_LOCUS9815	21	21	21	34	34	34
DIATSA_LOCUS9816	0	0	0	1	1	1
DIATSA_LOCUS9817	46	44	45	79	80	81
DIATSA_LOCUS9818	3	3	3	2	1	1
DIATSA_LOCUS9819	7	7	7	10	10	10
DIATSA_LOCUS982	481	472	476	1037	1050	1055
DIATSA_LOCUS9820	0	0	0	0	0	0
DIATSA_LOCUS9821	0	0	0	0	0	0
DIATSA_LOCUS9822	0	0	0	0	0	0
DIATSA_LOCUS9823	0	0	0	0	0	0
DIATSA_LOCUS9824	0	0	0	0	0	0
DIATSA_LOCUS9825	0	0	0	0	0	0
DIATSA_LOCUS9826	0	0	0	0	0	0
DIATSA_LOCUS9827	5	5	5	2	3	3
DIATSA_LOCUS9828	5	4	4	131	138	138
DIATSA_LOCUS9829	0	0	0	1	2	2
DIATSA_LOCUS983	0	0	0	0	0	0
DIATSA_LOCUS9830	0	0	0	0	0	0
DIATSA_LOCUS9831	5	4	5	3	3	3
DIATSA_LOCUS9832	2	2	2	3	3	3
DIATSA_LOCUS9833	0	0	0	0	0	0
DIATSA_LOCUS9834	0	0	0	0	0	0
DIATSA_LOCUS9835	0	0	0	0	0	0
DIATSA_LOCUS9836	20	21	21	23	22	22
DIATSA_LOCUS9837	0	0	0	0	0	0
DIATSA_LOCUS9838	0	0	0	0	0	0
DIATSA_LOCUS9839	0	0	0	0	0	0
DIATSA_LOCUS984	0	0	0	0	0	0
DIATSA_LOCUS9840	42	41	41	36	37	37
DIATSA_LOCUS9841	0	0	0	0	0	0
DIATSA_LOCUS9842	2	2	2	3	3	3
DIATSA_LOCUS9843	0	0	0	0	0	0
DIATSA_LOCUS9844	0	0	0	0	0	0
DIATSA_LOCUS9845	0	0	0	0	0	0
DIATSA_LOCUS9846	1	0	1	1	1	1
DIATSA_LOCUS9847	0	0	0	0	0	0
DIATSA_LOCUS9848	16	17	17	8	8	8
DIATSA_LOCUS9849	0	0	0	0	0	0
DIATSA_LOCUS985	526	535	535	1017	1002	1000
DIATSA_LOCUS9850	0	0	0	0	0	0
DIATSA_LOCUS9851	2	2	2	0	0	0
DIATSA_LOCUS9852	76	76	75	142	145	143
DIATSA_LOCUS9853	1	1	1	2	2	2
DIATSA_LOCUS9854	2	2	2	1	1	1
DIATSA_LOCUS9855	1	1	1	0	0	0
DIATSA_LOCUS9856	7	7	7	6	6	6
DIATSA_LOCUS9857	0	0	0	0	0	0
DIATSA_LOCUS9858	0	0	0	1	1	1
DIATSA_LOCUS9859	2	1	1	2	3	3
DIATSA_LOCUS986	0	0	0	0	0	0
DIATSA_LOCUS9860	0	0	0	0	0	0
DIATSA_LOCUS9861	0	0	0	0	0	0
DIATSA_LOCUS9862	0	0	0	0	0	0
DIATSA_LOCUS9863	0	0	0	0	0	0
DIATSA_LOCUS9864	0	0	0	0	0	0
DIATSA_LOCUS9865	0	0	0	1	1	1
DIATSA_LOCUS9866	0	0	0	0	0	0
DIATSA_LOCUS9867	3	3	3	3	3	3
DIATSA_LOCUS9868	0	0	0	0	0	0
DIATSA_LOCUS9869	0	0	0	0	0	0
DIATSA_LOCUS987	7	7	8	12	12	12
DIATSA_LOCUS9870	0	0	0	0	0	0
DIATSA_LOCUS9871	0	0	0	0	0	0
DIATSA_LOCUS9872	0	0	0	0	0	0
DIATSA_LOCUS9873	0	0	0	0	0	0
DIATSA_LOCUS9874	6	5	5	2	2	2
DIATSA_LOCUS9875	0	0	0	0	0	0
DIATSA_LOCUS9876	0	0	0	0	0	0
DIATSA_LOCUS9877	0	0	0	0	0	0
DIATSA_LOCUS9878	19	19	19	22	23	22
DIATSA_LOCUS9879	1	1	1	2	2	2
DIATSA_LOCUS988	0	0	0	0	0	0
DIATSA_LOCUS9880	1	1	1	0	0	0
DIATSA_LOCUS9881	0	0	0	0	0	0
DIATSA_LOCUS9882	0	0	0	1	1	1
DIATSA_LOCUS9883	0	0	0	0	0	0
DIATSA_LOCUS9884	1	1	1	1	1	1
DIATSA_LOCUS9885	0	0	0	0	0	0
DIATSA_LOCUS9886	0	0	0	0	0	0
DIATSA_LOCUS9887	6	5	5	5	6	6
DIATSA_LOCUS9888	0	0	0	0	0	0
DIATSA_LOCUS9889	0	0	0	0	0	0
DIATSA_LOCUS989	5	5	5	4	3	3
DIATSA_LOCUS9890	0	0	0	0	0	0
DIATSA_LOCUS9891	1	1	1	2	1	1
DIATSA_LOCUS9892	0	0	0	0	0	0
DIATSA_LOCUS9893	0	0	0	0	0	0
DIATSA_LOCUS9894	0	0	0	0	0	0
DIATSA_LOCUS9895	1	1	1	0	0	0
DIATSA_LOCUS9896	0	0	0	1	1	1
DIATSA_LOCUS9897	0	0	0	0	0	0
DIATSA_LOCUS9898	4	3	3	3	3	4
DIATSA_LOCUS9899	43	43	43	48	47	47
DIATSA_LOCUS99	0	0	0	0	0	0
DIATSA_LOCUS990	0	0	0	0	0	0
DIATSA_LOCUS9900	16	16	16	25	26	25
DIATSA_LOCUS9901	2	2	2	1	1	1
DIATSA_LOCUS9902	0	0	0	1	1	1
DIATSA_LOCUS9903	0	0	0	0	0	0
DIATSA_LOCUS9904	0	0	0	0	0	0
DIATSA_LOCUS9905	1	1	1	1	1	1
DIATSA_LOCUS9906	46	49	48	60	58	57
DIATSA_LOCUS9907	0	0	0	0	0	0
DIATSA_LOCUS9908	0	0	0	0	0	0
DIATSA_LOCUS9909	15	15	15	8	8	8
DIATSA_LOCUS991	9	9	9	6	6	6
DIATSA_LOCUS9910	0	0	0	1	1	1
DIATSA_LOCUS9911	6	5	5	4	4	4
DIATSA_LOCUS9912	11	10	10	11	11	11
DIATSA_LOCUS9913	20	20	20	21	20	20
DIATSA_LOCUS9914	0	0	0	0	0	0
DIATSA_LOCUS9915	2	2	2	3	3	3
DIATSA_LOCUS9916	3	3	3	2	2	2
DIATSA_LOCUS9917	9	9	9	15	15	15
DIATSA_LOCUS9918	5	5	5	5	5	5
DIATSA_LOCUS9919	0	0	0	0	0	0
DIATSA_LOCUS992	81	83	83	79	76	77
DIATSA_LOCUS9920	0	0	0	0	0	0
DIATSA_LOCUS9921	0	0	0	0	0	0
DIATSA_LOCUS9922	0	0	0	0	0	0
DIATSA_LOCUS9923	0	0	0	0	0	0
DIATSA_LOCUS9924	0	0	0	0	0	0
DIATSA_LOCUS9925	0	0	0	0	0	0
DIATSA_LOCUS9926	0	0	0	0	0	0
DIATSA_LOCUS9927	2	2	2	4	4	4
DIATSA_LOCUS9928	0	0	0	0	0	0
DIATSA_LOCUS9929	0	0	0	0	0	0
DIATSA_LOCUS993	0	0	0	0	0	0
DIATSA_LOCUS9930	13	13	13	25	26	26
DIATSA_LOCUS9931	87	87	86	113	113	113
DIATSA_LOCUS9932	2	2	2	3	3	3
DIATSA_LOCUS9933	66	66	65	107	109	107
DIATSA_LOCUS9934	0	0	0	0	0	0
DIATSA_LOCUS9935	0	0	0	0	0	0
DIATSA_LOCUS9936	0	0	0	0	0	0
DIATSA_LOCUS9937	1	1	1	0	0	0
DIATSA_LOCUS9938	0	0	0	0	0	0
DIATSA_LOCUS9939	0	0	0	0	0	0
DIATSA_LOCUS994	0	0	0	0	0	0
DIATSA_LOCUS9940	0	0	0	0	0	0
DIATSA_LOCUS9941	0	0	0	0	0	0
DIATSA_LOCUS9942	1	1	1	1	1	1
DIATSA_LOCUS9943	0	0	0	0	0	0
DIATSA_LOCUS9944	2	2	2	1	1	1
DIATSA_LOCUS9945	2	2	2	30	30	31
DIATSA_LOCUS9946	52	52	52	57	56	57
DIATSA_LOCUS9947	14	14	14	18	18	18
DIATSA_LOCUS9948	0	0	0	7	6	6
DIATSA_LOCUS9949	1	1	1	20	20	21
DIATSA_LOCUS995	0	0	0	0	0	0
DIATSA_LOCUS9950	2	2	2	24	24	25
DIATSA_LOCUS9951	1	1	1	14	14	14
DIATSA_LOCUS9952	0	0	0	0	0	0
DIATSA_LOCUS9953	0	0	0	0	0	0
DIATSA_LOCUS9954	0	0	0	0	0	0
DIATSA_LOCUS9955	0	0	0	0	0	0
DIATSA_LOCUS9956	0	0	0	0	0	0
DIATSA_LOCUS9957	0	0	0	1	1	1
DIATSA_LOCUS9958	0	0	0	0	0	0
DIATSA_LOCUS9959	0	0	0	0	0	0
DIATSA_LOCUS996	0	0	0	0	0	0
DIATSA_LOCUS9960	0	0	0	0	0	0
DIATSA_LOCUS9961	0	0	0	0	0	0
DIATSA_LOCUS9962	0	0	0	0	0	0
DIATSA_LOCUS9963	9	9	9	9	9	9
DIATSA_LOCUS9964	0	0	0	0	0	0
DIATSA_LOCUS9965	4	4	4	6	6	5
DIATSA_LOCUS9966	2	2	2	3	3	3
DIATSA_LOCUS9967	0	0	0	0	0	0
DIATSA_LOCUS9968	0	0	0	0	0	0
DIATSA_LOCUS9969	0	0	0	0	0	0
DIATSA_LOCUS997	25	25	24	21	22	22
DIATSA_LOCUS9970	1	2	2	4	3	3
DIATSA_LOCUS9971	0	0	0	0	0	0
DIATSA_LOCUS9972	2	2	1	2	2	2
DIATSA_LOCUS9973	9	10	10	7	7	7
DIATSA_LOCUS9974	0	0	0	0	0	0
DIATSA_LOCUS9975	0	0	0	0	0	0
DIATSA_LOCUS9976	6	6	6	5	5	5
DIATSA_LOCUS9977	3	3	3	4	4	4
DIATSA_LOCUS9978	0	0	0	0	0	0
DIATSA_LOCUS9979	0	0	0	0	0	0
DIATSA_LOCUS998	11	15	15	10	8	8
DIATSA_LOCUS9980	3	3	3	11	10	10
DIATSA_LOCUS9981	0	0	0	0	0	0
DIATSA_LOCUS9982	0	0	0	0	0	0
DIATSA_LOCUS9983	0	0	0	0	0	0
DIATSA_LOCUS9984	0	0	0	3	2	2
DIATSA_LOCUS9985	1	1	1	6	6	6
DIATSA_LOCUS9986	0	0	0	0	0	0
DIATSA_LOCUS9987	3	3	3	5	5	5
DIATSA_LOCUS9988	0	0	0	0	1	1
DIATSA_LOCUS9989	0	0	0	0	0	0
DIATSA_LOCUS999	2	2	2	3	3	3
DIATSA_LOCUS9990	0	0	0	0	0	0
DIATSA_LOCUS9991	0	0	0	1	1	1
DIATSA_LOCUS9992	1	1	1	0	0	0
DIATSA_LOCUS9993	0	0	0	0	0	0
DIATSA_LOCUS9994	7	7	7	1	0	1
DIATSA_LOCUS9995	5	5	5	35	36	36
DIATSA_LOCUS9996	0	0	0	1	1	1
DIATSA_LOCUS9997	6	6	6	37	37	37
DIATSA_LOCUS9998	9	10	10	27	27	26
DIATSA_LOCUS9999	0	0	0	1	1	1
